game_id,season,week,season_type,team,opponent,home_away,layer,statistic,official_value,reconstructed_value,raw_difference,absolute_difference,root_cause
401778302,2025,1,postseason,Washington,Boise State,home,raw,total_plays,62,61,-1,1,fumble_or_safety_swallows_scrimmage_type
401778302,2025,1,postseason,Washington,Boise State,home,raw,total_yards,355,345.0,-10.0,10.0,fumble_or_safety_swallows_scrimmage_type
401778302,2025,1,postseason,Washington,Boise State,home,raw,pass_attempts,28,27,-1,1,fumble_or_safety_swallows_scrimmage_type
401778302,2025,1,postseason,Washington,Boise State,home,raw,completions,17,16,-1,1,no_play_penalty
401778302,2025,1,postseason,Washington,Boise State,home,raw,net_pass_yards,228,218.0,-10.0,10.0,fumble_or_safety_swallows_scrimmage_type
401778302,2025,1,postseason,Boise State,Washington,away,raw,total_plays,71,68,-3,3,fumble_or_safety_swallows_scrimmage_type
401778302,2025,1,postseason,Boise State,Washington,away,raw,total_yards,311,313.0,2.0,2.0,fumble_or_safety_swallows_scrimmage_type
401778302,2025,1,postseason,Boise State,Washington,away,raw,pass_attempts,43,40,-3,3,fumble_or_safety_swallows_scrimmage_type
401778302,2025,1,postseason,Boise State,Washington,away,raw,rush_yards,58,60.0,2.0,2.0,fumble_or_safety_swallows_scrimmage_type
401778302,2025,1,postseason,Boise State,Washington,away,raw,turnovers,5,1,-4,4,no_play_penalty
401778302,2025,1,postseason,Boise State,Washington,away,raw,interceptions,5,1,-4,4,no_play_penalty
401778302,2025,1,postseason,Boise State,Washington,away,raw,third_down_attempts,16,15,-1,1,no_play_penalty
401778303,2025,1,postseason,Jacksonville State,Troy,home,raw,total_plays,65,64,-1,1,sack_accounting
401778303,2025,1,postseason,Jacksonville State,Troy,home,raw,total_yards,273,286.0,13.0,13.0,sack_accounting
401778303,2025,1,postseason,Jacksonville State,Troy,home,raw,rush_attempts,43,42,-1,1,sack_accounting
401778303,2025,1,postseason,Jacksonville State,Troy,home,raw,rush_yards,100,113.0,13.0,13.0,sack_accounting
401778303,2025,1,postseason,Jacksonville State,Troy,home,raw,turnovers,1,0,-1,1,spike_accounting
401778303,2025,1,postseason,Jacksonville State,Troy,home,raw,fumbles_lost,1,0,-1,1,spike_accounting
401778303,2025,1,postseason,Troy,Jacksonville State,away,raw,total_yards,217,222.0,5.0,5.0,sack_accounting
401778303,2025,1,postseason,Troy,Jacksonville State,away,raw,rush_yards,88,93.0,5.0,5.0,sack_accounting
401778304,2025,1,postseason,South Florida,Old Dominion,home,raw,total_plays,75,73,-2,2,fumble_or_safety_swallows_scrimmage_type
401778304,2025,1,postseason,South Florida,Old Dominion,home,raw,total_yards,333,336.0,3.0,3.0,fumble_or_safety_swallows_scrimmage_type
401778304,2025,1,postseason,South Florida,Old Dominion,home,raw,pass_attempts,40,38,-2,2,fumble_or_safety_swallows_scrimmage_type
401778304,2025,1,postseason,South Florida,Old Dominion,home,raw,completions,26,27,1,1,kneel_accounting
401778304,2025,1,postseason,South Florida,Old Dominion,home,raw,rush_yards,52,55.0,3.0,3.0,fumble_or_safety_swallows_scrimmage_type
401778304,2025,1,postseason,South Florida,Old Dominion,home,raw,turnovers,5,3,-2,2,kneel_accounting
401778304,2025,1,postseason,South Florida,Old Dominion,home,raw,interceptions,4,3,-1,1,kneel_accounting
401778304,2025,1,postseason,South Florida,Old Dominion,home,raw,fumbles_lost,1,0,-1,1,kneel_accounting
401778304,2025,1,postseason,South Florida,Old Dominion,home,raw,third_down_attempts,16,15,-1,1,kneel_accounting
401778304,2025,1,postseason,South Florida,Old Dominion,home,raw,fourth_down_attempts,1,0,-1,1,kneel_accounting
401778304,2025,1,postseason,Old Dominion,South Florida,away,raw,total_plays,81,80,-1,1,fumble_or_safety_swallows_scrimmage_type
401778304,2025,1,postseason,Old Dominion,South Florida,away,raw,total_yards,382,416.0,34.0,34.0,fumble_or_safety_swallows_scrimmage_type
401778304,2025,1,postseason,Old Dominion,South Florida,away,raw,rush_attempts,55,54,-1,1,fumble_or_safety_swallows_scrimmage_type
401778304,2025,1,postseason,Old Dominion,South Florida,away,raw,rush_yards,255,289.0,34.0,34.0,fumble_or_safety_swallows_scrimmage_type
401778304,2025,1,postseason,Old Dominion,South Florida,away,raw,turnovers,1,0,-1,1,kneel_accounting
401778304,2025,1,postseason,Old Dominion,South Florida,away,raw,fumbles_lost,1,0,-1,1,kneel_accounting
401778304,2025,1,postseason,Old Dominion,South Florida,away,raw,third_down_attempts,20,19,-1,1,kneel_accounting
401778305,2025,1,postseason,Louisiana,Delaware,away,raw,total_plays,77,76,-1,1,fumble_or_safety_swallows_scrimmage_type
401778305,2025,1,postseason,Louisiana,Delaware,away,raw,total_yards,335,339.0,4.0,4.0,fumble_or_safety_swallows_scrimmage_type
401778305,2025,1,postseason,Louisiana,Delaware,away,raw,rush_attempts,39,38,-1,1,fumble_or_safety_swallows_scrimmage_type
401778305,2025,1,postseason,Louisiana,Delaware,away,raw,rush_yards,104,108.0,4.0,4.0,fumble_or_safety_swallows_scrimmage_type
401778305,2025,1,postseason,Louisiana,Delaware,away,raw,turnovers,3,1,-2,2,no_play_penalty
401778305,2025,1,postseason,Louisiana,Delaware,away,raw,interceptions,1,0,-1,1,no_play_penalty
401778305,2025,1,postseason,Louisiana,Delaware,away,raw,fumbles_lost,2,1,-1,1,no_play_penalty
401778305,2025,1,postseason,Louisiana,Delaware,away,raw,fourth_down_attempts,5,4,-1,1,no_play_penalty
401838053,2025,1,postseason,Arkansas State,Missouri State,home,raw,total_plays,56,55,-1,1,fumble_or_safety_swallows_scrimmage_type
401838053,2025,1,postseason,Arkansas State,Missouri State,home,raw,total_yards,359,352.0,-7.0,7.0,fumble_or_safety_swallows_scrimmage_type
401838053,2025,1,postseason,Arkansas State,Missouri State,home,raw,rush_attempts,25,24,-1,1,fumble_or_safety_swallows_scrimmage_type
401838053,2025,1,postseason,Arkansas State,Missouri State,home,raw,rush_yards,71,64.0,-7.0,7.0,fumble_or_safety_swallows_scrimmage_type
401838053,2025,1,postseason,Arkansas State,Missouri State,home,raw,third_down_attempts,11,12,1,1,kneel_accounting
401838053,2025,1,postseason,Missouri State,Arkansas State,away,raw,total_plays,72,70,-2,2,fumble_or_safety_swallows_scrimmage_type
401838053,2025,1,postseason,Missouri State,Arkansas State,away,raw,total_yards,396,420.0,24.0,24.0,fumble_or_safety_swallows_scrimmage_type
401838053,2025,1,postseason,Missouri State,Arkansas State,away,raw,rush_attempts,37,35,-2,2,fumble_or_safety_swallows_scrimmage_type
401838053,2025,1,postseason,Missouri State,Arkansas State,away,raw,rush_yards,47,71.0,24.0,24.0,fumble_or_safety_swallows_scrimmage_type
401838053,2025,1,postseason,Missouri State,Arkansas State,away,raw,turnovers,2,0,-2,2,kneel_accounting
401838053,2025,1,postseason,Missouri State,Arkansas State,away,raw,fumbles_lost,2,0,-2,2,kneel_accounting
401778306,2025,1,postseason,Western Michigan,Kennesaw State,home,raw,total_plays,62,60,-2,2,fumble_or_safety_swallows_scrimmage_type
401778306,2025,1,postseason,Western Michigan,Kennesaw State,home,raw,total_yards,423,411.0,-12.0,12.0,fumble_or_safety_swallows_scrimmage_type
401778306,2025,1,postseason,Western Michigan,Kennesaw State,home,raw,pass_attempts,19,18,-1,1,fumble_or_safety_swallows_scrimmage_type
401778306,2025,1,postseason,Western Michigan,Kennesaw State,home,raw,rush_attempts,43,42,-1,1,fumble_or_safety_swallows_scrimmage_type
401778306,2025,1,postseason,Western Michigan,Kennesaw State,home,raw,rush_yards,303,291.0,-12.0,12.0,fumble_or_safety_swallows_scrimmage_type
401778306,2025,1,postseason,Western Michigan,Kennesaw State,home,raw,turnovers,2,1,-1,1,spike_accounting
401778306,2025,1,postseason,Western Michigan,Kennesaw State,home,raw,fumbles_lost,1,0,-1,1,spike_accounting
401778306,2025,1,postseason,Western Michigan,Kennesaw State,home,raw,third_down_attempts,13,12,-1,1,spike_accounting
401778306,2025,1,postseason,Kennesaw State,Western Michigan,away,raw,total_plays,70,66,-4,4,fumble_or_safety_swallows_scrimmage_type
401778306,2025,1,postseason,Kennesaw State,Western Michigan,away,raw,total_yards,378,395.0,17.0,17.0,fumble_or_safety_swallows_scrimmage_type
401778306,2025,1,postseason,Kennesaw State,Western Michigan,away,raw,pass_attempts,36,34,-2,2,fumble_or_safety_swallows_scrimmage_type
401778306,2025,1,postseason,Kennesaw State,Western Michigan,away,raw,rush_attempts,34,32,-2,2,fumble_or_safety_swallows_scrimmage_type
401778306,2025,1,postseason,Kennesaw State,Western Michigan,away,raw,rush_yards,169,186.0,17.0,17.0,fumble_or_safety_swallows_scrimmage_type
401778306,2025,1,postseason,Kennesaw State,Western Michigan,away,raw,turnovers,4,3,-1,1,spike_accounting
401778306,2025,1,postseason,Kennesaw State,Western Michigan,away,raw,fumbles_lost,2,1,-1,1,spike_accounting
401778306,2025,1,postseason,Kennesaw State,Western Michigan,away,raw,third_down_attempts,14,13,-1,1,spike_accounting
401778307,2025,1,postseason,NC State,Memphis,home,raw,total_yards,337,346.0,9.0,9.0,fumble_or_safety_swallows_scrimmage_type
401778307,2025,1,postseason,NC State,Memphis,home,raw,rush_yards,116,125.0,9.0,9.0,fumble_or_safety_swallows_scrimmage_type
401778307,2025,1,postseason,Memphis,NC State,away,raw,total_plays,70,69,-1,1,fumble_or_safety_swallows_scrimmage_type
401778307,2025,1,postseason,Memphis,NC State,away,raw,total_yards,303,312.0,9.0,9.0,fumble_or_safety_swallows_scrimmage_type
401778307,2025,1,postseason,Memphis,NC State,away,raw,pass_attempts,34,35,1,1,fumble_or_safety_swallows_scrimmage_type
401778307,2025,1,postseason,Memphis,NC State,away,raw,completions,20,21,1,1,no_play_penalty
401778307,2025,1,postseason,Memphis,NC State,away,raw,rush_attempts,36,34,-2,2,fumble_or_safety_swallows_scrimmage_type
401778307,2025,1,postseason,Memphis,NC State,away,raw,rush_yards,149,158.0,9.0,9.0,fumble_or_safety_swallows_scrimmage_type
401778307,2025,1,postseason,Memphis,NC State,away,raw,turnovers,2,1,-1,1,no_play_penalty
401778307,2025,1,postseason,Memphis,NC State,away,raw,fumbles_lost,1,0,-1,1,no_play_penalty
401779840,2025,1,postseason,Oklahoma,Alabama,home,raw,total_plays,75,74,-1,1,fumble_or_safety_swallows_scrimmage_type
401779840,2025,1,postseason,Oklahoma,Alabama,home,raw,total_yards,362,365.0,3.0,3.0,fumble_or_safety_swallows_scrimmage_type
401779840,2025,1,postseason,Oklahoma,Alabama,home,raw,pass_attempts,42,41,-1,1,fumble_or_safety_swallows_scrimmage_type
401779840,2025,1,postseason,Oklahoma,Alabama,home,raw,rush_yards,55,58.0,3.0,3.0,fumble_or_safety_swallows_scrimmage_type
401779840,2025,1,postseason,Alabama,Oklahoma,away,raw,total_yards,260,258.0,-2.0,2.0,fumble_or_safety_swallows_scrimmage_type
401779840,2025,1,postseason,Alabama,Oklahoma,away,raw,rush_yards,28,26.0,-2.0,2.0,fumble_or_safety_swallows_scrimmage_type
401779841,2025,1,postseason,Texas A&M,Miami,home,raw,total_plays,75,73,-2,2,fumble_or_safety_swallows_scrimmage_type
401779841,2025,1,postseason,Texas A&M,Miami,home,raw,total_yards,326,334.0,8.0,8.0,fumble_or_safety_swallows_scrimmage_type
401779841,2025,1,postseason,Texas A&M,Miami,home,raw,pass_attempts,40,39,-1,1,fumble_or_safety_swallows_scrimmage_type
401779841,2025,1,postseason,Texas A&M,Miami,home,raw,rush_attempts,35,34,-1,1,fumble_or_safety_swallows_scrimmage_type
401779841,2025,1,postseason,Texas A&M,Miami,home,raw,rush_yards,89,97.0,8.0,8.0,fumble_or_safety_swallows_scrimmage_type
401779841,2025,1,postseason,Texas A&M,Miami,home,raw,turnovers,3,2,-1,1,kneel_accounting
401779841,2025,1,postseason,Texas A&M,Miami,home,raw,fumbles_lost,1,0,-1,1,kneel_accounting
401779841,2025,1,postseason,Texas A&M,Miami,home,raw,third_down_attempts,18,17,-1,1,kneel_accounting
401779841,2025,1,postseason,Miami,Texas A&M,away,raw,total_plays,49,46,-3,3,fumble_or_safety_swallows_scrimmage_type
401779841,2025,1,postseason,Miami,Texas A&M,away,raw,total_yards,278,248.0,-30.0,30.0,fumble_or_safety_swallows_scrimmage_type
401779841,2025,1,postseason,Miami,Texas A&M,away,raw,pass_attempts,21,20,-1,1,fumble_or_safety_swallows_scrimmage_type
401779841,2025,1,postseason,Miami,Texas A&M,away,raw,completions,14,13,-1,1,kneel_accounting
401779841,2025,1,postseason,Miami,Texas A&M,away,raw,net_pass_yards,103,91.0,-12.0,12.0,fumble_or_safety_swallows_scrimmage_type
401779841,2025,1,postseason,Miami,Texas A&M,away,raw,rush_attempts,28,26,-2,2,fumble_or_safety_swallows_scrimmage_type
401779841,2025,1,postseason,Miami,Texas A&M,away,raw,rush_yards,175,157.0,-18.0,18.0,fumble_or_safety_swallows_scrimmage_type
401779841,2025,1,postseason,Miami,Texas A&M,away,raw,turnovers,1,0,-1,1,kneel_accounting
401779841,2025,1,postseason,Miami,Texas A&M,away,raw,fumbles_lost,1,0,-1,1,kneel_accounting
401779841,2025,1,postseason,Miami,Texas A&M,away,raw,third_down_attempts,12,11,-1,1,kneel_accounting
401779842,2025,1,postseason,Ole Miss,Tulane,home,raw,total_plays,68,67,-1,1,fumble_or_safety_swallows_scrimmage_type
401779842,2025,1,postseason,Ole Miss,Tulane,home,raw,total_yards,497,508.0,11.0,11.0,fumble_or_safety_swallows_scrimmage_type
401779842,2025,1,postseason,Ole Miss,Tulane,home,raw,rush_attempts,34,33,-1,1,fumble_or_safety_swallows_scrimmage_type
401779842,2025,1,postseason,Ole Miss,Tulane,home,raw,rush_yards,151,162.0,11.0,11.0,fumble_or_safety_swallows_scrimmage_type
401779842,2025,1,postseason,Ole Miss,Tulane,home,raw,turnovers,1,0,-1,1,kneel_accounting
401779842,2025,1,postseason,Ole Miss,Tulane,home,raw,fumbles_lost,1,0,-1,1,kneel_accounting
401779842,2025,1,postseason,Tulane,Ole Miss,away,raw,total_plays,71,69,-2,2,fumble_or_safety_swallows_scrimmage_type
401779842,2025,1,postseason,Tulane,Ole Miss,away,raw,total_yards,421,424.0,3.0,3.0,fumble_or_safety_swallows_scrimmage_type
401779842,2025,1,postseason,Tulane,Ole Miss,away,raw,pass_attempts,37,36,-1,1,fumble_or_safety_swallows_scrimmage_type
401779842,2025,1,postseason,Tulane,Ole Miss,away,raw,rush_attempts,34,33,-1,1,fumble_or_safety_swallows_scrimmage_type
401779842,2025,1,postseason,Tulane,Ole Miss,away,raw,rush_yards,115,118.0,3.0,3.0,fumble_or_safety_swallows_scrimmage_type
401779842,2025,1,postseason,Tulane,Ole Miss,away,raw,turnovers,3,2,-1,1,kneel_accounting
401779842,2025,1,postseason,Tulane,Ole Miss,away,raw,fumbles_lost,2,1,-1,1,kneel_accounting
401779842,2025,1,postseason,Tulane,Ole Miss,away,raw,fourth_down_attempts,4,3,-1,1,kneel_accounting
401779843,2025,1,postseason,Oregon,James Madison,home,raw,total_plays,53,50,-3,3,fumble_or_safety_swallows_scrimmage_type
401779843,2025,1,postseason,Oregon,James Madison,home,raw,total_yards,514,506.0,-8.0,8.0,fumble_or_safety_swallows_scrimmage_type
401779843,2025,1,postseason,Oregon,James Madison,home,raw,pass_attempts,27,25,-2,2,fumble_or_safety_swallows_scrimmage_type
401779843,2025,1,postseason,Oregon,James Madison,home,raw,rush_attempts,26,25,-1,1,fumble_or_safety_swallows_scrimmage_type
401779843,2025,1,postseason,Oregon,James Madison,home,raw,rush_yards,201,193.0,-8.0,8.0,fumble_or_safety_swallows_scrimmage_type
401779843,2025,1,postseason,Oregon,James Madison,home,raw,turnovers,2,1,-1,1,kneel_accounting
401779843,2025,1,postseason,Oregon,James Madison,home,raw,interceptions,2,1,-1,1,kneel_accounting
401779843,2025,1,postseason,Oregon,James Madison,home,raw,third_down_attempts,7,6,-1,1,kneel_accounting
401779843,2025,1,postseason,James Madison,Oregon,away,raw,total_plays,84,83,-1,1,fumble_or_safety_swallows_scrimmage_type
401779843,2025,1,postseason,James Madison,Oregon,away,raw,total_yards,509,510.0,1.0,1.0,fumble_or_safety_swallows_scrimmage_type
401779843,2025,1,postseason,James Madison,Oregon,away,raw,rush_attempts,35,34,-1,1,fumble_or_safety_swallows_scrimmage_type
401779843,2025,1,postseason,James Madison,Oregon,away,raw,rush_yards,186,187.0,1.0,1.0,fumble_or_safety_swallows_scrimmage_type
401778308,2025,1,postseason,Washington State,Utah State,away,raw,total_plays,88,85,-3,3,sack_accounting
401778308,2025,1,postseason,Washington State,Utah State,away,raw,total_yards,628,635.0,7.0,7.0,sack_accounting
401778308,2025,1,postseason,Washington State,Utah State,away,raw,pass_attempts,47,44,-3,3,sack_accounting
401778308,2025,1,postseason,Washington State,Utah State,away,raw,rush_yards,255,262.0,7.0,7.0,sack_accounting
401778308,2025,1,postseason,Washington State,Utah State,away,raw,third_down_attempts,18,15,-3,3,kneel_accounting
401778309,2025,1,postseason,Louisville,Toledo,home,raw,total_plays,60,58,-2,2,fumble_or_safety_swallows_scrimmage_type
401778309,2025,1,postseason,Louisville,Toledo,home,raw,total_yards,333,321.0,-12.0,12.0,fumble_or_safety_swallows_scrimmage_type
401778309,2025,1,postseason,Louisville,Toledo,home,raw,rush_attempts,36,34,-2,2,fumble_or_safety_swallows_scrimmage_type
401778309,2025,1,postseason,Louisville,Toledo,home,raw,rush_yards,180,168.0,-12.0,12.0,fumble_or_safety_swallows_scrimmage_type
401778309,2025,1,postseason,Louisville,Toledo,home,raw,turnovers,1,0,-1,1,kneel_accounting
401778309,2025,1,postseason,Louisville,Toledo,home,raw,fumbles_lost,1,0,-1,1,kneel_accounting
401778309,2025,1,postseason,Toledo,Louisville,away,raw,total_plays,68,67,-1,1,fumble_or_safety_swallows_scrimmage_type
401778309,2025,1,postseason,Toledo,Louisville,away,raw,total_yards,336,349.0,13.0,13.0,fumble_or_safety_swallows_scrimmage_type
401778309,2025,1,postseason,Toledo,Louisville,away,raw,pass_attempts,28,29,1,1,fumble_or_safety_swallows_scrimmage_type
401778309,2025,1,postseason,Toledo,Louisville,away,raw,rush_attempts,40,38,-2,2,fumble_or_safety_swallows_scrimmage_type
401778309,2025,1,postseason,Toledo,Louisville,away,raw,rush_yards,169,182.0,13.0,13.0,fumble_or_safety_swallows_scrimmage_type
401778309,2025,1,postseason,Toledo,Louisville,away,raw,third_down_attempts,13,12,-1,1,kneel_accounting
401778310,2025,1,postseason,Southern Miss,Western Kentucky,home,raw,total_yards,377,385.0,8.0,8.0,fumble_or_safety_swallows_scrimmage_type
401778310,2025,1,postseason,Southern Miss,Western Kentucky,home,raw,rush_yards,119,127.0,8.0,8.0,fumble_or_safety_swallows_scrimmage_type
401778310,2025,1,postseason,Western Kentucky,Southern Miss,away,raw,total_plays,73,71,-2,2,fumble_or_safety_swallows_scrimmage_type
401778310,2025,1,postseason,Western Kentucky,Southern Miss,away,raw,total_yards,422,358.0,-64.0,64.0,fumble_or_safety_swallows_scrimmage_type
401778310,2025,1,postseason,Western Kentucky,Southern Miss,away,raw,pass_attempts,40,37,-3,3,fumble_or_safety_swallows_scrimmage_type
401778310,2025,1,postseason,Western Kentucky,Southern Miss,away,raw,completions,22,21,-1,1,no_play_penalty
401778310,2025,1,postseason,Western Kentucky,Southern Miss,away,raw,net_pass_yards,267,205.0,-62.0,62.0,fumble_or_safety_swallows_scrimmage_type
401778310,2025,1,postseason,Western Kentucky,Southern Miss,away,raw,rush_attempts,33,34,1,1,fumble_or_safety_swallows_scrimmage_type
401778310,2025,1,postseason,Western Kentucky,Southern Miss,away,raw,rush_yards,155,153.0,-2.0,2.0,fumble_or_safety_swallows_scrimmage_type
401778310,2025,1,postseason,Western Kentucky,Southern Miss,away,raw,turnovers,3,2,-1,1,no_play_penalty
401778310,2025,1,postseason,Western Kentucky,Southern Miss,away,raw,interceptions,2,1,-1,1,no_play_penalty
401778311,2025,1,postseason,Ohio,UNLV,home,raw,total_plays,58,57,-1,1,fumble_or_safety_swallows_scrimmage_type
401778311,2025,1,postseason,Ohio,UNLV,home,raw,total_yards,350,352.0,2.0,2.0,fumble_or_safety_swallows_scrimmage_type
401778311,2025,1,postseason,Ohio,UNLV,home,raw,rush_attempts,43,42,-1,1,fumble_or_safety_swallows_scrimmage_type
401778311,2025,1,postseason,Ohio,UNLV,home,raw,rush_yards,207,209.0,2.0,2.0,fumble_or_safety_swallows_scrimmage_type
401778311,2025,1,postseason,Ohio,UNLV,home,raw,turnovers,3,2,-1,1,kneel_accounting
401778311,2025,1,postseason,Ohio,UNLV,home,raw,fumbles_lost,2,1,-1,1,kneel_accounting
401778311,2025,1,postseason,Ohio,UNLV,home,raw,third_down_attempts,11,10,-1,1,kneel_accounting
401778311,2025,1,postseason,UNLV,Ohio,away,raw,total_plays,59,58,-1,1,fumble_or_safety_swallows_scrimmage_type
401778311,2025,1,postseason,UNLV,Ohio,away,raw,total_yards,281,290.0,9.0,9.0,fumble_or_safety_swallows_scrimmage_type
401778311,2025,1,postseason,UNLV,Ohio,away,raw,rush_attempts,29,28,-1,1,fumble_or_safety_swallows_scrimmage_type
401778311,2025,1,postseason,UNLV,Ohio,away,raw,rush_yards,97,106.0,9.0,9.0,fumble_or_safety_swallows_scrimmage_type
401778311,2025,1,postseason,UNLV,Ohio,away,raw,turnovers,2,0,-2,2,kneel_accounting
401778311,2025,1,postseason,UNLV,Ohio,away,raw,interceptions,1,0,-1,1,kneel_accounting
401778311,2025,1,postseason,UNLV,Ohio,away,raw,fumbles_lost,1,0,-1,1,kneel_accounting
401778312,2025,1,postseason,California,Hawai'i,away,raw,total_yards,481,487.0,6.0,6.0,sack_accounting
401778312,2025,1,postseason,California,Hawai'i,away,raw,net_pass_yards,337,343.0,6.0,6.0,sack_accounting
401778312,2025,1,postseason,California,Hawai'i,away,raw,turnovers,1,0,-1,1,no_play_penalty
401778312,2025,1,postseason,California,Hawai'i,away,raw,fumbles_lost,1,0,-1,1,no_play_penalty
401778313,2025,1,postseason,Northwestern,Central Michigan,home,raw,total_plays,61,59,-2,2,fumble_or_safety_swallows_scrimmage_type
401778313,2025,1,postseason,Northwestern,Central Michigan,home,raw,total_yards,313,347.0,34.0,34.0,fumble_or_safety_swallows_scrimmage_type
401778313,2025,1,postseason,Northwestern,Central Michigan,home,raw,pass_attempts,35,34,-1,1,fumble_or_safety_swallows_scrimmage_type
401778313,2025,1,postseason,Northwestern,Central Michigan,home,raw,net_pass_yards,236,273.0,37.0,37.0,fumble_or_safety_swallows_scrimmage_type
401778313,2025,1,postseason,Northwestern,Central Michigan,home,raw,rush_attempts,26,25,-1,1,fumble_or_safety_swallows_scrimmage_type
401778313,2025,1,postseason,Northwestern,Central Michigan,home,raw,rush_yards,77,74.0,-3.0,3.0,fumble_or_safety_swallows_scrimmage_type
401778313,2025,1,postseason,Northwestern,Central Michigan,home,raw,third_down_conversions,4,5,1,1,no_play_penalty
401778313,2025,1,postseason,Northwestern,Central Michigan,home,raw,fourth_down_attempts,5,4,-1,1,no_play_penalty
401778313,2025,1,postseason,Central Michigan,Northwestern,away,raw,total_plays,60,56,-4,4,fumble_or_safety_swallows_scrimmage_type
401778313,2025,1,postseason,Central Michigan,Northwestern,away,raw,total_yards,269,276.0,7.0,7.0,fumble_or_safety_swallows_scrimmage_type
401778313,2025,1,postseason,Central Michigan,Northwestern,away,raw,rush_attempts,34,30,-4,4,fumble_or_safety_swallows_scrimmage_type
401778313,2025,1,postseason,Central Michigan,Northwestern,away,raw,rush_yards,91,98.0,7.0,7.0,fumble_or_safety_swallows_scrimmage_type
401778313,2025,1,postseason,Central Michigan,Northwestern,away,raw,turnovers,4,2,-2,2,no_play_penalty
401778313,2025,1,postseason,Central Michigan,Northwestern,away,raw,fumbles_lost,3,1,-2,2,no_play_penalty
401778313,2025,1,postseason,Central Michigan,Northwestern,away,raw,third_down_attempts,11,9,-2,2,no_play_penalty
401778314,2025,1,postseason,Minnesota,New Mexico,home,raw,total_plays,60,59,-1,1,fumble_or_safety_swallows_scrimmage_type
401778314,2025,1,postseason,Minnesota,New Mexico,home,raw,total_yards,252,257.0,5.0,5.0,fumble_or_safety_swallows_scrimmage_type
401778314,2025,1,postseason,Minnesota,New Mexico,home,raw,completions,18,17,-1,1,no_play_penalty
401778314,2025,1,postseason,Minnesota,New Mexico,home,raw,rush_attempts,32,31,-1,1,fumble_or_safety_swallows_scrimmage_type
401778314,2025,1,postseason,Minnesota,New Mexico,home,raw,rush_yards,105,110.0,5.0,5.0,fumble_or_safety_swallows_scrimmage_type
401778314,2025,1,postseason,Minnesota,New Mexico,home,raw,turnovers,1,0,-1,1,no_play_penalty
401778314,2025,1,postseason,Minnesota,New Mexico,home,raw,fumbles_lost,1,0,-1,1,no_play_penalty
401778314,2025,1,postseason,Minnesota,New Mexico,home,raw,fourth_down_attempts,2,1,-1,1,no_play_penalty
401778314,2025,1,postseason,New Mexico,Minnesota,away,raw,total_yards,204,207.0,3.0,3.0,fumble_or_safety_swallows_scrimmage_type
401778314,2025,1,postseason,New Mexico,Minnesota,away,raw,completions,15,14,-1,1,no_play_penalty
401778314,2025,1,postseason,New Mexico,Minnesota,away,raw,net_pass_yards,88,91.0,3.0,3.0,fumble_or_safety_swallows_scrimmage_type
401778314,2025,1,postseason,New Mexico,Minnesota,away,raw,turnovers,1,0,-1,1,no_play_penalty
401778314,2025,1,postseason,New Mexico,Minnesota,away,raw,interceptions,1,0,-1,1,no_play_penalty
401778315,2025,1,postseason,UTSA,Florida International,home,raw,total_plays,71,70,-1,1,fumble_or_safety_swallows_scrimmage_type
401778315,2025,1,postseason,UTSA,Florida International,home,raw,total_yards,481,479.0,-2.0,2.0,fumble_or_safety_swallows_scrimmage_type
401778315,2025,1,postseason,UTSA,Florida International,home,raw,rush_attempts,40,39,-1,1,fumble_or_safety_swallows_scrimmage_type
401778315,2025,1,postseason,UTSA,Florida International,home,raw,rush_yards,186,184.0,-2.0,2.0,fumble_or_safety_swallows_scrimmage_type
401778315,2025,1,postseason,Florida International,UTSA,away,raw,total_plays,78,77,-1,1,fumble_or_safety_swallows_scrimmage_type
401778315,2025,1,postseason,Florida International,UTSA,away,raw,total_yards,255,256.0,1.0,1.0,fumble_or_safety_swallows_scrimmage_type
401778315,2025,1,postseason,Florida International,UTSA,away,raw,rush_attempts,29,28,-1,1,fumble_or_safety_swallows_scrimmage_type
401778315,2025,1,postseason,Florida International,UTSA,away,raw,rush_yards,79,80.0,1.0,1.0,fumble_or_safety_swallows_scrimmage_type
401778316,2025,1,postseason,East Carolina,Pittsburgh,home,raw,total_plays,59,58,-1,1,fumble_or_safety_swallows_scrimmage_type
401778316,2025,1,postseason,East Carolina,Pittsburgh,home,raw,total_yards,249,262.0,13.0,13.0,fumble_or_safety_swallows_scrimmage_type
401778316,2025,1,postseason,East Carolina,Pittsburgh,home,raw,rush_attempts,42,41,-1,1,fumble_or_safety_swallows_scrimmage_type
401778316,2025,1,postseason,East Carolina,Pittsburgh,home,raw,rush_yards,72,85.0,13.0,13.0,fumble_or_safety_swallows_scrimmage_type
401778316,2025,1,postseason,Pittsburgh,East Carolina,away,raw,total_plays,80,76,-4,4,fumble_or_safety_swallows_scrimmage_type
401778316,2025,1,postseason,Pittsburgh,East Carolina,away,raw,total_yards,376,388.0,12.0,12.0,fumble_or_safety_swallows_scrimmage_type
401778316,2025,1,postseason,Pittsburgh,East Carolina,away,raw,pass_attempts,40,39,-1,1,fumble_or_safety_swallows_scrimmage_type
401778316,2025,1,postseason,Pittsburgh,East Carolina,away,raw,rush_attempts,40,37,-3,3,fumble_or_safety_swallows_scrimmage_type
401778316,2025,1,postseason,Pittsburgh,East Carolina,away,raw,rush_yards,120,132.0,12.0,12.0,fumble_or_safety_swallows_scrimmage_type
401778316,2025,1,postseason,Pittsburgh,East Carolina,away,raw,turnovers,5,1,-4,4,kneel_accounting
401778316,2025,1,postseason,Pittsburgh,East Carolina,away,raw,interceptions,1,0,-1,1,kneel_accounting
401778316,2025,1,postseason,Pittsburgh,East Carolina,away,raw,fumbles_lost,4,1,-3,3,kneel_accounting
401778316,2025,1,postseason,Pittsburgh,East Carolina,away,raw,third_down_attempts,15,14,-1,1,kneel_accounting
401778317,2025,1,postseason,Clemson,Penn State,home,raw,total_yards,236,246.0,10.0,10.0,sack_accounting
401778317,2025,1,postseason,Clemson,Penn State,home,raw,rush_yards,43,53.0,10.0,10.0,sack_accounting
401778317,2025,1,postseason,Penn State,Clemson,away,raw,total_yards,397,402.0,5.0,5.0,sack_accounting
401778317,2025,1,postseason,Penn State,Clemson,away,raw,net_pass_yards,260,262.0,2.0,2.0,sack_accounting
401778317,2025,1,postseason,Penn State,Clemson,away,raw,rush_yards,137,140.0,3.0,3.0,sack_accounting
401778318,2025,1,postseason,Army,UConn,home,raw,total_plays,65,63,-2,2,fumble_or_safety_swallows_scrimmage_type
401778318,2025,1,postseason,Army,UConn,home,raw,total_yards,476,478.0,2.0,2.0,fumble_or_safety_swallows_scrimmage_type
401778318,2025,1,postseason,Army,UConn,home,raw,rush_attempts,56,54,-2,2,fumble_or_safety_swallows_scrimmage_type
401778318,2025,1,postseason,Army,UConn,home,raw,rush_yards,368,370.0,2.0,2.0,fumble_or_safety_swallows_scrimmage_type
401778318,2025,1,postseason,Army,UConn,home,raw,third_down_attempts,12,11,-1,1,no_play_penalty
401778318,2025,1,postseason,UConn,Army,away,raw,total_plays,47,46,-1,1,fumble_or_safety_swallows_scrimmage_type
401778318,2025,1,postseason,UConn,Army,away,raw,total_yards,267,266.0,-1.0,1.0,fumble_or_safety_swallows_scrimmage_type
401778318,2025,1,postseason,UConn,Army,away,raw,rush_attempts,30,29,-1,1,fumble_or_safety_swallows_scrimmage_type
401778318,2025,1,postseason,UConn,Army,away,raw,rush_yards,183,182.0,-1.0,1.0,fumble_or_safety_swallows_scrimmage_type
401778319,2025,1,postseason,BYU,Georgia Tech,home,raw,total_plays,63,62,-1,1,fumble_or_safety_swallows_scrimmage_type
401778319,2025,1,postseason,BYU,Georgia Tech,home,raw,pass_attempts,39,38,-1,1,fumble_or_safety_swallows_scrimmage_type
401778319,2025,1,postseason,BYU,Georgia Tech,home,raw,turnovers,2,0,-2,2,kneel_accounting
401778319,2025,1,postseason,BYU,Georgia Tech,home,raw,interceptions,1,0,-1,1,kneel_accounting
401778319,2025,1,postseason,BYU,Georgia Tech,home,raw,fumbles_lost,1,0,-1,1,kneel_accounting
401778319,2025,1,postseason,BYU,Georgia Tech,home,raw,third_down_attempts,10,9,-1,1,kneel_accounting
401778319,2025,1,postseason,Georgia Tech,BYU,away,raw,total_plays,68,66,-2,2,fumble_or_safety_swallows_scrimmage_type
401778319,2025,1,postseason,Georgia Tech,BYU,away,raw,total_yards,385,410.0,25.0,25.0,fumble_or_safety_swallows_scrimmage_type
401778319,2025,1,postseason,Georgia Tech,BYU,away,raw,pass_attempts,40,39,-1,1,fumble_or_safety_swallows_scrimmage_type
401778319,2025,1,postseason,Georgia Tech,BYU,away,raw,completions,22,21,-1,1,kneel_accounting
401778319,2025,1,postseason,Georgia Tech,BYU,away,raw,net_pass_yards,254,274.0,20.0,20.0,fumble_or_safety_swallows_scrimmage_type
401778319,2025,1,postseason,Georgia Tech,BYU,away,raw,rush_attempts,28,27,-1,1,fumble_or_safety_swallows_scrimmage_type
401778319,2025,1,postseason,Georgia Tech,BYU,away,raw,rush_yards,131,136.0,5.0,5.0,fumble_or_safety_swallows_scrimmage_type
401778319,2025,1,postseason,Georgia Tech,BYU,away,raw,turnovers,2,1,-1,1,kneel_accounting
401778319,2025,1,postseason,Georgia Tech,BYU,away,raw,fumbles_lost,1,0,-1,1,kneel_accounting
401778319,2025,1,postseason,Georgia Tech,BYU,away,raw,third_down_conversions,4,5,1,1,kneel_accounting
401778320,2025,1,postseason,Fresno State,Miami (OH),home,raw,total_plays,71,70,-1,1,fumble_or_safety_swallows_scrimmage_type
401778320,2025,1,postseason,Fresno State,Miami (OH),home,raw,total_yards,396,371.0,-25.0,25.0,fumble_or_safety_swallows_scrimmage_type
401778320,2025,1,postseason,Fresno State,Miami (OH),home,raw,pass_attempts,22,21,-1,1,fumble_or_safety_swallows_scrimmage_type
401778320,2025,1,postseason,Fresno State,Miami (OH),home,raw,completions,15,14,-1,1,kneel_accounting
401778320,2025,1,postseason,Fresno State,Miami (OH),home,raw,net_pass_yards,219,194.0,-25.0,25.0,fumble_or_safety_swallows_scrimmage_type
401778320,2025,1,postseason,Miami (OH),Fresno State,away,raw,total_plays,48,47,-1,1,fumble_or_safety_swallows_scrimmage_type
401778320,2025,1,postseason,Miami (OH),Fresno State,away,raw,total_yards,192,189.0,-3.0,3.0,fumble_or_safety_swallows_scrimmage_type
401778320,2025,1,postseason,Miami (OH),Fresno State,away,raw,rush_attempts,26,25,-1,1,fumble_or_safety_swallows_scrimmage_type
401778320,2025,1,postseason,Miami (OH),Fresno State,away,raw,rush_yards,120,117.0,-3.0,3.0,fumble_or_safety_swallows_scrimmage_type
401778320,2025,1,postseason,Miami (OH),Fresno State,away,raw,turnovers,2,1,-1,1,kneel_accounting
401778320,2025,1,postseason,Miami (OH),Fresno State,away,raw,fumbles_lost,1,0,-1,1,kneel_accounting
401778321,2025,1,postseason,San Diego State,North Texas,home,raw,total_plays,82,79,-3,3,fumble_or_safety_swallows_scrimmage_type
401778321,2025,1,postseason,San Diego State,North Texas,home,raw,total_yards,532,541.0,9.0,9.0,fumble_or_safety_swallows_scrimmage_type
401778321,2025,1,postseason,San Diego State,North Texas,home,raw,pass_attempts,36,35,-1,1,fumble_or_safety_swallows_scrimmage_type
401778321,2025,1,postseason,San Diego State,North Texas,home,raw,rush_attempts,46,44,-2,2,fumble_or_safety_swallows_scrimmage_type
401778321,2025,1,postseason,San Diego State,North Texas,home,raw,rush_yards,326,335.0,9.0,9.0,fumble_or_safety_swallows_scrimmage_type
401778321,2025,1,postseason,San Diego State,North Texas,home,raw,fourth_down_attempts,5,4,-1,1,spike_accounting
401778321,2025,1,postseason,North Texas,San Diego State,away,raw,total_plays,98,96,-2,2,fumble_or_safety_swallows_scrimmage_type
401778321,2025,1,postseason,North Texas,San Diego State,away,raw,total_yards,618,616.0,-2.0,2.0,fumble_or_safety_swallows_scrimmage_type
401778321,2025,1,postseason,North Texas,San Diego State,away,raw,pass_attempts,49,46,-3,3,fumble_or_safety_swallows_scrimmage_type
401778321,2025,1,postseason,North Texas,San Diego State,away,raw,completions,27,26,-1,1,spike_accounting
401778321,2025,1,postseason,North Texas,San Diego State,away,raw,net_pass_yards,250,243.0,-7.0,7.0,fumble_or_safety_swallows_scrimmage_type
401778321,2025,1,postseason,North Texas,San Diego State,away,raw,rush_attempts,49,50,1,1,fumble_or_safety_swallows_scrimmage_type
401778321,2025,1,postseason,North Texas,San Diego State,away,raw,rush_yards,368,373.0,5.0,5.0,fumble_or_safety_swallows_scrimmage_type
401778321,2025,1,postseason,North Texas,San Diego State,away,raw,third_down_attempts,20,21,1,1,spike_accounting
401778321,2025,1,postseason,North Texas,San Diego State,away,raw,third_down_conversions,9,10,1,1,spike_accounting
401778322,2025,1,postseason,Missouri,Virginia,home,raw,turnovers,1,0,-1,1,kneel_accounting
401778322,2025,1,postseason,Missouri,Virginia,home,raw,interceptions,1,0,-1,1,kneel_accounting
401778322,2025,1,postseason,Virginia,Missouri,away,raw,turnovers,1,0,-1,1,kneel_accounting
401778322,2025,1,postseason,Virginia,Missouri,away,raw,fumbles_lost,1,0,-1,1,kneel_accounting
401778323,2025,1,postseason,Houston,LSU,home,raw,pass_attempts,37,36,-1,1,fumble_or_safety_swallows_scrimmage_type
401778323,2025,1,postseason,Houston,LSU,home,raw,completions,28,27,-1,1,kneel_accounting
401778323,2025,1,postseason,Houston,LSU,home,raw,net_pass_yards,230,236.0,6.0,6.0,fumble_or_safety_swallows_scrimmage_type
401778323,2025,1,postseason,Houston,LSU,home,raw,rush_attempts,45,46,1,1,fumble_or_safety_swallows_scrimmage_type
401778323,2025,1,postseason,Houston,LSU,home,raw,rush_yards,207,201.0,-6.0,6.0,fumble_or_safety_swallows_scrimmage_type
401778323,2025,1,postseason,LSU,Houston,away,raw,total_plays,50,48,-2,2,fumble_or_safety_swallows_scrimmage_type
401778323,2025,1,postseason,LSU,Houston,away,raw,total_yards,344,337.0,-7.0,7.0,fumble_or_safety_swallows_scrimmage_type
401778323,2025,1,postseason,LSU,Houston,away,raw,rush_attempts,24,22,-2,2,fumble_or_safety_swallows_scrimmage_type
401778323,2025,1,postseason,LSU,Houston,away,raw,rush_yards,77,70.0,-7.0,7.0,fumble_or_safety_swallows_scrimmage_type
401778323,2025,1,postseason,LSU,Houston,away,raw,third_down_attempts,12,11,-1,1,kneel_accounting
401778323,2025,1,postseason,LSU,Houston,away,raw,third_down_conversions,7,6,-1,1,kneel_accounting
401778324,2025,1,postseason,App State,Georgia Southern,home,raw,total_plays,62,60,-2,2,sack_accounting
401778324,2025,1,postseason,App State,Georgia Southern,home,raw,pass_attempts,29,27,-2,2,sack_accounting
401778324,2025,1,postseason,App State,Georgia Southern,home,raw,turnovers,4,3,-1,1,kneel_accounting
401778324,2025,1,postseason,App State,Georgia Southern,home,raw,interceptions,4,3,-1,1,kneel_accounting
401778324,2025,1,postseason,Georgia Southern,App State,away,raw,total_yards,413,414.0,1.0,1.0,sack_accounting
401778324,2025,1,postseason,Georgia Southern,App State,away,raw,rush_yards,242,243.0,1.0,1.0,sack_accounting
401778325,2025,1,postseason,Louisiana Tech,Coastal Carolina,home,raw,total_yards,295,307.0,12.0,12.0,fumble_or_safety_swallows_scrimmage_type
401778325,2025,1,postseason,Louisiana Tech,Coastal Carolina,home,raw,pass_attempts,19,18,-1,1,fumble_or_safety_swallows_scrimmage_type
401778325,2025,1,postseason,Louisiana Tech,Coastal Carolina,home,raw,rush_attempts,47,48,1,1,fumble_or_safety_swallows_scrimmage_type
401778325,2025,1,postseason,Louisiana Tech,Coastal Carolina,home,raw,rush_yards,181,193.0,12.0,12.0,fumble_or_safety_swallows_scrimmage_type
401778325,2025,1,postseason,Louisiana Tech,Coastal Carolina,home,raw,turnovers,4,1,-3,3,no_play_penalty
401778325,2025,1,postseason,Louisiana Tech,Coastal Carolina,home,raw,fumbles_lost,3,0,-3,3,no_play_penalty
401778325,2025,1,postseason,Louisiana Tech,Coastal Carolina,home,raw,third_down_attempts,16,15,-1,1,no_play_penalty
401778325,2025,1,postseason,Coastal Carolina,Louisiana Tech,away,raw,total_plays,74,71,-3,3,fumble_or_safety_swallows_scrimmage_type
401778325,2025,1,postseason,Coastal Carolina,Louisiana Tech,away,raw,total_yards,356,345.0,-11.0,11.0,fumble_or_safety_swallows_scrimmage_type
401778325,2025,1,postseason,Coastal Carolina,Louisiana Tech,away,raw,pass_attempts,49,46,-3,3,fumble_or_safety_swallows_scrimmage_type
401778325,2025,1,postseason,Coastal Carolina,Louisiana Tech,away,raw,completions,25,24,-1,1,no_play_penalty
401778325,2025,1,postseason,Coastal Carolina,Louisiana Tech,away,raw,net_pass_yards,311,292.0,-19.0,19.0,fumble_or_safety_swallows_scrimmage_type
401778325,2025,1,postseason,Coastal Carolina,Louisiana Tech,away,raw,rush_yards,45,53.0,8.0,8.0,fumble_or_safety_swallows_scrimmage_type
401778325,2025,1,postseason,Coastal Carolina,Louisiana Tech,away,raw,turnovers,3,2,-1,1,no_play_penalty
401778325,2025,1,postseason,Coastal Carolina,Louisiana Tech,away,raw,fumbles_lost,1,0,-1,1,no_play_penalty
401778325,2025,1,postseason,Coastal Carolina,Louisiana Tech,away,raw,third_down_attempts,14,13,-1,1,no_play_penalty
401778326,2025,1,postseason,Illinois,Tennessee,home,raw,total_yards,417,419.0,2.0,2.0,fumble_or_safety_swallows_scrimmage_type
401778326,2025,1,postseason,Illinois,Tennessee,home,raw,rush_yards,221,223.0,2.0,2.0,fumble_or_safety_swallows_scrimmage_type
401778326,2025,1,postseason,Tennessee,Illinois,away,raw,total_plays,55,54,-1,1,fumble_or_safety_swallows_scrimmage_type
401778326,2025,1,postseason,Tennessee,Illinois,away,raw,total_yards,278,302.0,24.0,24.0,fumble_or_safety_swallows_scrimmage_type
401778326,2025,1,postseason,Tennessee,Illinois,away,raw,rush_attempts,37,36,-1,1,fumble_or_safety_swallows_scrimmage_type
401778326,2025,1,postseason,Tennessee,Illinois,away,raw,rush_yards,157,181.0,24.0,24.0,fumble_or_safety_swallows_scrimmage_type
401778326,2025,1,postseason,Tennessee,Illinois,away,raw,turnovers,1,0,-1,1,kneel_accounting
401778326,2025,1,postseason,Tennessee,Illinois,away,raw,fumbles_lost,1,0,-1,1,kneel_accounting
401778327,2025,1,postseason,TCU,USC,home,raw,total_plays,71,70,-1,1,fumble_or_safety_swallows_scrimmage_type
401778327,2025,1,postseason,TCU,USC,home,raw,total_yards,375,376.0,1.0,1.0,fumble_or_safety_swallows_scrimmage_type
401778327,2025,1,postseason,TCU,USC,home,raw,rush_attempts,31,30,-1,1,fumble_or_safety_swallows_scrimmage_type
401778327,2025,1,postseason,TCU,USC,home,raw,rush_yards,117,118.0,1.0,1.0,fumble_or_safety_swallows_scrimmage_type
401778327,2025,1,postseason,USC,TCU,away,raw,total_plays,63,62,-1,1,fumble_or_safety_swallows_scrimmage_type
401778327,2025,1,postseason,USC,TCU,away,raw,total_yards,392,390.0,-2.0,2.0,fumble_or_safety_swallows_scrimmage_type
401778327,2025,1,postseason,USC,TCU,away,raw,rush_attempts,33,32,-1,1,fumble_or_safety_swallows_scrimmage_type
401778327,2025,1,postseason,USC,TCU,away,raw,rush_yards,112,110.0,-2.0,2.0,fumble_or_safety_swallows_scrimmage_type
401778327,2025,1,postseason,USC,TCU,away,raw,turnovers,2,1,-1,1,no_play_penalty
401778327,2025,1,postseason,USC,TCU,away,raw,interceptions,2,1,-1,1,no_play_penalty
401778328,2025,1,postseason,Vanderbilt,Iowa,home,raw,total_yards,398,404.0,6.0,6.0,fumble_or_safety_swallows_scrimmage_type
401778328,2025,1,postseason,Vanderbilt,Iowa,home,raw,rush_yards,51,57.0,6.0,6.0,fumble_or_safety_swallows_scrimmage_type
401778328,2025,1,postseason,Iowa,Vanderbilt,away,raw,total_yards,379,389.0,10.0,10.0,fumble_or_safety_swallows_scrimmage_type
401778328,2025,1,postseason,Iowa,Vanderbilt,away,raw,pass_attempts,22,23,1,1,fumble_or_safety_swallows_scrimmage_type
401778328,2025,1,postseason,Iowa,Vanderbilt,away,raw,rush_attempts,37,36,-1,1,fumble_or_safety_swallows_scrimmage_type
401778328,2025,1,postseason,Iowa,Vanderbilt,away,raw,rush_yards,167,177.0,10.0,10.0,fumble_or_safety_swallows_scrimmage_type
401778328,2025,1,postseason,Iowa,Vanderbilt,away,raw,turnovers,1,0,-1,1,kneel_accounting
401778328,2025,1,postseason,Iowa,Vanderbilt,away,raw,interceptions,1,0,-1,1,kneel_accounting
401778329,2025,1,postseason,Duke,Arizona State,home,raw,total_plays,87,86,-1,1,fumble_or_safety_swallows_scrimmage_type
401778329,2025,1,postseason,Duke,Arizona State,home,raw,total_yards,539,541.0,2.0,2.0,fumble_or_safety_swallows_scrimmage_type
401778329,2025,1,postseason,Duke,Arizona State,home,raw,rush_attempts,36,35,-1,1,fumble_or_safety_swallows_scrimmage_type
401778329,2025,1,postseason,Duke,Arizona State,home,raw,rush_yards,212,214.0,2.0,2.0,fumble_or_safety_swallows_scrimmage_type
401778329,2025,1,postseason,Arizona State,Duke,away,raw,total_plays,75,78,3,3,fumble_or_safety_swallows_scrimmage_type
401778329,2025,1,postseason,Arizona State,Duke,away,raw,total_yards,619,548.0,-71.0,71.0,fumble_or_safety_swallows_scrimmage_type
401778329,2025,1,postseason,Arizona State,Duke,away,raw,pass_attempts,38,39,1,1,fumble_or_safety_swallows_scrimmage_type
401778329,2025,1,postseason,Arizona State,Duke,away,raw,net_pass_yards,375,358.0,-17.0,17.0,fumble_or_safety_swallows_scrimmage_type
401778329,2025,1,postseason,Arizona State,Duke,away,raw,rush_attempts,37,39,2,2,fumble_or_safety_swallows_scrimmage_type
401778329,2025,1,postseason,Arizona State,Duke,away,raw,rush_yards,244,190.0,-54.0,54.0,fumble_or_safety_swallows_scrimmage_type
401778329,2025,1,postseason,Arizona State,Duke,away,raw,turnovers,3,2,-1,1,kneel_accounting
401778329,2025,1,postseason,Arizona State,Duke,away,raw,fumbles_lost,2,1,-1,1,kneel_accounting
401778329,2025,1,postseason,Arizona State,Duke,away,raw,third_down_attempts,10,11,1,1,kneel_accounting
401778329,2025,1,postseason,Arizona State,Duke,away,raw,fourth_down_attempts,4,5,1,1,kneel_accounting
401778330,2025,1,postseason,Texas,Michigan,home,raw,turnovers,1,0,-1,1,kneel_accounting
401778330,2025,1,postseason,Texas,Michigan,home,raw,fumbles_lost,1,0,-1,1,kneel_accounting
401778330,2025,1,postseason,Texas,Michigan,home,raw,third_down_attempts,11,12,1,1,kneel_accounting
401778330,2025,1,postseason,Texas,Michigan,home,raw,third_down_conversions,3,4,1,1,kneel_accounting
401778330,2025,1,postseason,Michigan,Texas,away,raw,total_plays,81,78,-3,3,sack_accounting
401778330,2025,1,postseason,Michigan,Texas,away,raw,total_yards,373,371.0,-2.0,2.0,sack_accounting
401778330,2025,1,postseason,Michigan,Texas,away,raw,pass_attempts,43,40,-3,3,sack_accounting
401778330,2025,1,postseason,Michigan,Texas,away,raw,rush_yards,174,172.0,-2.0,2.0,sack_accounting
401778330,2025,1,postseason,Michigan,Texas,away,raw,turnovers,3,2,-1,1,kneel_accounting
401778330,2025,1,postseason,Michigan,Texas,away,raw,interceptions,3,1,-2,2,kneel_accounting
401778330,2025,1,postseason,Michigan,Texas,away,raw,fumbles_lost,0,1,1,1,kneel_accounting
401778330,2025,1,postseason,Michigan,Texas,away,raw,third_down_attempts,18,15,-3,3,kneel_accounting
401778331,2025,1,postseason,Utah,Nebraska,home,raw,total_plays,76,74,-2,2,fumble_or_safety_swallows_scrimmage_type
401778331,2025,1,postseason,Utah,Nebraska,home,raw,total_yards,535,552.0,17.0,17.0,fumble_or_safety_swallows_scrimmage_type
401778331,2025,1,postseason,Utah,Nebraska,home,raw,rush_attempts,45,43,-2,2,fumble_or_safety_swallows_scrimmage_type
401778331,2025,1,postseason,Utah,Nebraska,home,raw,rush_yards,225,242.0,17.0,17.0,fumble_or_safety_swallows_scrimmage_type
401778331,2025,1,postseason,Nebraska,Utah,away,raw,turnovers,1,0,-1,1,no_play_penalty
401778331,2025,1,postseason,Nebraska,Utah,away,raw,interceptions,1,0,-1,1,no_play_penalty
401769070,2025,1,postseason,Ohio State,Miami,home,raw,total_plays,59,57,-2,2,fumble_or_safety_swallows_scrimmage_type
401769070,2025,1,postseason,Ohio State,Miami,home,raw,pass_attempts,35,33,-2,2,fumble_or_safety_swallows_scrimmage_type
401769070,2025,1,postseason,Miami,Ohio State,away,raw,total_plays,63,60,-3,3,fumble_or_safety_swallows_scrimmage_type
401769070,2025,1,postseason,Miami,Ohio State,away,raw,total_yards,291,279.0,-12.0,12.0,fumble_or_safety_swallows_scrimmage_type
401769070,2025,1,postseason,Miami,Ohio State,away,raw,pass_attempts,26,24,-2,2,fumble_or_safety_swallows_scrimmage_type
401769070,2025,1,postseason,Miami,Ohio State,away,raw,completions,19,17,-2,2,kneel_accounting
401769070,2025,1,postseason,Miami,Ohio State,away,raw,net_pass_yards,138,126.0,-12.0,12.0,fumble_or_safety_swallows_scrimmage_type
401769070,2025,1,postseason,Miami,Ohio State,away,raw,rush_attempts,37,36,-1,1,fumble_or_safety_swallows_scrimmage_type
401769070,2025,1,postseason,Miami,Ohio State,away,raw,third_down_attempts,14,12,-2,2,kneel_accounting
401769071,2025,1,postseason,Texas Tech,Oregon,home,raw,total_plays,62,59,-3,3,fumble_or_safety_swallows_scrimmage_type
401769071,2025,1,postseason,Texas Tech,Oregon,home,raw,total_yards,215,221.0,6.0,6.0,fumble_or_safety_swallows_scrimmage_type
401769071,2025,1,postseason,Texas Tech,Oregon,home,raw,pass_attempts,32,31,-1,1,fumble_or_safety_swallows_scrimmage_type
401769071,2025,1,postseason,Texas Tech,Oregon,home,raw,rush_attempts,30,28,-2,2,fumble_or_safety_swallows_scrimmage_type
401769071,2025,1,postseason,Texas Tech,Oregon,home,raw,rush_yards,78,84.0,6.0,6.0,fumble_or_safety_swallows_scrimmage_type
401769071,2025,1,postseason,Texas Tech,Oregon,home,raw,turnovers,4,2,-2,2,no_play_penalty
401769071,2025,1,postseason,Texas Tech,Oregon,home,raw,interceptions,2,1,-1,1,no_play_penalty
401769071,2025,1,postseason,Texas Tech,Oregon,home,raw,fumbles_lost,2,1,-1,1,no_play_penalty
401769071,2025,1,postseason,Texas Tech,Oregon,home,raw,third_down_attempts,16,15,-1,1,no_play_penalty
401769071,2025,1,postseason,Oregon,Texas Tech,away,raw,total_plays,81,78,-3,3,fumble_or_safety_swallows_scrimmage_type
401769071,2025,1,postseason,Oregon,Texas Tech,away,raw,total_yards,309,333.0,24.0,24.0,fumble_or_safety_swallows_scrimmage_type
401769071,2025,1,postseason,Oregon,Texas Tech,away,raw,pass_attempts,34,33,-1,1,fumble_or_safety_swallows_scrimmage_type
401769071,2025,1,postseason,Oregon,Texas Tech,away,raw,rush_attempts,47,45,-2,2,fumble_or_safety_swallows_scrimmage_type
401769071,2025,1,postseason,Oregon,Texas Tech,away,raw,rush_yards,64,88.0,24.0,24.0,fumble_or_safety_swallows_scrimmage_type
401769071,2025,1,postseason,Oregon,Texas Tech,away,raw,third_down_attempts,19,18,-1,1,no_play_penalty
401769071,2025,1,postseason,Oregon,Texas Tech,away,raw,third_down_conversions,4,3,-1,1,no_play_penalty
401769071,2025,1,postseason,Oregon,Texas Tech,away,raw,fourth_down_attempts,8,7,-1,1,no_play_penalty
401769072,2025,1,postseason,Indiana,Alabama,home,raw,total_yards,407,408.0,1.0,1.0,fumble_or_safety_swallows_scrimmage_type
401769072,2025,1,postseason,Indiana,Alabama,home,raw,rush_yards,215,216.0,1.0,1.0,fumble_or_safety_swallows_scrimmage_type
401769072,2025,1,postseason,Alabama,Indiana,away,raw,total_plays,50,48,-2,2,fumble_or_safety_swallows_scrimmage_type
401769072,2025,1,postseason,Alabama,Indiana,away,raw,total_yards,193,191.0,-2.0,2.0,fumble_or_safety_swallows_scrimmage_type
401769072,2025,1,postseason,Alabama,Indiana,away,raw,rush_attempts,17,15,-2,2,fumble_or_safety_swallows_scrimmage_type
401769072,2025,1,postseason,Alabama,Indiana,away,raw,rush_yards,23,21.0,-2.0,2.0,fumble_or_safety_swallows_scrimmage_type
401769072,2025,1,postseason,Alabama,Indiana,away,raw,third_down_attempts,11,10,-1,1,kneel_accounting
401769072,2025,1,postseason,Alabama,Indiana,away,raw,fourth_down_attempts,2,1,-1,1,kneel_accounting
401769073,2025,1,postseason,Georgia,Ole Miss,home,raw,total_yards,343,361.0,18.0,18.0,safety_accounting
401769073,2025,1,postseason,Georgia,Ole Miss,home,raw,net_pass_yards,219,237.0,18.0,18.0,safety_accounting
401769073,2025,1,postseason,Georgia,Ole Miss,home,raw,turnovers,1,0,-1,1,no_play_penalty
401769073,2025,1,postseason,Georgia,Ole Miss,home,raw,fumbles_lost,1,0,-1,1,no_play_penalty
401769073,2025,1,postseason,Ole Miss,Georgia,away,raw,total_plays,73,72,-1,1,safety_accounting
401769073,2025,1,postseason,Ole Miss,Georgia,away,raw,total_yards,473,490.0,17.0,17.0,safety_accounting
401769073,2025,1,postseason,Ole Miss,Georgia,away,raw,net_pass_yards,362,385.0,23.0,23.0,safety_accounting
401769073,2025,1,postseason,Ole Miss,Georgia,away,raw,rush_attempts,27,26,-1,1,safety_accounting
401769073,2025,1,postseason,Ole Miss,Georgia,away,raw,rush_yards,111,105.0,-6.0,6.0,safety_accounting
401778332,2025,1,postseason,Texas State,Rice,home,raw,total_plays,67,66,-1,1,fumble_or_safety_swallows_scrimmage_type
401778332,2025,1,postseason,Texas State,Rice,home,raw,pass_attempts,26,25,-1,1,fumble_or_safety_swallows_scrimmage_type
401778332,2025,1,postseason,Texas State,Rice,home,raw,completions,18,17,-1,1,kneel_accounting
401778332,2025,1,postseason,Texas State,Rice,home,raw,net_pass_yards,196,194.0,-2.0,2.0,fumble_or_safety_swallows_scrimmage_type
401778332,2025,1,postseason,Texas State,Rice,home,raw,rush_yards,241,243.0,2.0,2.0,fumble_or_safety_swallows_scrimmage_type
401778332,2025,1,postseason,Texas State,Rice,home,raw,turnovers,1,0,-1,1,kneel_accounting
401778332,2025,1,postseason,Texas State,Rice,home,raw,fumbles_lost,1,0,-1,1,kneel_accounting
401778332,2025,1,postseason,Rice,Texas State,away,raw,total_plays,65,59,-6,6,fumble_or_safety_swallows_scrimmage_type
401778332,2025,1,postseason,Rice,Texas State,away,raw,total_yards,196,215.0,19.0,19.0,fumble_or_safety_swallows_scrimmage_type
401778332,2025,1,postseason,Rice,Texas State,away,raw,pass_attempts,21,20,-1,1,fumble_or_safety_swallows_scrimmage_type
401778332,2025,1,postseason,Rice,Texas State,away,raw,rush_attempts,44,39,-5,5,fumble_or_safety_swallows_scrimmage_type
401778332,2025,1,postseason,Rice,Texas State,away,raw,rush_yards,102,121.0,19.0,19.0,fumble_or_safety_swallows_scrimmage_type
401778332,2025,1,postseason,Rice,Texas State,away,raw,turnovers,3,1,-2,2,kneel_accounting
401778332,2025,1,postseason,Rice,Texas State,away,raw,fumbles_lost,2,0,-2,2,kneel_accounting
401778332,2025,1,postseason,Rice,Texas State,away,raw,third_down_attempts,17,15,-2,2,kneel_accounting
401778333,2025,1,postseason,Cincinnati,Navy,home,raw,total_plays,58,54,-4,4,fumble_or_safety_swallows_scrimmage_type
401778333,2025,1,postseason,Cincinnati,Navy,home,raw,total_yards,239,253.0,14.0,14.0,fumble_or_safety_swallows_scrimmage_type
401778333,2025,1,postseason,Cincinnati,Navy,home,raw,pass_attempts,20,18,-2,2,fumble_or_safety_swallows_scrimmage_type
401778333,2025,1,postseason,Cincinnati,Navy,home,raw,completions,12,11,-1,1,no_play_penalty
401778333,2025,1,postseason,Cincinnati,Navy,home,raw,net_pass_yards,97,93.0,-4.0,4.0,fumble_or_safety_swallows_scrimmage_type
401778333,2025,1,postseason,Cincinnati,Navy,home,raw,rush_attempts,38,36,-2,2,fumble_or_safety_swallows_scrimmage_type
401778333,2025,1,postseason,Cincinnati,Navy,home,raw,rush_yards,142,160.0,18.0,18.0,fumble_or_safety_swallows_scrimmage_type
401778333,2025,1,postseason,Cincinnati,Navy,home,raw,turnovers,2,1,-1,1,no_play_penalty
401778333,2025,1,postseason,Cincinnati,Navy,home,raw,interceptions,1,0,-1,1,no_play_penalty
401778333,2025,1,postseason,Cincinnati,Navy,home,raw,third_down_attempts,13,12,-1,1,no_play_penalty
401778333,2025,1,postseason,Navy,Cincinnati,away,raw,total_plays,66,63,-3,3,fumble_or_safety_swallows_scrimmage_type
401778333,2025,1,postseason,Navy,Cincinnati,away,raw,total_yards,349,333.0,-16.0,16.0,fumble_or_safety_swallows_scrimmage_type
401778333,2025,1,postseason,Navy,Cincinnati,away,raw,pass_attempts,15,14,-1,1,fumble_or_safety_swallows_scrimmage_type
401778333,2025,1,postseason,Navy,Cincinnati,away,raw,completions,9,8,-1,1,no_play_penalty
401778333,2025,1,postseason,Navy,Cincinnati,away,raw,net_pass_yards,108,95.0,-13.0,13.0,fumble_or_safety_swallows_scrimmage_type
401778333,2025,1,postseason,Navy,Cincinnati,away,raw,rush_attempts,51,49,-2,2,fumble_or_safety_swallows_scrimmage_type
401778333,2025,1,postseason,Navy,Cincinnati,away,raw,rush_yards,241,238.0,-3.0,3.0,fumble_or_safety_swallows_scrimmage_type
401778333,2025,1,postseason,Navy,Cincinnati,away,raw,turnovers,1,0,-1,1,no_play_penalty
401778333,2025,1,postseason,Navy,Cincinnati,away,raw,fumbles_lost,1,0,-1,1,no_play_penalty
401778334,2025,1,postseason,Mississippi State,Wake Forest,home,raw,total_yards,408,418.0,10.0,10.0,sack_accounting
401778334,2025,1,postseason,Mississippi State,Wake Forest,home,raw,rush_yards,114,124.0,10.0,10.0,sack_accounting
401778334,2025,1,postseason,Wake Forest,Mississippi State,away,raw,total_plays,68,67,-1,1,sack_accounting
401778334,2025,1,postseason,Wake Forest,Mississippi State,away,raw,pass_attempts,33,32,-1,1,sack_accounting
401831583,2025,1,postseason,Arizona,SMU,away,raw,total_plays,79,80,1,1,sack_accounting
401831583,2025,1,postseason,Arizona,SMU,away,raw,total_yards,441,413.0,-28.0,28.0,sack_accounting
401831583,2025,1,postseason,Arizona,SMU,away,raw,pass_attempts,43,44,1,1,sack_accounting
401831583,2025,1,postseason,Arizona,SMU,away,raw,completions,28,27,-1,1,kneel_accounting
401831583,2025,1,postseason,Arizona,SMU,away,raw,net_pass_yards,265,237.0,-28.0,28.0,sack_accounting
401831583,2025,1,postseason,Arizona,SMU,away,raw,turnovers,1,0,-1,1,kneel_accounting
401831583,2025,1,postseason,Arizona,SMU,away,raw,interceptions,1,0,-1,1,kneel_accounting
401831583,2025,1,postseason,Arizona,SMU,away,raw,fourth_down_attempts,5,6,1,1,kneel_accounting
401769075,2025,1,postseason,Miami,Ole Miss,away,raw,total_plays,88,87,-1,1,fumble_or_safety_swallows_scrimmage_type
401769075,2025,1,postseason,Miami,Ole Miss,away,raw,total_yards,459,457.0,-2.0,2.0,fumble_or_safety_swallows_scrimmage_type
401769075,2025,1,postseason,Miami,Ole Miss,away,raw,rush_attempts,51,50,-1,1,fumble_or_safety_swallows_scrimmage_type
401769075,2025,1,postseason,Miami,Ole Miss,away,raw,rush_yards,191,189.0,-2.0,2.0,fumble_or_safety_swallows_scrimmage_type
401769075,2025,1,postseason,Miami,Ole Miss,away,raw,turnovers,1,0,-1,1,spike_accounting
401769075,2025,1,postseason,Miami,Ole Miss,away,raw,interceptions,1,0,-1,1,spike_accounting
401769074,2025,1,postseason,Indiana,Oregon,home,raw,total_plays,60,58,-2,2,fumble_or_safety_swallows_scrimmage_type
401769074,2025,1,postseason,Indiana,Oregon,home,raw,total_yards,362,364.0,2.0,2.0,fumble_or_safety_swallows_scrimmage_type
401769074,2025,1,postseason,Indiana,Oregon,home,raw,rush_attempts,40,38,-2,2,fumble_or_safety_swallows_scrimmage_type
401769074,2025,1,postseason,Indiana,Oregon,home,raw,rush_yards,185,187.0,2.0,2.0,fumble_or_safety_swallows_scrimmage_type
401769074,2025,1,postseason,Indiana,Oregon,home,raw,third_down_attempts,14,12,-2,2,kneel_accounting
401769074,2025,1,postseason,Indiana,Oregon,home,raw,third_down_conversions,11,10,-1,1,kneel_accounting
401769074,2025,1,postseason,Oregon,Indiana,away,raw,total_plays,66,64,-2,2,duplicate_plays
401769074,2025,1,postseason,Oregon,Indiana,away,raw,total_yards,378,388.0,10.0,10.0,duplicate_plays
401769074,2025,1,postseason,Oregon,Indiana,away,raw,pass_attempts,40,39,-1,1,duplicate_plays
401769074,2025,1,postseason,Oregon,Indiana,away,raw,rush_attempts,26,25,-1,1,duplicate_plays
401769074,2025,1,postseason,Oregon,Indiana,away,raw,rush_yards,93,103.0,10.0,10.0,duplicate_plays
401769074,2025,1,postseason,Oregon,Indiana,away,raw,turnovers,3,0,-3,3,kneel_accounting
401769074,2025,1,postseason,Oregon,Indiana,away,raw,interceptions,1,0,-1,1,kneel_accounting
401769074,2025,1,postseason,Oregon,Indiana,away,raw,fumbles_lost,2,0,-2,2,kneel_accounting
401769076,2025,1,postseason,Miami,Indiana,away,raw,pass_attempts,32,31,-1,1,sack_accounting
401769076,2025,1,postseason,Miami,Indiana,away,raw,rush_attempts,21,22,1,1,sack_accounting
401769076,2025,1,postseason,Miami,Indiana,away,raw,turnovers,1,0,-1,1,kneel_accounting
401769076,2025,1,postseason,Miami,Indiana,away,raw,interceptions,1,0,-1,1,kneel_accounting
401756846,2025,1,regular,Kansas State,Iowa State,home,raw,total_plays,57,56,-1,1,sack_accounting
401756846,2025,1,regular,Kansas State,Iowa State,home,raw,total_yards,383,356.0,-27.0,27.0,sack_accounting
401756846,2025,1,regular,Kansas State,Iowa State,home,raw,rush_attempts,27,26,-1,1,sack_accounting
401756846,2025,1,regular,Kansas State,Iowa State,home,raw,rush_yards,110,83.0,-27.0,27.0,sack_accounting
401756846,2025,1,regular,Kansas State,Iowa State,home,raw,turnovers,2,1,-1,1,no_play_penalty
401756846,2025,1,regular,Kansas State,Iowa State,home,raw,fumbles_lost,2,1,-1,1,no_play_penalty
401756846,2025,1,regular,Iowa State,Kansas State,away,raw,total_plays,74,73,-1,1,sack_accounting
401756846,2025,1,regular,Iowa State,Kansas State,away,raw,total_yards,313,319.0,6.0,6.0,sack_accounting
401756846,2025,1,regular,Iowa State,Kansas State,away,raw,rush_attempts,46,45,-1,1,sack_accounting
401756846,2025,1,regular,Iowa State,Kansas State,away,raw,rush_yards,130,136.0,6.0,6.0,sack_accounting
401756846,2025,1,regular,Iowa State,Kansas State,away,raw,turnovers,2,0,-2,2,no_play_penalty
401756846,2025,1,regular,Iowa State,Kansas State,away,raw,fumbles_lost,2,0,-2,2,no_play_penalty
401756847,2025,1,regular,Kansas,Fresno State,home,raw,total_plays,58,63,5,5,fumble_or_safety_swallows_scrimmage_type
401756847,2025,1,regular,Kansas,Fresno State,home,raw,total_yards,383,456.0,73.0,73.0,fumble_or_safety_swallows_scrimmage_type
401756847,2025,1,regular,Kansas,Fresno State,home,raw,pass_attempts,20,22,2,2,fumble_or_safety_swallows_scrimmage_type
401756847,2025,1,regular,Kansas,Fresno State,home,raw,net_pass_yards,176,216.0,40.0,40.0,fumble_or_safety_swallows_scrimmage_type
401756847,2025,1,regular,Kansas,Fresno State,home,raw,rush_attempts,38,41,3,3,fumble_or_safety_swallows_scrimmage_type
401756847,2025,1,regular,Kansas,Fresno State,home,raw,rush_yards,207,240.0,33.0,33.0,fumble_or_safety_swallows_scrimmage_type
401756847,2025,1,regular,Kansas,Fresno State,home,raw,turnovers,0,1,1,1,accepted_or_declined_penalty
401756847,2025,1,regular,Kansas,Fresno State,home,raw,fumbles_lost,0,1,1,1,accepted_or_declined_penalty
401756847,2025,1,regular,Fresno State,Kansas,away,raw,total_plays,58,57,-1,1,fumble_or_safety_swallows_scrimmage_type
401756847,2025,1,regular,Fresno State,Kansas,away,raw,total_yards,216,234.0,18.0,18.0,fumble_or_safety_swallows_scrimmage_type
401756847,2025,1,regular,Fresno State,Kansas,away,raw,rush_attempts,29,28,-1,1,fumble_or_safety_swallows_scrimmage_type
401756847,2025,1,regular,Fresno State,Kansas,away,raw,rush_yards,37,55.0,18.0,18.0,fumble_or_safety_swallows_scrimmage_type
401756847,2025,1,regular,Fresno State,Kansas,away,raw,turnovers,3,2,-1,1,accepted_or_declined_penalty
401756847,2025,1,regular,Fresno State,Kansas,away,raw,fumbles_lost,1,0,-1,1,accepted_or_declined_penalty
401756847,2025,1,regular,Fresno State,Kansas,away,raw,third_down_attempts,15,14,-1,1,accepted_or_declined_penalty
401757218,2025,1,regular,Western Kentucky,Sam Houston,home,raw,total_plays,86,84,-2,2,duplicate_plays
401757218,2025,1,regular,Western Kentucky,Sam Houston,home,raw,total_yards,506,515.0,9.0,9.0,duplicate_plays
401757218,2025,1,regular,Western Kentucky,Sam Houston,home,raw,completions,33,32,-1,1,duplicate_plays
401757218,2025,1,regular,Western Kentucky,Sam Houston,home,raw,net_pass_yards,401,405.0,4.0,4.0,duplicate_plays
401757218,2025,1,regular,Western Kentucky,Sam Houston,home,raw,rush_attempts,35,33,-2,2,duplicate_plays
401757218,2025,1,regular,Western Kentucky,Sam Houston,home,raw,rush_yards,105,110.0,5.0,5.0,duplicate_plays
401757218,2025,1,regular,Western Kentucky,Sam Houston,home,raw,turnovers,2,1,-1,1,no_play_penalty
401757218,2025,1,regular,Western Kentucky,Sam Houston,home,raw,fumbles_lost,2,1,-1,1,no_play_penalty
401757218,2025,1,regular,Western Kentucky,Sam Houston,home,raw,third_down_attempts,19,18,-1,1,no_play_penalty
401757218,2025,1,regular,Western Kentucky,Sam Houston,home,raw,fourth_down_attempts,1,2,1,1,no_play_penalty
401757218,2025,1,regular,Sam Houston,Western Kentucky,away,raw,total_yards,382,394.0,12.0,12.0,duplicate_plays
401757218,2025,1,regular,Sam Houston,Western Kentucky,away,raw,net_pass_yards,209,219.0,10.0,10.0,duplicate_plays
401757218,2025,1,regular,Sam Houston,Western Kentucky,away,raw,rush_yards,173,175.0,2.0,2.0,duplicate_plays
401757218,2025,1,regular,Sam Houston,Western Kentucky,away,raw,third_down_attempts,14,13,-1,1,no_play_penalty
401757218,2025,1,regular,Sam Houston,Western Kentucky,away,raw,fourth_down_attempts,3,4,1,1,no_play_penalty
401754516,2025,1,regular,Hawai'i,Stanford,home,raw,total_yards,306,347.0,41.0,41.0,sack_accounting
401754516,2025,1,regular,Hawai'i,Stanford,home,raw,net_pass_yards,210,240.0,30.0,30.0,sack_accounting
401754516,2025,1,regular,Hawai'i,Stanford,home,raw,rush_yards,96,107.0,11.0,11.0,sack_accounting
401754516,2025,1,regular,Hawai'i,Stanford,home,raw,turnovers,1,0,-1,1,accepted_or_declined_penalty
401754516,2025,1,regular,Hawai'i,Stanford,home,raw,fumbles_lost,1,0,-1,1,accepted_or_declined_penalty
401754516,2025,1,regular,Stanford,Hawai'i,away,raw,total_plays,73,76,3,3,sack_accounting
401754516,2025,1,regular,Stanford,Hawai'i,away,raw,total_yards,286,326.0,40.0,40.0,sack_accounting
401754516,2025,1,regular,Stanford,Hawai'i,away,raw,pass_attempts,30,32,2,2,sack_accounting
401754516,2025,1,regular,Stanford,Hawai'i,away,raw,net_pass_yards,109,119.0,10.0,10.0,sack_accounting
401754516,2025,1,regular,Stanford,Hawai'i,away,raw,rush_attempts,43,44,1,1,sack_accounting
401754516,2025,1,regular,Stanford,Hawai'i,away,raw,rush_yards,177,207.0,30.0,30.0,sack_accounting
401754516,2025,1,regular,Stanford,Hawai'i,away,raw,third_down_attempts,17,19,2,2,accepted_or_declined_penalty
401754516,2025,1,regular,Stanford,Hawai'i,away,raw,third_down_conversions,8,9,1,1,accepted_or_declined_penalty
401762522,2025,1,regular,South Florida,Boise State,home,raw,total_plays,53,52,-1,1,fumble_or_safety_swallows_scrimmage_type
401762522,2025,1,regular,South Florida,Boise State,home,raw,total_yards,372,363.0,-9.0,9.0,fumble_or_safety_swallows_scrimmage_type
401762522,2025,1,regular,South Florida,Boise State,home,raw,pass_attempts,25,24,-1,1,fumble_or_safety_swallows_scrimmage_type
401762522,2025,1,regular,South Florida,Boise State,home,raw,completions,17,16,-1,1,no_play_penalty
401762522,2025,1,regular,South Florida,Boise State,home,raw,net_pass_yards,255,231.0,-24.0,24.0,fumble_or_safety_swallows_scrimmage_type
401762522,2025,1,regular,South Florida,Boise State,home,raw,rush_yards,117,132.0,15.0,15.0,fumble_or_safety_swallows_scrimmage_type
401762522,2025,1,regular,South Florida,Boise State,home,raw,third_down_conversions,5,6,1,1,no_play_penalty
401762522,2025,1,regular,Boise State,South Florida,away,raw,total_plays,86,82,-4,4,fumble_or_safety_swallows_scrimmage_type
401762522,2025,1,regular,Boise State,South Florida,away,raw,total_yards,378,400.0,22.0,22.0,fumble_or_safety_swallows_scrimmage_type
401762522,2025,1,regular,Boise State,South Florida,away,raw,pass_attempts,48,47,-1,1,fumble_or_safety_swallows_scrimmage_type
401762522,2025,1,regular,Boise State,South Florida,away,raw,completions,27,26,-1,1,no_play_penalty
401762522,2025,1,regular,Boise State,South Florida,away,raw,net_pass_yards,256,267.0,11.0,11.0,fumble_or_safety_swallows_scrimmage_type
401762522,2025,1,regular,Boise State,South Florida,away,raw,rush_attempts,38,35,-3,3,fumble_or_safety_swallows_scrimmage_type
401762522,2025,1,regular,Boise State,South Florida,away,raw,rush_yards,122,133.0,11.0,11.0,fumble_or_safety_swallows_scrimmage_type
401762522,2025,1,regular,Boise State,South Florida,away,raw,third_down_attempts,17,16,-1,1,no_play_penalty
401762522,2025,1,regular,Boise State,South Florida,away,raw,fourth_down_attempts,6,5,-1,1,no_play_penalty
401752794,2025,1,regular,Rutgers,Ohio,home,raw,points,34,37,3,3,no_play_penalty
401752794,2025,1,regular,Rutgers,Ohio,home,raw,total_plays,60,80,20,20,sack_accounting
401752794,2025,1,regular,Rutgers,Ohio,home,raw,total_yards,399,527.0,128.0,128.0,sack_accounting
401752794,2025,1,regular,Rutgers,Ohio,home,raw,pass_attempts,23,34,11,11,sack_accounting
401752794,2025,1,regular,Rutgers,Ohio,home,raw,completions,18,24,6,6,no_play_penalty
401752794,2025,1,regular,Rutgers,Ohio,home,raw,net_pass_yards,252,331.0,79.0,79.0,sack_accounting
401752794,2025,1,regular,Rutgers,Ohio,home,raw,rush_attempts,37,46,9,9,sack_accounting
401752794,2025,1,regular,Rutgers,Ohio,home,raw,rush_yards,147,196.0,49.0,49.0,sack_accounting
401752794,2025,1,regular,Rutgers,Ohio,home,raw,third_down_attempts,10,13,3,3,no_play_penalty
401752794,2025,1,regular,Rutgers,Ohio,home,raw,third_down_conversions,1,2,1,1,no_play_penalty
401752794,2025,1,regular,Rutgers,Ohio,home,raw,fourth_down_attempts,5,7,2,2,no_play_penalty
401752794,2025,1,regular,Rutgers,Ohio,home,raw,fourth_down_conversions,5,7,2,2,no_play_penalty
401752794,2025,1,regular,Ohio,Rutgers,away,raw,total_plays,62,83,21,21,sack_accounting
401752794,2025,1,regular,Ohio,Rutgers,away,raw,total_yards,440,541.0,101.0,101.0,sack_accounting
401752794,2025,1,regular,Ohio,Rutgers,away,raw,pass_attempts,31,44,13,13,sack_accounting
401752794,2025,1,regular,Ohio,Rutgers,away,raw,completions,21,27,6,6,no_play_penalty
401752794,2025,1,regular,Ohio,Rutgers,away,raw,net_pass_yards,239,309.0,70.0,70.0,sack_accounting
401752794,2025,1,regular,Ohio,Rutgers,away,raw,rush_attempts,31,39,8,8,sack_accounting
401752794,2025,1,regular,Ohio,Rutgers,away,raw,rush_yards,201,232.0,31.0,31.0,sack_accounting
401752794,2025,1,regular,Ohio,Rutgers,away,raw,third_down_attempts,10,16,6,6,no_play_penalty
401752794,2025,1,regular,Ohio,Rutgers,away,raw,third_down_conversions,5,7,2,2,no_play_penalty
401754373,2025,1,regular,NC State,East Carolina,home,raw,total_plays,70,68,-2,2,sack_accounting
401754373,2025,1,regular,NC State,East Carolina,home,raw,total_yards,423,413.0,-10.0,10.0,sack_accounting
401754373,2025,1,regular,NC State,East Carolina,home,raw,pass_attempts,34,33,-1,1,sack_accounting
401754373,2025,1,regular,NC State,East Carolina,home,raw,rush_attempts,36,35,-1,1,sack_accounting
401754373,2025,1,regular,NC State,East Carolina,home,raw,rush_yards,105,95.0,-10.0,10.0,sack_accounting
401754373,2025,1,regular,East Carolina,NC State,away,raw,total_yards,413,446.0,33.0,33.0,sack_accounting
401754373,2025,1,regular,East Carolina,NC State,away,raw,net_pass_yards,383,416.0,33.0,33.0,sack_accounting
401762789,2025,1,regular,Akron,Wyoming,home,raw,total_plays,66,68,2,2,sack_accounting
401762789,2025,1,regular,Akron,Wyoming,home,raw,total_yards,228,213.0,-15.0,15.0,sack_accounting
401762789,2025,1,regular,Akron,Wyoming,home,raw,pass_attempts,38,39,1,1,sack_accounting
401762789,2025,1,regular,Akron,Wyoming,home,raw,completions,16,17,1,1,accepted_or_declined_penalty
401762789,2025,1,regular,Akron,Wyoming,home,raw,net_pass_yards,139,134.0,-5.0,5.0,sack_accounting
401762789,2025,1,regular,Akron,Wyoming,home,raw,rush_attempts,28,29,1,1,sack_accounting
401762789,2025,1,regular,Akron,Wyoming,home,raw,rush_yards,89,79.0,-10.0,10.0,sack_accounting
401762789,2025,1,regular,Akron,Wyoming,home,raw,third_down_attempts,15,16,1,1,accepted_or_declined_penalty
401762789,2025,1,regular,Wyoming,Akron,away,raw,total_plays,75,77,2,2,sack_accounting
401762789,2025,1,regular,Wyoming,Akron,away,raw,total_yards,426,430.0,4.0,4.0,sack_accounting
401762789,2025,1,regular,Wyoming,Akron,away,raw,pass_attempts,36,37,1,1,sack_accounting
401762789,2025,1,regular,Wyoming,Akron,away,raw,completions,19,20,1,1,accepted_or_declined_penalty
401762789,2025,1,regular,Wyoming,Akron,away,raw,net_pass_yards,260,255.0,-5.0,5.0,sack_accounting
401762789,2025,1,regular,Wyoming,Akron,away,raw,rush_attempts,39,40,1,1,sack_accounting
401762789,2025,1,regular,Wyoming,Akron,away,raw,rush_yards,166,175.0,9.0,9.0,sack_accounting
401762789,2025,1,regular,Wyoming,Akron,away,raw,turnovers,1,0,-1,1,accepted_or_declined_penalty
401762789,2025,1,regular,Wyoming,Akron,away,raw,interceptions,1,0,-1,1,accepted_or_declined_penalty
401756848,2025,1,regular,UCF,Jacksonville State,home,raw,total_plays,69,67,-2,2,duplicate_plays
401756848,2025,1,regular,UCF,Jacksonville State,home,raw,total_yards,424,469.0,45.0,45.0,duplicate_plays
401756848,2025,1,regular,UCF,Jacksonville State,home,raw,net_pass_yards,314,322.0,8.0,8.0,duplicate_plays
401756848,2025,1,regular,UCF,Jacksonville State,home,raw,rush_attempts,36,34,-2,2,duplicate_plays
401756848,2025,1,regular,UCF,Jacksonville State,home,raw,rush_yards,110,147.0,37.0,37.0,duplicate_plays
401756848,2025,1,regular,Jacksonville State,UCF,away,raw,total_plays,69,67,-2,2,duplicate_plays
401756848,2025,1,regular,Jacksonville State,UCF,away,raw,total_yards,322,320.0,-2.0,2.0,duplicate_plays
401756848,2025,1,regular,Jacksonville State,UCF,away,raw,pass_attempts,30,29,-1,1,duplicate_plays
401756848,2025,1,regular,Jacksonville State,UCF,away,raw,rush_attempts,39,38,-1,1,duplicate_plays
401756848,2025,1,regular,Jacksonville State,UCF,away,raw,rush_yards,165,163.0,-2.0,2.0,duplicate_plays
401756848,2025,1,regular,Jacksonville State,UCF,away,raw,turnovers,1,0,-1,1,kneel_accounting
401756848,2025,1,regular,Jacksonville State,UCF,away,raw,interceptions,1,0,-1,1,kneel_accounting
401756848,2025,1,regular,Jacksonville State,UCF,away,raw,fourth_down_attempts,6,5,-1,1,kneel_accounting
401752793,2025,1,regular,Minnesota,Buffalo,home,raw,total_plays,79,77,-2,2,sack_accounting
401752793,2025,1,regular,Minnesota,Buffalo,home,raw,total_yards,443,474.0,31.0,31.0,sack_accounting
401752793,2025,1,regular,Minnesota,Buffalo,home,raw,pass_attempts,35,34,-1,1,sack_accounting
401752793,2025,1,regular,Minnesota,Buffalo,home,raw,completions,19,21,2,2,no_play_penalty
401752793,2025,1,regular,Minnesota,Buffalo,home,raw,net_pass_yards,290,324.0,34.0,34.0,sack_accounting
401752793,2025,1,regular,Minnesota,Buffalo,home,raw,rush_attempts,44,43,-1,1,sack_accounting
401752793,2025,1,regular,Minnesota,Buffalo,home,raw,rush_yards,153,150.0,-3.0,3.0,sack_accounting
401752793,2025,1,regular,Minnesota,Buffalo,home,raw,third_down_conversions,9,12,3,3,no_play_penalty
401752793,2025,1,regular,Buffalo,Minnesota,away,raw,total_plays,44,43,-1,1,duplicate_plays
401752793,2025,1,regular,Buffalo,Minnesota,away,raw,total_yards,151,164.0,13.0,13.0,duplicate_plays
401752793,2025,1,regular,Buffalo,Minnesota,away,raw,net_pass_yards,107,117.0,10.0,10.0,duplicate_plays
401752793,2025,1,regular,Buffalo,Minnesota,away,raw,rush_attempts,24,23,-1,1,duplicate_plays
401752793,2025,1,regular,Buffalo,Minnesota,away,raw,rush_yards,44,47.0,3.0,3.0,duplicate_plays
401752793,2025,1,regular,Buffalo,Minnesota,away,raw,turnovers,1,0,-1,1,no_play_penalty
401752793,2025,1,regular,Buffalo,Minnesota,away,raw,fumbles_lost,1,0,-1,1,no_play_penalty
401752793,2025,1,regular,Buffalo,Minnesota,away,raw,third_down_attempts,11,10,-1,1,no_play_penalty
401752796,2025,1,regular,Cincinnati,Nebraska,home,raw,total_plays,54,55,1,1,fumble_or_safety_swallows_scrimmage_type
401752796,2025,1,regular,Cincinnati,Nebraska,home,raw,total_yards,271,285.0,14.0,14.0,fumble_or_safety_swallows_scrimmage_type
401752796,2025,1,regular,Cincinnati,Nebraska,home,raw,net_pass_yards,69,83.0,14.0,14.0,fumble_or_safety_swallows_scrimmage_type
401752796,2025,1,regular,Cincinnati,Nebraska,home,raw,rush_attempts,29,30,1,1,fumble_or_safety_swallows_scrimmage_type
401752796,2025,1,regular,Cincinnati,Nebraska,home,raw,turnovers,2,0,-2,2,no_play_penalty
401752796,2025,1,regular,Cincinnati,Nebraska,home,raw,interceptions,1,0,-1,1,no_play_penalty
401752796,2025,1,regular,Cincinnati,Nebraska,home,raw,fumbles_lost,1,0,-1,1,no_play_penalty
401752796,2025,1,regular,Nebraska,Cincinnati,away,raw,total_plays,77,75,-2,2,fumble_or_safety_swallows_scrimmage_type
401752796,2025,1,regular,Nebraska,Cincinnati,away,raw,net_pass_yards,243,247.0,4.0,4.0,fumble_or_safety_swallows_scrimmage_type
401752796,2025,1,regular,Nebraska,Cincinnati,away,raw,rush_attempts,35,33,-2,2,fumble_or_safety_swallows_scrimmage_type
401752796,2025,1,regular,Nebraska,Cincinnati,away,raw,rush_yards,113,109.0,-4.0,4.0,fumble_or_safety_swallows_scrimmage_type
401752796,2025,1,regular,Nebraska,Cincinnati,away,raw,third_down_attempts,18,17,-1,1,no_play_penalty
401762791,2025,1,regular,Miami (OH),Wisconsin,away,raw,total_plays,40,38,-2,2,duplicate_plays
401762791,2025,1,regular,Miami (OH),Wisconsin,away,raw,pass_attempts,18,17,-1,1,duplicate_plays
401762791,2025,1,regular,Miami (OH),Wisconsin,away,raw,rush_attempts,22,21,-1,1,duplicate_plays
401762791,2025,1,regular,Miami (OH),Wisconsin,away,raw,turnovers,2,0,-2,2,no_play_penalty
401762791,2025,1,regular,Miami (OH),Wisconsin,away,raw,interceptions,2,0,-2,2,no_play_penalty
401754374,2025,1,regular,Wake Forest,Kennesaw State,home,raw,total_plays,75,73,-2,2,sack_accounting
401754374,2025,1,regular,Wake Forest,Kennesaw State,home,raw,total_yards,348,353.0,5.0,5.0,sack_accounting
401754374,2025,1,regular,Wake Forest,Kennesaw State,home,raw,pass_attempts,28,27,-1,1,sack_accounting
401754374,2025,1,regular,Wake Forest,Kennesaw State,home,raw,completions,20,19,-1,1,kneel_accounting
401754374,2025,1,regular,Wake Forest,Kennesaw State,home,raw,net_pass_yards,218,226.0,8.0,8.0,sack_accounting
401754374,2025,1,regular,Wake Forest,Kennesaw State,home,raw,rush_attempts,47,46,-1,1,sack_accounting
401754374,2025,1,regular,Wake Forest,Kennesaw State,home,raw,rush_yards,130,127.0,-3.0,3.0,sack_accounting
401754374,2025,1,regular,Wake Forest,Kennesaw State,home,raw,third_down_attempts,17,16,-1,1,kneel_accounting
401754374,2025,1,regular,Kennesaw State,Wake Forest,away,raw,total_plays,76,73,-3,3,duplicate_plays
401754374,2025,1,regular,Kennesaw State,Wake Forest,away,raw,total_yards,307,309.0,2.0,2.0,duplicate_plays
401754374,2025,1,regular,Kennesaw State,Wake Forest,away,raw,pass_attempts,33,34,1,1,duplicate_plays
401754374,2025,1,regular,Kennesaw State,Wake Forest,away,raw,rush_attempts,43,39,-4,4,duplicate_plays
401754374,2025,1,regular,Kennesaw State,Wake Forest,away,raw,rush_yards,158,160.0,2.0,2.0,duplicate_plays
401754374,2025,1,regular,Kennesaw State,Wake Forest,away,raw,fourth_down_attempts,2,3,1,1,kneel_accounting
401761589,2025,1,regular,Charlotte,App State,home,raw,total_plays,54,58,4,4,fumble_or_safety_swallows_scrimmage_type
401761589,2025,1,regular,Charlotte,App State,home,raw,total_yards,218,177.0,-41.0,41.0,fumble_or_safety_swallows_scrimmage_type
401761589,2025,1,regular,Charlotte,App State,home,raw,pass_attempts,25,29,4,4,fumble_or_safety_swallows_scrimmage_type
401761589,2025,1,regular,Charlotte,App State,home,raw,completions,13,16,3,3,accepted_or_declined_penalty
401761589,2025,1,regular,Charlotte,App State,home,raw,net_pass_yards,142,96.0,-46.0,46.0,fumble_or_safety_swallows_scrimmage_type
401761589,2025,1,regular,Charlotte,App State,home,raw,rush_yards,76,81.0,5.0,5.0,fumble_or_safety_swallows_scrimmage_type
401761589,2025,1,regular,Charlotte,App State,home,raw,turnovers,2,1,-1,1,accepted_or_declined_penalty
401761589,2025,1,regular,Charlotte,App State,home,raw,fumbles_lost,1,0,-1,1,accepted_or_declined_penalty
401761589,2025,1,regular,Charlotte,App State,home,raw,fourth_down_attempts,2,3,1,1,accepted_or_declined_penalty
401761589,2025,1,regular,Charlotte,App State,home,raw,fourth_down_conversions,2,3,1,1,accepted_or_declined_penalty
401761589,2025,1,regular,App State,Charlotte,away,raw,total_plays,88,89,1,1,duplicate_plays
401761589,2025,1,regular,App State,Charlotte,away,raw,total_yards,586,477.0,-109.0,109.0,duplicate_plays
401761589,2025,1,regular,App State,Charlotte,away,raw,pass_attempts,50,49,-1,1,duplicate_plays
401761589,2025,1,regular,App State,Charlotte,away,raw,completions,33,30,-3,3,duplicate_plays
401761589,2025,1,regular,App State,Charlotte,away,raw,net_pass_yards,404,315.0,-89.0,89.0,duplicate_plays
401761589,2025,1,regular,App State,Charlotte,away,raw,rush_attempts,38,40,2,2,duplicate_plays
401761589,2025,1,regular,App State,Charlotte,away,raw,rush_yards,182,162.0,-20.0,20.0,duplicate_plays
401761589,2025,1,regular,App State,Charlotte,away,raw,third_down_attempts,15,17,2,2,accepted_or_declined_penalty
401761589,2025,1,regular,App State,Charlotte,away,raw,third_down_conversions,7,8,1,1,accepted_or_declined_penalty
401761589,2025,1,regular,App State,Charlotte,away,raw,fourth_down_attempts,2,1,-1,1,accepted_or_declined_penalty
401761589,2025,1,regular,App State,Charlotte,away,raw,fourth_down_conversions,2,1,-1,1,accepted_or_declined_penalty
401752802,2025,1,regular,Michigan State,Western Michigan,home,raw,total_plays,68,67,-1,1,fumble_or_safety_swallows_scrimmage_type
401752802,2025,1,regular,Michigan State,Western Michigan,home,raw,total_yards,336,379.0,43.0,43.0,fumble_or_safety_swallows_scrimmage_type
401752802,2025,1,regular,Michigan State,Western Michigan,home,raw,pass_attempts,24,25,1,1,fumble_or_safety_swallows_scrimmage_type
401752802,2025,1,regular,Michigan State,Western Michigan,home,raw,net_pass_yards,155,171.0,16.0,16.0,fumble_or_safety_swallows_scrimmage_type
401752802,2025,1,regular,Michigan State,Western Michigan,home,raw,rush_attempts,44,42,-2,2,fumble_or_safety_swallows_scrimmage_type
401752802,2025,1,regular,Michigan State,Western Michigan,home,raw,rush_yards,181,208.0,27.0,27.0,fumble_or_safety_swallows_scrimmage_type
401752802,2025,1,regular,Michigan State,Western Michigan,home,raw,turnovers,2,1,-1,1,accepted_or_declined_penalty
401752802,2025,1,regular,Michigan State,Western Michigan,home,raw,fumbles_lost,1,0,-1,1,accepted_or_declined_penalty
401752802,2025,1,regular,Michigan State,Western Michigan,home,raw,third_down_conversions,4,5,1,1,accepted_or_declined_penalty
401752802,2025,1,regular,Western Michigan,Michigan State,away,raw,total_plays,57,56,-1,1,fumble_or_safety_swallows_scrimmage_type
401752802,2025,1,regular,Western Michigan,Michigan State,away,raw,total_yards,217,160.0,-57.0,57.0,fumble_or_safety_swallows_scrimmage_type
401752802,2025,1,regular,Western Michigan,Michigan State,away,raw,pass_attempts,33,34,1,1,fumble_or_safety_swallows_scrimmage_type
401752802,2025,1,regular,Western Michigan,Michigan State,away,raw,net_pass_yards,188,126.0,-62.0,62.0,fumble_or_safety_swallows_scrimmage_type
401752802,2025,1,regular,Western Michigan,Michigan State,away,raw,rush_attempts,24,22,-2,2,fumble_or_safety_swallows_scrimmage_type
401752802,2025,1,regular,Western Michigan,Michigan State,away,raw,rush_yards,29,34.0,5.0,5.0,fumble_or_safety_swallows_scrimmage_type
401752802,2025,1,regular,Western Michigan,Michigan State,away,raw,third_down_attempts,14,13,-1,1,accepted_or_declined_penalty
401754375,2025,1,regular,Colorado,Georgia Tech,home,raw,total_plays,60,59,-1,1,duplicate_plays
401754375,2025,1,regular,Colorado,Georgia Tech,home,raw,total_yards,305,311.0,6.0,6.0,duplicate_plays
401754375,2025,1,regular,Colorado,Georgia Tech,home,raw,net_pass_yards,159,175.0,16.0,16.0,duplicate_plays
401754375,2025,1,regular,Colorado,Georgia Tech,home,raw,rush_attempts,31,30,-1,1,duplicate_plays
401754375,2025,1,regular,Colorado,Georgia Tech,home,raw,rush_yards,146,136.0,-10.0,10.0,duplicate_plays
401754375,2025,1,regular,Georgia Tech,Colorado,away,raw,total_plays,68,65,-3,3,duplicate_plays
401754375,2025,1,regular,Georgia Tech,Colorado,away,raw,total_yards,463,466.0,3.0,3.0,duplicate_plays
401754375,2025,1,regular,Georgia Tech,Colorado,away,raw,pass_attempts,21,20,-1,1,duplicate_plays
401754375,2025,1,regular,Georgia Tech,Colorado,away,raw,net_pass_yards,143,144.0,1.0,1.0,duplicate_plays
401754375,2025,1,regular,Georgia Tech,Colorado,away,raw,rush_attempts,47,45,-2,2,duplicate_plays
401754375,2025,1,regular,Georgia Tech,Colorado,away,raw,rush_yards,320,322.0,2.0,2.0,duplicate_plays
401754375,2025,1,regular,Georgia Tech,Colorado,away,raw,turnovers,3,2,-1,1,no_play_penalty
401754375,2025,1,regular,Georgia Tech,Colorado,away,raw,interceptions,1,0,-1,1,no_play_penalty
401754375,2025,1,regular,Georgia Tech,Colorado,away,raw,third_down_conversions,6,7,1,1,no_play_penalty
401752667,2025,1,regular,Baylor,Auburn,home,raw,total_plays,72,71,-1,1,fumble_or_safety_swallows_scrimmage_type
401752667,2025,1,regular,Baylor,Auburn,home,raw,total_yards,483,482.0,-1.0,1.0,fumble_or_safety_swallows_scrimmage_type
401752667,2025,1,regular,Baylor,Auburn,home,raw,net_pass_yards,419,420.0,1.0,1.0,fumble_or_safety_swallows_scrimmage_type
401752667,2025,1,regular,Baylor,Auburn,home,raw,rush_attempts,24,23,-1,1,fumble_or_safety_swallows_scrimmage_type
401752667,2025,1,regular,Baylor,Auburn,home,raw,rush_yards,64,62.0,-2.0,2.0,fumble_or_safety_swallows_scrimmage_type
401752667,2025,1,regular,Baylor,Auburn,home,raw,third_down_conversions,5,6,1,1,no_play_penalty
401752667,2025,1,regular,Auburn,Baylor,away,raw,total_yards,415,421.0,6.0,6.0,duplicate_plays
401752667,2025,1,regular,Auburn,Baylor,away,raw,net_pass_yards,108,111.0,3.0,3.0,duplicate_plays
401752667,2025,1,regular,Auburn,Baylor,away,raw,rush_yards,307,310.0,3.0,3.0,duplicate_plays
401757224,2025,1,regular,Sam Houston,UNLV,home,raw,total_plays,70,77,7,7,duplicate_plays
401757224,2025,1,regular,Sam Houston,UNLV,home,raw,total_yards,332,193.0,-139.0,139.0,duplicate_plays
401757224,2025,1,regular,Sam Houston,UNLV,home,raw,pass_attempts,35,41,6,6,duplicate_plays
401757224,2025,1,regular,Sam Houston,UNLV,home,raw,completions,19,21,2,2,duplicate_plays
401757224,2025,1,regular,Sam Houston,UNLV,home,raw,net_pass_yards,187,172.0,-15.0,15.0,duplicate_plays
401757224,2025,1,regular,Sam Houston,UNLV,home,raw,rush_attempts,35,36,1,1,duplicate_plays
401757224,2025,1,regular,Sam Houston,UNLV,home,raw,rush_yards,145,21.0,-124.0,124.0,duplicate_plays
401757224,2025,1,regular,Sam Houston,UNLV,home,raw,turnovers,1,2,1,1,accepted_or_declined_penalty
401757224,2025,1,regular,Sam Houston,UNLV,home,raw,interceptions,1,2,1,1,accepted_or_declined_penalty
401757224,2025,1,regular,Sam Houston,UNLV,home,raw,third_down_attempts,12,14,2,2,accepted_or_declined_penalty
401757224,2025,1,regular,Sam Houston,UNLV,home,raw,third_down_conversions,1,3,2,2,accepted_or_declined_penalty
401757224,2025,1,regular,UNLV,Sam Houston,away,raw,points,38,42,4,4,accepted_or_declined_penalty
401757224,2025,1,regular,UNLV,Sam Houston,away,raw,total_plays,56,55,-1,1,fumble_or_safety_swallows_scrimmage_type
401757224,2025,1,regular,UNLV,Sam Houston,away,raw,total_yards,404,392.0,-12.0,12.0,fumble_or_safety_swallows_scrimmage_type
401757224,2025,1,regular,UNLV,Sam Houston,away,raw,completions,19,18,-1,1,accepted_or_declined_penalty
401757224,2025,1,regular,UNLV,Sam Houston,away,raw,net_pass_yards,249,242.0,-7.0,7.0,fumble_or_safety_swallows_scrimmage_type
401757224,2025,1,regular,UNLV,Sam Houston,away,raw,rush_attempts,33,32,-1,1,fumble_or_safety_swallows_scrimmage_type
401757224,2025,1,regular,UNLV,Sam Houston,away,raw,rush_yards,155,150.0,-5.0,5.0,fumble_or_safety_swallows_scrimmage_type
401757224,2025,1,regular,UNLV,Sam Houston,away,raw,third_down_attempts,9,8,-1,1,accepted_or_declined_penalty
401757224,2025,1,regular,UNLV,Sam Houston,away,raw,third_down_conversions,5,4,-1,1,accepted_or_declined_penalty
401760358,2025,1,regular,San José State,Central Michigan,home,raw,pass_attempts,43,45,2,2,fumble_or_safety_swallows_scrimmage_type
401760358,2025,1,regular,San José State,Central Michigan,home,raw,rush_attempts,24,22,-2,2,fumble_or_safety_swallows_scrimmage_type
401760358,2025,1,regular,San José State,Central Michigan,home,raw,turnovers,3,1,-2,2,spike_accounting
401760358,2025,1,regular,San José State,Central Michigan,home,raw,interceptions,2,1,-1,1,spike_accounting
401760358,2025,1,regular,San José State,Central Michigan,home,raw,fumbles_lost,1,0,-1,1,spike_accounting
401760358,2025,1,regular,Central Michigan,San José State,away,raw,total_yards,362,371.0,9.0,9.0,fumble_or_safety_swallows_scrimmage_type
401760358,2025,1,regular,Central Michigan,San José State,away,raw,rush_yards,247,256.0,9.0,9.0,fumble_or_safety_swallows_scrimmage_type
401752677,2025,1,regular,Texas,Ohio State,away,raw,total_plays,67,66,-1,1,duplicate_plays
401752677,2025,1,regular,Texas,Ohio State,away,raw,total_yards,336,337.0,1.0,1.0,duplicate_plays
401752677,2025,1,regular,Texas,Ohio State,away,raw,net_pass_yards,170,176.0,6.0,6.0,duplicate_plays
401752677,2025,1,regular,Texas,Ohio State,away,raw,rush_attempts,37,36,-1,1,duplicate_plays
401752677,2025,1,regular,Texas,Ohio State,away,raw,rush_yards,166,161.0,-5.0,5.0,duplicate_plays
401752677,2025,1,regular,Texas,Ohio State,away,raw,turnovers,1,2,1,1,no_play_penalty
401752677,2025,1,regular,Texas,Ohio State,away,raw,interceptions,1,2,1,1,no_play_penalty
401752677,2025,1,regular,Texas,Ohio State,away,raw,fourth_down_attempts,5,6,1,1,no_play_penalty
401752676,2025,1,regular,Tennessee,Syracuse,home,raw,total_yards,493,478.0,-15.0,15.0,fumble_or_safety_swallows_scrimmage_type
401752676,2025,1,regular,Tennessee,Syracuse,home,raw,rush_yards,246,231.0,-15.0,15.0,fumble_or_safety_swallows_scrimmage_type
401752676,2025,1,regular,Tennessee,Syracuse,home,raw,turnovers,1,0,-1,1,accepted_or_declined_penalty
401752676,2025,1,regular,Tennessee,Syracuse,home,raw,fumbles_lost,1,0,-1,1,accepted_or_declined_penalty
401752676,2025,1,regular,Syracuse,Tennessee,away,raw,total_plays,84,81,-3,3,fumble_or_safety_swallows_scrimmage_type
401752676,2025,1,regular,Syracuse,Tennessee,away,raw,total_yards,377,394.0,17.0,17.0,fumble_or_safety_swallows_scrimmage_type
401752676,2025,1,regular,Syracuse,Tennessee,away,raw,pass_attempts,40,39,-1,1,fumble_or_safety_swallows_scrimmage_type
401752676,2025,1,regular,Syracuse,Tennessee,away,raw,rush_attempts,44,42,-2,2,fumble_or_safety_swallows_scrimmage_type
401752676,2025,1,regular,Syracuse,Tennessee,away,raw,rush_yards,103,120.0,17.0,17.0,fumble_or_safety_swallows_scrimmage_type
401752676,2025,1,regular,Syracuse,Tennessee,away,raw,turnovers,2,1,-1,1,accepted_or_declined_penalty
401752676,2025,1,regular,Syracuse,Tennessee,away,raw,fumbles_lost,1,0,-1,1,accepted_or_declined_penalty
401752673,2025,1,regular,Southern Miss,Mississippi State,home,raw,total_plays,74,72,-2,2,duplicate_plays
401752673,2025,1,regular,Southern Miss,Mississippi State,home,raw,total_yards,301,296.0,-5.0,5.0,duplicate_plays
401752673,2025,1,regular,Southern Miss,Mississippi State,home,raw,pass_attempts,39,37,-2,2,duplicate_plays
401752673,2025,1,regular,Southern Miss,Mississippi State,home,raw,completions,26,24,-2,2,duplicate_plays
401752673,2025,1,regular,Southern Miss,Mississippi State,home,raw,net_pass_yards,199,194.0,-5.0,5.0,duplicate_plays
401752673,2025,1,regular,Southern Miss,Mississippi State,home,raw,third_down_attempts,19,18,-1,1,kneel_accounting
401752673,2025,1,regular,Mississippi State,Southern Miss,away,raw,total_plays,79,74,-5,5,fumble_or_safety_swallows_scrimmage_type
401752673,2025,1,regular,Mississippi State,Southern Miss,away,raw,total_yards,465,456.0,-9.0,9.0,fumble_or_safety_swallows_scrimmage_type
401752673,2025,1,regular,Mississippi State,Southern Miss,away,raw,pass_attempts,37,35,-2,2,fumble_or_safety_swallows_scrimmage_type
401752673,2025,1,regular,Mississippi State,Southern Miss,away,raw,completions,27,26,-1,1,kneel_accounting
401752673,2025,1,regular,Mississippi State,Southern Miss,away,raw,net_pass_yards,277,261.0,-16.0,16.0,fumble_or_safety_swallows_scrimmage_type
401752673,2025,1,regular,Mississippi State,Southern Miss,away,raw,rush_attempts,42,39,-3,3,fumble_or_safety_swallows_scrimmage_type
401752673,2025,1,regular,Mississippi State,Southern Miss,away,raw,rush_yards,188,195.0,7.0,7.0,fumble_or_safety_swallows_scrimmage_type
401752803,2025,1,regular,Northwestern,Tulane,away,raw,total_plays,63,60,-3,3,fumble_or_safety_swallows_scrimmage_type
401752803,2025,1,regular,Northwestern,Tulane,away,raw,total_yards,237,271.0,34.0,34.0,fumble_or_safety_swallows_scrimmage_type
401752803,2025,1,regular,Northwestern,Tulane,away,raw,pass_attempts,36,35,-1,1,fumble_or_safety_swallows_scrimmage_type
401752803,2025,1,regular,Northwestern,Tulane,away,raw,net_pass_yards,161,176.0,15.0,15.0,fumble_or_safety_swallows_scrimmage_type
401752803,2025,1,regular,Northwestern,Tulane,away,raw,rush_attempts,27,25,-2,2,fumble_or_safety_swallows_scrimmage_type
401752803,2025,1,regular,Northwestern,Tulane,away,raw,rush_yards,76,95.0,19.0,19.0,fumble_or_safety_swallows_scrimmage_type
401752803,2025,1,regular,Northwestern,Tulane,away,raw,turnovers,5,2,-3,3,no_play_penalty
401752803,2025,1,regular,Northwestern,Tulane,away,raw,interceptions,4,2,-2,2,no_play_penalty
401752803,2025,1,regular,Northwestern,Tulane,away,raw,fumbles_lost,1,0,-1,1,no_play_penalty
401752803,2025,1,regular,Northwestern,Tulane,away,raw,third_down_attempts,12,11,-1,1,no_play_penalty
401752803,2025,1,regular,Northwestern,Tulane,away,raw,fourth_down_attempts,2,3,1,1,no_play_penalty
401752801,2025,1,regular,Purdue,Ball State,home,raw,total_plays,59,57,-2,2,sack_accounting
401752801,2025,1,regular,Purdue,Ball State,home,raw,total_yards,433,434.0,1.0,1.0,sack_accounting
401752801,2025,1,regular,Purdue,Ball State,home,raw,pass_attempts,29,28,-1,1,sack_accounting
401752801,2025,1,regular,Purdue,Ball State,home,raw,rush_attempts,30,29,-1,1,sack_accounting
401752801,2025,1,regular,Purdue,Ball State,home,raw,rush_yards,93,94.0,1.0,1.0,sack_accounting
401752801,2025,1,regular,Ball State,Purdue,away,raw,total_plays,52,51,-1,1,sack_accounting
401752801,2025,1,regular,Ball State,Purdue,away,raw,total_yards,203,209.0,6.0,6.0,sack_accounting
401752801,2025,1,regular,Ball State,Purdue,away,raw,pass_attempts,16,15,-1,1,sack_accounting
401752801,2025,1,regular,Ball State,Purdue,away,raw,net_pass_yards,87,93.0,6.0,6.0,sack_accounting
401752801,2025,1,regular,Ball State,Purdue,away,raw,third_down_attempts,13,12,-1,1,no_play_penalty
401752797,2025,1,regular,Maryland,Florida Atlantic,home,raw,points,39,41,2,2,no_play_penalty
401752797,2025,1,regular,Maryland,Florida Atlantic,home,raw,total_yards,380,394.0,14.0,14.0,duplicate_plays
401752797,2025,1,regular,Maryland,Florida Atlantic,home,raw,pass_attempts,47,48,1,1,duplicate_plays
401752797,2025,1,regular,Maryland,Florida Atlantic,home,raw,net_pass_yards,268,272.0,4.0,4.0,duplicate_plays
401752797,2025,1,regular,Maryland,Florida Atlantic,home,raw,rush_attempts,30,29,-1,1,duplicate_plays
401752797,2025,1,regular,Maryland,Florida Atlantic,home,raw,rush_yards,112,122.0,10.0,10.0,duplicate_plays
401752797,2025,1,regular,Maryland,Florida Atlantic,home,raw,fourth_down_attempts,2,3,1,1,no_play_penalty
401752797,2025,1,regular,Florida Atlantic,Maryland,away,raw,total_plays,94,88,-6,6,sack_accounting
401752797,2025,1,regular,Florida Atlantic,Maryland,away,raw,total_yards,354,355.0,1.0,1.0,sack_accounting
401752797,2025,1,regular,Florida Atlantic,Maryland,away,raw,pass_attempts,62,57,-5,5,sack_accounting
401752797,2025,1,regular,Florida Atlantic,Maryland,away,raw,completions,36,34,-2,2,no_play_penalty
401752797,2025,1,regular,Florida Atlantic,Maryland,away,raw,net_pass_yards,277,273.0,-4.0,4.0,sack_accounting
401752797,2025,1,regular,Florida Atlantic,Maryland,away,raw,rush_attempts,32,31,-1,1,sack_accounting
401752797,2025,1,regular,Florida Atlantic,Maryland,away,raw,rush_yards,77,82.0,5.0,5.0,sack_accounting
401752797,2025,1,regular,Florida Atlantic,Maryland,away,raw,turnovers,6,4,-2,2,no_play_penalty
401752797,2025,1,regular,Florida Atlantic,Maryland,away,raw,interceptions,6,4,-2,2,no_play_penalty
401752797,2025,1,regular,Florida Atlantic,Maryland,away,raw,third_down_attempts,20,18,-2,2,no_play_penalty
401752670,2025,1,regular,Kentucky,Toledo,home,raw,total_plays,66,62,-4,4,fumble_or_safety_swallows_scrimmage_type
401752670,2025,1,regular,Kentucky,Toledo,home,raw,total_yards,305,292.0,-13.0,13.0,fumble_or_safety_swallows_scrimmage_type
401752670,2025,1,regular,Kentucky,Toledo,home,raw,pass_attempts,23,21,-2,2,fumble_or_safety_swallows_scrimmage_type
401752670,2025,1,regular,Kentucky,Toledo,home,raw,completions,10,9,-1,1,kneel_accounting
401752670,2025,1,regular,Kentucky,Toledo,home,raw,net_pass_yards,85,72.0,-13.0,13.0,fumble_or_safety_swallows_scrimmage_type
401752670,2025,1,regular,Kentucky,Toledo,home,raw,rush_attempts,43,41,-2,2,fumble_or_safety_swallows_scrimmage_type
401752670,2025,1,regular,Kentucky,Toledo,home,raw,turnovers,2,1,-1,1,kneel_accounting
401752670,2025,1,regular,Kentucky,Toledo,home,raw,fumbles_lost,1,0,-1,1,kneel_accounting
401752670,2025,1,regular,Kentucky,Toledo,home,raw,third_down_attempts,15,14,-1,1,kneel_accounting
401752670,2025,1,regular,Toledo,Kentucky,away,raw,total_plays,69,66,-3,3,fumble_or_safety_swallows_scrimmage_type
401752670,2025,1,regular,Toledo,Kentucky,away,raw,total_yards,329,343.0,14.0,14.0,fumble_or_safety_swallows_scrimmage_type
401752670,2025,1,regular,Toledo,Kentucky,away,raw,pass_attempts,40,39,-1,1,fumble_or_safety_swallows_scrimmage_type
401752670,2025,1,regular,Toledo,Kentucky,away,raw,completions,23,22,-1,1,kneel_accounting
401752670,2025,1,regular,Toledo,Kentucky,away,raw,net_pass_yards,270,264.0,-6.0,6.0,fumble_or_safety_swallows_scrimmage_type
401752670,2025,1,regular,Toledo,Kentucky,away,raw,rush_attempts,29,27,-2,2,fumble_or_safety_swallows_scrimmage_type
401752670,2025,1,regular,Toledo,Kentucky,away,raw,rush_yards,59,79.0,20.0,20.0,fumble_or_safety_swallows_scrimmage_type
401752670,2025,1,regular,Toledo,Kentucky,away,raw,third_down_attempts,17,14,-3,3,kneel_accounting
401752670,2025,1,regular,Toledo,Kentucky,away,raw,third_down_conversions,7,6,-1,1,kneel_accounting
401752806,2025,1,regular,Indiana,Old Dominion,home,raw,total_plays,89,88,-1,1,sack_accounting
401752806,2025,1,regular,Indiana,Old Dominion,home,raw,total_yards,502,510.0,8.0,8.0,sack_accounting
401752806,2025,1,regular,Indiana,Old Dominion,home,raw,rush_attempts,57,56,-1,1,sack_accounting
401752806,2025,1,regular,Indiana,Old Dominion,home,raw,rush_yards,309,317.0,8.0,8.0,sack_accounting
401752806,2025,1,regular,Old Dominion,Indiana,away,raw,total_plays,45,43,-2,2,sack_accounting
401752806,2025,1,regular,Old Dominion,Indiana,away,raw,total_yards,314,324.0,10.0,10.0,sack_accounting
401752806,2025,1,regular,Old Dominion,Indiana,away,raw,pass_attempts,22,20,-2,2,sack_accounting
401752806,2025,1,regular,Old Dominion,Indiana,away,raw,net_pass_yards,96,106.0,10.0,10.0,sack_accounting
401752806,2025,1,regular,Old Dominion,Indiana,away,raw,turnovers,3,1,-2,2,no_play_penalty
401752806,2025,1,regular,Old Dominion,Indiana,away,raw,interceptions,3,1,-2,2,no_play_penalty
401752806,2025,1,regular,Old Dominion,Indiana,away,raw,third_down_conversions,4,5,1,1,no_play_penalty
401752669,2025,1,regular,Georgia,Marshall,home,raw,total_plays,76,75,-1,1,kneel_accounting
401752669,2025,1,regular,Georgia,Marshall,home,raw,total_yards,488,477.0,-11.0,11.0,kneel_accounting
401752669,2025,1,regular,Georgia,Marshall,home,raw,completions,19,21,2,2,kneel_accounting
401752669,2025,1,regular,Georgia,Marshall,home,raw,net_pass_yards,249,256.0,7.0,7.0,kneel_accounting
401752669,2025,1,regular,Georgia,Marshall,home,raw,rush_attempts,44,43,-1,1,kneel_accounting
401752669,2025,1,regular,Georgia,Marshall,home,raw,rush_yards,239,221.0,-18.0,18.0,kneel_accounting
401752669,2025,1,regular,Georgia,Marshall,home,raw,third_down_conversions,6,7,1,1,kneel_accounting
401752669,2025,1,regular,Marshall,Georgia,away,raw,total_plays,52,51,-1,1,kneel_accounting
401752669,2025,1,regular,Marshall,Georgia,away,raw,total_yards,207,201.0,-6.0,6.0,kneel_accounting
401752669,2025,1,regular,Marshall,Georgia,away,raw,pass_attempts,21,20,-1,1,kneel_accounting
401752669,2025,1,regular,Marshall,Georgia,away,raw,completions,11,10,-1,1,kneel_accounting
401752669,2025,1,regular,Marshall,Georgia,away,raw,net_pass_yards,129,123.0,-6.0,6.0,kneel_accounting
401752669,2025,1,regular,Marshall,Georgia,away,raw,third_down_attempts,15,14,-1,1,kneel_accounting
401752665,2025,1,regular,Florida State,Alabama,home,raw,total_yards,382,397.0,15.0,15.0,fumble_or_safety_swallows_scrimmage_type
401752665,2025,1,regular,Florida State,Alabama,home,raw,rush_yards,230,245.0,15.0,15.0,fumble_or_safety_swallows_scrimmage_type
401752665,2025,1,regular,Florida State,Alabama,home,raw,turnovers,1,0,-1,1,accepted_or_declined_penalty
401752665,2025,1,regular,Florida State,Alabama,home,raw,fumbles_lost,1,0,-1,1,accepted_or_declined_penalty
401752665,2025,1,regular,Alabama,Florida State,away,raw,total_plays,72,71,-1,1,fumble_or_safety_swallows_scrimmage_type
401752665,2025,1,regular,Alabama,Florida State,away,raw,total_yards,341,343.0,2.0,2.0,fumble_or_safety_swallows_scrimmage_type
401752665,2025,1,regular,Alabama,Florida State,away,raw,rush_attempts,29,28,-1,1,fumble_or_safety_swallows_scrimmage_type
401752665,2025,1,regular,Alabama,Florida State,away,raw,rush_yards,87,89.0,2.0,2.0,fumble_or_safety_swallows_scrimmage_type
401752665,2025,1,regular,Alabama,Florida State,away,raw,third_down_attempts,17,16,-1,1,accepted_or_declined_penalty
401752807,2025,1,regular,Penn State,Nevada,home,raw,total_plays,71,70,-1,1,sack_accounting
401752807,2025,1,regular,Penn State,Nevada,home,raw,total_yards,438,437.0,-1.0,1.0,sack_accounting
401752807,2025,1,regular,Penn State,Nevada,home,raw,net_pass_yards,303,293.0,-10.0,10.0,sack_accounting
401752807,2025,1,regular,Penn State,Nevada,home,raw,rush_attempts,36,35,-1,1,sack_accounting
401752807,2025,1,regular,Penn State,Nevada,home,raw,rush_yards,135,144.0,9.0,9.0,sack_accounting
401752807,2025,1,regular,Penn State,Nevada,home,raw,third_down_attempts,13,12,-1,1,no_play_penalty
401752807,2025,1,regular,Nevada,Penn State,away,raw,total_plays,52,47,-5,5,sack_accounting
401752807,2025,1,regular,Nevada,Penn State,away,raw,total_yards,203,204.0,1.0,1.0,sack_accounting
401752807,2025,1,regular,Nevada,Penn State,away,raw,pass_attempts,21,19,-2,2,sack_accounting
401752807,2025,1,regular,Nevada,Penn State,away,raw,rush_attempts,31,28,-3,3,sack_accounting
401752807,2025,1,regular,Nevada,Penn State,away,raw,rush_yards,78,79.0,1.0,1.0,sack_accounting
401752807,2025,1,regular,Nevada,Penn State,away,raw,turnovers,3,2,-1,1,no_play_penalty
401752807,2025,1,regular,Nevada,Penn State,away,raw,interceptions,1,0,-1,1,no_play_penalty
401752807,2025,1,regular,Nevada,Penn State,away,raw,third_down_attempts,11,9,-2,2,no_play_penalty
401762456,2025,1,regular,Massachusetts,Temple,home,raw,total_plays,62,60,-2,2,sack_accounting
401762456,2025,1,regular,Massachusetts,Temple,home,raw,total_yards,302,299.0,-3.0,3.0,sack_accounting
401762456,2025,1,regular,Massachusetts,Temple,home,raw,pass_attempts,40,39,-1,1,sack_accounting
401762456,2025,1,regular,Massachusetts,Temple,home,raw,completions,25,24,-1,1,kneel_accounting
401762456,2025,1,regular,Massachusetts,Temple,home,raw,net_pass_yards,199,206.0,7.0,7.0,sack_accounting
401762456,2025,1,regular,Massachusetts,Temple,home,raw,rush_attempts,22,21,-1,1,sack_accounting
401762456,2025,1,regular,Massachusetts,Temple,home,raw,rush_yards,103,93.0,-10.0,10.0,sack_accounting
401762456,2025,1,regular,Massachusetts,Temple,home,raw,turnovers,2,1,-1,1,kneel_accounting
401762456,2025,1,regular,Massachusetts,Temple,home,raw,interceptions,1,0,-1,1,kneel_accounting
401762456,2025,1,regular,Temple,Massachusetts,away,raw,total_plays,66,65,-1,1,sack_accounting
401762456,2025,1,regular,Temple,Massachusetts,away,raw,rush_attempts,37,36,-1,1,sack_accounting
401754616,2025,1,regular,Virginia,Coastal Carolina,home,raw,total_plays,78,77,-1,1,sack_accounting
401754616,2025,1,regular,Virginia,Coastal Carolina,home,raw,total_yards,467,470.0,3.0,3.0,sack_accounting
401754616,2025,1,regular,Virginia,Coastal Carolina,home,raw,pass_attempts,36,35,-1,1,sack_accounting
401754616,2025,1,regular,Virginia,Coastal Carolina,home,raw,completions,22,21,-1,1,no_play_penalty
401754616,2025,1,regular,Virginia,Coastal Carolina,home,raw,net_pass_yards,290,293.0,3.0,3.0,sack_accounting
401754616,2025,1,regular,Virginia,Coastal Carolina,home,raw,fourth_down_attempts,3,2,-1,1,no_play_penalty
401754616,2025,1,regular,Coastal Carolina,Virginia,away,raw,total_plays,66,62,-4,4,sack_accounting
401754616,2025,1,regular,Coastal Carolina,Virginia,away,raw,total_yards,261,260.0,-1.0,1.0,sack_accounting
401754616,2025,1,regular,Coastal Carolina,Virginia,away,raw,pass_attempts,37,35,-2,2,sack_accounting
401754616,2025,1,regular,Coastal Carolina,Virginia,away,raw,completions,20,19,-1,1,no_play_penalty
401754616,2025,1,regular,Coastal Carolina,Virginia,away,raw,net_pass_yards,163,161.0,-2.0,2.0,sack_accounting
401754616,2025,1,regular,Coastal Carolina,Virginia,away,raw,rush_attempts,29,27,-2,2,sack_accounting
401754616,2025,1,regular,Coastal Carolina,Virginia,away,raw,rush_yards,98,99.0,1.0,1.0,sack_accounting
401754616,2025,1,regular,Coastal Carolina,Virginia,away,raw,turnovers,2,1,-1,1,no_play_penalty
401754616,2025,1,regular,Coastal Carolina,Virginia,away,raw,interceptions,1,0,-1,1,no_play_penalty
401754616,2025,1,regular,Coastal Carolina,Virginia,away,raw,third_down_attempts,14,12,-2,2,no_play_penalty
401752678,2025,1,regular,Texas A&M,UTSA,home,raw,total_yards,399,389.0,-10.0,10.0,sack_accounting
401752678,2025,1,regular,Texas A&M,UTSA,home,raw,net_pass_yards,291,281.0,-10.0,10.0,sack_accounting
401752678,2025,1,regular,UTSA,Texas A&M,away,raw,points,24,25,1,1,no_play_penalty
401752678,2025,1,regular,UTSA,Texas A&M,away,raw,total_plays,67,63,-4,4,sack_accounting
401752678,2025,1,regular,UTSA,Texas A&M,away,raw,total_yards,373,358.0,-15.0,15.0,sack_accounting
401752678,2025,1,regular,UTSA,Texas A&M,away,raw,pass_attempts,34,32,-2,2,sack_accounting
401752678,2025,1,regular,UTSA,Texas A&M,away,raw,completions,21,19,-2,2,no_play_penalty
401752678,2025,1,regular,UTSA,Texas A&M,away,raw,net_pass_yards,170,152.0,-18.0,18.0,sack_accounting
401752678,2025,1,regular,UTSA,Texas A&M,away,raw,rush_attempts,33,31,-2,2,sack_accounting
401752678,2025,1,regular,UTSA,Texas A&M,away,raw,rush_yards,203,206.0,3.0,3.0,sack_accounting
401752678,2025,1,regular,UTSA,Texas A&M,away,raw,third_down_attempts,16,15,-1,1,no_play_penalty
401757225,2025,1,regular,Utah State,UTEP,home,raw,total_plays,59,64,5,5,sack_accounting
401757225,2025,1,regular,Utah State,UTEP,home,raw,total_yards,362,355.0,-7.0,7.0,sack_accounting
401757225,2025,1,regular,Utah State,UTEP,home,raw,pass_attempts,28,30,2,2,sack_accounting
401757225,2025,1,regular,Utah State,UTEP,home,raw,completions,19,20,1,1,accepted_or_declined_penalty
401757225,2025,1,regular,Utah State,UTEP,home,raw,net_pass_yards,233,238.0,5.0,5.0,sack_accounting
401757225,2025,1,regular,Utah State,UTEP,home,raw,rush_attempts,31,34,3,3,sack_accounting
401757225,2025,1,regular,Utah State,UTEP,home,raw,rush_yards,129,117.0,-12.0,12.0,sack_accounting
401757225,2025,1,regular,UTEP,Utah State,away,raw,total_plays,71,76,5,5,sack_accounting
401757225,2025,1,regular,UTEP,Utah State,away,raw,total_yards,284,230.0,-54.0,54.0,sack_accounting
401757225,2025,1,regular,UTEP,Utah State,away,raw,pass_attempts,36,40,4,4,sack_accounting
401757225,2025,1,regular,UTEP,Utah State,away,raw,completions,23,24,1,1,accepted_or_declined_penalty
401757225,2025,1,regular,UTEP,Utah State,away,raw,net_pass_yards,181,142.0,-39.0,39.0,sack_accounting
401757225,2025,1,regular,UTEP,Utah State,away,raw,rush_attempts,35,36,1,1,sack_accounting
401757225,2025,1,regular,UTEP,Utah State,away,raw,rush_yards,103,88.0,-15.0,15.0,sack_accounting
401757225,2025,1,regular,UTEP,Utah State,away,raw,third_down_attempts,15,17,2,2,accepted_or_declined_penalty
401757225,2025,1,regular,UTEP,Utah State,away,raw,third_down_conversions,4,5,1,1,accepted_or_declined_penalty
401752671,2025,1,regular,Clemson,LSU,home,raw,total_plays,58,57,-1,1,fumble_or_safety_swallows_scrimmage_type
401752671,2025,1,regular,Clemson,LSU,home,raw,pass_attempts,38,37,-1,1,fumble_or_safety_swallows_scrimmage_type
401752671,2025,1,regular,LSU,Clemson,away,raw,total_plays,70,69,-1,1,fumble_or_safety_swallows_scrimmage_type
401752671,2025,1,regular,LSU,Clemson,away,raw,total_yards,354,361.0,7.0,7.0,fumble_or_safety_swallows_scrimmage_type
401752671,2025,1,regular,LSU,Clemson,away,raw,pass_attempts,39,38,-1,1,fumble_or_safety_swallows_scrimmage_type
401752671,2025,1,regular,LSU,Clemson,away,raw,completions,29,28,-1,1,no_play_penalty
401752671,2025,1,regular,LSU,Clemson,away,raw,net_pass_yards,248,253.0,5.0,5.0,fumble_or_safety_swallows_scrimmage_type
401752671,2025,1,regular,LSU,Clemson,away,raw,turnovers,2,1,-1,1,no_play_penalty
401752671,2025,1,regular,LSU,Clemson,away,raw,fumbles_lost,2,1,-1,1,no_play_penalty
401752808,2025,1,regular,Michigan,New Mexico,home,raw,total_plays,63,62,-1,1,sack_accounting
401752808,2025,1,regular,Michigan,New Mexico,home,raw,total_yards,452,453.0,1.0,1.0,sack_accounting
401752808,2025,1,regular,Michigan,New Mexico,home,raw,net_pass_yards,251,255.0,4.0,4.0,sack_accounting
401752808,2025,1,regular,Michigan,New Mexico,home,raw,rush_attempts,32,31,-1,1,sack_accounting
401752808,2025,1,regular,Michigan,New Mexico,home,raw,rush_yards,201,198.0,-3.0,3.0,sack_accounting
401752808,2025,1,regular,Michigan,New Mexico,home,raw,turnovers,1,0,-1,1,no_play_penalty
401752808,2025,1,regular,Michigan,New Mexico,home,raw,fumbles_lost,1,0,-1,1,no_play_penalty
401752808,2025,1,regular,New Mexico,Michigan,away,raw,total_plays,76,75,-1,1,sack_accounting
401752808,2025,1,regular,New Mexico,Michigan,away,raw,total_yards,267,271.0,4.0,4.0,sack_accounting
401752808,2025,1,regular,New Mexico,Michigan,away,raw,pass_attempts,48,47,-1,1,sack_accounting
401752808,2025,1,regular,New Mexico,Michigan,away,raw,net_pass_yards,217,221.0,4.0,4.0,sack_accounting
401752808,2025,1,regular,New Mexico,Michigan,away,raw,turnovers,3,2,-1,1,no_play_penalty
401752808,2025,1,regular,New Mexico,Michigan,away,raw,interceptions,3,2,-1,1,no_play_penalty
401752798,2025,1,regular,USC,Missouri State,home,raw,total_plays,57,56,-1,1,fumble_or_safety_swallows_scrimmage_type
401752798,2025,1,regular,USC,Missouri State,home,raw,total_yards,597,641.0,44.0,44.0,fumble_or_safety_swallows_scrimmage_type
401752798,2025,1,regular,USC,Missouri State,home,raw,net_pass_yards,364,388.0,24.0,24.0,fumble_or_safety_swallows_scrimmage_type
401752798,2025,1,regular,USC,Missouri State,home,raw,rush_attempts,30,29,-1,1,fumble_or_safety_swallows_scrimmage_type
401752798,2025,1,regular,USC,Missouri State,home,raw,rush_yards,233,253.0,20.0,20.0,fumble_or_safety_swallows_scrimmage_type
401752798,2025,1,regular,USC,Missouri State,home,raw,turnovers,1,0,-1,1,no_play_penalty
401752798,2025,1,regular,USC,Missouri State,home,raw,fumbles_lost,1,0,-1,1,no_play_penalty
401752798,2025,1,regular,Missouri State,USC,away,raw,total_plays,57,52,-5,5,fumble_or_safety_swallows_scrimmage_type
401752798,2025,1,regular,Missouri State,USC,away,raw,total_yards,224,241.0,17.0,17.0,fumble_or_safety_swallows_scrimmage_type
401752798,2025,1,regular,Missouri State,USC,away,raw,pass_attempts,28,25,-3,3,fumble_or_safety_swallows_scrimmage_type
401752798,2025,1,regular,Missouri State,USC,away,raw,completions,20,19,-1,1,no_play_penalty
401752798,2025,1,regular,Missouri State,USC,away,raw,net_pass_yards,159,171.0,12.0,12.0,fumble_or_safety_swallows_scrimmage_type
401752798,2025,1,regular,Missouri State,USC,away,raw,rush_attempts,29,27,-2,2,fumble_or_safety_swallows_scrimmage_type
401752798,2025,1,regular,Missouri State,USC,away,raw,rush_yards,65,70.0,5.0,5.0,fumble_or_safety_swallows_scrimmage_type
401752798,2025,1,regular,Missouri State,USC,away,raw,turnovers,3,0,-3,3,no_play_penalty
401752798,2025,1,regular,Missouri State,USC,away,raw,interceptions,2,0,-2,2,no_play_penalty
401752798,2025,1,regular,Missouri State,USC,away,raw,fumbles_lost,1,0,-1,1,no_play_penalty
401752798,2025,1,regular,Missouri State,USC,away,raw,third_down_attempts,14,13,-1,1,no_play_penalty
401752672,2025,1,regular,Ole Miss,Georgia State,home,raw,total_plays,81,79,-2,2,sack_accounting
401752672,2025,1,regular,Ole Miss,Georgia State,home,raw,total_yards,695,699.0,4.0,4.0,sack_accounting
401752672,2025,1,regular,Ole Miss,Georgia State,home,raw,pass_attempts,37,36,-1,1,sack_accounting
401752672,2025,1,regular,Ole Miss,Georgia State,home,raw,rush_attempts,44,43,-1,1,sack_accounting
401752672,2025,1,regular,Ole Miss,Georgia State,home,raw,rush_yards,295,299.0,4.0,4.0,sack_accounting
401752672,2025,1,regular,Ole Miss,Georgia State,home,raw,turnovers,2,0,-2,2,no_play_penalty
401752672,2025,1,regular,Ole Miss,Georgia State,home,raw,interceptions,2,0,-2,2,no_play_penalty
401752672,2025,1,regular,Ole Miss,Georgia State,home,raw,third_down_attempts,13,12,-1,1,no_play_penalty
401752672,2025,1,regular,Georgia State,Ole Miss,away,raw,total_plays,60,57,-3,3,sack_accounting
401752672,2025,1,regular,Georgia State,Ole Miss,away,raw,total_yards,260,269.0,9.0,9.0,sack_accounting
401752672,2025,1,regular,Georgia State,Ole Miss,away,raw,pass_attempts,25,22,-3,3,sack_accounting
401752672,2025,1,regular,Georgia State,Ole Miss,away,raw,completions,12,11,-1,1,no_play_penalty
401752672,2025,1,regular,Georgia State,Ole Miss,away,raw,net_pass_yards,69,78.0,9.0,9.0,sack_accounting
401752672,2025,1,regular,Georgia State,Ole Miss,away,raw,turnovers,1,0,-1,1,no_play_penalty
401752672,2025,1,regular,Georgia State,Ole Miss,away,raw,interceptions,1,0,-1,1,no_play_penalty
401752672,2025,1,regular,Georgia State,Ole Miss,away,raw,third_down_attempts,15,14,-1,1,no_play_penalty
401761592,2025,1,regular,Louisiana,Rice,home,raw,total_plays,59,57,-2,2,fumble_or_safety_swallows_scrimmage_type
401761592,2025,1,regular,Louisiana,Rice,home,raw,total_yards,239,258.0,19.0,19.0,fumble_or_safety_swallows_scrimmage_type
401761592,2025,1,regular,Louisiana,Rice,home,raw,rush_attempts,31,29,-2,2,fumble_or_safety_swallows_scrimmage_type
401761592,2025,1,regular,Louisiana,Rice,home,raw,rush_yards,151,170.0,19.0,19.0,fumble_or_safety_swallows_scrimmage_type
401761592,2025,1,regular,Louisiana,Rice,home,raw,turnovers,2,1,-1,1,kneel_accounting
401761592,2025,1,regular,Louisiana,Rice,home,raw,fumbles_lost,1,0,-1,1,kneel_accounting
401761592,2025,1,regular,Louisiana,Rice,home,raw,third_down_attempts,15,14,-1,1,kneel_accounting
401761592,2025,1,regular,Rice,Louisiana,away,raw,total_plays,64,62,-2,2,fumble_or_safety_swallows_scrimmage_type
401761592,2025,1,regular,Rice,Louisiana,away,raw,total_yards,251,259.0,8.0,8.0,fumble_or_safety_swallows_scrimmage_type
401761592,2025,1,regular,Rice,Louisiana,away,raw,net_pass_yards,45,57.0,12.0,12.0,fumble_or_safety_swallows_scrimmage_type
401761592,2025,1,regular,Rice,Louisiana,away,raw,rush_attempts,55,53,-2,2,fumble_or_safety_swallows_scrimmage_type
401761592,2025,1,regular,Rice,Louisiana,away,raw,rush_yards,206,202.0,-4.0,4.0,fumble_or_safety_swallows_scrimmage_type
401761594,2025,1,regular,Texas State,Eastern Michigan,home,raw,total_plays,66,65,-1,1,fumble_or_safety_swallows_scrimmage_type
401761594,2025,1,regular,Texas State,Eastern Michigan,home,raw,total_yards,606,615.0,9.0,9.0,fumble_or_safety_swallows_scrimmage_type
401761594,2025,1,regular,Texas State,Eastern Michigan,home,raw,rush_attempts,39,38,-1,1,fumble_or_safety_swallows_scrimmage_type
401761594,2025,1,regular,Texas State,Eastern Michigan,home,raw,rush_yards,392,401.0,9.0,9.0,fumble_or_safety_swallows_scrimmage_type
401761594,2025,1,regular,Eastern Michigan,Texas State,away,raw,total_plays,67,65,-2,2,fumble_or_safety_swallows_scrimmage_type
401761594,2025,1,regular,Eastern Michigan,Texas State,away,raw,total_yards,391,409.0,18.0,18.0,fumble_or_safety_swallows_scrimmage_type
401761594,2025,1,regular,Eastern Michigan,Texas State,away,raw,pass_attempts,34,33,-1,1,fumble_or_safety_swallows_scrimmage_type
401761594,2025,1,regular,Eastern Michigan,Texas State,away,raw,rush_attempts,33,32,-1,1,fumble_or_safety_swallows_scrimmage_type
401761594,2025,1,regular,Eastern Michigan,Texas State,away,raw,rush_yards,143,161.0,18.0,18.0,fumble_or_safety_swallows_scrimmage_type
401761594,2025,1,regular,Eastern Michigan,Texas State,away,raw,third_down_attempts,15,14,-1,1,no_play_penalty
401760361,2025,1,regular,Fresno State,Georgia Southern,home,raw,total_yards,527,560.0,33.0,33.0,no_play_penalty
401760361,2025,1,regular,Fresno State,Georgia Southern,home,raw,net_pass_yards,176,192.0,16.0,16.0,no_play_penalty
401760361,2025,1,regular,Fresno State,Georgia Southern,home,raw,rush_yards,351,368.0,17.0,17.0,no_play_penalty
401760361,2025,1,regular,Georgia Southern,Fresno State,away,raw,total_plays,49,48,-1,1,no_play_penalty
401760361,2025,1,regular,Georgia Southern,Fresno State,away,raw,total_yards,242,247.0,5.0,5.0,no_play_penalty
401760361,2025,1,regular,Georgia Southern,Fresno State,away,raw,pass_attempts,28,27,-1,1,no_play_penalty
401760361,2025,1,regular,Georgia Southern,Fresno State,away,raw,completions,17,16,-1,1,no_play_penalty
401760361,2025,1,regular,Georgia Southern,Fresno State,away,raw,net_pass_yards,158,163.0,5.0,5.0,no_play_penalty
401756849,2025,1,regular,Arizona,Hawai'i,home,raw,total_plays,55,51,-4,4,fumble_or_safety_swallows_scrimmage_type
401756849,2025,1,regular,Arizona,Hawai'i,home,raw,total_yards,346,363.0,17.0,17.0,fumble_or_safety_swallows_scrimmage_type
401756849,2025,1,regular,Arizona,Hawai'i,home,raw,pass_attempts,23,22,-1,1,fumble_or_safety_swallows_scrimmage_type
401756849,2025,1,regular,Arizona,Hawai'i,home,raw,completions,13,12,-1,1,no_play_penalty
401756849,2025,1,regular,Arizona,Hawai'i,home,raw,net_pass_yards,161,165.0,4.0,4.0,fumble_or_safety_swallows_scrimmage_type
401756849,2025,1,regular,Arizona,Hawai'i,home,raw,rush_attempts,32,29,-3,3,fumble_or_safety_swallows_scrimmage_type
401756849,2025,1,regular,Arizona,Hawai'i,home,raw,rush_yards,185,198.0,13.0,13.0,fumble_or_safety_swallows_scrimmage_type
401756849,2025,1,regular,Arizona,Hawai'i,home,raw,third_down_attempts,11,10,-1,1,no_play_penalty
401756849,2025,1,regular,Hawai'i,Arizona,away,raw,total_plays,75,70,-5,5,duplicate_plays
401756849,2025,1,regular,Hawai'i,Arizona,away,raw,total_yards,293,299.0,6.0,6.0,duplicate_plays
401756849,2025,1,regular,Hawai'i,Arizona,away,raw,pass_attempts,47,43,-4,4,duplicate_plays
401756849,2025,1,regular,Hawai'i,Arizona,away,raw,rush_attempts,28,27,-1,1,duplicate_plays
401756849,2025,1,regular,Hawai'i,Arizona,away,raw,rush_yards,70,76.0,6.0,6.0,duplicate_plays
401756849,2025,1,regular,Hawai'i,Arizona,away,raw,turnovers,5,1,-4,4,no_play_penalty
401756849,2025,1,regular,Hawai'i,Arizona,away,raw,interceptions,3,1,-2,2,no_play_penalty
401756849,2025,1,regular,Hawai'i,Arizona,away,raw,fumbles_lost,2,0,-2,2,no_play_penalty
401756849,2025,1,regular,Hawai'i,Arizona,away,raw,third_down_attempts,14,12,-2,2,no_play_penalty
401752936,2025,1,regular,Oregon State,California,home,raw,total_plays,61,58,-3,3,fumble_or_safety_swallows_scrimmage_type
401752936,2025,1,regular,Oregon State,California,home,raw,total_yards,313,321.0,8.0,8.0,fumble_or_safety_swallows_scrimmage_type
401752936,2025,1,regular,Oregon State,California,home,raw,pass_attempts,34,32,-2,2,fumble_or_safety_swallows_scrimmage_type
401752936,2025,1,regular,Oregon State,California,home,raw,completions,22,21,-1,1,no_play_penalty
401752936,2025,1,regular,Oregon State,California,home,raw,net_pass_yards,248,251.0,3.0,3.0,fumble_or_safety_swallows_scrimmage_type
401752936,2025,1,regular,Oregon State,California,home,raw,rush_attempts,27,26,-1,1,fumble_or_safety_swallows_scrimmage_type
401752936,2025,1,regular,Oregon State,California,home,raw,rush_yards,65,70.0,5.0,5.0,fumble_or_safety_swallows_scrimmage_type
401752936,2025,1,regular,California,Oregon State,away,raw,total_plays,62,60,-2,2,fumble_or_safety_swallows_scrimmage_type
401752936,2025,1,regular,California,Oregon State,away,raw,total_yards,356,364.0,8.0,8.0,fumble_or_safety_swallows_scrimmage_type
401752936,2025,1,regular,California,Oregon State,away,raw,net_pass_yards,234,235.0,1.0,1.0,fumble_or_safety_swallows_scrimmage_type
401752936,2025,1,regular,California,Oregon State,away,raw,rush_attempts,32,30,-2,2,fumble_or_safety_swallows_scrimmage_type
401752936,2025,1,regular,California,Oregon State,away,raw,rush_yards,122,129.0,7.0,7.0,fumble_or_safety_swallows_scrimmage_type
401752800,2025,1,regular,UCLA,Utah,home,raw,total_plays,50,51,1,1,sack_accounting
401752800,2025,1,regular,UCLA,Utah,home,raw,total_yards,220,210.0,-10.0,10.0,sack_accounting
401752800,2025,1,regular,UCLA,Utah,home,raw,pass_attempts,22,23,1,1,sack_accounting
401752800,2025,1,regular,UCLA,Utah,home,raw,net_pass_yards,136,126.0,-10.0,10.0,sack_accounting
401752800,2025,1,regular,Utah,UCLA,away,raw,total_plays,80,82,2,2,sack_accounting
401752800,2025,1,regular,Utah,UCLA,away,raw,total_yards,492,427.0,-65.0,65.0,sack_accounting
401752800,2025,1,regular,Utah,UCLA,away,raw,pass_attempts,26,27,1,1,sack_accounting
401752800,2025,1,regular,Utah,UCLA,away,raw,completions,21,22,1,1,accepted_or_declined_penalty
401752800,2025,1,regular,Utah,UCLA,away,raw,net_pass_yards,206,221.0,15.0,15.0,sack_accounting
401752800,2025,1,regular,Utah,UCLA,away,raw,rush_attempts,54,55,1,1,sack_accounting
401752800,2025,1,regular,Utah,UCLA,away,raw,rush_yards,286,206.0,-80.0,80.0,sack_accounting
401752800,2025,1,regular,Utah,UCLA,away,raw,third_down_attempts,16,17,1,1,accepted_or_declined_penalty
401752805,2025,1,regular,Washington,Colorado State,home,raw,total_plays,75,74,-1,1,sack_accounting
401752805,2025,1,regular,Washington,Colorado State,home,raw,total_yards,509,512.0,3.0,3.0,sack_accounting
401752805,2025,1,regular,Washington,Colorado State,home,raw,rush_attempts,51,50,-1,1,sack_accounting
401752805,2025,1,regular,Washington,Colorado State,home,raw,rush_yards,283,286.0,3.0,3.0,sack_accounting
401752805,2025,1,regular,Washington,Colorado State,home,raw,third_down_attempts,14,13,-1,1,no_play_penalty
401752805,2025,1,regular,Colorado State,Washington,away,raw,total_yards,265,273.0,8.0,8.0,sack_accounting
401752805,2025,1,regular,Colorado State,Washington,away,raw,net_pass_yards,180,186.0,6.0,6.0,sack_accounting
401752805,2025,1,regular,Colorado State,Washington,away,raw,rush_yards,85,87.0,2.0,2.0,sack_accounting
401752680,2025,1,regular,South Carolina,Virginia Tech,home,raw,total_plays,53,54,1,1,fumble_or_safety_swallows_scrimmage_type
401752680,2025,1,regular,South Carolina,Virginia Tech,home,raw,total_yards,334,333.0,-1.0,1.0,fumble_or_safety_swallows_scrimmage_type
401752680,2025,1,regular,South Carolina,Virginia Tech,home,raw,rush_attempts,34,35,1,1,fumble_or_safety_swallows_scrimmage_type
401752680,2025,1,regular,South Carolina,Virginia Tech,home,raw,rush_yards,125,124.0,-1.0,1.0,fumble_or_safety_swallows_scrimmage_type
401752680,2025,1,regular,Virginia Tech,South Carolina,away,raw,total_plays,72,70,-2,2,fumble_or_safety_swallows_scrimmage_type
401752680,2025,1,regular,Virginia Tech,South Carolina,away,raw,total_yards,336,348.0,12.0,12.0,fumble_or_safety_swallows_scrimmage_type
401752680,2025,1,regular,Virginia Tech,South Carolina,away,raw,pass_attempts,35,33,-2,2,fumble_or_safety_swallows_scrimmage_type
401752680,2025,1,regular,Virginia Tech,South Carolina,away,raw,net_pass_yards,221,234.0,13.0,13.0,fumble_or_safety_swallows_scrimmage_type
401752680,2025,1,regular,Virginia Tech,South Carolina,away,raw,rush_yards,115,114.0,-1.0,1.0,fumble_or_safety_swallows_scrimmage_type
401752680,2025,1,regular,Virginia Tech,South Carolina,away,raw,third_down_attempts,18,17,-1,1,accepted_or_declined_penalty
401752680,2025,1,regular,Virginia Tech,South Carolina,away,raw,third_down_conversions,8,6,-2,2,accepted_or_declined_penalty
401752680,2025,1,regular,Virginia Tech,South Carolina,away,raw,fourth_down_conversions,0,1,1,1,accepted_or_declined_penalty
401754522,2025,1,regular,Miami,Notre Dame,home,raw,total_plays,68,67,-1,1,fumble_or_safety_swallows_scrimmage_type
401754522,2025,1,regular,Miami,Notre Dame,home,raw,total_yards,332,334.0,2.0,2.0,fumble_or_safety_swallows_scrimmage_type
401754522,2025,1,regular,Miami,Notre Dame,home,raw,pass_attempts,31,30,-1,1,fumble_or_safety_swallows_scrimmage_type
401754522,2025,1,regular,Miami,Notre Dame,home,raw,rush_yards,127,129.0,2.0,2.0,fumble_or_safety_swallows_scrimmage_type
401754522,2025,1,regular,Miami,Notre Dame,home,raw,fourth_down_attempts,2,1,-1,1,accepted_or_declined_penalty
401754522,2025,1,regular,Notre Dame,Miami,away,raw,total_plays,57,55,-2,2,fumble_or_safety_swallows_scrimmage_type
401754522,2025,1,regular,Notre Dame,Miami,away,raw,total_yards,315,316.0,1.0,1.0,fumble_or_safety_swallows_scrimmage_type
401754522,2025,1,regular,Notre Dame,Miami,away,raw,pass_attempts,30,28,-2,2,fumble_or_safety_swallows_scrimmage_type
401754522,2025,1,regular,Notre Dame,Miami,away,raw,completions,19,18,-1,1,accepted_or_declined_penalty
401754522,2025,1,regular,Notre Dame,Miami,away,raw,net_pass_yards,221,219.0,-2.0,2.0,fumble_or_safety_swallows_scrimmage_type
401754522,2025,1,regular,Notre Dame,Miami,away,raw,rush_yards,94,97.0,3.0,3.0,fumble_or_safety_swallows_scrimmage_type
401754522,2025,1,regular,Notre Dame,Miami,away,raw,turnovers,2,1,-1,1,accepted_or_declined_penalty
401754522,2025,1,regular,Notre Dame,Miami,away,raw,fumbles_lost,1,0,-1,1,accepted_or_declined_penalty
401754523,2025,1,regular,North Carolina,TCU,home,raw,total_plays,49,47,-2,2,sack_accounting
401754523,2025,1,regular,North Carolina,TCU,home,raw,total_yards,222,264.0,42.0,42.0,sack_accounting
401754523,2025,1,regular,North Carolina,TCU,home,raw,pass_attempts,21,20,-1,1,sack_accounting
401754523,2025,1,regular,North Carolina,TCU,home,raw,rush_attempts,28,27,-1,1,sack_accounting
401754523,2025,1,regular,North Carolina,TCU,home,raw,rush_yards,50,92.0,42.0,42.0,sack_accounting
401754523,2025,1,regular,North Carolina,TCU,home,raw,turnovers,3,2,-1,1,no_play_penalty
401754523,2025,1,regular,North Carolina,TCU,home,raw,fumbles_lost,2,1,-1,1,no_play_penalty
401754523,2025,1,regular,North Carolina,TCU,home,raw,third_down_attempts,10,9,-1,1,no_play_penalty
401754523,2025,1,regular,North Carolina,TCU,home,raw,third_down_conversions,1,2,1,1,no_play_penalty
401754523,2025,1,regular,TCU,North Carolina,away,raw,total_plays,72,71,-1,1,sack_accounting
401754523,2025,1,regular,TCU,North Carolina,away,raw,pass_attempts,37,36,-1,1,sack_accounting
401754523,2025,1,regular,TCU,North Carolina,away,raw,third_down_attempts,12,11,-1,1,no_play_penalty
401754528,2025,2,regular,Louisville,James Madison,home,raw,total_yards,264,279.0,15.0,15.0,sack_accounting
401754528,2025,2,regular,Louisville,James Madison,home,raw,net_pass_yards,151,166.0,15.0,15.0,sack_accounting
401754528,2025,2,regular,Louisville,James Madison,home,raw,turnovers,1,0,-1,1,no_play_penalty
401754528,2025,2,regular,Louisville,James Madison,home,raw,fumbles_lost,1,0,-1,1,no_play_penalty
401754528,2025,2,regular,James Madison,Louisville,away,raw,total_plays,78,77,-1,1,sack_accounting
401754528,2025,2,regular,James Madison,Louisville,away,raw,total_yards,263,271.0,8.0,8.0,sack_accounting
401754528,2025,2,regular,James Madison,Louisville,away,raw,pass_attempts,31,30,-1,1,sack_accounting
401754528,2025,2,regular,James Madison,Louisville,away,raw,rush_yards,126,134.0,8.0,8.0,sack_accounting
401754528,2025,2,regular,James Madison,Louisville,away,raw,turnovers,2,1,-1,1,no_play_penalty
401754528,2025,2,regular,James Madison,Louisville,away,raw,fumbles_lost,1,0,-1,1,no_play_penalty
401752826,2025,2,regular,Maryland,Northern Illinois,home,raw,total_yards,340,360.0,20.0,20.0,duplicate_plays
401752826,2025,2,regular,Maryland,Northern Illinois,home,raw,pass_attempts,36,37,1,1,duplicate_plays
401752826,2025,2,regular,Maryland,Northern Illinois,home,raw,net_pass_yards,254,269.0,15.0,15.0,duplicate_plays
401752826,2025,2,regular,Maryland,Northern Illinois,home,raw,rush_attempts,28,27,-1,1,duplicate_plays
401752826,2025,2,regular,Maryland,Northern Illinois,home,raw,rush_yards,86,91.0,5.0,5.0,duplicate_plays
401752826,2025,2,regular,Maryland,Northern Illinois,home,raw,turnovers,1,0,-1,1,no_play_penalty
401752826,2025,2,regular,Maryland,Northern Illinois,home,raw,fumbles_lost,1,0,-1,1,no_play_penalty
401752826,2025,2,regular,Maryland,Northern Illinois,home,raw,third_down_conversions,3,4,1,1,no_play_penalty
401752826,2025,2,regular,Maryland,Northern Illinois,home,raw,fourth_down_attempts,2,3,1,1,no_play_penalty
401752826,2025,2,regular,Northern Illinois,Maryland,away,raw,total_yards,271,285.0,14.0,14.0,duplicate_plays
401752826,2025,2,regular,Northern Illinois,Maryland,away,raw,pass_attempts,22,23,1,1,duplicate_plays
401752826,2025,2,regular,Northern Illinois,Maryland,away,raw,rush_attempts,48,47,-1,1,duplicate_plays
401752826,2025,2,regular,Northern Illinois,Maryland,away,raw,rush_yards,180,194.0,14.0,14.0,duplicate_plays
401752826,2025,2,regular,Northern Illinois,Maryland,away,raw,third_down_attempts,20,19,-1,1,no_play_penalty
401752826,2025,2,regular,Northern Illinois,Maryland,away,raw,fourth_down_attempts,6,7,1,1,no_play_penalty
401752811,2025,2,regular,Florida International,Penn State,away,raw,total_plays,72,71,-1,1,sack_accounting
401752811,2025,2,regular,Florida International,Penn State,away,raw,total_yards,290,334.0,44.0,44.0,sack_accounting
401752811,2025,2,regular,Florida International,Penn State,away,raw,pass_attempts,33,32,-1,1,sack_accounting
401752811,2025,2,regular,Florida International,Penn State,away,raw,rush_yards,141,185.0,44.0,44.0,sack_accounting
401752811,2025,2,regular,Florida International,Penn State,away,raw,turnovers,2,0,-2,2,no_play_penalty
401752811,2025,2,regular,Florida International,Penn State,away,raw,interceptions,1,0,-1,1,no_play_penalty
401752811,2025,2,regular,Florida International,Penn State,away,raw,fumbles_lost,1,0,-1,1,no_play_penalty
401757227,2025,2,regular,Jacksonville State,Liberty,home,raw,total_plays,60,62,2,2,duplicate_plays
401757227,2025,2,regular,Jacksonville State,Liberty,home,raw,total_yards,395,390.0,-5.0,5.0,duplicate_plays
401757227,2025,2,regular,Jacksonville State,Liberty,home,raw,rush_attempts,48,50,2,2,duplicate_plays
401757227,2025,2,regular,Jacksonville State,Liberty,home,raw,rush_yards,343,338.0,-5.0,5.0,duplicate_plays
401757227,2025,2,regular,Liberty,Jacksonville State,away,raw,total_plays,66,64,-2,2,fumble_or_safety_swallows_scrimmage_type
401757227,2025,2,regular,Liberty,Jacksonville State,away,raw,total_yards,534,538.0,4.0,4.0,fumble_or_safety_swallows_scrimmage_type
401757227,2025,2,regular,Liberty,Jacksonville State,away,raw,pass_attempts,29,28,-1,1,fumble_or_safety_swallows_scrimmage_type
401757227,2025,2,regular,Liberty,Jacksonville State,away,raw,rush_attempts,37,36,-1,1,fumble_or_safety_swallows_scrimmage_type
401757227,2025,2,regular,Liberty,Jacksonville State,away,raw,rush_yards,199,203.0,4.0,4.0,fumble_or_safety_swallows_scrimmage_type
401757227,2025,2,regular,Liberty,Jacksonville State,away,raw,turnovers,2,1,-1,1,kneel_accounting
401757227,2025,2,regular,Liberty,Jacksonville State,away,raw,fumbles_lost,1,0,-1,1,kneel_accounting
401757227,2025,2,regular,Liberty,Jacksonville State,away,raw,third_down_attempts,14,13,-1,1,kneel_accounting
401754618,2025,2,regular,Syracuse,UConn,home,raw,points,27,20,-7,7,no_play_penalty
401754618,2025,2,regular,Syracuse,UConn,home,raw,total_plays,82,74,-8,8,sack_accounting
401754618,2025,2,regular,Syracuse,UConn,home,raw,total_yards,461,463.0,2.0,2.0,sack_accounting
401754618,2025,2,regular,Syracuse,UConn,home,raw,pass_attempts,53,48,-5,5,sack_accounting
401754618,2025,2,regular,Syracuse,UConn,home,raw,completions,33,30,-3,3,no_play_penalty
401754618,2025,2,regular,Syracuse,UConn,home,raw,net_pass_yards,417,394.0,-23.0,23.0,sack_accounting
401754618,2025,2,regular,Syracuse,UConn,home,raw,rush_attempts,29,26,-3,3,sack_accounting
401754618,2025,2,regular,Syracuse,UConn,home,raw,rush_yards,44,69.0,25.0,25.0,sack_accounting
401754618,2025,2,regular,Syracuse,UConn,home,raw,third_down_attempts,15,14,-1,1,no_play_penalty
401754618,2025,2,regular,Syracuse,UConn,home,raw,third_down_conversions,5,4,-1,1,no_play_penalty
401754618,2025,2,regular,Syracuse,UConn,home,raw,fourth_down_attempts,3,2,-1,1,no_play_penalty
401754618,2025,2,regular,UConn,Syracuse,away,raw,total_plays,78,72,-6,6,sack_accounting
401754618,2025,2,regular,UConn,Syracuse,away,raw,pass_attempts,44,39,-5,5,sack_accounting
401754618,2025,2,regular,UConn,Syracuse,away,raw,completions,25,24,-1,1,no_play_penalty
401754618,2025,2,regular,UConn,Syracuse,away,raw,net_pass_yards,274,273.0,-1.0,1.0,sack_accounting
401754618,2025,2,regular,UConn,Syracuse,away,raw,rush_attempts,34,33,-1,1,sack_accounting
401754618,2025,2,regular,UConn,Syracuse,away,raw,rush_yards,142,143.0,1.0,1.0,sack_accounting
401754618,2025,2,regular,UConn,Syracuse,away,raw,third_down_attempts,17,16,-1,1,no_play_penalty
401754618,2025,2,regular,UConn,Syracuse,away,raw,fourth_down_attempts,4,3,-1,1,no_play_penalty
401752812,2025,2,regular,Indiana,Kennesaw State,home,raw,total_plays,66,67,1,1,sack_accounting
401752812,2025,2,regular,Indiana,Kennesaw State,home,raw,total_yards,596,607.0,11.0,11.0,sack_accounting
401752812,2025,2,regular,Indiana,Kennesaw State,home,raw,rush_attempts,38,39,1,1,sack_accounting
401752812,2025,2,regular,Indiana,Kennesaw State,home,raw,rush_yards,316,327.0,11.0,11.0,sack_accounting
401752812,2025,2,regular,Kennesaw State,Indiana,away,raw,total_plays,53,52,-1,1,sack_accounting
401752812,2025,2,regular,Kennesaw State,Indiana,away,raw,pass_attempts,21,20,-1,1,sack_accounting
401752812,2025,2,regular,Kennesaw State,Indiana,away,raw,turnovers,2,1,-1,1,no_play_penalty
401752812,2025,2,regular,Kennesaw State,Indiana,away,raw,fumbles_lost,1,0,-1,1,no_play_penalty
401752812,2025,2,regular,Kennesaw State,Indiana,away,raw,third_down_conversions,2,3,1,1,no_play_penalty
401752822,2025,2,regular,Iowa State,Iowa,home,raw,total_plays,57,56,-1,1,sack_accounting
401752822,2025,2,regular,Iowa State,Iowa,home,raw,total_yards,238,246.0,8.0,8.0,sack_accounting
401752822,2025,2,regular,Iowa State,Iowa,home,raw,net_pass_yards,134,144.0,10.0,10.0,sack_accounting
401752822,2025,2,regular,Iowa State,Iowa,home,raw,rush_attempts,30,29,-1,1,sack_accounting
401752822,2025,2,regular,Iowa State,Iowa,home,raw,rush_yards,104,102.0,-2.0,2.0,sack_accounting
401752822,2025,2,regular,Iowa State,Iowa,home,raw,turnovers,1,0,-1,1,no_play_penalty
401752822,2025,2,regular,Iowa State,Iowa,home,raw,fumbles_lost,1,0,-1,1,no_play_penalty
401752822,2025,2,regular,Iowa,Iowa State,away,raw,total_plays,63,62,-1,1,sack_accounting
401752822,2025,2,regular,Iowa,Iowa State,away,raw,total_yards,214,230.0,16.0,16.0,sack_accounting
401752822,2025,2,regular,Iowa,Iowa State,away,raw,pass_attempts,24,23,-1,1,sack_accounting
401752822,2025,2,regular,Iowa,Iowa State,away,raw,net_pass_yards,83,99.0,16.0,16.0,sack_accounting
401752825,2025,2,regular,Duke,Illinois,home,raw,total_plays,63,61,-2,2,fumble_or_safety_swallows_scrimmage_type
401752825,2025,2,regular,Duke,Illinois,home,raw,total_yards,438,414.0,-24.0,24.0,fumble_or_safety_swallows_scrimmage_type
401752825,2025,2,regular,Duke,Illinois,home,raw,pass_attempts,39,37,-2,2,fumble_or_safety_swallows_scrimmage_type
401752825,2025,2,regular,Duke,Illinois,home,raw,completions,25,24,-1,1,no_play_penalty
401752825,2025,2,regular,Duke,Illinois,home,raw,net_pass_yards,356,332.0,-24.0,24.0,fumble_or_safety_swallows_scrimmage_type
401752825,2025,2,regular,Duke,Illinois,home,raw,turnovers,5,2,-3,3,no_play_penalty
401752825,2025,2,regular,Duke,Illinois,home,raw,fumbles_lost,4,1,-3,3,no_play_penalty
401752825,2025,2,regular,Duke,Illinois,home,raw,third_down_conversions,4,5,1,1,no_play_penalty
401752825,2025,2,regular,Illinois,Duke,away,raw,total_yards,419,434.0,15.0,15.0,fumble_or_safety_swallows_scrimmage_type
401752825,2025,2,regular,Illinois,Duke,away,raw,net_pass_yards,296,311.0,15.0,15.0,fumble_or_safety_swallows_scrimmage_type
401754524,2025,2,regular,NC State,Virginia,home,raw,total_plays,56,58,2,2,no_play_penalty
401754524,2025,2,regular,NC State,Virginia,home,raw,total_yards,420,416.0,-4.0,4.0,no_play_penalty
401754524,2025,2,regular,NC State,Virginia,home,raw,rush_attempts,33,35,2,2,no_play_penalty
401754524,2025,2,regular,NC State,Virginia,home,raw,rush_yards,220,216.0,-4.0,4.0,no_play_penalty
401754524,2025,2,regular,Virginia,NC State,away,raw,total_yards,514,529.0,15.0,15.0,no_play_penalty
401754524,2025,2,regular,Virginia,NC State,away,raw,rush_yards,257,272.0,15.0,15.0,no_play_penalty
401756885,2025,2,regular,Texas Tech,Kent State,home,raw,total_plays,80,79,-1,1,duplicate_plays
401756885,2025,2,regular,Texas Tech,Kent State,home,raw,total_yards,601,590.0,-11.0,11.0,duplicate_plays
401756885,2025,2,regular,Texas Tech,Kent State,home,raw,rush_attempts,42,41,-1,1,duplicate_plays
401756885,2025,2,regular,Texas Tech,Kent State,home,raw,rush_yards,230,219.0,-11.0,11.0,duplicate_plays
401756885,2025,2,regular,Kent State,Texas Tech,away,raw,total_plays,59,56,-3,3,sack_accounting
401756885,2025,2,regular,Kent State,Texas Tech,away,raw,total_yards,229,219.0,-10.0,10.0,sack_accounting
401756885,2025,2,regular,Kent State,Texas Tech,away,raw,pass_attempts,25,24,-1,1,sack_accounting
401756885,2025,2,regular,Kent State,Texas Tech,away,raw,rush_attempts,34,32,-2,2,sack_accounting
401756885,2025,2,regular,Kent State,Texas Tech,away,raw,rush_yards,64,54.0,-10.0,10.0,sack_accounting
401756885,2025,2,regular,Kent State,Texas Tech,away,raw,third_down_attempts,14,13,-1,1,kneel_accounting
401754529,2025,2,regular,Pittsburgh,Central Michigan,home,raw,total_plays,58,56,-2,2,duplicate_plays
401754529,2025,2,regular,Pittsburgh,Central Michigan,home,raw,total_yards,464,461.0,-3.0,3.0,duplicate_plays
401754529,2025,2,regular,Pittsburgh,Central Michigan,home,raw,pass_attempts,32,31,-1,1,duplicate_plays
401754529,2025,2,regular,Pittsburgh,Central Michigan,home,raw,net_pass_yards,340,345.0,5.0,5.0,duplicate_plays
401754529,2025,2,regular,Pittsburgh,Central Michigan,home,raw,rush_attempts,26,25,-1,1,duplicate_plays
401754529,2025,2,regular,Pittsburgh,Central Michigan,home,raw,rush_yards,124,116.0,-8.0,8.0,duplicate_plays
401754529,2025,2,regular,Central Michigan,Pittsburgh,away,raw,total_plays,68,65,-3,3,sack_accounting
401754529,2025,2,regular,Central Michigan,Pittsburgh,away,raw,completions,20,18,-2,2,no_play_penalty
401754529,2025,2,regular,Central Michigan,Pittsburgh,away,raw,net_pass_yards,177,169.0,-8.0,8.0,sack_accounting
401754529,2025,2,regular,Central Michigan,Pittsburgh,away,raw,rush_attempts,41,38,-3,3,sack_accounting
401754529,2025,2,regular,Central Michigan,Pittsburgh,away,raw,rush_yards,40,48.0,8.0,8.0,sack_accounting
401754529,2025,2,regular,Central Michigan,Pittsburgh,away,raw,turnovers,1,0,-1,1,no_play_penalty
401754529,2025,2,regular,Central Michigan,Pittsburgh,away,raw,fumbles_lost,1,0,-1,1,no_play_penalty
401754529,2025,2,regular,Central Michigan,Pittsburgh,away,raw,third_down_attempts,17,18,1,1,no_play_penalty
401754525,2025,2,regular,SMU,Baylor,home,raw,total_plays,66,63,-3,3,sack_accounting
401754525,2025,2,regular,SMU,Baylor,home,raw,total_yards,458,500.0,42.0,42.0,sack_accounting
401754525,2025,2,regular,SMU,Baylor,home,raw,pass_attempts,22,24,2,2,sack_accounting
401754525,2025,2,regular,SMU,Baylor,home,raw,completions,16,18,2,2,no_play_penalty
401754525,2025,2,regular,SMU,Baylor,home,raw,net_pass_yards,295,307.0,12.0,12.0,sack_accounting
401754525,2025,2,regular,SMU,Baylor,home,raw,rush_attempts,44,39,-5,5,sack_accounting
401754525,2025,2,regular,SMU,Baylor,home,raw,rush_yards,163,193.0,30.0,30.0,sack_accounting
401754525,2025,2,regular,SMU,Baylor,home,raw,turnovers,1,2,1,1,no_play_penalty
401754525,2025,2,regular,SMU,Baylor,home,raw,interceptions,1,2,1,1,no_play_penalty
401754525,2025,2,regular,SMU,Baylor,home,raw,third_down_attempts,13,9,-4,4,no_play_penalty
401754525,2025,2,regular,SMU,Baylor,home,raw,third_down_conversions,5,2,-3,3,no_play_penalty
401754525,2025,2,regular,SMU,Baylor,home,raw,fourth_down_attempts,1,2,1,1,no_play_penalty
401754525,2025,2,regular,SMU,Baylor,home,raw,fourth_down_conversions,1,2,1,1,no_play_penalty
401754525,2025,2,regular,Baylor,SMU,away,raw,points,48,45,-3,3,no_play_penalty
401754525,2025,2,regular,Baylor,SMU,away,raw,total_plays,94,87,-7,7,sack_accounting
401754525,2025,2,regular,Baylor,SMU,away,raw,total_yards,601,560.0,-41.0,41.0,sack_accounting
401754525,2025,2,regular,Baylor,SMU,away,raw,pass_attempts,50,52,2,2,sack_accounting
401754525,2025,2,regular,Baylor,SMU,away,raw,completions,34,38,4,4,no_play_penalty
401754525,2025,2,regular,Baylor,SMU,away,raw,rush_attempts,44,35,-9,9,sack_accounting
401754525,2025,2,regular,Baylor,SMU,away,raw,rush_yards,161,120.0,-41.0,41.0,sack_accounting
401754525,2025,2,regular,Baylor,SMU,away,raw,turnovers,2,0,-2,2,no_play_penalty
401754525,2025,2,regular,Baylor,SMU,away,raw,fumbles_lost,2,0,-2,2,no_play_penalty
401754525,2025,2,regular,Baylor,SMU,away,raw,third_down_attempts,18,13,-5,5,no_play_penalty
401754525,2025,2,regular,Baylor,SMU,away,raw,third_down_conversions,8,5,-3,3,no_play_penalty
401752693,2025,2,regular,Texas,San José State,home,raw,total_plays,65,62,-3,3,fumble_or_safety_swallows_scrimmage_type
401752693,2025,2,regular,Texas,San José State,home,raw,total_yards,472,453.0,-19.0,19.0,fumble_or_safety_swallows_scrimmage_type
401752693,2025,2,regular,Texas,San José State,home,raw,pass_attempts,33,32,-1,1,fumble_or_safety_swallows_scrimmage_type
401752693,2025,2,regular,Texas,San José State,home,raw,net_pass_yards,317,297.0,-20.0,20.0,fumble_or_safety_swallows_scrimmage_type
401752693,2025,2,regular,Texas,San José State,home,raw,rush_attempts,32,30,-2,2,fumble_or_safety_swallows_scrimmage_type
401752693,2025,2,regular,Texas,San José State,home,raw,rush_yards,155,156.0,1.0,1.0,fumble_or_safety_swallows_scrimmage_type
401752693,2025,2,regular,Texas,San José State,home,raw,third_down_attempts,12,10,-2,2,no_play_penalty
401752693,2025,2,regular,San José State,Texas,away,raw,total_plays,72,68,-4,4,fumble_or_safety_swallows_scrimmage_type
401752693,2025,2,regular,San José State,Texas,away,raw,total_yards,273,260.0,-13.0,13.0,fumble_or_safety_swallows_scrimmage_type
401752693,2025,2,regular,San José State,Texas,away,raw,pass_attempts,43,41,-2,2,fumble_or_safety_swallows_scrimmage_type
401752693,2025,2,regular,San José State,Texas,away,raw,completions,21,20,-1,1,no_play_penalty
401752693,2025,2,regular,San José State,Texas,away,raw,net_pass_yards,188,178.0,-10.0,10.0,fumble_or_safety_swallows_scrimmage_type
401752693,2025,2,regular,San José State,Texas,away,raw,rush_attempts,29,27,-2,2,fumble_or_safety_swallows_scrimmage_type
401752693,2025,2,regular,San José State,Texas,away,raw,rush_yards,85,82.0,-3.0,3.0,fumble_or_safety_swallows_scrimmage_type
401752693,2025,2,regular,San José State,Texas,away,raw,turnovers,4,3,-1,1,no_play_penalty
401752693,2025,2,regular,San José State,Texas,away,raw,interceptions,1,0,-1,1,no_play_penalty
401752693,2025,2,regular,San José State,Texas,away,raw,third_down_attempts,15,14,-1,1,no_play_penalty
401752694,2025,2,regular,Texas A&M,Utah State,home,raw,total_plays,79,78,-1,1,fumble_or_safety_swallows_scrimmage_type
401752694,2025,2,regular,Texas A&M,Utah State,home,raw,total_yards,554,571.0,17.0,17.0,fumble_or_safety_swallows_scrimmage_type
401752694,2025,2,regular,Texas A&M,Utah State,home,raw,pass_attempts,34,33,-1,1,fumble_or_safety_swallows_scrimmage_type
401752694,2025,2,regular,Texas A&M,Utah State,home,raw,net_pass_yards,319,321.0,2.0,2.0,fumble_or_safety_swallows_scrimmage_type
401752694,2025,2,regular,Texas A&M,Utah State,home,raw,rush_yards,235,250.0,15.0,15.0,fumble_or_safety_swallows_scrimmage_type
401752694,2025,2,regular,Utah State,Texas A&M,away,raw,total_plays,66,65,-1,1,fumble_or_safety_swallows_scrimmage_type
401752694,2025,2,regular,Utah State,Texas A&M,away,raw,total_yards,250,264.0,14.0,14.0,fumble_or_safety_swallows_scrimmage_type
401752694,2025,2,regular,Utah State,Texas A&M,away,raw,pass_attempts,31,32,1,1,fumble_or_safety_swallows_scrimmage_type
401752694,2025,2,regular,Utah State,Texas A&M,away,raw,completions,16,17,1,1,no_play_penalty
401752694,2025,2,regular,Utah State,Texas A&M,away,raw,net_pass_yards,172,178.0,6.0,6.0,fumble_or_safety_swallows_scrimmage_type
401752694,2025,2,regular,Utah State,Texas A&M,away,raw,rush_attempts,35,33,-2,2,fumble_or_safety_swallows_scrimmage_type
401752694,2025,2,regular,Utah State,Texas A&M,away,raw,rush_yards,78,86.0,8.0,8.0,fumble_or_safety_swallows_scrimmage_type
401752694,2025,2,regular,Utah State,Texas A&M,away,raw,turnovers,1,0,-1,1,no_play_penalty
401752694,2025,2,regular,Utah State,Texas A&M,away,raw,fumbles_lost,1,0,-1,1,no_play_penalty
401752694,2025,2,regular,Utah State,Texas A&M,away,raw,third_down_conversions,2,3,1,1,no_play_penalty
401752824,2025,2,regular,Oregon,Oklahoma State,home,raw,total_plays,62,61,-1,1,sack_accounting
401752824,2025,2,regular,Oregon,Oklahoma State,home,raw,total_yards,631,626.0,-5.0,5.0,sack_accounting
401752824,2025,2,regular,Oregon,Oklahoma State,home,raw,pass_attempts,25,24,-1,1,sack_accounting
401752824,2025,2,regular,Oregon,Oklahoma State,home,raw,completions,18,17,-1,1,no_play_penalty
401752824,2025,2,regular,Oregon,Oklahoma State,home,raw,net_pass_yards,319,314.0,-5.0,5.0,sack_accounting
401752824,2025,2,regular,Oklahoma State,Oregon,away,raw,total_plays,61,59,-2,2,sack_accounting
401752824,2025,2,regular,Oklahoma State,Oregon,away,raw,pass_attempts,19,17,-2,2,sack_accounting
401752824,2025,2,regular,Oklahoma State,Oregon,away,raw,turnovers,2,1,-1,1,no_play_penalty
401752824,2025,2,regular,Oklahoma State,Oregon,away,raw,interceptions,2,1,-1,1,no_play_penalty
401752689,2025,2,regular,Missouri,Kansas,home,raw,total_plays,86,85,-1,1,duplicate_plays
401752689,2025,2,regular,Missouri,Kansas,home,raw,total_yards,595,589.0,-6.0,6.0,duplicate_plays
401752689,2025,2,regular,Missouri,Kansas,home,raw,pass_attempts,39,40,1,1,duplicate_plays
401752689,2025,2,regular,Missouri,Kansas,home,raw,net_pass_yards,334,338.0,4.0,4.0,duplicate_plays
401752689,2025,2,regular,Missouri,Kansas,home,raw,rush_attempts,47,45,-2,2,duplicate_plays
401752689,2025,2,regular,Missouri,Kansas,home,raw,rush_yards,261,251.0,-10.0,10.0,duplicate_plays
401752689,2025,2,regular,Missouri,Kansas,home,raw,third_down_attempts,19,17,-2,2,no_play_penalty
401752689,2025,2,regular,Missouri,Kansas,home,raw,third_down_conversions,10,9,-1,1,no_play_penalty
401752689,2025,2,regular,Missouri,Kansas,home,raw,fourth_down_attempts,5,6,1,1,no_play_penalty
401752689,2025,2,regular,Kansas,Missouri,away,raw,total_plays,49,46,-3,3,duplicate_plays
401752689,2025,2,regular,Kansas,Missouri,away,raw,total_yards,226,283.0,57.0,57.0,duplicate_plays
401752689,2025,2,regular,Kansas,Missouri,away,raw,pass_attempts,30,29,-1,1,duplicate_plays
401752689,2025,2,regular,Kansas,Missouri,away,raw,net_pass_yards,223,227.0,4.0,4.0,duplicate_plays
401752689,2025,2,regular,Kansas,Missouri,away,raw,rush_attempts,19,17,-2,2,duplicate_plays
401752689,2025,2,regular,Kansas,Missouri,away,raw,rush_yards,3,56.0,53.0,53.0,duplicate_plays
401752689,2025,2,regular,Kansas,Missouri,away,raw,third_down_attempts,11,10,-1,1,no_play_penalty
401761603,2025,2,regular,UTSA,Texas State,home,raw,total_yards,497,520.0,23.0,23.0,safety_accounting
401761603,2025,2,regular,UTSA,Texas State,home,raw,net_pass_yards,219,242.0,23.0,23.0,safety_accounting
401761603,2025,2,regular,Texas State,UTSA,away,raw,total_plays,64,65,1,1,safety_accounting
401761603,2025,2,regular,Texas State,UTSA,away,raw,total_yards,461,460.0,-1.0,1.0,safety_accounting
401761603,2025,2,regular,Texas State,UTSA,away,raw,pass_attempts,20,19,-1,1,safety_accounting
401761603,2025,2,regular,Texas State,UTSA,away,raw,net_pass_yards,286,292.0,6.0,6.0,safety_accounting
401761603,2025,2,regular,Texas State,UTSA,away,raw,rush_attempts,44,46,2,2,safety_accounting
401761603,2025,2,regular,Texas State,UTSA,away,raw,rush_yards,175,168.0,-7.0,7.0,safety_accounting
401761603,2025,2,regular,Texas State,UTSA,away,raw,third_down_attempts,16,15,-1,1,no_play_penalty
401754637,2025,2,regular,Clemson,Troy,home,raw,total_plays,55,53,-2,2,sack_accounting
401754637,2025,2,regular,Clemson,Troy,home,raw,total_yards,316,328.0,12.0,12.0,sack_accounting
401754637,2025,2,regular,Clemson,Troy,home,raw,pass_attempts,24,23,-1,1,sack_accounting
401754637,2025,2,regular,Clemson,Troy,home,raw,net_pass_yards,196,215.0,19.0,19.0,sack_accounting
401754637,2025,2,regular,Clemson,Troy,home,raw,rush_attempts,31,30,-1,1,sack_accounting
401754637,2025,2,regular,Clemson,Troy,home,raw,rush_yards,120,113.0,-7.0,7.0,sack_accounting
401754637,2025,2,regular,Clemson,Troy,home,raw,turnovers,2,1,-1,1,no_play_penalty
401754637,2025,2,regular,Clemson,Troy,home,raw,interceptions,1,0,-1,1,no_play_penalty
401754637,2025,2,regular,Clemson,Troy,home,raw,third_down_conversions,5,6,1,1,no_play_penalty
401754637,2025,2,regular,Clemson,Troy,home,raw,fourth_down_attempts,1,0,-1,1,no_play_penalty
401754637,2025,2,regular,Troy,Clemson,away,raw,total_plays,63,60,-3,3,sack_accounting
401754637,2025,2,regular,Troy,Clemson,away,raw,total_yards,301,283.0,-18.0,18.0,sack_accounting
401754637,2025,2,regular,Troy,Clemson,away,raw,pass_attempts,31,28,-3,3,sack_accounting
401754637,2025,2,regular,Troy,Clemson,away,raw,completions,19,18,-1,1,no_play_penalty
401754637,2025,2,regular,Troy,Clemson,away,raw,net_pass_yards,223,220.0,-3.0,3.0,sack_accounting
401754637,2025,2,regular,Troy,Clemson,away,raw,rush_yards,78,63.0,-15.0,15.0,sack_accounting
401754637,2025,2,regular,Troy,Clemson,away,raw,turnovers,3,1,-2,2,no_play_penalty
401754637,2025,2,regular,Troy,Clemson,away,raw,interceptions,3,1,-2,2,no_play_penalty
401754637,2025,2,regular,Troy,Clemson,away,raw,third_down_attempts,13,11,-2,2,no_play_penalty
401756881,2025,2,regular,Colorado,Delaware,home,raw,total_plays,66,69,3,3,fumble_or_safety_swallows_scrimmage_type
401756881,2025,2,regular,Colorado,Delaware,home,raw,total_yards,402,388.0,-14.0,14.0,fumble_or_safety_swallows_scrimmage_type
401756881,2025,2,regular,Colorado,Delaware,home,raw,completions,22,21,-1,1,no_play_penalty
401756881,2025,2,regular,Colorado,Delaware,home,raw,net_pass_yards,267,257.0,-10.0,10.0,fumble_or_safety_swallows_scrimmage_type
401756881,2025,2,regular,Colorado,Delaware,home,raw,rush_attempts,36,39,3,3,fumble_or_safety_swallows_scrimmage_type
401756881,2025,2,regular,Colorado,Delaware,home,raw,rush_yards,135,131.0,-4.0,4.0,fumble_or_safety_swallows_scrimmage_type
401756881,2025,2,regular,Delaware,Colorado,away,raw,total_plays,65,63,-2,2,fumble_or_safety_swallows_scrimmage_type
401756881,2025,2,regular,Delaware,Colorado,away,raw,total_yards,397,344.0,-53.0,53.0,fumble_or_safety_swallows_scrimmage_type
401756881,2025,2,regular,Delaware,Colorado,away,raw,pass_attempts,36,33,-3,3,fumble_or_safety_swallows_scrimmage_type
401756881,2025,2,regular,Delaware,Colorado,away,raw,completions,18,17,-1,1,no_play_penalty
401756881,2025,2,regular,Delaware,Colorado,away,raw,net_pass_yards,312,245.0,-67.0,67.0,fumble_or_safety_swallows_scrimmage_type
401756881,2025,2,regular,Delaware,Colorado,away,raw,rush_attempts,29,30,1,1,fumble_or_safety_swallows_scrimmage_type
401756881,2025,2,regular,Delaware,Colorado,away,raw,rush_yards,85,99.0,14.0,14.0,fumble_or_safety_swallows_scrimmage_type
401756881,2025,2,regular,Delaware,Colorado,away,raw,turnovers,2,1,-1,1,no_play_penalty
401756881,2025,2,regular,Delaware,Colorado,away,raw,fumbles_lost,1,0,-1,1,no_play_penalty
401756881,2025,2,regular,Delaware,Colorado,away,raw,third_down_attempts,10,9,-1,1,no_play_penalty
401762458,2025,2,regular,Navy,UAB,home,raw,total_plays,59,56,-3,3,fumble_or_safety_swallows_scrimmage_type
401762458,2025,2,regular,Navy,UAB,home,raw,total_yards,463,474.0,11.0,11.0,fumble_or_safety_swallows_scrimmage_type
401762458,2025,2,regular,Navy,UAB,home,raw,rush_attempts,51,48,-3,3,fumble_or_safety_swallows_scrimmage_type
401762458,2025,2,regular,Navy,UAB,home,raw,rush_yards,295,306.0,11.0,11.0,fumble_or_safety_swallows_scrimmage_type
401762458,2025,2,regular,UAB,Navy,away,raw,total_plays,60,57,-3,3,duplicate_plays
401762458,2025,2,regular,UAB,Navy,away,raw,total_yards,413,414.0,1.0,1.0,duplicate_plays
401762458,2025,2,regular,UAB,Navy,away,raw,pass_attempts,33,30,-3,3,duplicate_plays
401762458,2025,2,regular,UAB,Navy,away,raw,completions,23,22,-1,1,duplicate_plays
401762458,2025,2,regular,UAB,Navy,away,raw,net_pass_yards,321,322.0,1.0,1.0,duplicate_plays
401762458,2025,2,regular,UAB,Navy,away,raw,turnovers,3,1,-2,2,kneel_accounting
401762458,2025,2,regular,UAB,Navy,away,raw,interceptions,2,1,-1,1,kneel_accounting
401762458,2025,2,regular,UAB,Navy,away,raw,fumbles_lost,1,0,-1,1,kneel_accounting
401762458,2025,2,regular,UAB,Navy,away,raw,third_down_attempts,13,10,-3,3,kneel_accounting
401762458,2025,2,regular,UAB,Navy,away,raw,fourth_down_attempts,2,3,1,1,kneel_accounting
401762461,2025,2,regular,Western Michigan,North Texas,home,raw,total_plays,71,92,21,21,sack_accounting
401762461,2025,2,regular,Western Michigan,North Texas,home,raw,total_yards,303,370.0,67.0,67.0,sack_accounting
401762461,2025,2,regular,Western Michigan,North Texas,home,raw,pass_attempts,14,17,3,3,sack_accounting
401762461,2025,2,regular,Western Michigan,North Texas,home,raw,net_pass_yards,87,55.0,-32.0,32.0,sack_accounting
401762461,2025,2,regular,Western Michigan,North Texas,home,raw,rush_attempts,57,75,18,18,sack_accounting
401762461,2025,2,regular,Western Michigan,North Texas,home,raw,rush_yards,216,315.0,99.0,99.0,sack_accounting
401762461,2025,2,regular,Western Michigan,North Texas,home,raw,third_down_attempts,18,22,4,4,no_play_penalty
401762461,2025,2,regular,Western Michigan,North Texas,home,raw,third_down_conversions,9,11,2,2,no_play_penalty
401762461,2025,2,regular,Western Michigan,North Texas,home,raw,fourth_down_attempts,1,2,1,1,no_play_penalty
401762461,2025,2,regular,Western Michigan,North Texas,home,raw,fourth_down_conversions,1,2,1,1,no_play_penalty
401762461,2025,2,regular,North Texas,Western Michigan,away,raw,points,33,27,-6,6,no_play_penalty
401762461,2025,2,regular,North Texas,Western Michigan,away,raw,total_plays,63,78,15,15,sack_accounting
401762461,2025,2,regular,North Texas,Western Michigan,away,raw,total_yards,406,509.0,103.0,103.0,sack_accounting
401762461,2025,2,regular,North Texas,Western Michigan,away,raw,pass_attempts,33,41,8,8,sack_accounting
401762461,2025,2,regular,North Texas,Western Michigan,away,raw,completions,18,21,3,3,no_play_penalty
401762461,2025,2,regular,North Texas,Western Michigan,away,raw,net_pass_yards,224,245.0,21.0,21.0,sack_accounting
401762461,2025,2,regular,North Texas,Western Michigan,away,raw,rush_attempts,30,37,7,7,sack_accounting
401762461,2025,2,regular,North Texas,Western Michigan,away,raw,rush_yards,182,264.0,82.0,82.0,sack_accounting
401762461,2025,2,regular,North Texas,Western Michigan,away,raw,third_down_attempts,14,16,2,2,no_play_penalty
401762461,2025,2,regular,North Texas,Western Michigan,away,raw,third_down_conversions,6,7,1,1,no_play_penalty
401756880,2025,2,regular,Cincinnati,Bowling Green,home,raw,total_plays,53,52,-1,1,sack_accounting
401756880,2025,2,regular,Cincinnati,Bowling Green,home,raw,total_yards,439,433.0,-6.0,6.0,sack_accounting
401756880,2025,2,regular,Cincinnati,Bowling Green,home,raw,net_pass_yards,333,337.0,4.0,4.0,sack_accounting
401756880,2025,2,regular,Cincinnati,Bowling Green,home,raw,rush_attempts,29,28,-1,1,sack_accounting
401756880,2025,2,regular,Cincinnati,Bowling Green,home,raw,rush_yards,106,96.0,-10.0,10.0,sack_accounting
401756880,2025,2,regular,Bowling Green,Cincinnati,away,raw,total_plays,71,69,-2,2,sack_accounting
401756880,2025,2,regular,Bowling Green,Cincinnati,away,raw,total_yards,372,377.0,5.0,5.0,sack_accounting
401756880,2025,2,regular,Bowling Green,Cincinnati,away,raw,net_pass_yards,274,286.0,12.0,12.0,sack_accounting
401756880,2025,2,regular,Bowling Green,Cincinnati,away,raw,rush_attempts,34,32,-2,2,sack_accounting
401756880,2025,2,regular,Bowling Green,Cincinnati,away,raw,rush_yards,98,91.0,-7.0,7.0,sack_accounting
401752818,2025,2,regular,Miami (OH),Rutgers,away,raw,total_plays,45,43,-2,2,sack_accounting
401752818,2025,2,regular,Miami (OH),Rutgers,away,raw,pass_attempts,23,21,-2,2,sack_accounting
401752686,2025,2,regular,Kentucky,Ole Miss,home,raw,total_yards,359,375.0,16.0,16.0,sack_accounting
401752686,2025,2,regular,Kentucky,Ole Miss,home,raw,net_pass_yards,187,193.0,6.0,6.0,sack_accounting
401752686,2025,2,regular,Kentucky,Ole Miss,home,raw,rush_yards,172,182.0,10.0,10.0,sack_accounting
401752686,2025,2,regular,Ole Miss,Kentucky,away,raw,total_plays,71,70,-1,1,sack_accounting
401752686,2025,2,regular,Ole Miss,Kentucky,away,raw,total_yards,457,460.0,3.0,3.0,sack_accounting
401752686,2025,2,regular,Ole Miss,Kentucky,away,raw,pass_attempts,24,22,-2,2,sack_accounting
401752686,2025,2,regular,Ole Miss,Kentucky,away,raw,rush_attempts,47,48,1,1,sack_accounting
401752686,2025,2,regular,Ole Miss,Kentucky,away,raw,rush_yards,222,225.0,3.0,3.0,sack_accounting
401752686,2025,2,regular,Ole Miss,Kentucky,away,raw,third_down_attempts,13,12,-1,1,no_play_penalty
401752937,2025,2,regular,Oregon State,Fresno State,home,raw,points,27,21,-6,6,no_play_penalty
401752937,2025,2,regular,Oregon State,Fresno State,home,raw,total_plays,82,103,21,21,sack_accounting
401752937,2025,2,regular,Oregon State,Fresno State,home,raw,total_yards,544,641.0,97.0,97.0,sack_accounting
401752937,2025,2,regular,Oregon State,Fresno State,home,raw,pass_attempts,49,58,9,9,sack_accounting
401752937,2025,2,regular,Oregon State,Fresno State,home,raw,completions,32,39,7,7,no_play_penalty
401752937,2025,2,regular,Oregon State,Fresno State,home,raw,net_pass_yards,388,479.0,91.0,91.0,sack_accounting
401752937,2025,2,regular,Oregon State,Fresno State,home,raw,rush_attempts,33,45,12,12,sack_accounting
401752937,2025,2,regular,Oregon State,Fresno State,home,raw,rush_yards,156,162.0,6.0,6.0,sack_accounting
401752937,2025,2,regular,Oregon State,Fresno State,home,raw,turnovers,2,1,-1,1,no_play_penalty
401752937,2025,2,regular,Oregon State,Fresno State,home,raw,interceptions,2,1,-1,1,no_play_penalty
401752937,2025,2,regular,Oregon State,Fresno State,home,raw,third_down_attempts,17,23,6,6,no_play_penalty
401752937,2025,2,regular,Oregon State,Fresno State,home,raw,third_down_conversions,10,15,5,5,no_play_penalty
401752937,2025,2,regular,Fresno State,Oregon State,away,raw,points,36,26,-10,10,no_play_penalty
401752937,2025,2,regular,Fresno State,Oregon State,away,raw,total_plays,45,47,2,2,sack_accounting
401752937,2025,2,regular,Fresno State,Oregon State,away,raw,total_yards,320,346.0,26.0,26.0,sack_accounting
401752937,2025,2,regular,Fresno State,Oregon State,away,raw,pass_attempts,18,17,-1,1,sack_accounting
401752937,2025,2,regular,Fresno State,Oregon State,away,raw,completions,13,12,-1,1,no_play_penalty
401752937,2025,2,regular,Fresno State,Oregon State,away,raw,net_pass_yards,121,162.0,41.0,41.0,sack_accounting
401752937,2025,2,regular,Fresno State,Oregon State,away,raw,rush_attempts,27,30,3,3,sack_accounting
401752937,2025,2,regular,Fresno State,Oregon State,away,raw,rush_yards,199,184.0,-15.0,15.0,sack_accounting
401752937,2025,2,regular,Fresno State,Oregon State,away,raw,third_down_attempts,8,7,-1,1,no_play_penalty
401752820,2025,2,regular,Wisconsin,Middle Tennessee,home,raw,total_plays,56,61,5,5,sack_accounting
401752820,2025,2,regular,Wisconsin,Middle Tennessee,home,raw,total_yards,456,563.0,107.0,107.0,sack_accounting
401752820,2025,2,regular,Wisconsin,Middle Tennessee,home,raw,pass_attempts,27,26,-1,1,sack_accounting
401752820,2025,2,regular,Wisconsin,Middle Tennessee,home,raw,completions,23,24,1,1,no_play_penalty
401752820,2025,2,regular,Wisconsin,Middle Tennessee,home,raw,net_pass_yards,283,289.0,6.0,6.0,sack_accounting
401752820,2025,2,regular,Wisconsin,Middle Tennessee,home,raw,rush_attempts,29,35,6,6,sack_accounting
401752820,2025,2,regular,Wisconsin,Middle Tennessee,home,raw,rush_yards,173,274.0,101.0,101.0,sack_accounting
401752820,2025,2,regular,Wisconsin,Middle Tennessee,home,raw,third_down_conversions,4,3,-1,1,no_play_penalty
401752820,2025,2,regular,Middle Tennessee,Wisconsin,away,raw,total_plays,60,91,31,31,sack_accounting
401752820,2025,2,regular,Middle Tennessee,Wisconsin,away,raw,total_yards,241,421.0,180.0,180.0,sack_accounting
401752820,2025,2,regular,Middle Tennessee,Wisconsin,away,raw,pass_attempts,32,48,16,16,sack_accounting
401752820,2025,2,regular,Middle Tennessee,Wisconsin,away,raw,completions,21,33,12,12,no_play_penalty
401752820,2025,2,regular,Middle Tennessee,Wisconsin,away,raw,net_pass_yards,208,346.0,138.0,138.0,sack_accounting
401752820,2025,2,regular,Middle Tennessee,Wisconsin,away,raw,rush_attempts,28,43,15,15,sack_accounting
401752820,2025,2,regular,Middle Tennessee,Wisconsin,away,raw,rush_yards,33,75.0,42.0,42.0,sack_accounting
401752820,2025,2,regular,Middle Tennessee,Wisconsin,away,raw,turnovers,1,2,1,1,no_play_penalty
401752820,2025,2,regular,Middle Tennessee,Wisconsin,away,raw,fumbles_lost,0,1,1,1,no_play_penalty
401752820,2025,2,regular,Middle Tennessee,Wisconsin,away,raw,third_down_attempts,14,21,7,7,no_play_penalty
401752820,2025,2,regular,Middle Tennessee,Wisconsin,away,raw,third_down_conversions,5,8,3,3,no_play_penalty
401752820,2025,2,regular,Middle Tennessee,Wisconsin,away,raw,fourth_down_attempts,2,4,2,2,no_play_penalty
401752820,2025,2,regular,Middle Tennessee,Wisconsin,away,raw,fourth_down_conversions,1,2,1,1,no_play_penalty
401756883,2025,2,regular,Ohio,West Virginia,home,raw,total_plays,78,76,-2,2,duplicate_plays
401756883,2025,2,regular,Ohio,West Virginia,home,raw,total_yards,429,439.0,10.0,10.0,duplicate_plays
401756883,2025,2,regular,Ohio,West Virginia,home,raw,pass_attempts,31,29,-2,2,duplicate_plays
401756883,2025,2,regular,Ohio,West Virginia,home,raw,net_pass_yards,247,248.0,1.0,1.0,duplicate_plays
401756883,2025,2,regular,Ohio,West Virginia,home,raw,rush_yards,182,191.0,9.0,9.0,duplicate_plays
401756883,2025,2,regular,Ohio,West Virginia,home,raw,turnovers,3,1,-2,2,no_play_penalty
401756883,2025,2,regular,Ohio,West Virginia,home,raw,interceptions,3,1,-2,2,no_play_penalty
401756883,2025,2,regular,Ohio,West Virginia,home,raw,third_down_attempts,14,13,-1,1,no_play_penalty
401756883,2025,2,regular,West Virginia,Ohio,away,raw,completions,15,16,1,1,no_play_penalty
401756883,2025,2,regular,West Virginia,Ohio,away,raw,turnovers,1,0,-1,1,no_play_penalty
401756883,2025,2,regular,West Virginia,Ohio,away,raw,interceptions,1,0,-1,1,no_play_penalty
401752684,2025,2,regular,Florida,South Florida,home,raw,total_yards,355,357.0,2.0,2.0,duplicate_plays
401752684,2025,2,regular,Florida,South Florida,home,raw,pass_attempts,33,34,1,1,duplicate_plays
401752684,2025,2,regular,Florida,South Florida,home,raw,net_pass_yards,222,226.0,4.0,4.0,duplicate_plays
401752684,2025,2,regular,Florida,South Florida,home,raw,rush_attempts,31,30,-1,1,duplicate_plays
401752684,2025,2,regular,Florida,South Florida,home,raw,rush_yards,133,131.0,-2.0,2.0,duplicate_plays
401752684,2025,2,regular,South Florida,Florida,away,raw,total_plays,65,64,-1,1,safety_accounting
401752684,2025,2,regular,South Florida,Florida,away,raw,total_yards,391,396.0,5.0,5.0,safety_accounting
401752684,2025,2,regular,South Florida,Florida,away,raw,net_pass_yards,263,271.0,8.0,8.0,safety_accounting
401752684,2025,2,regular,South Florida,Florida,away,raw,rush_attempts,29,28,-1,1,safety_accounting
401752684,2025,2,regular,South Florida,Florida,away,raw,rush_yards,128,125.0,-3.0,3.0,safety_accounting
401752682,2025,2,regular,Arkansas,Arkansas State,home,raw,total_plays,58,57,-1,1,duplicate_plays
401752682,2025,2,regular,Arkansas,Arkansas State,home,raw,pass_attempts,29,28,-1,1,duplicate_plays
401752682,2025,2,regular,Arkansas,Arkansas State,home,raw,turnovers,2,1,-1,1,no_play_penalty
401752682,2025,2,regular,Arkansas,Arkansas State,home,raw,interceptions,2,1,-1,1,no_play_penalty
401752682,2025,2,regular,Arkansas State,Arkansas,away,raw,points,14,21,7,7,no_play_penalty
401752682,2025,2,regular,Arkansas State,Arkansas,away,raw,total_plays,78,73,-5,5,duplicate_plays
401752682,2025,2,regular,Arkansas State,Arkansas,away,raw,total_yards,285,291.0,6.0,6.0,duplicate_plays
401752682,2025,2,regular,Arkansas State,Arkansas,away,raw,pass_attempts,36,33,-3,3,duplicate_plays
401752682,2025,2,regular,Arkansas State,Arkansas,away,raw,net_pass_yards,132,136.0,4.0,4.0,duplicate_plays
401752682,2025,2,regular,Arkansas State,Arkansas,away,raw,rush_attempts,42,40,-2,2,duplicate_plays
401752682,2025,2,regular,Arkansas State,Arkansas,away,raw,rush_yards,153,155.0,2.0,2.0,duplicate_plays
401752682,2025,2,regular,Arkansas State,Arkansas,away,raw,turnovers,2,1,-1,1,no_play_penalty
401752682,2025,2,regular,Arkansas State,Arkansas,away,raw,interceptions,2,1,-1,1,no_play_penalty
401752682,2025,2,regular,Arkansas State,Arkansas,away,raw,third_down_attempts,19,17,-2,2,no_play_penalty
401757228,2025,2,regular,Marshall,Missouri State,home,raw,total_plays,57,52,-5,5,fumble_or_safety_swallows_scrimmage_type
401757228,2025,2,regular,Marshall,Missouri State,home,raw,total_yards,274,317.0,43.0,43.0,fumble_or_safety_swallows_scrimmage_type
401757228,2025,2,regular,Marshall,Missouri State,home,raw,pass_attempts,24,18,-6,6,fumble_or_safety_swallows_scrimmage_type
401757228,2025,2,regular,Marshall,Missouri State,home,raw,completions,13,9,-4,4,kneel_accounting
401757228,2025,2,regular,Marshall,Missouri State,home,raw,net_pass_yards,83,188.0,105.0,105.0,fumble_or_safety_swallows_scrimmage_type
401757228,2025,2,regular,Marshall,Missouri State,home,raw,rush_attempts,33,34,1,1,fumble_or_safety_swallows_scrimmage_type
401757228,2025,2,regular,Marshall,Missouri State,home,raw,rush_yards,191,129.0,-62.0,62.0,fumble_or_safety_swallows_scrimmage_type
401757228,2025,2,regular,Marshall,Missouri State,home,raw,turnovers,1,0,-1,1,kneel_accounting
401757228,2025,2,regular,Marshall,Missouri State,home,raw,interceptions,1,0,-1,1,kneel_accounting
401757228,2025,2,regular,Marshall,Missouri State,home,raw,third_down_attempts,15,14,-1,1,kneel_accounting
401757228,2025,2,regular,Marshall,Missouri State,home,raw,third_down_conversions,3,2,-1,1,kneel_accounting
401757228,2025,2,regular,Marshall,Missouri State,home,raw,fourth_down_attempts,3,1,-2,2,kneel_accounting
401757228,2025,2,regular,Marshall,Missouri State,home,raw,fourth_down_conversions,1,0,-1,1,kneel_accounting
401757228,2025,2,regular,Missouri State,Marshall,away,raw,total_plays,70,84,14,14,fumble_or_safety_swallows_scrimmage_type
401757228,2025,2,regular,Missouri State,Marshall,away,raw,total_yards,474,770.0,296.0,296.0,fumble_or_safety_swallows_scrimmage_type
401757228,2025,2,regular,Missouri State,Marshall,away,raw,pass_attempts,32,42,10,10,fumble_or_safety_swallows_scrimmage_type
401757228,2025,2,regular,Missouri State,Marshall,away,raw,completions,22,28,6,6,kneel_accounting
401757228,2025,2,regular,Missouri State,Marshall,away,raw,net_pass_yards,388,577.0,189.0,189.0,fumble_or_safety_swallows_scrimmage_type
401757228,2025,2,regular,Missouri State,Marshall,away,raw,rush_attempts,38,42,4,4,fumble_or_safety_swallows_scrimmage_type
401757228,2025,2,regular,Missouri State,Marshall,away,raw,rush_yards,86,193.0,107.0,107.0,fumble_or_safety_swallows_scrimmage_type
401757228,2025,2,regular,Missouri State,Marshall,away,raw,turnovers,1,0,-1,1,kneel_accounting
401757228,2025,2,regular,Missouri State,Marshall,away,raw,interceptions,1,0,-1,1,kneel_accounting
401757228,2025,2,regular,Missouri State,Marshall,away,raw,third_down_attempts,16,20,4,4,kneel_accounting
401757228,2025,2,regular,Missouri State,Marshall,away,raw,third_down_conversions,7,10,3,3,kneel_accounting
401754527,2025,2,regular,Charlotte,North Carolina,home,raw,total_plays,69,68,-1,1,sack_accounting
401754527,2025,2,regular,Charlotte,North Carolina,home,raw,total_yards,272,291.0,19.0,19.0,sack_accounting
401754527,2025,2,regular,Charlotte,North Carolina,home,raw,pass_attempts,41,40,-1,1,sack_accounting
401754527,2025,2,regular,Charlotte,North Carolina,home,raw,net_pass_yards,250,280.0,30.0,30.0,sack_accounting
401754527,2025,2,regular,Charlotte,North Carolina,home,raw,rush_yards,22,11.0,-11.0,11.0,sack_accounting
401754527,2025,2,regular,Charlotte,North Carolina,home,raw,turnovers,2,1,-1,1,no_play_penalty
401754527,2025,2,regular,Charlotte,North Carolina,home,raw,interceptions,2,1,-1,1,no_play_penalty
401754527,2025,2,regular,North Carolina,Charlotte,away,raw,total_plays,58,57,-1,1,duplicate_plays
401754527,2025,2,regular,North Carolina,Charlotte,away,raw,total_yards,303,309.0,6.0,6.0,duplicate_plays
401754527,2025,2,regular,North Carolina,Charlotte,away,raw,net_pass_yards,155,164.0,9.0,9.0,duplicate_plays
401754527,2025,2,regular,North Carolina,Charlotte,away,raw,rush_attempts,33,32,-1,1,duplicate_plays
401754527,2025,2,regular,North Carolina,Charlotte,away,raw,rush_yards,148,145.0,-3.0,3.0,duplicate_plays
401754527,2025,2,regular,North Carolina,Charlotte,away,raw,third_down_attempts,15,14,-1,1,no_play_penalty
401754527,2025,2,regular,North Carolina,Charlotte,away,raw,third_down_conversions,5,6,1,1,no_play_penalty
401754527,2025,2,regular,North Carolina,Charlotte,away,raw,fourth_down_attempts,2,3,1,1,no_play_penalty
401756884,2025,2,regular,Rice,Houston,home,raw,total_plays,66,78,12,12,sack_accounting
401756884,2025,2,regular,Rice,Houston,home,raw,total_yards,228,268.0,40.0,40.0,sack_accounting
401756884,2025,2,regular,Rice,Houston,home,raw,pass_attempts,13,15,2,2,sack_accounting
401756884,2025,2,regular,Rice,Houston,home,raw,completions,11,13,2,2,accepted_or_declined_penalty
401756884,2025,2,regular,Rice,Houston,home,raw,net_pass_yards,51,106.0,55.0,55.0,sack_accounting
401756884,2025,2,regular,Rice,Houston,home,raw,rush_attempts,53,63,10,10,sack_accounting
401756884,2025,2,regular,Rice,Houston,home,raw,rush_yards,177,162.0,-15.0,15.0,sack_accounting
401756884,2025,2,regular,Rice,Houston,home,raw,turnovers,2,1,-1,1,accepted_or_declined_penalty
401756884,2025,2,regular,Rice,Houston,home,raw,fumbles_lost,1,0,-1,1,accepted_or_declined_penalty
401756884,2025,2,regular,Rice,Houston,home,raw,third_down_attempts,15,19,4,4,accepted_or_declined_penalty
401756884,2025,2,regular,Rice,Houston,home,raw,third_down_conversions,4,7,3,3,accepted_or_declined_penalty
401756884,2025,2,regular,Rice,Houston,home,raw,fourth_down_attempts,2,1,-1,1,accepted_or_declined_penalty
401756884,2025,2,regular,Houston,Rice,away,raw,points,35,28,-7,7,accepted_or_declined_penalty
401756884,2025,2,regular,Houston,Rice,away,raw,total_plays,59,82,23,23,sack_accounting
401756884,2025,2,regular,Houston,Rice,away,raw,total_yards,395,502.0,107.0,107.0,sack_accounting
401756884,2025,2,regular,Houston,Rice,away,raw,pass_attempts,22,31,9,9,sack_accounting
401756884,2025,2,regular,Houston,Rice,away,raw,completions,15,20,5,5,accepted_or_declined_penalty
401756884,2025,2,regular,Houston,Rice,away,raw,net_pass_yards,188,247.0,59.0,59.0,sack_accounting
401756884,2025,2,regular,Houston,Rice,away,raw,rush_attempts,37,51,14,14,sack_accounting
401756884,2025,2,regular,Houston,Rice,away,raw,rush_yards,207,255.0,48.0,48.0,sack_accounting
401756884,2025,2,regular,Houston,Rice,away,raw,third_down_attempts,16,22,6,6,accepted_or_declined_penalty
401756884,2025,2,regular,Houston,Rice,away,raw,third_down_conversions,9,13,4,4,accepted_or_declined_penalty
401756884,2025,2,regular,Houston,Rice,away,raw,fourth_down_attempts,1,2,1,1,accepted_or_declined_penalty
401756882,2025,2,regular,Kansas State,Army,home,raw,total_plays,43,42,-1,1,no_play_penalty
401756882,2025,2,regular,Kansas State,Army,home,raw,total_yards,246,237.0,-9.0,9.0,no_play_penalty
401756882,2025,2,regular,Kansas State,Army,home,raw,pass_attempts,25,24,-1,1,no_play_penalty
401756882,2025,2,regular,Kansas State,Army,home,raw,rush_yards,74,65.0,-9.0,9.0,no_play_penalty
401757232,2025,2,regular,Toledo,Western Kentucky,home,raw,turnovers,1,0,-1,1,no_play_penalty
401757232,2025,2,regular,Toledo,Western Kentucky,home,raw,interceptions,1,0,-1,1,no_play_penalty
401757232,2025,2,regular,Western Kentucky,Toledo,away,raw,total_plays,67,66,-1,1,duplicate_plays
401757232,2025,2,regular,Western Kentucky,Toledo,away,raw,total_yards,333,327.0,-6.0,6.0,duplicate_plays
401757232,2025,2,regular,Western Kentucky,Toledo,away,raw,pass_attempts,39,38,-1,1,duplicate_plays
401757232,2025,2,regular,Western Kentucky,Toledo,away,raw,completions,24,23,-1,1,duplicate_plays
401757232,2025,2,regular,Western Kentucky,Toledo,away,raw,net_pass_yards,274,268.0,-6.0,6.0,duplicate_plays
401757232,2025,2,regular,Western Kentucky,Toledo,away,raw,turnovers,2,1,-1,1,no_play_penalty
401757232,2025,2,regular,Western Kentucky,Toledo,away,raw,fumbles_lost,1,0,-1,1,no_play_penalty
401757232,2025,2,regular,Western Kentucky,Toledo,away,raw,third_down_attempts,14,13,-1,1,no_play_penalty
401757232,2025,2,regular,Western Kentucky,Toledo,away,raw,fourth_down_attempts,2,3,1,1,no_play_penalty
401761598,2025,2,regular,Georgia State,Memphis,home,raw,total_plays,68,82,14,14,safety_accounting
401761598,2025,2,regular,Georgia State,Memphis,home,raw,total_yards,389,565.0,176.0,176.0,safety_accounting
401761598,2025,2,regular,Georgia State,Memphis,home,raw,pass_attempts,41,45,4,4,safety_accounting
401761598,2025,2,regular,Georgia State,Memphis,home,raw,completions,29,38,9,9,no_play_penalty
401761598,2025,2,regular,Georgia State,Memphis,home,raw,net_pass_yards,340,464.0,124.0,124.0,safety_accounting
401761598,2025,2,regular,Georgia State,Memphis,home,raw,rush_attempts,27,37,10,10,safety_accounting
401761598,2025,2,regular,Georgia State,Memphis,home,raw,rush_yards,49,101.0,52.0,52.0,safety_accounting
401761598,2025,2,regular,Georgia State,Memphis,home,raw,turnovers,1,0,-1,1,no_play_penalty
401761598,2025,2,regular,Georgia State,Memphis,home,raw,interceptions,1,0,-1,1,no_play_penalty
401761598,2025,2,regular,Georgia State,Memphis,home,raw,third_down_attempts,15,19,4,4,no_play_penalty
401761598,2025,2,regular,Georgia State,Memphis,home,raw,third_down_conversions,6,10,4,4,no_play_penalty
401761598,2025,2,regular,Georgia State,Memphis,home,raw,fourth_down_attempts,3,2,-1,1,no_play_penalty
401761598,2025,2,regular,Georgia State,Memphis,home,raw,fourth_down_conversions,1,0,-1,1,no_play_penalty
401761598,2025,2,regular,Memphis,Georgia State,away,raw,points,38,31,-7,7,no_play_penalty
401761598,2025,2,regular,Memphis,Georgia State,away,raw,total_plays,60,64,4,4,safety_accounting
401761598,2025,2,regular,Memphis,Georgia State,away,raw,total_yards,401,523.0,122.0,122.0,safety_accounting
401761598,2025,2,regular,Memphis,Georgia State,away,raw,pass_attempts,20,24,4,4,safety_accounting
401761598,2025,2,regular,Memphis,Georgia State,away,raw,completions,16,20,4,4,no_play_penalty
401761598,2025,2,regular,Memphis,Georgia State,away,raw,net_pass_yards,196,251.0,55.0,55.0,safety_accounting
401761598,2025,2,regular,Memphis,Georgia State,away,raw,rush_yards,205,272.0,67.0,67.0,safety_accounting
401761598,2025,2,regular,Memphis,Georgia State,away,raw,third_down_conversions,5,4,-1,1,no_play_penalty
401761601,2025,2,regular,South Alabama,Tulane,home,raw,total_plays,65,64,-1,1,duplicate_plays
401761601,2025,2,regular,South Alabama,Tulane,home,raw,total_yards,421,441.0,20.0,20.0,duplicate_plays
401761601,2025,2,regular,South Alabama,Tulane,home,raw,completions,17,16,-1,1,duplicate_plays
401761601,2025,2,regular,South Alabama,Tulane,home,raw,net_pass_yards,231,232.0,1.0,1.0,duplicate_plays
401761601,2025,2,regular,South Alabama,Tulane,home,raw,rush_attempts,41,40,-1,1,duplicate_plays
401761601,2025,2,regular,South Alabama,Tulane,home,raw,rush_yards,190,209.0,19.0,19.0,duplicate_plays
401761601,2025,2,regular,South Alabama,Tulane,home,raw,turnovers,2,1,-1,1,no_play_penalty
401761601,2025,2,regular,South Alabama,Tulane,home,raw,fumbles_lost,2,1,-1,1,no_play_penalty
401761601,2025,2,regular,Tulane,South Alabama,away,raw,total_plays,72,70,-2,2,fumble_or_safety_swallows_scrimmage_type
401761601,2025,2,regular,Tulane,South Alabama,away,raw,total_yards,406,385.0,-21.0,21.0,fumble_or_safety_swallows_scrimmage_type
401761601,2025,2,regular,Tulane,South Alabama,away,raw,rush_attempts,45,43,-2,2,fumble_or_safety_swallows_scrimmage_type
401761601,2025,2,regular,Tulane,South Alabama,away,raw,rush_yards,241,220.0,-21.0,21.0,fumble_or_safety_swallows_scrimmage_type
401761601,2025,2,regular,Tulane,South Alabama,away,raw,third_down_attempts,17,16,-1,1,no_play_penalty
401752816,2025,2,regular,Michigan State,Boston College,home,raw,points,42,34,-8,8,no_play_penalty
401752816,2025,2,regular,Michigan State,Boston College,home,raw,total_plays,64,69,5,5,sack_accounting
401752816,2025,2,regular,Michigan State,Boston College,home,raw,total_yards,380,381.0,1.0,1.0,sack_accounting
401752816,2025,2,regular,Michigan State,Boston College,home,raw,pass_attempts,29,32,3,3,sack_accounting
401752816,2025,2,regular,Michigan State,Boston College,home,raw,completions,19,20,1,1,no_play_penalty
401752816,2025,2,regular,Michigan State,Boston College,home,raw,net_pass_yards,231,222.0,-9.0,9.0,sack_accounting
401752816,2025,2,regular,Michigan State,Boston College,home,raw,rush_attempts,35,37,2,2,sack_accounting
401752816,2025,2,regular,Michigan State,Boston College,home,raw,rush_yards,149,159.0,10.0,10.0,sack_accounting
401752816,2025,2,regular,Michigan State,Boston College,home,raw,turnovers,1,0,-1,1,no_play_penalty
401752816,2025,2,regular,Michigan State,Boston College,home,raw,fumbles_lost,1,0,-1,1,no_play_penalty
401752816,2025,2,regular,Michigan State,Boston College,home,raw,third_down_attempts,12,15,3,3,no_play_penalty
401752816,2025,2,regular,Michigan State,Boston College,home,raw,third_down_conversions,5,7,2,2,no_play_penalty
401752816,2025,2,regular,Michigan State,Boston College,home,raw,fourth_down_attempts,2,3,1,1,no_play_penalty
401752816,2025,2,regular,Michigan State,Boston College,home,raw,fourth_down_conversions,1,2,1,1,no_play_penalty
401752816,2025,2,regular,Boston College,Michigan State,away,raw,points,40,34,-6,6,no_play_penalty
401752816,2025,2,regular,Boston College,Michigan State,away,raw,total_plays,70,78,8,8,sack_accounting
401752816,2025,2,regular,Boston College,Michigan State,away,raw,total_yards,457,611.0,154.0,154.0,sack_accounting
401752816,2025,2,regular,Boston College,Michigan State,away,raw,pass_attempts,45,48,3,3,sack_accounting
401752816,2025,2,regular,Boston College,Michigan State,away,raw,completions,34,41,7,7,no_play_penalty
401752816,2025,2,regular,Boston College,Michigan State,away,raw,net_pass_yards,390,497.0,107.0,107.0,sack_accounting
401752816,2025,2,regular,Boston College,Michigan State,away,raw,rush_attempts,25,30,5,5,sack_accounting
401752816,2025,2,regular,Boston College,Michigan State,away,raw,rush_yards,67,114.0,47.0,47.0,sack_accounting
401752816,2025,2,regular,Boston College,Michigan State,away,raw,turnovers,1,0,-1,1,no_play_penalty
401752816,2025,2,regular,Boston College,Michigan State,away,raw,fumbles_lost,1,0,-1,1,no_play_penalty
401752816,2025,2,regular,Boston College,Michigan State,away,raw,third_down_conversions,5,4,-1,1,no_play_penalty
401752688,2025,2,regular,Arizona State,Mississippi State,away,raw,total_plays,74,72,-2,2,sack_accounting
401752688,2025,2,regular,Arizona State,Mississippi State,away,raw,pass_attempts,23,21,-2,2,sack_accounting
401752688,2025,2,regular,Arizona State,Mississippi State,away,raw,turnovers,2,1,-1,1,accepted_or_declined_penalty
401752688,2025,2,regular,Arizona State,Mississippi State,away,raw,interceptions,2,1,-1,1,accepted_or_declined_penalty
401752688,2025,2,regular,Arizona State,Mississippi State,away,raw,third_down_attempts,14,13,-1,1,accepted_or_declined_penalty
401752690,2025,2,regular,Oklahoma,Michigan,home,raw,total_plays,74,73,-1,1,sack_accounting
401752690,2025,2,regular,Oklahoma,Michigan,home,raw,total_yards,408,417.0,9.0,9.0,sack_accounting
401752690,2025,2,regular,Oklahoma,Michigan,home,raw,pass_attempts,34,33,-1,1,sack_accounting
401752690,2025,2,regular,Oklahoma,Michigan,home,raw,rush_yards,138,147.0,9.0,9.0,sack_accounting
401752690,2025,2,regular,Oklahoma,Michigan,home,raw,turnovers,2,1,-1,1,no_play_penalty
401752690,2025,2,regular,Oklahoma,Michigan,home,raw,fumbles_lost,1,0,-1,1,no_play_penalty
401752690,2025,2,regular,Oklahoma,Michigan,home,raw,third_down_conversions,9,10,1,1,no_play_penalty
401752690,2025,2,regular,Michigan,Oklahoma,away,raw,total_yards,288,298.0,10.0,10.0,sack_accounting
401752690,2025,2,regular,Michigan,Oklahoma,away,raw,rush_yards,146,156.0,10.0,10.0,sack_accounting
401752810,2025,2,regular,Nebraska,Akron,home,raw,total_plays,73,71,-2,2,safety_accounting
401752810,2025,2,regular,Nebraska,Akron,home,raw,total_yards,728,717.0,-11.0,11.0,safety_accounting
401752810,2025,2,regular,Nebraska,Akron,home,raw,net_pass_yards,494,492.0,-2.0,2.0,safety_accounting
401752810,2025,2,regular,Nebraska,Akron,home,raw,rush_attempts,33,31,-2,2,safety_accounting
401752810,2025,2,regular,Nebraska,Akron,home,raw,rush_yards,234,225.0,-9.0,9.0,safety_accounting
401752810,2025,2,regular,Akron,Nebraska,away,raw,total_plays,59,57,-2,2,duplicate_plays
401752810,2025,2,regular,Akron,Nebraska,away,raw,total_yards,175,201.0,26.0,26.0,duplicate_plays
401752810,2025,2,regular,Akron,Nebraska,away,raw,net_pass_yards,62,68.0,6.0,6.0,duplicate_plays
401752810,2025,2,regular,Akron,Nebraska,away,raw,rush_attempts,36,34,-2,2,duplicate_plays
401752810,2025,2,regular,Akron,Nebraska,away,raw,rush_yards,113,133.0,20.0,20.0,duplicate_plays
401752810,2025,2,regular,Akron,Nebraska,away,raw,third_down_attempts,14,12,-2,2,kneel_accounting
401752683,2025,2,regular,Auburn,Ball State,home,raw,total_plays,67,63,-4,4,fumble_or_safety_swallows_scrimmage_type
401752683,2025,2,regular,Auburn,Ball State,home,raw,total_yards,495,509.0,14.0,14.0,fumble_or_safety_swallows_scrimmage_type
401752683,2025,2,regular,Auburn,Ball State,home,raw,rush_attempts,34,30,-4,4,fumble_or_safety_swallows_scrimmage_type
401752683,2025,2,regular,Auburn,Ball State,home,raw,rush_yards,224,238.0,14.0,14.0,fumble_or_safety_swallows_scrimmage_type
401752683,2025,2,regular,Auburn,Ball State,home,raw,turnovers,1,0,-1,1,kneel_accounting
401752683,2025,2,regular,Auburn,Ball State,home,raw,fumbles_lost,1,0,-1,1,kneel_accounting
401752683,2025,2,regular,Auburn,Ball State,home,raw,third_down_attempts,11,9,-2,2,kneel_accounting
401752683,2025,2,regular,Ball State,Auburn,away,raw,total_plays,49,47,-2,2,fumble_or_safety_swallows_scrimmage_type
401752683,2025,2,regular,Ball State,Auburn,away,raw,total_yards,68,69.0,1.0,1.0,fumble_or_safety_swallows_scrimmage_type
401752683,2025,2,regular,Ball State,Auburn,away,raw,pass_attempts,16,15,-1,1,fumble_or_safety_swallows_scrimmage_type
401752683,2025,2,regular,Ball State,Auburn,away,raw,completions,10,9,-1,1,kneel_accounting
401752683,2025,2,regular,Ball State,Auburn,away,raw,net_pass_yards,71,66.0,-5.0,5.0,fumble_or_safety_swallows_scrimmage_type
401752683,2025,2,regular,Ball State,Auburn,away,raw,rush_attempts,33,32,-1,1,fumble_or_safety_swallows_scrimmage_type
401752683,2025,2,regular,Ball State,Auburn,away,raw,rush_yards,-3,3.0,6.0,6.0,fumble_or_safety_swallows_scrimmage_type
401752683,2025,2,regular,Ball State,Auburn,away,raw,turnovers,1,0,-1,1,kneel_accounting
401752683,2025,2,regular,Ball State,Auburn,away,raw,fumbles_lost,1,0,-1,1,kneel_accounting
401752683,2025,2,regular,Ball State,Auburn,away,raw,third_down_attempts,14,13,-1,1,kneel_accounting
401752687,2025,2,regular,LSU,Louisiana Tech,home,raw,total_plays,75,74,-1,1,duplicate_plays
401752687,2025,2,regular,LSU,Louisiana Tech,home,raw,total_yards,365,381.0,16.0,16.0,duplicate_plays
401752687,2025,2,regular,LSU,Louisiana Tech,home,raw,net_pass_yards,237,256.0,19.0,19.0,duplicate_plays
401752687,2025,2,regular,LSU,Louisiana Tech,home,raw,rush_attempts,34,33,-1,1,duplicate_plays
401752687,2025,2,regular,LSU,Louisiana Tech,home,raw,rush_yards,128,125.0,-3.0,3.0,duplicate_plays
401752695,2025,2,regular,Virginia Tech,Vanderbilt,home,raw,total_plays,60,57,-3,3,duplicate_plays
401752695,2025,2,regular,Virginia Tech,Vanderbilt,home,raw,total_yards,248,254.0,6.0,6.0,duplicate_plays
401752695,2025,2,regular,Virginia Tech,Vanderbilt,home,raw,pass_attempts,29,27,-2,2,duplicate_plays
401752695,2025,2,regular,Virginia Tech,Vanderbilt,home,raw,net_pass_yards,134,138.0,4.0,4.0,duplicate_plays
401752695,2025,2,regular,Virginia Tech,Vanderbilt,home,raw,rush_attempts,31,30,-1,1,duplicate_plays
401752695,2025,2,regular,Virginia Tech,Vanderbilt,home,raw,rush_yards,114,116.0,2.0,2.0,duplicate_plays
401752695,2025,2,regular,Virginia Tech,Vanderbilt,home,raw,turnovers,1,0,-1,1,no_play_penalty
401752695,2025,2,regular,Virginia Tech,Vanderbilt,home,raw,fumbles_lost,1,0,-1,1,no_play_penalty
401752695,2025,2,regular,Virginia Tech,Vanderbilt,home,raw,third_down_attempts,14,13,-1,1,no_play_penalty
401752695,2025,2,regular,Virginia Tech,Vanderbilt,home,raw,third_down_conversions,6,7,1,1,no_play_penalty
401752695,2025,2,regular,Virginia Tech,Vanderbilt,home,raw,fourth_down_attempts,2,1,-1,1,no_play_penalty
401752695,2025,2,regular,Vanderbilt,Virginia Tech,away,raw,total_plays,57,53,-4,4,sack_accounting
401752695,2025,2,regular,Vanderbilt,Virginia Tech,away,raw,total_yards,490,498.0,8.0,8.0,sack_accounting
401752695,2025,2,regular,Vanderbilt,Virginia Tech,away,raw,pass_attempts,20,17,-3,3,sack_accounting
401752695,2025,2,regular,Vanderbilt,Virginia Tech,away,raw,completions,14,12,-2,2,no_play_penalty
401752695,2025,2,regular,Vanderbilt,Virginia Tech,away,raw,net_pass_yards,228,237.0,9.0,9.0,sack_accounting
401752695,2025,2,regular,Vanderbilt,Virginia Tech,away,raw,rush_attempts,37,36,-1,1,sack_accounting
401752695,2025,2,regular,Vanderbilt,Virginia Tech,away,raw,rush_yards,262,261.0,-1.0,1.0,sack_accounting
401752695,2025,2,regular,Vanderbilt,Virginia Tech,away,raw,turnovers,2,1,-1,1,no_play_penalty
401752695,2025,2,regular,Vanderbilt,Virginia Tech,away,raw,fumbles_lost,1,0,-1,1,no_play_penalty
401752814,2025,2,regular,USC,Georgia Southern,home,raw,total_plays,63,62,-1,1,sack_accounting
401752814,2025,2,regular,USC,Georgia Southern,home,raw,total_yards,755,761.0,6.0,6.0,sack_accounting
401752814,2025,2,regular,USC,Georgia Southern,home,raw,net_pass_yards,446,456.0,10.0,10.0,sack_accounting
401752814,2025,2,regular,USC,Georgia Southern,home,raw,rush_attempts,33,32,-1,1,sack_accounting
401752814,2025,2,regular,USC,Georgia Southern,home,raw,rush_yards,309,305.0,-4.0,4.0,sack_accounting
401752814,2025,2,regular,Georgia Southern,USC,away,raw,total_plays,78,75,-3,3,sack_accounting
401752814,2025,2,regular,Georgia Southern,USC,away,raw,total_yards,377,384.0,7.0,7.0,sack_accounting
401752814,2025,2,regular,Georgia Southern,USC,away,raw,pass_attempts,45,44,-1,1,sack_accounting
401752814,2025,2,regular,Georgia Southern,USC,away,raw,net_pass_yards,235,251.0,16.0,16.0,sack_accounting
401752814,2025,2,regular,Georgia Southern,USC,away,raw,rush_attempts,33,31,-2,2,sack_accounting
401752814,2025,2,regular,Georgia Southern,USC,away,raw,rush_yards,142,133.0,-9.0,9.0,sack_accounting
401752681,2025,2,regular,Alabama,UL Monroe,home,raw,total_yards,583,584.0,1.0,1.0,fumble_or_safety_swallows_scrimmage_type
401752681,2025,2,regular,Alabama,UL Monroe,home,raw,net_pass_yards,371,372.0,1.0,1.0,fumble_or_safety_swallows_scrimmage_type
401752681,2025,2,regular,UL Monroe,Alabama,away,raw,total_plays,50,49,-1,1,duplicate_plays
401752681,2025,2,regular,UL Monroe,Alabama,away,raw,total_yards,148,176.0,28.0,28.0,duplicate_plays
401752681,2025,2,regular,UL Monroe,Alabama,away,raw,net_pass_yards,55,86.0,31.0,31.0,duplicate_plays
401752681,2025,2,regular,UL Monroe,Alabama,away,raw,rush_attempts,32,31,-1,1,duplicate_plays
401752681,2025,2,regular,UL Monroe,Alabama,away,raw,rush_yards,93,90.0,-3.0,3.0,duplicate_plays
401752681,2025,2,regular,UL Monroe,Alabama,away,raw,turnovers,3,2,-1,1,no_play_penalty
401752681,2025,2,regular,UL Monroe,Alabama,away,raw,fumbles_lost,2,1,-1,1,no_play_penalty
401752681,2025,2,regular,UL Monroe,Alabama,away,raw,third_down_attempts,14,15,1,1,no_play_penalty
401752681,2025,2,regular,UL Monroe,Alabama,away,raw,third_down_conversions,6,7,1,1,no_play_penalty
401752823,2025,2,regular,UNLV,UCLA,home,raw,total_yards,354,318.0,-36.0,36.0,sack_accounting
401752823,2025,2,regular,UNLV,UCLA,home,raw,pass_attempts,21,20,-1,1,sack_accounting
401752823,2025,2,regular,UNLV,UCLA,home,raw,completions,15,14,-1,1,kneel_accounting
401752823,2025,2,regular,UNLV,UCLA,home,raw,net_pass_yards,203,185.0,-18.0,18.0,sack_accounting
401752823,2025,2,regular,UNLV,UCLA,home,raw,rush_attempts,30,31,1,1,sack_accounting
401752823,2025,2,regular,UNLV,UCLA,home,raw,rush_yards,151,133.0,-18.0,18.0,sack_accounting
401752823,2025,2,regular,UCLA,UNLV,away,raw,total_plays,71,69,-2,2,sack_accounting
401752823,2025,2,regular,UCLA,UNLV,away,raw,total_yards,428,424.0,-4.0,4.0,sack_accounting
401752823,2025,2,regular,UCLA,UNLV,away,raw,pass_attempts,41,40,-1,1,sack_accounting
401752823,2025,2,regular,UCLA,UNLV,away,raw,completions,29,28,-1,1,kneel_accounting
401752823,2025,2,regular,UCLA,UNLV,away,raw,net_pass_yards,255,249.0,-6.0,6.0,sack_accounting
401752823,2025,2,regular,UCLA,UNLV,away,raw,rush_attempts,30,29,-1,1,sack_accounting
401752823,2025,2,regular,UCLA,UNLV,away,raw,rush_yards,173,175.0,2.0,2.0,sack_accounting
401752823,2025,2,regular,UCLA,UNLV,away,raw,third_down_attempts,13,12,-1,1,kneel_accounting
401752823,2025,2,regular,UCLA,UNLV,away,raw,fourth_down_attempts,5,4,-1,1,kneel_accounting
401757229,2025,2,regular,New Mexico State,Tulsa,home,raw,total_plays,71,109,38,38,sack_accounting
401757229,2025,2,regular,New Mexico State,Tulsa,home,raw,total_yards,291,448.0,157.0,157.0,sack_accounting
401757229,2025,2,regular,New Mexico State,Tulsa,home,raw,pass_attempts,45,69,24,24,sack_accounting
401757229,2025,2,regular,New Mexico State,Tulsa,home,raw,completions,28,45,17,17,no_play_penalty
401757229,2025,2,regular,New Mexico State,Tulsa,home,raw,net_pass_yards,252,392.0,140.0,140.0,sack_accounting
401757229,2025,2,regular,New Mexico State,Tulsa,home,raw,rush_attempts,26,40,14,14,sack_accounting
401757229,2025,2,regular,New Mexico State,Tulsa,home,raw,rush_yards,39,56.0,17.0,17.0,sack_accounting
401757229,2025,2,regular,New Mexico State,Tulsa,home,raw,turnovers,1,0,-1,1,no_play_penalty
401757229,2025,2,regular,New Mexico State,Tulsa,home,raw,fumbles_lost,1,0,-1,1,no_play_penalty
401757229,2025,2,regular,New Mexico State,Tulsa,home,raw,third_down_attempts,19,31,12,12,no_play_penalty
401757229,2025,2,regular,New Mexico State,Tulsa,home,raw,third_down_conversions,10,17,7,7,no_play_penalty
401757229,2025,2,regular,New Mexico State,Tulsa,home,raw,fourth_down_attempts,1,2,1,1,no_play_penalty
401757229,2025,2,regular,New Mexico State,Tulsa,home,raw,fourth_down_conversions,1,2,1,1,no_play_penalty
401757229,2025,2,regular,Tulsa,New Mexico State,away,raw,total_plays,77,103,26,26,sack_accounting
401757229,2025,2,regular,Tulsa,New Mexico State,away,raw,total_yards,376,465.0,89.0,89.0,sack_accounting
401757229,2025,2,regular,Tulsa,New Mexico State,away,raw,pass_attempts,40,49,9,9,sack_accounting
401757229,2025,2,regular,Tulsa,New Mexico State,away,raw,completions,27,31,4,4,no_play_penalty
401757229,2025,2,regular,Tulsa,New Mexico State,away,raw,net_pass_yards,235,266.0,31.0,31.0,sack_accounting
401757229,2025,2,regular,Tulsa,New Mexico State,away,raw,rush_attempts,37,54,17,17,sack_accounting
401757229,2025,2,regular,Tulsa,New Mexico State,away,raw,rush_yards,141,199.0,58.0,58.0,sack_accounting
401757229,2025,2,regular,Tulsa,New Mexico State,away,raw,turnovers,2,1,-1,1,no_play_penalty
401757229,2025,2,regular,Tulsa,New Mexico State,away,raw,interceptions,2,1,-1,1,no_play_penalty
401757229,2025,2,regular,Tulsa,New Mexico State,away,raw,third_down_attempts,15,20,5,5,no_play_penalty
401757229,2025,2,regular,Tulsa,New Mexico State,away,raw,third_down_conversions,6,7,1,1,no_play_penalty
401757229,2025,2,regular,Tulsa,New Mexico State,away,raw,fourth_down_attempts,4,6,2,2,no_play_penalty
401754526,2025,2,regular,BYU,Stanford,home,raw,total_yards,332,337.0,5.0,5.0,fumble_or_safety_swallows_scrimmage_type
401754526,2025,2,regular,BYU,Stanford,home,raw,net_pass_yards,175,165.0,-10.0,10.0,fumble_or_safety_swallows_scrimmage_type
401754526,2025,2,regular,BYU,Stanford,home,raw,rush_yards,157,172.0,15.0,15.0,fumble_or_safety_swallows_scrimmage_type
401754526,2025,2,regular,BYU,Stanford,home,raw,third_down_attempts,14,15,1,1,no_play_penalty
401754526,2025,2,regular,Stanford,BYU,away,raw,total_plays,56,53,-3,3,fumble_or_safety_swallows_scrimmage_type
401754526,2025,2,regular,Stanford,BYU,away,raw,total_yards,161,170.0,9.0,9.0,fumble_or_safety_swallows_scrimmage_type
401754526,2025,2,regular,Stanford,BYU,away,raw,pass_attempts,32,30,-2,2,fumble_or_safety_swallows_scrimmage_type
401754526,2025,2,regular,Stanford,BYU,away,raw,rush_attempts,24,23,-1,1,fumble_or_safety_swallows_scrimmage_type
401754526,2025,2,regular,Stanford,BYU,away,raw,rush_yards,19,28.0,9.0,9.0,fumble_or_safety_swallows_scrimmage_type
401754526,2025,2,regular,Stanford,BYU,away,raw,turnovers,3,2,-1,1,no_play_penalty
401754526,2025,2,regular,Stanford,BYU,away,raw,fumbles_lost,1,0,-1,1,no_play_penalty
401754526,2025,2,regular,Stanford,BYU,away,raw,third_down_attempts,13,12,-1,1,no_play_penalty
401754526,2025,2,regular,Stanford,BYU,away,raw,fourth_down_attempts,3,2,-1,1,no_play_penalty
401752948,2025,2,regular,Washington State,San Diego State,home,raw,total_plays,75,76,1,1,fumble_or_safety_swallows_scrimmage_type
401752948,2025,2,regular,Washington State,San Diego State,home,raw,total_yards,402,387.0,-15.0,15.0,fumble_or_safety_swallows_scrimmage_type
401752948,2025,2,regular,Washington State,San Diego State,home,raw,pass_attempts,42,40,-2,2,fumble_or_safety_swallows_scrimmage_type
401752948,2025,2,regular,Washington State,San Diego State,home,raw,completions,28,26,-2,2,no_play_penalty
401752948,2025,2,regular,Washington State,San Diego State,home,raw,net_pass_yards,257,248.0,-9.0,9.0,fumble_or_safety_swallows_scrimmage_type
401752948,2025,2,regular,Washington State,San Diego State,home,raw,rush_attempts,33,36,3,3,fumble_or_safety_swallows_scrimmage_type
401752948,2025,2,regular,Washington State,San Diego State,home,raw,rush_yards,145,139.0,-6.0,6.0,fumble_or_safety_swallows_scrimmage_type
401752948,2025,2,regular,Washington State,San Diego State,home,raw,third_down_attempts,18,17,-1,1,no_play_penalty
401752948,2025,2,regular,San Diego State,Washington State,away,raw,total_yards,215,272.0,57.0,57.0,duplicate_plays
401752948,2025,2,regular,San Diego State,Washington State,away,raw,pass_attempts,30,31,1,1,duplicate_plays
401752948,2025,2,regular,San Diego State,Washington State,away,raw,completions,15,16,1,1,duplicate_plays
401752948,2025,2,regular,San Diego State,Washington State,away,raw,net_pass_yards,133,182.0,49.0,49.0,duplicate_plays
401752948,2025,2,regular,San Diego State,Washington State,away,raw,rush_attempts,30,29,-1,1,duplicate_plays
401752948,2025,2,regular,San Diego State,Washington State,away,raw,rush_yards,82,90.0,8.0,8.0,duplicate_plays
401752948,2025,2,regular,San Diego State,Washington State,away,raw,third_down_conversions,2,3,1,1,no_play_penalty
401752948,2025,2,regular,San Diego State,Washington State,away,raw,fourth_down_attempts,4,5,1,1,no_play_penalty
401757230,2025,2,regular,Hawai'i,Sam Houston,home,raw,total_plays,77,74,-3,3,duplicate_plays
401757230,2025,2,regular,Hawai'i,Sam Houston,home,raw,total_yards,417,410.0,-7.0,7.0,duplicate_plays
401757230,2025,2,regular,Hawai'i,Sam Houston,home,raw,pass_attempts,43,42,-1,1,duplicate_plays
401757230,2025,2,regular,Hawai'i,Sam Houston,home,raw,rush_attempts,34,32,-2,2,duplicate_plays
401757230,2025,2,regular,Hawai'i,Sam Houston,home,raw,rush_yards,123,116.0,-7.0,7.0,duplicate_plays
401757230,2025,2,regular,Hawai'i,Sam Houston,home,raw,third_down_attempts,17,14,-3,3,no_play_penalty
401757230,2025,2,regular,Hawai'i,Sam Houston,home,raw,third_down_conversions,6,7,1,1,no_play_penalty
401757230,2025,2,regular,Sam Houston,Hawai'i,away,raw,total_plays,59,56,-3,3,duplicate_plays
401757230,2025,2,regular,Sam Houston,Hawai'i,away,raw,total_yards,248,274.0,26.0,26.0,duplicate_plays
401757230,2025,2,regular,Sam Houston,Hawai'i,away,raw,rush_attempts,31,28,-3,3,duplicate_plays
401757230,2025,2,regular,Sam Houston,Hawai'i,away,raw,rush_yards,89,115.0,26.0,26.0,duplicate_plays
401757230,2025,2,regular,Sam Houston,Hawai'i,away,raw,turnovers,1,0,-1,1,no_play_penalty
401757230,2025,2,regular,Sam Houston,Hawai'i,away,raw,interceptions,1,0,-1,1,no_play_penalty
401757230,2025,2,regular,Sam Houston,Hawai'i,away,raw,third_down_attempts,11,9,-2,2,no_play_penalty
401757230,2025,2,regular,Sam Houston,Hawai'i,away,raw,fourth_down_attempts,1,2,1,1,no_play_penalty
401757278,2025,7,regular,Middle Tennessee,Missouri State,home,raw,total_plays,66,65,-1,1,fumble_or_safety_swallows_scrimmage_type
401757278,2025,7,regular,Middle Tennessee,Missouri State,home,raw,total_yards,366,361.0,-5.0,5.0,fumble_or_safety_swallows_scrimmage_type
401757278,2025,7,regular,Middle Tennessee,Missouri State,home,raw,pass_attempts,42,38,-4,4,fumble_or_safety_swallows_scrimmage_type
401757278,2025,7,regular,Middle Tennessee,Missouri State,home,raw,completions,30,28,-2,2,accepted_or_declined_penalty
401757278,2025,7,regular,Middle Tennessee,Missouri State,home,raw,net_pass_yards,267,246.0,-21.0,21.0,fumble_or_safety_swallows_scrimmage_type
401757278,2025,7,regular,Middle Tennessee,Missouri State,home,raw,rush_attempts,24,27,3,3,fumble_or_safety_swallows_scrimmage_type
401757278,2025,7,regular,Middle Tennessee,Missouri State,home,raw,rush_yards,99,115.0,16.0,16.0,fumble_or_safety_swallows_scrimmage_type
401757278,2025,7,regular,Middle Tennessee,Missouri State,home,raw,turnovers,0,1,1,1,accepted_or_declined_penalty
401757278,2025,7,regular,Middle Tennessee,Missouri State,home,raw,fumbles_lost,0,1,1,1,accepted_or_declined_penalty
401757278,2025,7,regular,Middle Tennessee,Missouri State,home,raw,third_down_attempts,16,15,-1,1,accepted_or_declined_penalty
401757278,2025,7,regular,Middle Tennessee,Missouri State,home,raw,third_down_conversions,7,8,1,1,accepted_or_declined_penalty
401757278,2025,7,regular,Missouri State,Middle Tennessee,away,raw,total_plays,63,49,-14,14,fumble_or_safety_swallows_scrimmage_type
401757278,2025,7,regular,Missouri State,Middle Tennessee,away,raw,total_yards,361,331.0,-30.0,30.0,fumble_or_safety_swallows_scrimmage_type
401757278,2025,7,regular,Missouri State,Middle Tennessee,away,raw,pass_attempts,31,23,-8,8,fumble_or_safety_swallows_scrimmage_type
401757278,2025,7,regular,Missouri State,Middle Tennessee,away,raw,completions,16,12,-4,4,accepted_or_declined_penalty
401757278,2025,7,regular,Missouri State,Middle Tennessee,away,raw,net_pass_yards,278,259.0,-19.0,19.0,fumble_or_safety_swallows_scrimmage_type
401757278,2025,7,regular,Missouri State,Middle Tennessee,away,raw,rush_attempts,32,26,-6,6,fumble_or_safety_swallows_scrimmage_type
401757278,2025,7,regular,Missouri State,Middle Tennessee,away,raw,rush_yards,83,72.0,-11.0,11.0,fumble_or_safety_swallows_scrimmage_type
401757278,2025,7,regular,Missouri State,Middle Tennessee,away,raw,third_down_attempts,15,11,-4,4,accepted_or_declined_penalty
401757278,2025,7,regular,Missouri State,Middle Tennessee,away,raw,third_down_conversions,4,3,-1,1,accepted_or_declined_penalty
401757278,2025,7,regular,Missouri State,Middle Tennessee,away,raw,fourth_down_attempts,1,0,-1,1,accepted_or_declined_penalty
401757277,2025,7,regular,UTEP,Liberty,home,raw,total_plays,52,42,-10,10,sack_accounting
401757277,2025,7,regular,UTEP,Liberty,home,raw,total_yards,167,102.0,-65.0,65.0,sack_accounting
401757277,2025,7,regular,UTEP,Liberty,home,raw,pass_attempts,27,22,-5,5,sack_accounting
401757277,2025,7,regular,UTEP,Liberty,home,raw,completions,13,11,-2,2,no_play_penalty
401757277,2025,7,regular,UTEP,Liberty,home,raw,net_pass_yards,111,61.0,-50.0,50.0,sack_accounting
401757277,2025,7,regular,UTEP,Liberty,home,raw,rush_attempts,25,20,-5,5,sack_accounting
401757277,2025,7,regular,UTEP,Liberty,home,raw,rush_yards,56,41.0,-15.0,15.0,sack_accounting
401757277,2025,7,regular,UTEP,Liberty,home,raw,turnovers,2,1,-1,1,no_play_penalty
401757277,2025,7,regular,UTEP,Liberty,home,raw,interceptions,2,1,-1,1,no_play_penalty
401757277,2025,7,regular,UTEP,Liberty,home,raw,third_down_attempts,15,11,-4,4,no_play_penalty
401757277,2025,7,regular,UTEP,Liberty,home,raw,third_down_conversions,3,2,-1,1,no_play_penalty
401757277,2025,7,regular,UTEP,Liberty,home,raw,fourth_down_attempts,2,1,-1,1,no_play_penalty
401757277,2025,7,regular,UTEP,Liberty,home,raw,fourth_down_conversions,1,0,-1,1,no_play_penalty
401757277,2025,7,regular,Liberty,UTEP,away,raw,total_yards,408,410.0,2.0,2.0,sack_accounting
401757277,2025,7,regular,Liberty,UTEP,away,raw,pass_attempts,33,32,-1,1,sack_accounting
401757277,2025,7,regular,Liberty,UTEP,away,raw,completions,19,18,-1,1,no_play_penalty
401757277,2025,7,regular,Liberty,UTEP,away,raw,rush_attempts,47,48,1,1,sack_accounting
401757277,2025,7,regular,Liberty,UTEP,away,raw,rush_yards,165,167.0,2.0,2.0,sack_accounting
401757277,2025,7,regular,Liberty,UTEP,away,raw,third_down_attempts,18,16,-2,2,no_play_penalty
401757280,2025,7,regular,Kennesaw State,Louisiana Tech,home,raw,total_plays,63,64,1,1,sack_accounting
401757280,2025,7,regular,Kennesaw State,Louisiana Tech,home,raw,completions,27,26,-1,1,no_play_penalty
401757280,2025,7,regular,Kennesaw State,Louisiana Tech,home,raw,net_pass_yards,290,284.0,-6.0,6.0,sack_accounting
401757280,2025,7,regular,Kennesaw State,Louisiana Tech,home,raw,rush_attempts,27,28,1,1,sack_accounting
401757280,2025,7,regular,Kennesaw State,Louisiana Tech,home,raw,rush_yards,110,116.0,6.0,6.0,sack_accounting
401757280,2025,7,regular,Kennesaw State,Louisiana Tech,home,raw,third_down_attempts,14,15,1,1,no_play_penalty
401757280,2025,7,regular,Louisiana Tech,Kennesaw State,away,raw,total_plays,75,73,-2,2,sack_accounting
401757280,2025,7,regular,Louisiana Tech,Kennesaw State,away,raw,total_yards,305,320.0,15.0,15.0,sack_accounting
401757280,2025,7,regular,Louisiana Tech,Kennesaw State,away,raw,pass_attempts,35,33,-2,2,sack_accounting
401757280,2025,7,regular,Louisiana Tech,Kennesaw State,away,raw,net_pass_yards,169,168.0,-1.0,1.0,sack_accounting
401757280,2025,7,regular,Louisiana Tech,Kennesaw State,away,raw,rush_yards,136,152.0,16.0,16.0,sack_accounting
401757280,2025,7,regular,Louisiana Tech,Kennesaw State,away,raw,third_down_attempts,17,16,-1,1,no_play_penalty
401762480,2025,7,regular,Tulane,East Carolina,home,raw,total_plays,62,61,-1,1,sack_accounting
401762480,2025,7,regular,Tulane,East Carolina,home,raw,total_yards,458,460.0,2.0,2.0,sack_accounting
401762480,2025,7,regular,Tulane,East Carolina,home,raw,rush_attempts,25,24,-1,1,sack_accounting
401762480,2025,7,regular,Tulane,East Carolina,home,raw,rush_yards,96,98.0,2.0,2.0,sack_accounting
401762480,2025,7,regular,East Carolina,Tulane,away,raw,total_plays,73,72,-1,1,sack_accounting
401762480,2025,7,regular,East Carolina,Tulane,away,raw,total_yards,340,352.0,12.0,12.0,sack_accounting
401762480,2025,7,regular,East Carolina,Tulane,away,raw,pass_attempts,30,29,-1,1,sack_accounting
401762480,2025,7,regular,East Carolina,Tulane,away,raw,net_pass_yards,180,192.0,12.0,12.0,sack_accounting
401762480,2025,7,regular,East Carolina,Tulane,away,raw,third_down_attempts,19,18,-1,1,no_play_penalty
401761622,2025,7,regular,Georgia Southern,Southern Miss,home,raw,total_plays,77,73,-4,4,fumble_or_safety_swallows_scrimmage_type
401761622,2025,7,regular,Georgia Southern,Southern Miss,home,raw,total_yards,395,397.0,2.0,2.0,fumble_or_safety_swallows_scrimmage_type
401761622,2025,7,regular,Georgia Southern,Southern Miss,home,raw,pass_attempts,43,39,-4,4,fumble_or_safety_swallows_scrimmage_type
401761622,2025,7,regular,Georgia Southern,Southern Miss,home,raw,net_pass_yards,313,315.0,2.0,2.0,fumble_or_safety_swallows_scrimmage_type
401761622,2025,7,regular,Southern Miss,Georgia Southern,away,raw,total_plays,76,73,-3,3,duplicate_plays
401761622,2025,7,regular,Southern Miss,Georgia Southern,away,raw,total_yards,421,423.0,2.0,2.0,duplicate_plays
401761622,2025,7,regular,Southern Miss,Georgia Southern,away,raw,pass_attempts,28,27,-1,1,duplicate_plays
401761622,2025,7,regular,Southern Miss,Georgia Southern,away,raw,completions,19,18,-1,1,duplicate_plays
401761622,2025,7,regular,Southern Miss,Georgia Southern,away,raw,net_pass_yards,237,227.0,-10.0,10.0,duplicate_plays
401761622,2025,7,regular,Southern Miss,Georgia Southern,away,raw,rush_attempts,48,46,-2,2,duplicate_plays
401761622,2025,7,regular,Southern Miss,Georgia Southern,away,raw,rush_yards,184,196.0,12.0,12.0,duplicate_plays
401761622,2025,7,regular,Southern Miss,Georgia Southern,away,raw,turnovers,1,0,-1,1,no_play_penalty
401761622,2025,7,regular,Southern Miss,Georgia Southern,away,raw,fumbles_lost,1,0,-1,1,no_play_penalty
401761622,2025,7,regular,Southern Miss,Georgia Southern,away,raw,third_down_attempts,15,14,-1,1,no_play_penalty
401757279,2025,7,regular,Sam Houston,Jacksonville State,home,raw,total_plays,52,49,-3,3,sack_accounting
401757279,2025,7,regular,Sam Houston,Jacksonville State,home,raw,total_yards,286,278.0,-8.0,8.0,sack_accounting
401757279,2025,7,regular,Sam Houston,Jacksonville State,home,raw,rush_attempts,33,30,-3,3,sack_accounting
401757279,2025,7,regular,Sam Houston,Jacksonville State,home,raw,rush_yards,150,142.0,-8.0,8.0,sack_accounting
401757279,2025,7,regular,Sam Houston,Jacksonville State,home,raw,third_down_attempts,12,10,-2,2,no_play_penalty
401757279,2025,7,regular,Jacksonville State,Sam Houston,away,raw,total_plays,80,77,-3,3,sack_accounting
401757279,2025,7,regular,Jacksonville State,Sam Houston,away,raw,total_yards,499,486.0,-13.0,13.0,sack_accounting
401757279,2025,7,regular,Jacksonville State,Sam Houston,away,raw,net_pass_yards,129,136.0,7.0,7.0,sack_accounting
401757279,2025,7,regular,Jacksonville State,Sam Houston,away,raw,rush_attempts,63,60,-3,3,sack_accounting
401757279,2025,7,regular,Jacksonville State,Sam Houston,away,raw,rush_yards,370,350.0,-20.0,20.0,sack_accounting
401757279,2025,7,regular,Jacksonville State,Sam Houston,away,raw,turnovers,1,0,-1,1,no_play_penalty
401757279,2025,7,regular,Jacksonville State,Sam Houston,away,raw,fumbles_lost,1,0,-1,1,no_play_penalty
401757279,2025,7,regular,Jacksonville State,Sam Houston,away,raw,third_down_attempts,15,13,-2,2,no_play_penalty
401762481,2025,7,regular,North Texas,South Florida,home,raw,total_plays,78,74,-4,4,fumble_or_safety_swallows_scrimmage_type
401762481,2025,7,regular,North Texas,South Florida,home,raw,total_yards,423,458.0,35.0,35.0,fumble_or_safety_swallows_scrimmage_type
401762481,2025,7,regular,North Texas,South Florida,home,raw,pass_attempts,49,45,-4,4,fumble_or_safety_swallows_scrimmage_type
401762481,2025,7,regular,North Texas,South Florida,home,raw,completions,30,29,-1,1,no_play_penalty
401762481,2025,7,regular,North Texas,South Florida,home,raw,net_pass_yards,326,360.0,34.0,34.0,fumble_or_safety_swallows_scrimmage_type
401762481,2025,7,regular,North Texas,South Florida,home,raw,rush_yards,97,98.0,1.0,1.0,fumble_or_safety_swallows_scrimmage_type
401762481,2025,7,regular,North Texas,South Florida,home,raw,turnovers,5,3,-2,2,no_play_penalty
401762481,2025,7,regular,North Texas,South Florida,home,raw,fumbles_lost,2,0,-2,2,no_play_penalty
401762481,2025,7,regular,North Texas,South Florida,home,raw,third_down_attempts,18,17,-1,1,no_play_penalty
401762481,2025,7,regular,South Florida,North Texas,away,raw,total_plays,84,81,-3,3,fumble_or_safety_swallows_scrimmage_type
401762481,2025,7,regular,South Florida,North Texas,away,raw,total_yards,582,571.0,-11.0,11.0,fumble_or_safety_swallows_scrimmage_type
401762481,2025,7,regular,South Florida,North Texas,away,raw,pass_attempts,29,28,-1,1,fumble_or_safety_swallows_scrimmage_type
401762481,2025,7,regular,South Florida,North Texas,away,raw,rush_attempts,55,53,-2,2,fumble_or_safety_swallows_scrimmage_type
401762481,2025,7,regular,South Florida,North Texas,away,raw,rush_yards,308,297.0,-11.0,11.0,fumble_or_safety_swallows_scrimmage_type
401762481,2025,7,regular,South Florida,North Texas,away,raw,turnovers,3,1,-2,2,no_play_penalty
401762481,2025,7,regular,South Florida,North Texas,away,raw,interceptions,1,0,-1,1,no_play_penalty
401762481,2025,7,regular,South Florida,North Texas,away,raw,fumbles_lost,2,1,-1,1,no_play_penalty
401760388,2025,7,regular,Colorado State,Fresno State,home,raw,total_plays,53,52,-1,1,sack_accounting
401760388,2025,7,regular,Colorado State,Fresno State,home,raw,total_yards,334,340.0,6.0,6.0,sack_accounting
401760388,2025,7,regular,Colorado State,Fresno State,home,raw,pass_attempts,18,17,-1,1,sack_accounting
401760388,2025,7,regular,Colorado State,Fresno State,home,raw,completions,12,11,-1,1,no_play_penalty
401760388,2025,7,regular,Colorado State,Fresno State,home,raw,net_pass_yards,144,140.0,-4.0,4.0,sack_accounting
401760388,2025,7,regular,Colorado State,Fresno State,home,raw,rush_yards,190,200.0,10.0,10.0,sack_accounting
401760388,2025,7,regular,Fresno State,Colorado State,away,raw,total_plays,80,76,-4,4,sack_accounting
401760388,2025,7,regular,Fresno State,Colorado State,away,raw,total_yards,469,473.0,4.0,4.0,sack_accounting
401760388,2025,7,regular,Fresno State,Colorado State,away,raw,pass_attempts,49,47,-2,2,sack_accounting
401760388,2025,7,regular,Fresno State,Colorado State,away,raw,net_pass_yards,350,365.0,15.0,15.0,sack_accounting
401760388,2025,7,regular,Fresno State,Colorado State,away,raw,rush_attempts,31,29,-2,2,sack_accounting
401760388,2025,7,regular,Fresno State,Colorado State,away,raw,rush_yards,119,108.0,-11.0,11.0,sack_accounting
401760388,2025,7,regular,Fresno State,Colorado State,away,raw,turnovers,4,1,-3,3,no_play_penalty
401760388,2025,7,regular,Fresno State,Colorado State,away,raw,interceptions,3,1,-2,2,no_play_penalty
401760388,2025,7,regular,Fresno State,Colorado State,away,raw,fumbles_lost,1,0,-1,1,no_play_penalty
401760388,2025,7,regular,Fresno State,Colorado State,away,raw,third_down_attempts,12,11,-1,1,no_play_penalty
401760388,2025,7,regular,Fresno State,Colorado State,away,raw,fourth_down_attempts,4,5,1,1,no_play_penalty
401752862,2025,7,regular,Washington,Rutgers,home,raw,total_plays,56,57,1,1,fumble_or_safety_swallows_scrimmage_type
401752862,2025,7,regular,Washington,Rutgers,home,raw,total_yards,590,550.0,-40.0,40.0,fumble_or_safety_swallows_scrimmage_type
401752862,2025,7,regular,Washington,Rutgers,home,raw,pass_attempts,27,26,-1,1,fumble_or_safety_swallows_scrimmage_type
401752862,2025,7,regular,Washington,Rutgers,home,raw,completions,21,20,-1,1,no_play_penalty
401752862,2025,7,regular,Washington,Rutgers,home,raw,net_pass_yards,402,389.0,-13.0,13.0,fumble_or_safety_swallows_scrimmage_type
401752862,2025,7,regular,Washington,Rutgers,home,raw,rush_attempts,29,31,2,2,fumble_or_safety_swallows_scrimmage_type
401752862,2025,7,regular,Washington,Rutgers,home,raw,rush_yards,188,161.0,-27.0,27.0,fumble_or_safety_swallows_scrimmage_type
401752862,2025,7,regular,Rutgers,Washington,away,raw,total_plays,77,76,-1,1,duplicate_plays
401752862,2025,7,regular,Rutgers,Washington,away,raw,total_yards,493,481.0,-12.0,12.0,duplicate_plays
401752862,2025,7,regular,Rutgers,Washington,away,raw,net_pass_yards,386,369.0,-17.0,17.0,duplicate_plays
401752862,2025,7,regular,Rutgers,Washington,away,raw,rush_attempts,27,26,-1,1,duplicate_plays
401752862,2025,7,regular,Rutgers,Washington,away,raw,rush_yards,107,112.0,5.0,5.0,duplicate_plays
401752862,2025,7,regular,Rutgers,Washington,away,raw,turnovers,1,0,-1,1,no_play_penalty
401752862,2025,7,regular,Rutgers,Washington,away,raw,interceptions,1,0,-1,1,no_play_penalty
401756920,2025,7,regular,Oklahoma State,Houston,home,raw,total_yards,225,248.0,23.0,23.0,fumble_or_safety_swallows_scrimmage_type
401756920,2025,7,regular,Oklahoma State,Houston,home,raw,pass_attempts,20,21,1,1,fumble_or_safety_swallows_scrimmage_type
401756920,2025,7,regular,Oklahoma State,Houston,home,raw,net_pass_yards,180,204.0,24.0,24.0,fumble_or_safety_swallows_scrimmage_type
401756920,2025,7,regular,Oklahoma State,Houston,home,raw,rush_attempts,31,30,-1,1,fumble_or_safety_swallows_scrimmage_type
401756920,2025,7,regular,Oklahoma State,Houston,home,raw,rush_yards,45,44.0,-1.0,1.0,fumble_or_safety_swallows_scrimmage_type
401756920,2025,7,regular,Oklahoma State,Houston,home,raw,third_down_conversions,5,6,1,1,accepted_or_declined_penalty
401756920,2025,7,regular,Houston,Oklahoma State,away,raw,total_plays,78,85,7,7,fumble_or_safety_swallows_scrimmage_type
401756920,2025,7,regular,Houston,Oklahoma State,away,raw,total_yards,487,442.0,-45.0,45.0,fumble_or_safety_swallows_scrimmage_type
401756920,2025,7,regular,Houston,Oklahoma State,away,raw,pass_attempts,34,38,4,4,fumble_or_safety_swallows_scrimmage_type
401756920,2025,7,regular,Houston,Oklahoma State,away,raw,net_pass_yards,319,281.0,-38.0,38.0,fumble_or_safety_swallows_scrimmage_type
401756920,2025,7,regular,Houston,Oklahoma State,away,raw,rush_attempts,44,47,3,3,fumble_or_safety_swallows_scrimmage_type
401756920,2025,7,regular,Houston,Oklahoma State,away,raw,rush_yards,168,161.0,-7.0,7.0,fumble_or_safety_swallows_scrimmage_type
401756920,2025,7,regular,Houston,Oklahoma State,away,raw,third_down_attempts,15,16,1,1,accepted_or_declined_penalty
401756920,2025,7,regular,Houston,Oklahoma State,away,raw,third_down_conversions,6,5,-1,1,accepted_or_declined_penalty
401761625,2025,7,regular,James Madison,Louisiana,home,raw,total_plays,78,76,-2,2,fumble_or_safety_swallows_scrimmage_type
401761625,2025,7,regular,James Madison,Louisiana,home,raw,total_yards,483,470.0,-13.0,13.0,fumble_or_safety_swallows_scrimmage_type
401761625,2025,7,regular,James Madison,Louisiana,home,raw,pass_attempts,40,36,-4,4,fumble_or_safety_swallows_scrimmage_type
401761625,2025,7,regular,James Madison,Louisiana,home,raw,completions,26,23,-3,3,no_play_penalty
401761625,2025,7,regular,James Madison,Louisiana,home,raw,net_pass_yards,290,294.0,4.0,4.0,fumble_or_safety_swallows_scrimmage_type
401761625,2025,7,regular,James Madison,Louisiana,home,raw,rush_attempts,38,40,2,2,fumble_or_safety_swallows_scrimmage_type
401761625,2025,7,regular,James Madison,Louisiana,home,raw,rush_yards,193,176.0,-17.0,17.0,fumble_or_safety_swallows_scrimmage_type
401761625,2025,7,regular,James Madison,Louisiana,home,raw,turnovers,3,2,-1,1,no_play_penalty
401761625,2025,7,regular,James Madison,Louisiana,home,raw,fumbles_lost,2,1,-1,1,no_play_penalty
401761625,2025,7,regular,James Madison,Louisiana,home,raw,third_down_attempts,17,16,-1,1,no_play_penalty
401761625,2025,7,regular,Louisiana,James Madison,away,raw,total_plays,56,55,-1,1,fumble_or_safety_swallows_scrimmage_type
401761625,2025,7,regular,Louisiana,James Madison,away,raw,total_yards,288,285.0,-3.0,3.0,fumble_or_safety_swallows_scrimmage_type
401761625,2025,7,regular,Louisiana,James Madison,away,raw,rush_attempts,28,27,-1,1,fumble_or_safety_swallows_scrimmage_type
401761625,2025,7,regular,Louisiana,James Madison,away,raw,rush_yards,45,42.0,-3.0,3.0,fumble_or_safety_swallows_scrimmage_type
401761625,2025,7,regular,Louisiana,James Madison,away,raw,turnovers,1,0,-1,1,no_play_penalty
401761625,2025,7,regular,Louisiana,James Madison,away,raw,interceptions,1,0,-1,1,no_play_penalty
401761625,2025,7,regular,Louisiana,James Madison,away,raw,third_down_attempts,14,13,-1,1,no_play_penalty
401756917,2025,7,regular,Cincinnati,UCF,home,raw,total_plays,48,46,-2,2,fumble_or_safety_swallows_scrimmage_type
401756917,2025,7,regular,Cincinnati,UCF,home,raw,total_yards,306,293.0,-13.0,13.0,fumble_or_safety_swallows_scrimmage_type
401756917,2025,7,regular,Cincinnati,UCF,home,raw,rush_attempts,27,25,-2,2,fumble_or_safety_swallows_scrimmage_type
401756917,2025,7,regular,Cincinnati,UCF,home,raw,rush_yards,115,102.0,-13.0,13.0,fumble_or_safety_swallows_scrimmage_type
401756917,2025,7,regular,Cincinnati,UCF,home,raw,third_down_attempts,9,8,-1,1,no_play_penalty
401756917,2025,7,regular,UCF,Cincinnati,away,raw,total_yards,413,397.0,-16.0,16.0,fumble_or_safety_swallows_scrimmage_type
401756917,2025,7,regular,UCF,Cincinnati,away,raw,completions,28,27,-1,1,no_play_penalty
401756917,2025,7,regular,UCF,Cincinnati,away,raw,net_pass_yards,222,206.0,-16.0,16.0,fumble_or_safety_swallows_scrimmage_type
401756917,2025,7,regular,UCF,Cincinnati,away,raw,turnovers,1,0,-1,1,no_play_penalty
401756917,2025,7,regular,UCF,Cincinnati,away,raw,fumbles_lost,1,0,-1,1,no_play_penalty
401756917,2025,7,regular,UCF,Cincinnati,away,raw,fourth_down_attempts,6,7,1,1,no_play_penalty
401762483,2025,7,regular,Army,Charlotte,home,raw,total_plays,69,68,-1,1,fumble_or_safety_swallows_scrimmage_type
401762483,2025,7,regular,Army,Charlotte,home,raw,total_yards,355,325.0,-30.0,30.0,fumble_or_safety_swallows_scrimmage_type
401762483,2025,7,regular,Army,Charlotte,home,raw,rush_attempts,63,62,-1,1,fumble_or_safety_swallows_scrimmage_type
401762483,2025,7,regular,Army,Charlotte,home,raw,rush_yards,305,275.0,-30.0,30.0,fumble_or_safety_swallows_scrimmage_type
401762483,2025,7,regular,Army,Charlotte,home,raw,turnovers,1,0,-1,1,no_play_penalty
401762483,2025,7,regular,Army,Charlotte,home,raw,fumbles_lost,1,0,-1,1,no_play_penalty
401762483,2025,7,regular,Charlotte,Army,away,raw,total_plays,55,53,-2,2,fumble_or_safety_swallows_scrimmage_type
401762483,2025,7,regular,Charlotte,Army,away,raw,total_yards,178,173.0,-5.0,5.0,fumble_or_safety_swallows_scrimmage_type
401762483,2025,7,regular,Charlotte,Army,away,raw,pass_attempts,26,25,-1,1,fumble_or_safety_swallows_scrimmage_type
401762483,2025,7,regular,Charlotte,Army,away,raw,completions,16,15,-1,1,no_play_penalty
401762483,2025,7,regular,Charlotte,Army,away,raw,net_pass_yards,110,115.0,5.0,5.0,fumble_or_safety_swallows_scrimmage_type
401762483,2025,7,regular,Charlotte,Army,away,raw,rush_attempts,29,28,-1,1,fumble_or_safety_swallows_scrimmage_type
401762483,2025,7,regular,Charlotte,Army,away,raw,rush_yards,68,58.0,-10.0,10.0,fumble_or_safety_swallows_scrimmage_type
401754561,2025,7,regular,SMU,Stanford,home,raw,total_yards,370,378.0,8.0,8.0,fumble_or_safety_swallows_scrimmage_type
401754561,2025,7,regular,SMU,Stanford,home,raw,pass_attempts,30,29,-1,1,fumble_or_safety_swallows_scrimmage_type
401754561,2025,7,regular,SMU,Stanford,home,raw,completions,22,21,-1,1,no_play_penalty
401754561,2025,7,regular,SMU,Stanford,home,raw,net_pass_yards,247,256.0,9.0,9.0,fumble_or_safety_swallows_scrimmage_type
401754561,2025,7,regular,SMU,Stanford,home,raw,rush_attempts,23,24,1,1,fumble_or_safety_swallows_scrimmage_type
401754561,2025,7,regular,SMU,Stanford,home,raw,rush_yards,123,122.0,-1.0,1.0,fumble_or_safety_swallows_scrimmage_type
401754561,2025,7,regular,Stanford,SMU,away,raw,total_plays,74,70,-4,4,fumble_or_safety_swallows_scrimmage_type
401754561,2025,7,regular,Stanford,SMU,away,raw,total_yards,353,333.0,-20.0,20.0,fumble_or_safety_swallows_scrimmage_type
401754561,2025,7,regular,Stanford,SMU,away,raw,pass_attempts,41,38,-3,3,fumble_or_safety_swallows_scrimmage_type
401754561,2025,7,regular,Stanford,SMU,away,raw,completions,22,21,-1,1,no_play_penalty
401754561,2025,7,regular,Stanford,SMU,away,raw,net_pass_yards,278,268.0,-10.0,10.0,fumble_or_safety_swallows_scrimmage_type
401754561,2025,7,regular,Stanford,SMU,away,raw,rush_attempts,33,32,-1,1,fumble_or_safety_swallows_scrimmage_type
401754561,2025,7,regular,Stanford,SMU,away,raw,rush_yards,75,65.0,-10.0,10.0,fumble_or_safety_swallows_scrimmage_type
401754561,2025,7,regular,Stanford,SMU,away,raw,turnovers,2,0,-2,2,no_play_penalty
401754561,2025,7,regular,Stanford,SMU,away,raw,interceptions,1,0,-1,1,no_play_penalty
401754561,2025,7,regular,Stanford,SMU,away,raw,fumbles_lost,1,0,-1,1,no_play_penalty
401754561,2025,7,regular,Stanford,SMU,away,raw,third_down_attempts,16,14,-2,2,no_play_penalty
401754561,2025,7,regular,Stanford,SMU,away,raw,third_down_conversions,5,4,-1,1,no_play_penalty
401752863,2025,7,regular,Michigan State,UCLA,home,raw,points,13,19,6,6,accepted_or_declined_penalty
401752863,2025,7,regular,Michigan State,UCLA,home,raw,total_yards,253,273.0,20.0,20.0,fumble_or_safety_swallows_scrimmage_type
401752863,2025,7,regular,Michigan State,UCLA,home,raw,pass_attempts,35,36,1,1,fumble_or_safety_swallows_scrimmage_type
401752863,2025,7,regular,Michigan State,UCLA,home,raw,net_pass_yards,166,176.0,10.0,10.0,fumble_or_safety_swallows_scrimmage_type
401752863,2025,7,regular,Michigan State,UCLA,home,raw,rush_attempts,25,24,-1,1,fumble_or_safety_swallows_scrimmage_type
401752863,2025,7,regular,Michigan State,UCLA,home,raw,rush_yards,87,97.0,10.0,10.0,fumble_or_safety_swallows_scrimmage_type
401752863,2025,7,regular,Michigan State,UCLA,home,raw,turnovers,1,0,-1,1,accepted_or_declined_penalty
401752863,2025,7,regular,Michigan State,UCLA,home,raw,fumbles_lost,1,0,-1,1,accepted_or_declined_penalty
401752863,2025,7,regular,UCLA,Michigan State,away,raw,total_plays,67,69,2,2,fumble_or_safety_swallows_scrimmage_type
401752863,2025,7,regular,UCLA,Michigan State,away,raw,total_yards,418,380.0,-38.0,38.0,fumble_or_safety_swallows_scrimmage_type
401752863,2025,7,regular,UCLA,Michigan State,away,raw,pass_attempts,24,25,1,1,fumble_or_safety_swallows_scrimmage_type
401752863,2025,7,regular,UCLA,Michigan State,away,raw,net_pass_yards,180,175.0,-5.0,5.0,fumble_or_safety_swallows_scrimmage_type
401752863,2025,7,regular,UCLA,Michigan State,away,raw,rush_attempts,43,44,1,1,fumble_or_safety_swallows_scrimmage_type
401752863,2025,7,regular,UCLA,Michigan State,away,raw,rush_yards,238,205.0,-33.0,33.0,fumble_or_safety_swallows_scrimmage_type
401752865,2025,7,regular,Illinois,Ohio State,home,raw,total_plays,71,68,-3,3,fumble_or_safety_swallows_scrimmage_type
401752865,2025,7,regular,Illinois,Ohio State,home,raw,total_yards,295,309.0,14.0,14.0,fumble_or_safety_swallows_scrimmage_type
401752865,2025,7,regular,Illinois,Ohio State,home,raw,pass_attempts,44,43,-1,1,fumble_or_safety_swallows_scrimmage_type
401752865,2025,7,regular,Illinois,Ohio State,home,raw,completions,30,31,1,1,no_play_penalty
401752865,2025,7,regular,Illinois,Ohio State,home,raw,net_pass_yards,248,257.0,9.0,9.0,fumble_or_safety_swallows_scrimmage_type
401752865,2025,7,regular,Illinois,Ohio State,home,raw,rush_attempts,27,25,-2,2,fumble_or_safety_swallows_scrimmage_type
401752865,2025,7,regular,Illinois,Ohio State,home,raw,rush_yards,47,52.0,5.0,5.0,fumble_or_safety_swallows_scrimmage_type
401752865,2025,7,regular,Illinois,Ohio State,home,raw,turnovers,3,1,-2,2,no_play_penalty
401752865,2025,7,regular,Illinois,Ohio State,home,raw,fumbles_lost,2,0,-2,2,no_play_penalty
401752865,2025,7,regular,Illinois,Ohio State,home,raw,third_down_attempts,14,13,-1,1,no_play_penalty
401752865,2025,7,regular,Illinois,Ohio State,home,raw,third_down_conversions,4,5,1,1,no_play_penalty
401752865,2025,7,regular,Ohio State,Illinois,away,raw,total_plays,62,64,2,2,fumble_or_safety_swallows_scrimmage_type
401752865,2025,7,regular,Ohio State,Illinois,away,raw,total_yards,275,304.0,29.0,29.0,fumble_or_safety_swallows_scrimmage_type
401752865,2025,7,regular,Ohio State,Illinois,away,raw,completions,19,20,1,1,no_play_penalty
401752865,2025,7,regular,Ohio State,Illinois,away,raw,net_pass_yards,166,198.0,32.0,32.0,fumble_or_safety_swallows_scrimmage_type
401752865,2025,7,regular,Ohio State,Illinois,away,raw,rush_attempts,35,37,2,2,fumble_or_safety_swallows_scrimmage_type
401752865,2025,7,regular,Ohio State,Illinois,away,raw,rush_yards,109,106.0,-3.0,3.0,fumble_or_safety_swallows_scrimmage_type
401752865,2025,7,regular,Ohio State,Illinois,away,raw,third_down_conversions,8,9,1,1,no_play_penalty
401762833,2025,7,regular,Akron,Miami (OH),home,raw,total_plays,64,62,-2,2,sack_accounting
401762833,2025,7,regular,Akron,Miami (OH),home,raw,total_yards,273,279.0,6.0,6.0,sack_accounting
401762833,2025,7,regular,Akron,Miami (OH),home,raw,pass_attempts,39,37,-2,2,sack_accounting
401762833,2025,7,regular,Akron,Miami (OH),home,raw,net_pass_yards,211,217.0,6.0,6.0,sack_accounting
401762833,2025,7,regular,Akron,Miami (OH),home,raw,turnovers,1,0,-1,1,no_play_penalty
401762833,2025,7,regular,Akron,Miami (OH),home,raw,interceptions,1,0,-1,1,no_play_penalty
401762833,2025,7,regular,Akron,Miami (OH),home,raw,third_down_attempts,14,13,-1,1,no_play_penalty
401762833,2025,7,regular,Akron,Miami (OH),home,raw,fourth_down_attempts,2,1,-1,1,no_play_penalty
401762833,2025,7,regular,Miami (OH),Akron,away,raw,total_yards,353,375.0,22.0,22.0,sack_accounting
401762833,2025,7,regular,Miami (OH),Akron,away,raw,pass_attempts,26,25,-1,1,sack_accounting
401762833,2025,7,regular,Miami (OH),Akron,away,raw,net_pass_yards,203,218.0,15.0,15.0,sack_accounting
401762833,2025,7,regular,Miami (OH),Akron,away,raw,rush_attempts,39,40,1,1,sack_accounting
401762833,2025,7,regular,Miami (OH),Akron,away,raw,rush_yards,150,157.0,7.0,7.0,sack_accounting
401762835,2025,7,regular,Bowling Green,Toledo,home,raw,total_plays,53,51,-2,2,duplicate_plays
401762835,2025,7,regular,Bowling Green,Toledo,home,raw,total_yards,226,255.0,29.0,29.0,duplicate_plays
401762835,2025,7,regular,Bowling Green,Toledo,home,raw,pass_attempts,17,16,-1,1,duplicate_plays
401762835,2025,7,regular,Bowling Green,Toledo,home,raw,net_pass_yards,165,171.0,6.0,6.0,duplicate_plays
401762835,2025,7,regular,Bowling Green,Toledo,home,raw,rush_attempts,36,35,-1,1,duplicate_plays
401762835,2025,7,regular,Bowling Green,Toledo,home,raw,rush_yards,61,84.0,23.0,23.0,duplicate_plays
401762835,2025,7,regular,Bowling Green,Toledo,home,raw,turnovers,1,0,-1,1,no_play_penalty
401762835,2025,7,regular,Bowling Green,Toledo,home,raw,interceptions,1,0,-1,1,no_play_penalty
401762835,2025,7,regular,Bowling Green,Toledo,home,raw,fourth_down_attempts,1,0,-1,1,no_play_penalty
401762835,2025,7,regular,Toledo,Bowling Green,away,raw,total_plays,72,69,-3,3,fumble_or_safety_swallows_scrimmage_type
401762835,2025,7,regular,Toledo,Bowling Green,away,raw,total_yards,429,421.0,-8.0,8.0,fumble_or_safety_swallows_scrimmage_type
401762835,2025,7,regular,Toledo,Bowling Green,away,raw,pass_attempts,30,28,-2,2,fumble_or_safety_swallows_scrimmage_type
401762835,2025,7,regular,Toledo,Bowling Green,away,raw,rush_attempts,42,41,-1,1,fumble_or_safety_swallows_scrimmage_type
401762835,2025,7,regular,Toledo,Bowling Green,away,raw,rush_yards,165,157.0,-8.0,8.0,fumble_or_safety_swallows_scrimmage_type
401762835,2025,7,regular,Toledo,Bowling Green,away,raw,turnovers,2,0,-2,2,no_play_penalty
401762835,2025,7,regular,Toledo,Bowling Green,away,raw,interceptions,1,0,-1,1,no_play_penalty
401762835,2025,7,regular,Toledo,Bowling Green,away,raw,fumbles_lost,1,0,-1,1,no_play_penalty
401762835,2025,7,regular,Toledo,Bowling Green,away,raw,third_down_attempts,13,12,-1,1,no_play_penalty
401752734,2025,7,regular,Missouri,Alabama,home,raw,total_plays,56,53,-3,3,sack_accounting
401752734,2025,7,regular,Missouri,Alabama,home,raw,pass_attempts,28,26,-2,2,sack_accounting
401752734,2025,7,regular,Missouri,Alabama,home,raw,rush_attempts,28,27,-1,1,sack_accounting
401752734,2025,7,regular,Missouri,Alabama,home,raw,third_down_attempts,10,7,-3,3,no_play_penalty
401752734,2025,7,regular,Alabama,Missouri,away,raw,total_plays,74,75,1,1,sack_accounting
401752734,2025,7,regular,Alabama,Missouri,away,raw,total_yards,326,340.0,14.0,14.0,sack_accounting
401752734,2025,7,regular,Alabama,Missouri,away,raw,net_pass_yards,200,215.0,15.0,15.0,sack_accounting
401752734,2025,7,regular,Alabama,Missouri,away,raw,rush_attempts,43,44,1,1,sack_accounting
401752734,2025,7,regular,Alabama,Missouri,away,raw,rush_yards,126,125.0,-1.0,1.0,sack_accounting
401752734,2025,7,regular,Alabama,Missouri,away,raw,turnovers,1,0,-1,1,no_play_penalty
401752734,2025,7,regular,Alabama,Missouri,away,raw,fumbles_lost,1,0,-1,1,no_play_penalty
401754559,2025,7,regular,Florida State,Pittsburgh,home,raw,total_plays,63,59,-4,4,fumble_or_safety_swallows_scrimmage_type
401754559,2025,7,regular,Florida State,Pittsburgh,home,raw,total_yards,415,414.0,-1.0,1.0,fumble_or_safety_swallows_scrimmage_type
401754559,2025,7,regular,Florida State,Pittsburgh,home,raw,rush_attempts,40,36,-4,4,fumble_or_safety_swallows_scrimmage_type
401754559,2025,7,regular,Florida State,Pittsburgh,home,raw,rush_yards,170,169.0,-1.0,1.0,fumble_or_safety_swallows_scrimmage_type
401754559,2025,7,regular,Florida State,Pittsburgh,home,raw,turnovers,1,0,-1,1,no_play_penalty
401754559,2025,7,regular,Florida State,Pittsburgh,home,raw,fumbles_lost,1,0,-1,1,no_play_penalty
401754559,2025,7,regular,Pittsburgh,Florida State,away,raw,total_plays,70,64,-6,6,duplicate_plays
401754559,2025,7,regular,Pittsburgh,Florida State,away,raw,total_yards,479,458.0,-21.0,21.0,duplicate_plays
401754559,2025,7,regular,Pittsburgh,Florida State,away,raw,pass_attempts,29,27,-2,2,duplicate_plays
401754559,2025,7,regular,Pittsburgh,Florida State,away,raw,rush_attempts,41,37,-4,4,duplicate_plays
401754559,2025,7,regular,Pittsburgh,Florida State,away,raw,rush_yards,158,137.0,-21.0,21.0,duplicate_plays
401754559,2025,7,regular,Pittsburgh,Florida State,away,raw,third_down_attempts,14,12,-2,2,no_play_penalty
401752733,2025,7,regular,Ole Miss,Washington State,home,raw,total_plays,70,68,-2,2,fumble_or_safety_swallows_scrimmage_type
401752733,2025,7,regular,Ole Miss,Washington State,home,raw,total_yards,439,425.0,-14.0,14.0,fumble_or_safety_swallows_scrimmage_type
401752733,2025,7,regular,Ole Miss,Washington State,home,raw,net_pass_yards,253,238.0,-15.0,15.0,fumble_or_safety_swallows_scrimmage_type
401752733,2025,7,regular,Ole Miss,Washington State,home,raw,rush_attempts,41,39,-2,2,fumble_or_safety_swallows_scrimmage_type
401752733,2025,7,regular,Ole Miss,Washington State,home,raw,rush_yards,186,187.0,1.0,1.0,fumble_or_safety_swallows_scrimmage_type
401752733,2025,7,regular,Ole Miss,Washington State,home,raw,turnovers,1,0,-1,1,no_play_penalty
401752733,2025,7,regular,Ole Miss,Washington State,home,raw,fumbles_lost,1,0,-1,1,no_play_penalty
401752733,2025,7,regular,Ole Miss,Washington State,home,raw,third_down_attempts,15,14,-1,1,no_play_penalty
401752733,2025,7,regular,Washington State,Ole Miss,away,raw,total_plays,59,56,-3,3,fumble_or_safety_swallows_scrimmage_type
401752733,2025,7,regular,Washington State,Ole Miss,away,raw,total_yards,345,346.0,1.0,1.0,fumble_or_safety_swallows_scrimmage_type
401752733,2025,7,regular,Washington State,Ole Miss,away,raw,pass_attempts,31,32,1,1,fumble_or_safety_swallows_scrimmage_type
401752733,2025,7,regular,Washington State,Ole Miss,away,raw,net_pass_yards,218,208.0,-10.0,10.0,fumble_or_safety_swallows_scrimmage_type
401752733,2025,7,regular,Washington State,Ole Miss,away,raw,rush_attempts,28,24,-4,4,fumble_or_safety_swallows_scrimmage_type
401752733,2025,7,regular,Washington State,Ole Miss,away,raw,rush_yards,127,138.0,11.0,11.0,fumble_or_safety_swallows_scrimmage_type
401752733,2025,7,regular,Washington State,Ole Miss,away,raw,third_down_attempts,10,8,-2,2,no_play_penalty
401752733,2025,7,regular,Washington State,Ole Miss,away,raw,fourth_down_attempts,1,2,1,1,no_play_penalty
401762836,2025,7,regular,Eastern Michigan,Northern Illinois,home,raw,total_yards,299,300.0,1.0,1.0,no_play_penalty
401762836,2025,7,regular,Eastern Michigan,Northern Illinois,home,raw,pass_attempts,32,31,-1,1,no_play_penalty
401762836,2025,7,regular,Eastern Michigan,Northern Illinois,home,raw,net_pass_yards,147,151.0,4.0,4.0,no_play_penalty
401762836,2025,7,regular,Eastern Michigan,Northern Illinois,home,raw,rush_attempts,37,38,1,1,no_play_penalty
401762836,2025,7,regular,Eastern Michigan,Northern Illinois,home,raw,rush_yards,152,149.0,-3.0,3.0,no_play_penalty
401762836,2025,7,regular,Eastern Michigan,Northern Illinois,home,raw,turnovers,1,0,-1,1,no_play_penalty
401762836,2025,7,regular,Eastern Michigan,Northern Illinois,home,raw,interceptions,1,0,-1,1,no_play_penalty
401762836,2025,7,regular,Northern Illinois,Eastern Michigan,away,raw,total_plays,65,64,-1,1,no_play_penalty
401762836,2025,7,regular,Northern Illinois,Eastern Michigan,away,raw,total_yards,310,315.0,5.0,5.0,no_play_penalty
401762836,2025,7,regular,Northern Illinois,Eastern Michigan,away,raw,pass_attempts,26,25,-1,1,no_play_penalty
401762836,2025,7,regular,Northern Illinois,Eastern Michigan,away,raw,net_pass_yards,94,99.0,5.0,5.0,no_play_penalty
401762837,2025,7,regular,Kent State,Massachusetts,home,raw,total_plays,59,55,-4,4,fumble_or_safety_swallows_scrimmage_type
401762837,2025,7,regular,Kent State,Massachusetts,home,raw,total_yards,337,353.0,16.0,16.0,fumble_or_safety_swallows_scrimmage_type
401762837,2025,7,regular,Kent State,Massachusetts,home,raw,pass_attempts,20,21,1,1,fumble_or_safety_swallows_scrimmage_type
401762837,2025,7,regular,Kent State,Massachusetts,home,raw,net_pass_yards,179,205.0,26.0,26.0,fumble_or_safety_swallows_scrimmage_type
401762837,2025,7,regular,Kent State,Massachusetts,home,raw,rush_attempts,39,34,-5,5,fumble_or_safety_swallows_scrimmage_type
401762837,2025,7,regular,Kent State,Massachusetts,home,raw,rush_yards,158,148.0,-10.0,10.0,fumble_or_safety_swallows_scrimmage_type
401762837,2025,7,regular,Kent State,Massachusetts,home,raw,turnovers,0,1,1,1,accepted_or_declined_penalty
401762837,2025,7,regular,Kent State,Massachusetts,home,raw,fumbles_lost,0,1,1,1,accepted_or_declined_penalty
401762837,2025,7,regular,Kent State,Massachusetts,home,raw,third_down_conversions,3,4,1,1,accepted_or_declined_penalty
401762837,2025,7,regular,Massachusetts,Kent State,away,raw,total_plays,82,74,-8,8,fumble_or_safety_swallows_scrimmage_type
401762837,2025,7,regular,Massachusetts,Kent State,away,raw,total_yards,271,233.0,-38.0,38.0,fumble_or_safety_swallows_scrimmage_type
401762837,2025,7,regular,Massachusetts,Kent State,away,raw,pass_attempts,49,41,-8,8,fumble_or_safety_swallows_scrimmage_type
401762837,2025,7,regular,Massachusetts,Kent State,away,raw,completions,26,22,-4,4,accepted_or_declined_penalty
401762837,2025,7,regular,Massachusetts,Kent State,away,raw,net_pass_yards,227,183.0,-44.0,44.0,fumble_or_safety_swallows_scrimmage_type
401762837,2025,7,regular,Massachusetts,Kent State,away,raw,rush_yards,44,50.0,6.0,6.0,fumble_or_safety_swallows_scrimmage_type
401762837,2025,7,regular,Massachusetts,Kent State,away,raw,turnovers,2,1,-1,1,accepted_or_declined_penalty
401762837,2025,7,regular,Massachusetts,Kent State,away,raw,interceptions,2,1,-1,1,accepted_or_declined_penalty
401762837,2025,7,regular,Massachusetts,Kent State,away,raw,third_down_attempts,20,18,-2,2,accepted_or_declined_penalty
401762837,2025,7,regular,Massachusetts,Kent State,away,raw,third_down_conversions,6,5,-1,1,accepted_or_declined_penalty
401762837,2025,7,regular,Massachusetts,Kent State,away,raw,fourth_down_attempts,3,2,-1,1,accepted_or_declined_penalty
401752870,2025,7,regular,Oregon,Indiana,home,raw,total_plays,64,59,-5,5,sack_accounting
401752870,2025,7,regular,Oregon,Indiana,home,raw,total_yards,267,274.0,7.0,7.0,sack_accounting
401752870,2025,7,regular,Oregon,Indiana,home,raw,pass_attempts,34,32,-2,2,sack_accounting
401752870,2025,7,regular,Oregon,Indiana,home,raw,rush_attempts,30,27,-3,3,sack_accounting
401752870,2025,7,regular,Oregon,Indiana,home,raw,rush_yards,81,88.0,7.0,7.0,sack_accounting
401752870,2025,7,regular,Oregon,Indiana,home,raw,turnovers,2,0,-2,2,no_play_penalty
401752870,2025,7,regular,Oregon,Indiana,home,raw,interceptions,2,0,-2,2,no_play_penalty
401752870,2025,7,regular,Indiana,Oregon,away,raw,total_plays,64,66,2,2,sack_accounting
401752870,2025,7,regular,Indiana,Oregon,away,raw,total_yards,343,324.0,-19.0,19.0,sack_accounting
401752870,2025,7,regular,Indiana,Oregon,away,raw,pass_attempts,31,30,-1,1,sack_accounting
401752870,2025,7,regular,Indiana,Oregon,away,raw,rush_attempts,33,36,3,3,sack_accounting
401752870,2025,7,regular,Indiana,Oregon,away,raw,rush_yards,128,109.0,-19.0,19.0,sack_accounting
401752870,2025,7,regular,Indiana,Oregon,away,raw,third_down_attempts,14,13,-1,1,no_play_penalty
401752867,2025,7,regular,Maryland,Nebraska,home,raw,total_plays,67,66,-1,1,duplicate_plays
401752867,2025,7,regular,Maryland,Nebraska,home,raw,total_yards,379,370.0,-9.0,9.0,duplicate_plays
401752867,2025,7,regular,Maryland,Nebraska,home,raw,pass_attempts,37,36,-1,1,duplicate_plays
401752867,2025,7,regular,Maryland,Nebraska,home,raw,rush_yards,130,121.0,-9.0,9.0,duplicate_plays
401752867,2025,7,regular,Maryland,Nebraska,home,raw,third_down_attempts,15,14,-1,1,no_play_penalty
401752867,2025,7,regular,Maryland,Nebraska,home,raw,fourth_down_attempts,2,3,1,1,no_play_penalty
401752867,2025,7,regular,Nebraska,Maryland,away,raw,total_plays,58,55,-3,3,sack_accounting
401752867,2025,7,regular,Nebraska,Maryland,away,raw,total_yards,454,447.0,-7.0,7.0,sack_accounting
401752867,2025,7,regular,Nebraska,Maryland,away,raw,pass_attempts,29,26,-3,3,sack_accounting
401752867,2025,7,regular,Nebraska,Maryland,away,raw,rush_yards,194,187.0,-7.0,7.0,sack_accounting
401752867,2025,7,regular,Nebraska,Maryland,away,raw,turnovers,3,2,-1,1,no_play_penalty
401752867,2025,7,regular,Nebraska,Maryland,away,raw,interceptions,3,2,-1,1,no_play_penalty
401761626,2025,7,regular,Marshall,Old Dominion,home,raw,total_plays,74,81,7,7,sack_accounting
401761626,2025,7,regular,Marshall,Old Dominion,home,raw,total_yards,449,407.0,-42.0,42.0,sack_accounting
401761626,2025,7,regular,Marshall,Old Dominion,home,raw,pass_attempts,26,29,3,3,sack_accounting
401761626,2025,7,regular,Marshall,Old Dominion,home,raw,completions,18,19,1,1,accepted_or_declined_penalty
401761626,2025,7,regular,Marshall,Old Dominion,home,raw,net_pass_yards,222,212.0,-10.0,10.0,sack_accounting
401761626,2025,7,regular,Marshall,Old Dominion,home,raw,rush_attempts,48,52,4,4,sack_accounting
401761626,2025,7,regular,Marshall,Old Dominion,home,raw,rush_yards,227,195.0,-32.0,32.0,sack_accounting
401761626,2025,7,regular,Marshall,Old Dominion,home,raw,third_down_attempts,15,17,2,2,accepted_or_declined_penalty
401761626,2025,7,regular,Old Dominion,Marshall,away,raw,total_plays,66,65,-1,1,sack_accounting
401761626,2025,7,regular,Old Dominion,Marshall,away,raw,total_yards,439,446.0,7.0,7.0,sack_accounting
401761626,2025,7,regular,Old Dominion,Marshall,away,raw,net_pass_yards,266,281.0,15.0,15.0,sack_accounting
401761626,2025,7,regular,Old Dominion,Marshall,away,raw,rush_attempts,38,37,-1,1,sack_accounting
401761626,2025,7,regular,Old Dominion,Marshall,away,raw,rush_yards,173,165.0,-8.0,8.0,sack_accounting
401761626,2025,7,regular,Old Dominion,Marshall,away,raw,turnovers,5,2,-3,3,accepted_or_declined_penalty
401761626,2025,7,regular,Old Dominion,Marshall,away,raw,interceptions,2,1,-1,1,accepted_or_declined_penalty
401761626,2025,7,regular,Old Dominion,Marshall,away,raw,fumbles_lost,3,1,-2,2,accepted_or_declined_penalty
401761626,2025,7,regular,Old Dominion,Marshall,away,raw,third_down_attempts,14,13,-1,1,accepted_or_declined_penalty
401761624,2025,7,regular,Georgia State,App State,home,raw,total_plays,84,82,-2,2,duplicate_plays
401761624,2025,7,regular,Georgia State,App State,home,raw,total_yards,381,376.0,-5.0,5.0,duplicate_plays
401761624,2025,7,regular,Georgia State,App State,home,raw,pass_attempts,61,60,-1,1,duplicate_plays
401761624,2025,7,regular,Georgia State,App State,home,raw,completions,32,31,-1,1,duplicate_plays
401761624,2025,7,regular,Georgia State,App State,home,raw,net_pass_yards,303,300.0,-3.0,3.0,duplicate_plays
401761624,2025,7,regular,Georgia State,App State,home,raw,rush_attempts,23,22,-1,1,duplicate_plays
401761624,2025,7,regular,Georgia State,App State,home,raw,rush_yards,78,76.0,-2.0,2.0,duplicate_plays
401761624,2025,7,regular,Georgia State,App State,home,raw,third_down_attempts,19,18,-1,1,kneel_accounting
401761624,2025,7,regular,Georgia State,App State,home,raw,fourth_down_attempts,4,6,2,2,kneel_accounting
401761624,2025,7,regular,App State,Georgia State,away,raw,total_plays,71,75,4,4,duplicate_plays
401761624,2025,7,regular,App State,Georgia State,away,raw,total_yards,445,435.0,-10.0,10.0,duplicate_plays
401761624,2025,7,regular,App State,Georgia State,away,raw,pass_attempts,38,39,1,1,duplicate_plays
401761624,2025,7,regular,App State,Georgia State,away,raw,rush_attempts,33,36,3,3,duplicate_plays
401761624,2025,7,regular,App State,Georgia State,away,raw,rush_yards,134,124.0,-10.0,10.0,duplicate_plays
401761624,2025,7,regular,App State,Georgia State,away,raw,fourth_down_attempts,2,3,1,1,kneel_accounting
401754560,2025,7,regular,Georgia Tech,Virginia Tech,home,raw,total_plays,65,66,1,1,sack_accounting
401754560,2025,7,regular,Georgia Tech,Virginia Tech,home,raw,total_yards,483,497.0,14.0,14.0,sack_accounting
401754560,2025,7,regular,Georgia Tech,Virginia Tech,home,raw,net_pass_yards,213,229.0,16.0,16.0,sack_accounting
401754560,2025,7,regular,Georgia Tech,Virginia Tech,home,raw,rush_attempts,41,42,1,1,sack_accounting
401754560,2025,7,regular,Georgia Tech,Virginia Tech,home,raw,rush_yards,270,268.0,-2.0,2.0,sack_accounting
401754560,2025,7,regular,Virginia Tech,Georgia Tech,away,raw,total_plays,54,53,-1,1,sack_accounting
401754560,2025,7,regular,Virginia Tech,Georgia Tech,away,raw,total_yards,369,367.0,-2.0,2.0,sack_accounting
401754560,2025,7,regular,Virginia Tech,Georgia Tech,away,raw,pass_attempts,21,20,-1,1,sack_accounting
401754560,2025,7,regular,Virginia Tech,Georgia Tech,away,raw,rush_yards,188,186.0,-2.0,2.0,sack_accounting
401752866,2025,7,regular,Penn State,Northwestern,home,raw,total_plays,51,50,-1,1,sack_accounting
401752866,2025,7,regular,Penn State,Northwestern,home,raw,pass_attempts,20,19,-1,1,sack_accounting
401752866,2025,7,regular,Penn State,Northwestern,home,raw,turnovers,2,0,-2,2,accepted_or_declined_penalty
401752866,2025,7,regular,Penn State,Northwestern,home,raw,interceptions,1,0,-1,1,accepted_or_declined_penalty
401752866,2025,7,regular,Penn State,Northwestern,home,raw,fumbles_lost,1,0,-1,1,accepted_or_declined_penalty
401752866,2025,7,regular,Northwestern,Penn State,away,raw,total_plays,65,72,7,7,duplicate_plays
401752866,2025,7,regular,Northwestern,Penn State,away,raw,total_yards,292,279.0,-13.0,13.0,duplicate_plays
401752866,2025,7,regular,Northwestern,Penn State,away,raw,pass_attempts,26,27,1,1,duplicate_plays
401752866,2025,7,regular,Northwestern,Penn State,away,raw,net_pass_yards,163,193.0,30.0,30.0,duplicate_plays
401752866,2025,7,regular,Northwestern,Penn State,away,raw,rush_attempts,39,45,6,6,duplicate_plays
401752866,2025,7,regular,Northwestern,Penn State,away,raw,rush_yards,129,86.0,-43.0,43.0,duplicate_plays
401752866,2025,7,regular,Northwestern,Penn State,away,raw,turnovers,1,0,-1,1,accepted_or_declined_penalty
401752866,2025,7,regular,Northwestern,Penn State,away,raw,fumbles_lost,1,0,-1,1,accepted_or_declined_penalty
401752866,2025,7,regular,Northwestern,Penn State,away,raw,third_down_attempts,12,13,1,1,accepted_or_declined_penalty
401752866,2025,7,regular,Northwestern,Penn State,away,raw,third_down_conversions,5,6,1,1,accepted_or_declined_penalty
401762834,2025,7,regular,Western Michigan,Ball State,home,raw,total_plays,72,71,-1,1,sack_accounting
401762834,2025,7,regular,Western Michigan,Ball State,home,raw,total_yards,462,464.0,2.0,2.0,sack_accounting
401762834,2025,7,regular,Western Michigan,Ball State,home,raw,pass_attempts,29,28,-1,1,sack_accounting
401762834,2025,7,regular,Western Michigan,Ball State,home,raw,rush_yards,220,222.0,2.0,2.0,sack_accounting
401762834,2025,7,regular,Western Michigan,Ball State,home,raw,turnovers,2,0,-2,2,no_play_penalty
401762834,2025,7,regular,Western Michigan,Ball State,home,raw,interceptions,1,0,-1,1,no_play_penalty
401762834,2025,7,regular,Western Michigan,Ball State,home,raw,fumbles_lost,1,0,-1,1,no_play_penalty
401762834,2025,7,regular,Ball State,Western Michigan,away,raw,total_plays,50,48,-2,2,duplicate_plays
401762834,2025,7,regular,Ball State,Western Michigan,away,raw,total_yards,88,102.0,14.0,14.0,duplicate_plays
401762834,2025,7,regular,Ball State,Western Michigan,away,raw,net_pass_yards,68,72.0,4.0,4.0,duplicate_plays
401762834,2025,7,regular,Ball State,Western Michigan,away,raw,rush_attempts,27,25,-2,2,duplicate_plays
401762834,2025,7,regular,Ball State,Western Michigan,away,raw,rush_yards,20,30.0,10.0,10.0,duplicate_plays
401762834,2025,7,regular,Ball State,Western Michigan,away,raw,turnovers,2,1,-1,1,no_play_penalty
401762834,2025,7,regular,Ball State,Western Michigan,away,raw,fumbles_lost,2,1,-1,1,no_play_penalty
401752736,2025,7,regular,Texas,Oklahoma,home,raw,total_plays,59,62,3,3,sack_accounting
401752736,2025,7,regular,Texas,Oklahoma,home,raw,total_yards,304,302.0,-2.0,2.0,sack_accounting
401752736,2025,7,regular,Texas,Oklahoma,home,raw,rush_attempts,32,35,3,3,sack_accounting
401752736,2025,7,regular,Texas,Oklahoma,home,raw,rush_yards,138,136.0,-2.0,2.0,sack_accounting
401752736,2025,7,regular,Texas,Oklahoma,home,raw,third_down_attempts,17,16,-1,1,accepted_or_declined_penalty
401752736,2025,7,regular,Texas,Oklahoma,home,raw,third_down_conversions,10,9,-1,1,accepted_or_declined_penalty
401752736,2025,7,regular,Oklahoma,Texas,away,raw,total_plays,69,66,-3,3,sack_accounting
401752736,2025,7,regular,Oklahoma,Texas,away,raw,total_yards,258,248.0,-10.0,10.0,sack_accounting
401752736,2025,7,regular,Oklahoma,Texas,away,raw,pass_attempts,39,36,-3,3,sack_accounting
401752736,2025,7,regular,Oklahoma,Texas,away,raw,rush_yards,48,38.0,-10.0,10.0,sack_accounting
401752736,2025,7,regular,Oklahoma,Texas,away,raw,third_down_attempts,17,15,-2,2,accepted_or_declined_penalty
401756919,2025,7,regular,Kansas State,TCU,home,raw,total_yards,347,341.0,-6.0,6.0,sack_accounting
401756919,2025,7,regular,Kansas State,TCU,home,raw,rush_yards,149,143.0,-6.0,6.0,sack_accounting
401756919,2025,7,regular,Kansas State,TCU,home,raw,third_down_attempts,16,14,-2,2,kneel_accounting
401756919,2025,7,regular,Kansas State,TCU,home,raw,third_down_conversions,7,6,-1,1,kneel_accounting
401756919,2025,7,regular,TCU,Kansas State,away,raw,total_plays,69,65,-4,4,sack_accounting
401756919,2025,7,regular,TCU,Kansas State,away,raw,total_yards,448,460.0,12.0,12.0,sack_accounting
401756919,2025,7,regular,TCU,Kansas State,away,raw,pass_attempts,47,45,-2,2,sack_accounting
401756919,2025,7,regular,TCU,Kansas State,away,raw,rush_attempts,22,20,-2,2,sack_accounting
401756919,2025,7,regular,TCU,Kansas State,away,raw,rush_yards,72,84.0,12.0,12.0,sack_accounting
401756919,2025,7,regular,TCU,Kansas State,away,raw,turnovers,3,2,-1,1,kneel_accounting
401756919,2025,7,regular,TCU,Kansas State,away,raw,fumbles_lost,1,0,-1,1,kneel_accounting
401754562,2025,7,regular,Notre Dame,NC State,home,raw,total_plays,68,69,1,1,safety_accounting
401754562,2025,7,regular,Notre Dame,NC State,home,raw,total_yards,487,485.0,-2.0,2.0,safety_accounting
401754562,2025,7,regular,Notre Dame,NC State,home,raw,rush_attempts,37,38,1,1,safety_accounting
401754562,2025,7,regular,Notre Dame,NC State,home,raw,rush_yards,145,143.0,-2.0,2.0,safety_accounting
401754562,2025,7,regular,Notre Dame,NC State,home,raw,fourth_down_attempts,3,2,-1,1,no_play_penalty
401754562,2025,7,regular,NC State,Notre Dame,away,raw,total_plays,59,54,-5,5,duplicate_plays
401754562,2025,7,regular,NC State,Notre Dame,away,raw,total_yards,233,243.0,10.0,10.0,duplicate_plays
401754562,2025,7,regular,NC State,Notre Dame,away,raw,pass_attempts,31,27,-4,4,duplicate_plays
401754562,2025,7,regular,NC State,Notre Dame,away,raw,net_pass_yards,182,190.0,8.0,8.0,duplicate_plays
401754562,2025,7,regular,NC State,Notre Dame,away,raw,rush_attempts,28,27,-1,1,duplicate_plays
401754562,2025,7,regular,NC State,Notre Dame,away,raw,rush_yards,51,53.0,2.0,2.0,duplicate_plays
401754562,2025,7,regular,NC State,Notre Dame,away,raw,turnovers,3,2,-1,1,no_play_penalty
401754562,2025,7,regular,NC State,Notre Dame,away,raw,interceptions,3,2,-1,1,no_play_penalty
401754562,2025,7,regular,NC State,Notre Dame,away,raw,third_down_attempts,16,15,-1,1,no_play_penalty
401754562,2025,7,regular,NC State,Notre Dame,away,raw,fourth_down_attempts,3,1,-2,2,no_play_penalty
401754563,2025,7,regular,Oregon State,Wake Forest,home,raw,total_plays,80,74,-6,6,sack_accounting
401754563,2025,7,regular,Oregon State,Wake Forest,home,raw,total_yards,309,305.0,-4.0,4.0,sack_accounting
401754563,2025,7,regular,Oregon State,Wake Forest,home,raw,pass_attempts,42,39,-3,3,sack_accounting
401754563,2025,7,regular,Oregon State,Wake Forest,home,raw,completions,19,18,-1,1,no_play_penalty
401754563,2025,7,regular,Oregon State,Wake Forest,home,raw,net_pass_yards,175,168.0,-7.0,7.0,sack_accounting
401754563,2025,7,regular,Oregon State,Wake Forest,home,raw,rush_attempts,38,35,-3,3,sack_accounting
401754563,2025,7,regular,Oregon State,Wake Forest,home,raw,rush_yards,134,137.0,3.0,3.0,sack_accounting
401754563,2025,7,regular,Oregon State,Wake Forest,home,raw,turnovers,2,1,-1,1,no_play_penalty
401754563,2025,7,regular,Oregon State,Wake Forest,home,raw,fumbles_lost,1,0,-1,1,no_play_penalty
401754563,2025,7,regular,Oregon State,Wake Forest,home,raw,fourth_down_attempts,3,2,-1,1,no_play_penalty
401754563,2025,7,regular,Wake Forest,Oregon State,away,raw,total_plays,54,52,-2,2,sack_accounting
401754563,2025,7,regular,Wake Forest,Oregon State,away,raw,total_yards,468,466.0,-2.0,2.0,sack_accounting
401754563,2025,7,regular,Wake Forest,Oregon State,away,raw,rush_attempts,26,24,-2,2,sack_accounting
401754563,2025,7,regular,Wake Forest,Oregon State,away,raw,rush_yards,198,196.0,-2.0,2.0,sack_accounting
401756918,2025,7,regular,Colorado,Iowa State,home,raw,total_plays,61,64,3,3,no_play_penalty
401756918,2025,7,regular,Colorado,Iowa State,home,raw,total_yards,403,357.0,-46.0,46.0,no_play_penalty
401756918,2025,7,regular,Colorado,Iowa State,home,raw,completions,16,15,-1,1,no_play_penalty
401756918,2025,7,regular,Colorado,Iowa State,home,raw,net_pass_yards,255,227.0,-28.0,28.0,no_play_penalty
401756918,2025,7,regular,Colorado,Iowa State,home,raw,rush_attempts,36,39,3,3,no_play_penalty
401756918,2025,7,regular,Colorado,Iowa State,home,raw,rush_yards,148,130.0,-18.0,18.0,no_play_penalty
401756918,2025,7,regular,Colorado,Iowa State,home,raw,third_down_conversions,7,5,-2,2,no_play_penalty
401756918,2025,7,regular,Iowa State,Colorado,away,raw,total_plays,70,67,-3,3,duplicate_plays
401756918,2025,7,regular,Iowa State,Colorado,away,raw,total_yards,441,439.0,-2.0,2.0,duplicate_plays
401756918,2025,7,regular,Iowa State,Colorado,away,raw,pass_attempts,33,31,-2,2,duplicate_plays
401756918,2025,7,regular,Iowa State,Colorado,away,raw,completions,18,17,-1,1,duplicate_plays
401756918,2025,7,regular,Iowa State,Colorado,away,raw,net_pass_yards,205,211.0,6.0,6.0,duplicate_plays
401756918,2025,7,regular,Iowa State,Colorado,away,raw,rush_attempts,37,36,-1,1,duplicate_plays
401756918,2025,7,regular,Iowa State,Colorado,away,raw,rush_yards,236,228.0,-8.0,8.0,duplicate_plays
401756918,2025,7,regular,Iowa State,Colorado,away,raw,turnovers,1,0,-1,1,no_play_penalty
401756918,2025,7,regular,Iowa State,Colorado,away,raw,interceptions,1,0,-1,1,no_play_penalty
401756918,2025,7,regular,Iowa State,Colorado,away,raw,third_down_attempts,12,10,-2,2,no_play_penalty
401760386,2025,7,regular,UNLV,Air Force,home,raw,total_plays,60,57,-3,3,no_play_penalty
401760386,2025,7,regular,UNLV,Air Force,home,raw,total_yards,597,595.0,-2.0,2.0,no_play_penalty
401760386,2025,7,regular,UNLV,Air Force,home,raw,pass_attempts,33,32,-1,1,no_play_penalty
401760386,2025,7,regular,UNLV,Air Force,home,raw,net_pass_yards,377,381.0,4.0,4.0,no_play_penalty
401760386,2025,7,regular,UNLV,Air Force,home,raw,rush_attempts,27,25,-2,2,no_play_penalty
401760386,2025,7,regular,UNLV,Air Force,home,raw,rush_yards,220,214.0,-6.0,6.0,no_play_penalty
401760386,2025,7,regular,UNLV,Air Force,home,raw,third_down_attempts,11,10,-1,1,no_play_penalty
401760386,2025,7,regular,Air Force,UNLV,away,raw,total_plays,83,81,-2,2,no_play_penalty
401760386,2025,7,regular,Air Force,UNLV,away,raw,total_yards,603,607.0,4.0,4.0,no_play_penalty
401760386,2025,7,regular,Air Force,UNLV,away,raw,rush_attempts,66,64,-2,2,no_play_penalty
401760386,2025,7,regular,Air Force,UNLV,away,raw,rush_yards,428,432.0,4.0,4.0,no_play_penalty
401760386,2025,7,regular,Air Force,UNLV,away,raw,turnovers,1,0,-1,1,no_play_penalty
401760386,2025,7,regular,Air Force,UNLV,away,raw,fumbles_lost,1,0,-1,1,no_play_penalty
401762484,2025,7,regular,Temple,Navy,home,raw,total_yards,520,528.0,8.0,8.0,fumble_or_safety_swallows_scrimmage_type
401762484,2025,7,regular,Temple,Navy,home,raw,rush_yards,175,183.0,8.0,8.0,fumble_or_safety_swallows_scrimmage_type
401762484,2025,7,regular,Temple,Navy,home,raw,turnovers,1,0,-1,1,kneel_accounting
401762484,2025,7,regular,Temple,Navy,home,raw,fumbles_lost,1,0,-1,1,kneel_accounting
401762484,2025,7,regular,Temple,Navy,home,raw,third_down_attempts,12,11,-1,1,kneel_accounting
401762484,2025,7,regular,Navy,Temple,away,raw,total_plays,54,53,-1,1,fumble_or_safety_swallows_scrimmage_type
401762484,2025,7,regular,Navy,Temple,away,raw,total_yards,384,388.0,4.0,4.0,fumble_or_safety_swallows_scrimmage_type
401762484,2025,7,regular,Navy,Temple,away,raw,rush_attempts,37,36,-1,1,fumble_or_safety_swallows_scrimmage_type
401762484,2025,7,regular,Navy,Temple,away,raw,rush_yards,243,247.0,4.0,4.0,fumble_or_safety_swallows_scrimmage_type
401752735,2025,7,regular,Tennessee,Arkansas,home,raw,total_plays,63,65,2,2,fumble_or_safety_swallows_scrimmage_type
401752735,2025,7,regular,Tennessee,Arkansas,home,raw,total_yards,494,485.0,-9.0,9.0,fumble_or_safety_swallows_scrimmage_type
401752735,2025,7,regular,Tennessee,Arkansas,home,raw,rush_attempts,38,40,2,2,fumble_or_safety_swallows_scrimmage_type
401752735,2025,7,regular,Tennessee,Arkansas,home,raw,rush_yards,273,264.0,-9.0,9.0,fumble_or_safety_swallows_scrimmage_type
401752735,2025,7,regular,Arkansas,Tennessee,away,raw,total_plays,75,70,-5,5,fumble_or_safety_swallows_scrimmage_type
401752735,2025,7,regular,Arkansas,Tennessee,away,raw,total_yards,497,523.0,26.0,26.0,fumble_or_safety_swallows_scrimmage_type
401752735,2025,7,regular,Arkansas,Tennessee,away,raw,pass_attempts,31,30,-1,1,fumble_or_safety_swallows_scrimmage_type
401752735,2025,7,regular,Arkansas,Tennessee,away,raw,rush_attempts,44,40,-4,4,fumble_or_safety_swallows_scrimmage_type
401752735,2025,7,regular,Arkansas,Tennessee,away,raw,rush_yards,241,267.0,26.0,26.0,fumble_or_safety_swallows_scrimmage_type
401752735,2025,7,regular,Arkansas,Tennessee,away,raw,turnovers,3,1,-2,2,kneel_accounting
401752735,2025,7,regular,Arkansas,Tennessee,away,raw,fumbles_lost,3,1,-2,2,kneel_accounting
401752735,2025,7,regular,Arkansas,Tennessee,away,raw,third_down_attempts,13,12,-1,1,kneel_accounting
401752735,2025,7,regular,Arkansas,Tennessee,away,raw,fourth_down_attempts,2,1,-1,1,kneel_accounting
401762482,2025,7,regular,Florida Atlantic,UAB,home,raw,total_plays,62,47,-15,15,sack_accounting
401762482,2025,7,regular,Florida Atlantic,UAB,home,raw,total_yards,494,380.0,-114.0,114.0,sack_accounting
401762482,2025,7,regular,Florida Atlantic,UAB,home,raw,pass_attempts,31,19,-12,12,sack_accounting
401762482,2025,7,regular,Florida Atlantic,UAB,home,raw,completions,21,14,-7,7,kneel_accounting
401762482,2025,7,regular,Florida Atlantic,UAB,home,raw,net_pass_yards,345,256.0,-89.0,89.0,sack_accounting
401762482,2025,7,regular,Florida Atlantic,UAB,home,raw,rush_attempts,31,28,-3,3,sack_accounting
401762482,2025,7,regular,Florida Atlantic,UAB,home,raw,rush_yards,149,124.0,-25.0,25.0,sack_accounting
401762482,2025,7,regular,Florida Atlantic,UAB,home,raw,turnovers,1,0,-1,1,kneel_accounting
401762482,2025,7,regular,Florida Atlantic,UAB,home,raw,interceptions,1,0,-1,1,kneel_accounting
401762482,2025,7,regular,Florida Atlantic,UAB,home,raw,third_down_attempts,10,7,-3,3,kneel_accounting
401762482,2025,7,regular,Florida Atlantic,UAB,home,raw,third_down_conversions,3,2,-1,1,kneel_accounting
401762482,2025,7,regular,Florida Atlantic,UAB,home,raw,fourth_down_attempts,5,3,-2,2,kneel_accounting
401762482,2025,7,regular,Florida Atlantic,UAB,home,raw,fourth_down_conversions,4,3,-1,1,kneel_accounting
401762482,2025,7,regular,UAB,Florida Atlantic,away,raw,total_plays,69,53,-16,16,sack_accounting
401762482,2025,7,regular,UAB,Florida Atlantic,away,raw,total_yards,329,184.0,-145.0,145.0,sack_accounting
401762482,2025,7,regular,UAB,Florida Atlantic,away,raw,pass_attempts,41,30,-11,11,sack_accounting
401762482,2025,7,regular,UAB,Florida Atlantic,away,raw,completions,29,21,-8,8,kneel_accounting
401762482,2025,7,regular,UAB,Florida Atlantic,away,raw,net_pass_yards,261,138.0,-123.0,123.0,sack_accounting
401762482,2025,7,regular,UAB,Florida Atlantic,away,raw,rush_attempts,28,23,-5,5,sack_accounting
401762482,2025,7,regular,UAB,Florida Atlantic,away,raw,rush_yards,68,46.0,-22.0,22.0,sack_accounting
401762482,2025,7,regular,UAB,Florida Atlantic,away,raw,third_down_attempts,17,14,-3,3,kneel_accounting
401762482,2025,7,regular,UAB,Florida Atlantic,away,raw,third_down_conversions,7,6,-1,1,kneel_accounting
401762482,2025,7,regular,UAB,Florida Atlantic,away,raw,fourth_down_conversions,2,1,-1,1,kneel_accounting
401752737,2025,7,regular,Texas A&M,Florida,home,raw,total_plays,68,57,-11,11,fumble_or_safety_swallows_scrimmage_type
401752737,2025,7,regular,Texas A&M,Florida,home,raw,total_yards,417,371.0,-46.0,46.0,fumble_or_safety_swallows_scrimmage_type
401752737,2025,7,regular,Texas A&M,Florida,home,raw,pass_attempts,26,19,-7,7,fumble_or_safety_swallows_scrimmage_type
401752737,2025,7,regular,Texas A&M,Florida,home,raw,completions,16,12,-4,4,accepted_or_declined_penalty
401752737,2025,7,regular,Texas A&M,Florida,home,raw,net_pass_yards,234,201.0,-33.0,33.0,fumble_or_safety_swallows_scrimmage_type
401752737,2025,7,regular,Texas A&M,Florida,home,raw,rush_attempts,42,38,-4,4,fumble_or_safety_swallows_scrimmage_type
401752737,2025,7,regular,Texas A&M,Florida,home,raw,rush_yards,183,170.0,-13.0,13.0,fumble_or_safety_swallows_scrimmage_type
401752737,2025,7,regular,Texas A&M,Florida,home,raw,turnovers,1,0,-1,1,accepted_or_declined_penalty
401752737,2025,7,regular,Texas A&M,Florida,home,raw,interceptions,1,0,-1,1,accepted_or_declined_penalty
401752737,2025,7,regular,Texas A&M,Florida,home,raw,third_down_attempts,17,14,-3,3,accepted_or_declined_penalty
401752737,2025,7,regular,Texas A&M,Florida,home,raw,third_down_conversions,9,8,-1,1,accepted_or_declined_penalty
401752737,2025,7,regular,Florida,Texas A&M,away,raw,total_plays,61,55,-6,6,fumble_or_safety_swallows_scrimmage_type
401752737,2025,7,regular,Florida,Texas A&M,away,raw,total_yards,319,289.0,-30.0,30.0,fumble_or_safety_swallows_scrimmage_type
401752737,2025,7,regular,Florida,Texas A&M,away,raw,pass_attempts,37,35,-2,2,fumble_or_safety_swallows_scrimmage_type
401752737,2025,7,regular,Florida,Texas A&M,away,raw,net_pass_yards,245,220.0,-25.0,25.0,fumble_or_safety_swallows_scrimmage_type
401752737,2025,7,regular,Florida,Texas A&M,away,raw,rush_attempts,24,20,-4,4,fumble_or_safety_swallows_scrimmage_type
401752737,2025,7,regular,Florida,Texas A&M,away,raw,rush_yards,74,69.0,-5.0,5.0,fumble_or_safety_swallows_scrimmage_type
401752737,2025,7,regular,Florida,Texas A&M,away,raw,turnovers,2,1,-1,1,accepted_or_declined_penalty
401752737,2025,7,regular,Florida,Texas A&M,away,raw,fumbles_lost,2,1,-1,1,accepted_or_declined_penalty
401752737,2025,7,regular,Florida,Texas A&M,away,raw,third_down_attempts,10,8,-2,2,accepted_or_declined_penalty
401761623,2025,7,regular,Coastal Carolina,UL Monroe,home,raw,total_plays,69,63,-6,6,fumble_or_safety_swallows_scrimmage_type
401761623,2025,7,regular,Coastal Carolina,UL Monroe,home,raw,total_yards,377,296.0,-81.0,81.0,fumble_or_safety_swallows_scrimmage_type
401761623,2025,7,regular,Coastal Carolina,UL Monroe,home,raw,pass_attempts,19,16,-3,3,fumble_or_safety_swallows_scrimmage_type
401761623,2025,7,regular,Coastal Carolina,UL Monroe,home,raw,completions,8,6,-2,2,kneel_accounting
401761623,2025,7,regular,Coastal Carolina,UL Monroe,home,raw,net_pass_yards,92,50.0,-42.0,42.0,fumble_or_safety_swallows_scrimmage_type
401761623,2025,7,regular,Coastal Carolina,UL Monroe,home,raw,rush_attempts,50,47,-3,3,fumble_or_safety_swallows_scrimmage_type
401761623,2025,7,regular,Coastal Carolina,UL Monroe,home,raw,rush_yards,285,246.0,-39.0,39.0,fumble_or_safety_swallows_scrimmage_type
401761623,2025,7,regular,Coastal Carolina,UL Monroe,home,raw,turnovers,1,0,-1,1,kneel_accounting
401761623,2025,7,regular,Coastal Carolina,UL Monroe,home,raw,fumbles_lost,1,0,-1,1,kneel_accounting
401761623,2025,7,regular,Coastal Carolina,UL Monroe,home,raw,third_down_attempts,16,13,-3,3,kneel_accounting
401761623,2025,7,regular,UL Monroe,Coastal Carolina,away,raw,total_plays,61,56,-5,5,fumble_or_safety_swallows_scrimmage_type
401761623,2025,7,regular,UL Monroe,Coastal Carolina,away,raw,total_yards,316,344.0,28.0,28.0,fumble_or_safety_swallows_scrimmage_type
401761623,2025,7,regular,UL Monroe,Coastal Carolina,away,raw,pass_attempts,29,26,-3,3,fumble_or_safety_swallows_scrimmage_type
401761623,2025,7,regular,UL Monroe,Coastal Carolina,away,raw,completions,14,13,-1,1,kneel_accounting
401761623,2025,7,regular,UL Monroe,Coastal Carolina,away,raw,net_pass_yards,176,180.0,4.0,4.0,fumble_or_safety_swallows_scrimmage_type
401761623,2025,7,regular,UL Monroe,Coastal Carolina,away,raw,rush_attempts,32,30,-2,2,fumble_or_safety_swallows_scrimmage_type
401761623,2025,7,regular,UL Monroe,Coastal Carolina,away,raw,rush_yards,140,164.0,24.0,24.0,fumble_or_safety_swallows_scrimmage_type
401761623,2025,7,regular,UL Monroe,Coastal Carolina,away,raw,turnovers,2,1,-1,1,kneel_accounting
401761623,2025,7,regular,UL Monroe,Coastal Carolina,away,raw,interceptions,2,1,-1,1,kneel_accounting
401760391,2025,7,regular,Wyoming,San José State,home,raw,total_plays,64,62,-2,2,fumble_or_safety_swallows_scrimmage_type
401760391,2025,7,regular,Wyoming,San José State,home,raw,total_yards,413,412.0,-1.0,1.0,fumble_or_safety_swallows_scrimmage_type
401760391,2025,7,regular,Wyoming,San José State,home,raw,pass_attempts,39,38,-1,1,fumble_or_safety_swallows_scrimmage_type
401760391,2025,7,regular,Wyoming,San José State,home,raw,rush_attempts,25,24,-1,1,fumble_or_safety_swallows_scrimmage_type
401760391,2025,7,regular,Wyoming,San José State,home,raw,rush_yards,109,108.0,-1.0,1.0,fumble_or_safety_swallows_scrimmage_type
401760391,2025,7,regular,Wyoming,San José State,home,raw,turnovers,3,2,-1,1,no_play_penalty
401760391,2025,7,regular,Wyoming,San José State,home,raw,fumbles_lost,1,0,-1,1,no_play_penalty
401760391,2025,7,regular,San José State,Wyoming,away,raw,total_plays,82,79,-3,3,fumble_or_safety_swallows_scrimmage_type
401760391,2025,7,regular,San José State,Wyoming,away,raw,total_yards,383,411.0,28.0,28.0,fumble_or_safety_swallows_scrimmage_type
401760391,2025,7,regular,San José State,Wyoming,away,raw,pass_attempts,55,54,-1,1,fumble_or_safety_swallows_scrimmage_type
401760391,2025,7,regular,San José State,Wyoming,away,raw,rush_attempts,27,25,-2,2,fumble_or_safety_swallows_scrimmage_type
401760391,2025,7,regular,San José State,Wyoming,away,raw,rush_yards,43,71.0,28.0,28.0,fumble_or_safety_swallows_scrimmage_type
401760391,2025,7,regular,San José State,Wyoming,away,raw,turnovers,2,1,-1,1,no_play_penalty
401760391,2025,7,regular,San José State,Wyoming,away,raw,fumbles_lost,1,0,-1,1,no_play_penalty
401760391,2025,7,regular,San José State,Wyoming,away,raw,third_down_attempts,19,17,-2,2,no_play_penalty
401760391,2025,7,regular,San José State,Wyoming,away,raw,fourth_down_attempts,2,1,-1,1,no_play_penalty
401752869,2025,7,regular,Wisconsin,Iowa,home,raw,total_plays,57,53,-4,4,duplicate_plays
401752869,2025,7,regular,Wisconsin,Iowa,home,raw,total_yards,209,221.0,12.0,12.0,duplicate_plays
401752869,2025,7,regular,Wisconsin,Iowa,home,raw,pass_attempts,21,20,-1,1,duplicate_plays
401752869,2025,7,regular,Wisconsin,Iowa,home,raw,rush_attempts,36,33,-3,3,duplicate_plays
401752869,2025,7,regular,Wisconsin,Iowa,home,raw,rush_yards,127,139.0,12.0,12.0,duplicate_plays
401752869,2025,7,regular,Wisconsin,Iowa,home,raw,fourth_down_attempts,2,3,1,1,no_play_penalty
401752869,2025,7,regular,Iowa,Wisconsin,away,raw,total_plays,61,59,-2,2,no_play_penalty
401752869,2025,7,regular,Iowa,Wisconsin,away,raw,pass_attempts,25,23,-2,2,no_play_penalty
401752869,2025,7,regular,Iowa,Wisconsin,away,raw,turnovers,1,0,-1,1,no_play_penalty
401752869,2025,7,regular,Iowa,Wisconsin,away,raw,interceptions,1,0,-1,1,no_play_penalty
401752869,2025,7,regular,Iowa,Wisconsin,away,raw,third_down_attempts,12,11,-1,1,no_play_penalty
401754558,2025,7,regular,Boston College,Clemson,home,raw,total_plays,61,60,-1,1,fumble_or_safety_swallows_scrimmage_type
401754558,2025,7,regular,Boston College,Clemson,home,raw,total_yards,221,237.0,16.0,16.0,fumble_or_safety_swallows_scrimmage_type
401754558,2025,7,regular,Boston College,Clemson,home,raw,net_pass_yards,136,154.0,18.0,18.0,fumble_or_safety_swallows_scrimmage_type
401754558,2025,7,regular,Boston College,Clemson,home,raw,rush_attempts,32,31,-1,1,fumble_or_safety_swallows_scrimmage_type
401754558,2025,7,regular,Boston College,Clemson,home,raw,rush_yards,85,83.0,-2.0,2.0,fumble_or_safety_swallows_scrimmage_type
401754558,2025,7,regular,Boston College,Clemson,home,raw,turnovers,2,1,-1,1,accepted_or_declined_penalty
401754558,2025,7,regular,Boston College,Clemson,home,raw,fumbles_lost,1,0,-1,1,accepted_or_declined_penalty
401754558,2025,7,regular,Boston College,Clemson,home,raw,third_down_attempts,12,13,1,1,accepted_or_declined_penalty
401754558,2025,7,regular,Boston College,Clemson,home,raw,third_down_conversions,3,4,1,1,accepted_or_declined_penalty
401754558,2025,7,regular,Boston College,Clemson,home,raw,fourth_down_attempts,4,3,-1,1,accepted_or_declined_penalty
401754558,2025,7,regular,Clemson,Boston College,away,raw,total_plays,76,72,-4,4,fumble_or_safety_swallows_scrimmage_type
401754558,2025,7,regular,Clemson,Boston College,away,raw,total_yards,504,493.0,-11.0,11.0,fumble_or_safety_swallows_scrimmage_type
401754558,2025,7,regular,Clemson,Boston College,away,raw,pass_attempts,33,29,-4,4,fumble_or_safety_swallows_scrimmage_type
401754558,2025,7,regular,Clemson,Boston College,away,raw,completions,23,22,-1,1,accepted_or_declined_penalty
401754558,2025,7,regular,Clemson,Boston College,away,raw,net_pass_yards,278,267.0,-11.0,11.0,fumble_or_safety_swallows_scrimmage_type
401754558,2025,7,regular,Clemson,Boston College,away,raw,turnovers,3,1,-2,2,accepted_or_declined_penalty
401754558,2025,7,regular,Clemson,Boston College,away,raw,interceptions,2,1,-1,1,accepted_or_declined_penalty
401754558,2025,7,regular,Clemson,Boston College,away,raw,fumbles_lost,1,0,-1,1,accepted_or_declined_penalty
401754558,2025,7,regular,Clemson,Boston College,away,raw,fourth_down_attempts,4,3,-1,1,accepted_or_declined_penalty
401752864,2025,7,regular,Minnesota,Purdue,home,raw,total_plays,63,62,-1,1,fumble_or_safety_swallows_scrimmage_type
401752864,2025,7,regular,Minnesota,Purdue,home,raw,pass_attempts,45,44,-1,1,fumble_or_safety_swallows_scrimmage_type
401752864,2025,7,regular,Minnesota,Purdue,home,raw,turnovers,1,0,-1,1,no_play_penalty
401752864,2025,7,regular,Minnesota,Purdue,home,raw,interceptions,1,0,-1,1,no_play_penalty
401752864,2025,7,regular,Minnesota,Purdue,home,raw,third_down_attempts,15,14,-1,1,no_play_penalty
401752864,2025,7,regular,Purdue,Minnesota,away,raw,total_plays,82,77,-5,5,fumble_or_safety_swallows_scrimmage_type
401752864,2025,7,regular,Purdue,Minnesota,away,raw,total_yards,456,444.0,-12.0,12.0,fumble_or_safety_swallows_scrimmage_type
401752864,2025,7,regular,Purdue,Minnesota,away,raw,pass_attempts,42,37,-5,5,fumble_or_safety_swallows_scrimmage_type
401752864,2025,7,regular,Purdue,Minnesota,away,raw,completions,21,20,-1,1,no_play_penalty
401752864,2025,7,regular,Purdue,Minnesota,away,raw,net_pass_yards,203,191.0,-12.0,12.0,fumble_or_safety_swallows_scrimmage_type
401752864,2025,7,regular,Purdue,Minnesota,away,raw,turnovers,4,1,-3,3,no_play_penalty
401752864,2025,7,regular,Purdue,Minnesota,away,raw,interceptions,3,1,-2,2,no_play_penalty
401752864,2025,7,regular,Purdue,Minnesota,away,raw,fumbles_lost,1,0,-1,1,no_play_penalty
401752864,2025,7,regular,Purdue,Minnesota,away,raw,third_down_attempts,16,13,-3,3,no_play_penalty
401762485,2025,7,regular,UTSA,Rice,home,raw,total_plays,59,57,-2,2,fumble_or_safety_swallows_scrimmage_type
401762485,2025,7,regular,UTSA,Rice,home,raw,total_yards,437,430.0,-7.0,7.0,fumble_or_safety_swallows_scrimmage_type
401762485,2025,7,regular,UTSA,Rice,home,raw,pass_attempts,25,23,-2,2,fumble_or_safety_swallows_scrimmage_type
401762485,2025,7,regular,UTSA,Rice,home,raw,completions,16,14,-2,2,no_play_penalty
401762485,2025,7,regular,UTSA,Rice,home,raw,net_pass_yards,246,229.0,-17.0,17.0,fumble_or_safety_swallows_scrimmage_type
401762485,2025,7,regular,UTSA,Rice,home,raw,rush_yards,191,201.0,10.0,10.0,fumble_or_safety_swallows_scrimmage_type
401762485,2025,7,regular,UTSA,Rice,home,raw,third_down_attempts,10,9,-1,1,no_play_penalty
401762485,2025,7,regular,UTSA,Rice,home,raw,third_down_conversions,4,3,-1,1,no_play_penalty
401762485,2025,7,regular,Rice,UTSA,away,raw,total_plays,69,63,-6,6,duplicate_plays
401762485,2025,7,regular,Rice,UTSA,away,raw,total_yards,269,275.0,6.0,6.0,duplicate_plays
401762485,2025,7,regular,Rice,UTSA,away,raw,pass_attempts,19,18,-1,1,duplicate_plays
401762485,2025,7,regular,Rice,UTSA,away,raw,completions,10,9,-1,1,duplicate_plays
401762485,2025,7,regular,Rice,UTSA,away,raw,net_pass_yards,79,67.0,-12.0,12.0,duplicate_plays
401762485,2025,7,regular,Rice,UTSA,away,raw,rush_attempts,50,45,-5,5,duplicate_plays
401762485,2025,7,regular,Rice,UTSA,away,raw,rush_yards,190,208.0,18.0,18.0,duplicate_plays
401762485,2025,7,regular,Rice,UTSA,away,raw,third_down_attempts,18,16,-2,2,no_play_penalty
401762485,2025,7,regular,Rice,UTSA,away,raw,fourth_down_conversions,1,0,-1,1,no_play_penalty
401752731,2025,7,regular,Auburn,Georgia,home,raw,total_yards,278,267.0,-11.0,11.0,sack_accounting
401752731,2025,7,regular,Auburn,Georgia,home,raw,rush_yards,141,130.0,-11.0,11.0,sack_accounting
401752731,2025,7,regular,Auburn,Georgia,home,raw,turnovers,1,0,-1,1,no_play_penalty
401752731,2025,7,regular,Auburn,Georgia,home,raw,fumbles_lost,1,0,-1,1,no_play_penalty
401752731,2025,7,regular,Auburn,Georgia,home,raw,third_down_attempts,17,16,-1,1,no_play_penalty
401752731,2025,7,regular,Georgia,Auburn,away,raw,total_plays,67,69,2,2,sack_accounting
401752731,2025,7,regular,Georgia,Auburn,away,raw,rush_attempts,29,31,2,2,sack_accounting
401752731,2025,7,regular,Georgia,Auburn,away,raw,third_down_attempts,14,15,1,1,no_play_penalty
401756921,2025,7,regular,Texas Tech,Kansas,home,raw,total_plays,68,66,-2,2,fumble_or_safety_swallows_scrimmage_type
401756921,2025,7,regular,Texas Tech,Kansas,home,raw,total_yards,505,504.0,-1.0,1.0,fumble_or_safety_swallows_scrimmage_type
401756921,2025,7,regular,Texas Tech,Kansas,home,raw,pass_attempts,28,27,-1,1,fumble_or_safety_swallows_scrimmage_type
401756921,2025,7,regular,Texas Tech,Kansas,home,raw,rush_attempts,40,39,-1,1,fumble_or_safety_swallows_scrimmage_type
401756921,2025,7,regular,Texas Tech,Kansas,home,raw,rush_yards,372,371.0,-1.0,1.0,fumble_or_safety_swallows_scrimmage_type
401756921,2025,7,regular,Texas Tech,Kansas,home,raw,turnovers,1,0,-1,1,no_play_penalty
401756921,2025,7,regular,Texas Tech,Kansas,home,raw,interceptions,1,0,-1,1,no_play_penalty
401756921,2025,7,regular,Texas Tech,Kansas,home,raw,third_down_attempts,14,13,-1,1,no_play_penalty
401756921,2025,7,regular,Kansas,Texas Tech,away,raw,total_plays,77,72,-5,5,fumble_or_safety_swallows_scrimmage_type
401756921,2025,7,regular,Kansas,Texas Tech,away,raw,total_yards,319,320.0,1.0,1.0,fumble_or_safety_swallows_scrimmage_type
401756921,2025,7,regular,Kansas,Texas Tech,away,raw,pass_attempts,39,38,-1,1,fumble_or_safety_swallows_scrimmage_type
401756921,2025,7,regular,Kansas,Texas Tech,away,raw,completions,30,29,-1,1,no_play_penalty
401756921,2025,7,regular,Kansas,Texas Tech,away,raw,net_pass_yards,245,239.0,-6.0,6.0,fumble_or_safety_swallows_scrimmage_type
401756921,2025,7,regular,Kansas,Texas Tech,away,raw,rush_attempts,38,34,-4,4,fumble_or_safety_swallows_scrimmage_type
401756921,2025,7,regular,Kansas,Texas Tech,away,raw,rush_yards,74,81.0,7.0,7.0,fumble_or_safety_swallows_scrimmage_type
401756921,2025,7,regular,Kansas,Texas Tech,away,raw,turnovers,1,0,-1,1,no_play_penalty
401756921,2025,7,regular,Kansas,Texas Tech,away,raw,fumbles_lost,1,0,-1,1,no_play_penalty
401756921,2025,7,regular,Kansas,Texas Tech,away,raw,third_down_attempts,18,17,-1,1,no_play_penalty
401752868,2025,7,regular,USC,Michigan,home,raw,total_plays,67,66,-1,1,fumble_or_safety_swallows_scrimmage_type
401752868,2025,7,regular,USC,Michigan,home,raw,total_yards,490,467.0,-23.0,23.0,fumble_or_safety_swallows_scrimmage_type
401752868,2025,7,regular,USC,Michigan,home,raw,pass_attempts,32,30,-2,2,fumble_or_safety_swallows_scrimmage_type
401752868,2025,7,regular,USC,Michigan,home,raw,completions,25,24,-1,1,no_play_penalty
401752868,2025,7,regular,USC,Michigan,home,raw,net_pass_yards,265,229.0,-36.0,36.0,fumble_or_safety_swallows_scrimmage_type
401752868,2025,7,regular,USC,Michigan,home,raw,rush_attempts,35,36,1,1,fumble_or_safety_swallows_scrimmage_type
401752868,2025,7,regular,USC,Michigan,home,raw,rush_yards,225,238.0,13.0,13.0,fumble_or_safety_swallows_scrimmage_type
401752868,2025,7,regular,USC,Michigan,home,raw,turnovers,2,1,-1,1,no_play_penalty
401752868,2025,7,regular,USC,Michigan,home,raw,fumbles_lost,1,0,-1,1,no_play_penalty
401752868,2025,7,regular,USC,Michigan,home,raw,third_down_attempts,12,10,-2,2,no_play_penalty
401752868,2025,7,regular,Michigan,USC,away,raw,total_plays,57,55,-2,2,duplicate_plays
401752868,2025,7,regular,Michigan,USC,away,raw,total_yards,316,322.0,6.0,6.0,duplicate_plays
401752868,2025,7,regular,Michigan,USC,away,raw,pass_attempts,26,25,-1,1,duplicate_plays
401752868,2025,7,regular,Michigan,USC,away,raw,rush_attempts,31,30,-1,1,duplicate_plays
401752868,2025,7,regular,Michigan,USC,away,raw,rush_yards,109,115.0,6.0,6.0,duplicate_plays
401752868,2025,7,regular,Michigan,USC,away,raw,third_down_attempts,9,8,-1,1,no_play_penalty
401752732,2025,7,regular,LSU,South Carolina,home,raw,total_plays,61,59,-2,2,sack_accounting
401752732,2025,7,regular,LSU,South Carolina,home,raw,pass_attempts,33,31,-2,2,sack_accounting
401752732,2025,7,regular,LSU,South Carolina,home,raw,turnovers,3,2,-1,1,kneel_accounting
401752732,2025,7,regular,LSU,South Carolina,home,raw,interceptions,2,1,-1,1,kneel_accounting
401752732,2025,7,regular,LSU,South Carolina,home,raw,third_down_attempts,11,10,-1,1,kneel_accounting
401752732,2025,7,regular,South Carolina,LSU,away,raw,total_plays,72,68,-4,4,sack_accounting
401752732,2025,7,regular,South Carolina,LSU,away,raw,total_yards,317,350.0,33.0,33.0,sack_accounting
401752732,2025,7,regular,South Carolina,LSU,away,raw,pass_attempts,27,26,-1,1,sack_accounting
401752732,2025,7,regular,South Carolina,LSU,away,raw,rush_attempts,45,42,-3,3,sack_accounting
401752732,2025,7,regular,South Carolina,LSU,away,raw,rush_yards,193,226.0,33.0,33.0,sack_accounting
401752732,2025,7,regular,South Carolina,LSU,away,raw,turnovers,2,0,-2,2,kneel_accounting
401752732,2025,7,regular,South Carolina,LSU,away,raw,interceptions,1,0,-1,1,kneel_accounting
401752732,2025,7,regular,South Carolina,LSU,away,raw,fumbles_lost,1,0,-1,1,kneel_accounting
401752732,2025,7,regular,South Carolina,LSU,away,raw,third_down_attempts,16,14,-2,2,kneel_accounting
401756916,2025,7,regular,Arizona,BYU,home,raw,total_yards,384,388.0,4.0,4.0,sack_accounting
401756916,2025,7,regular,Arizona,BYU,home,raw,pass_attempts,45,44,-1,1,sack_accounting
401756916,2025,7,regular,Arizona,BYU,home,raw,completions,25,26,1,1,no_play_penalty
401756916,2025,7,regular,Arizona,BYU,home,raw,net_pass_yards,219,224.0,5.0,5.0,sack_accounting
401756916,2025,7,regular,Arizona,BYU,home,raw,rush_attempts,33,34,1,1,sack_accounting
401756916,2025,7,regular,Arizona,BYU,home,raw,rush_yards,165,164.0,-1.0,1.0,sack_accounting
401756916,2025,7,regular,Arizona,BYU,home,raw,turnovers,1,0,-1,1,no_play_penalty
401756916,2025,7,regular,Arizona,BYU,home,raw,interceptions,1,0,-1,1,no_play_penalty
401756916,2025,7,regular,Arizona,BYU,home,raw,fourth_down_attempts,6,5,-1,1,no_play_penalty
401756916,2025,7,regular,BYU,Arizona,away,raw,total_plays,80,79,-1,1,sack_accounting
401756916,2025,7,regular,BYU,Arizona,away,raw,total_yards,430,435.0,5.0,5.0,sack_accounting
401756916,2025,7,regular,BYU,Arizona,away,raw,pass_attempts,29,28,-1,1,sack_accounting
401756916,2025,7,regular,BYU,Arizona,away,raw,completions,12,13,1,1,no_play_penalty
401756916,2025,7,regular,BYU,Arizona,away,raw,rush_yards,258,263.0,5.0,5.0,sack_accounting
401756916,2025,7,regular,BYU,Arizona,away,raw,third_down_attempts,16,15,-1,1,no_play_penalty
401756916,2025,7,regular,BYU,Arizona,away,raw,third_down_conversions,8,7,-1,1,no_play_penalty
401761627,2025,7,regular,Texas State,Troy,home,raw,total_plays,75,74,-1,1,duplicate_plays
401761627,2025,7,regular,Texas State,Troy,home,raw,total_yards,574,563.0,-11.0,11.0,duplicate_plays
401761627,2025,7,regular,Texas State,Troy,home,raw,net_pass_yards,248,238.0,-10.0,10.0,duplicate_plays
401761627,2025,7,regular,Texas State,Troy,home,raw,rush_attempts,53,52,-1,1,duplicate_plays
401761627,2025,7,regular,Texas State,Troy,home,raw,rush_yards,326,325.0,-1.0,1.0,duplicate_plays
401761627,2025,7,regular,Texas State,Troy,home,raw,third_down_attempts,17,18,1,1,no_play_penalty
401761627,2025,7,regular,Troy,Texas State,away,raw,total_yards,458,460.0,2.0,2.0,sack_accounting
401761627,2025,7,regular,Troy,Texas State,away,raw,pass_attempts,40,41,1,1,sack_accounting
401761627,2025,7,regular,Troy,Texas State,away,raw,net_pass_yards,415,419.0,4.0,4.0,sack_accounting
401761627,2025,7,regular,Troy,Texas State,away,raw,rush_attempts,32,31,-1,1,sack_accounting
401761627,2025,7,regular,Troy,Texas State,away,raw,rush_yards,43,41.0,-2.0,2.0,sack_accounting
401760387,2025,7,regular,Boise State,New Mexico,home,raw,total_yards,399,428.0,29.0,29.0,fumble_or_safety_swallows_scrimmage_type
401760387,2025,7,regular,Boise State,New Mexico,home,raw,net_pass_yards,236,246.0,10.0,10.0,fumble_or_safety_swallows_scrimmage_type
401760387,2025,7,regular,Boise State,New Mexico,home,raw,rush_yards,163,182.0,19.0,19.0,fumble_or_safety_swallows_scrimmage_type
401760387,2025,7,regular,Boise State,New Mexico,home,raw,fourth_down_attempts,7,6,-1,1,kneel_accounting
401760387,2025,7,regular,New Mexico,Boise State,away,raw,total_plays,53,49,-4,4,duplicate_plays
401760387,2025,7,regular,New Mexico,Boise State,away,raw,total_yards,232,225.0,-7.0,7.0,duplicate_plays
401760387,2025,7,regular,New Mexico,Boise State,away,raw,pass_attempts,30,29,-1,1,duplicate_plays
401760387,2025,7,regular,New Mexico,Boise State,away,raw,rush_attempts,23,20,-3,3,duplicate_plays
401760387,2025,7,regular,New Mexico,Boise State,away,raw,rush_yards,50,43.0,-7.0,7.0,duplicate_plays
401760387,2025,7,regular,New Mexico,Boise State,away,raw,turnovers,3,1,-2,2,kneel_accounting
401760387,2025,7,regular,New Mexico,Boise State,away,raw,interceptions,2,1,-1,1,kneel_accounting
401760387,2025,7,regular,New Mexico,Boise State,away,raw,fumbles_lost,1,0,-1,1,kneel_accounting
401760387,2025,7,regular,New Mexico,Boise State,away,raw,third_down_attempts,13,10,-3,3,kneel_accounting
401760387,2025,7,regular,New Mexico,Boise State,away,raw,fourth_down_attempts,3,4,1,1,kneel_accounting
401756922,2025,7,regular,Utah,Arizona State,home,raw,total_plays,53,56,3,3,sack_accounting
401756922,2025,7,regular,Utah,Arizona State,home,raw,total_yards,415,429.0,14.0,14.0,sack_accounting
401756922,2025,7,regular,Utah,Arizona State,home,raw,pass_attempts,13,14,1,1,sack_accounting
401756922,2025,7,regular,Utah,Arizona State,home,raw,net_pass_yards,136,141.0,5.0,5.0,sack_accounting
401756922,2025,7,regular,Utah,Arizona State,home,raw,rush_attempts,40,42,2,2,sack_accounting
401756922,2025,7,regular,Utah,Arizona State,home,raw,rush_yards,279,288.0,9.0,9.0,sack_accounting
401756922,2025,7,regular,Utah,Arizona State,home,raw,third_down_attempts,8,9,1,1,accepted_or_declined_penalty
401756922,2025,7,regular,Utah,Arizona State,home,raw,third_down_conversions,4,5,1,1,accepted_or_declined_penalty
401756922,2025,7,regular,Arizona State,Utah,away,raw,total_plays,78,83,5,5,sack_accounting
401756922,2025,7,regular,Arizona State,Utah,away,raw,total_yards,259,280.0,21.0,21.0,sack_accounting
401756922,2025,7,regular,Arizona State,Utah,away,raw,pass_attempts,38,40,2,2,sack_accounting
401756922,2025,7,regular,Arizona State,Utah,away,raw,net_pass_yards,124,150.0,26.0,26.0,sack_accounting
401756922,2025,7,regular,Arizona State,Utah,away,raw,rush_attempts,40,43,3,3,sack_accounting
401756922,2025,7,regular,Arizona State,Utah,away,raw,rush_yards,135,130.0,-5.0,5.0,sack_accounting
401756922,2025,7,regular,Arizona State,Utah,away,raw,third_down_attempts,18,20,2,2,accepted_or_declined_penalty
401756922,2025,7,regular,Arizona State,Utah,away,raw,third_down_conversions,7,8,1,1,accepted_or_declined_penalty
401760390,2025,7,regular,Nevada,San Diego State,home,raw,total_plays,63,60,-3,3,duplicate_plays
401760390,2025,7,regular,Nevada,San Diego State,home,raw,total_yards,254,281.0,27.0,27.0,duplicate_plays
401760390,2025,7,regular,Nevada,San Diego State,home,raw,pass_attempts,32,30,-2,2,duplicate_plays
401760390,2025,7,regular,Nevada,San Diego State,home,raw,completions,16,15,-1,1,duplicate_plays
401760390,2025,7,regular,Nevada,San Diego State,home,raw,net_pass_yards,177,194.0,17.0,17.0,duplicate_plays
401760390,2025,7,regular,Nevada,San Diego State,home,raw,rush_attempts,31,30,-1,1,duplicate_plays
401760390,2025,7,regular,Nevada,San Diego State,home,raw,rush_yards,77,87.0,10.0,10.0,duplicate_plays
401760390,2025,7,regular,Nevada,San Diego State,home,raw,third_down_attempts,15,14,-1,1,no_play_penalty
401760390,2025,7,regular,Nevada,San Diego State,home,raw,fourth_down_attempts,2,3,1,1,no_play_penalty
401760390,2025,7,regular,San Diego State,Nevada,away,raw,total_plays,58,57,-1,1,fumble_or_safety_swallows_scrimmage_type
401760390,2025,7,regular,San Diego State,Nevada,away,raw,pass_attempts,18,17,-1,1,fumble_or_safety_swallows_scrimmage_type
401760390,2025,7,regular,San Diego State,Nevada,away,raw,third_down_attempts,10,9,-1,1,no_play_penalty
401760389,2025,7,regular,Hawai'i,Utah State,home,raw,total_plays,80,82,2,2,fumble_or_safety_swallows_scrimmage_type
401760389,2025,7,regular,Hawai'i,Utah State,home,raw,total_yards,549,546.0,-3.0,3.0,fumble_or_safety_swallows_scrimmage_type
401760389,2025,7,regular,Hawai'i,Utah State,home,raw,pass_attempts,54,53,-1,1,fumble_or_safety_swallows_scrimmage_type
401760389,2025,7,regular,Hawai'i,Utah State,home,raw,rush_attempts,26,29,3,3,fumble_or_safety_swallows_scrimmage_type
401760389,2025,7,regular,Hawai'i,Utah State,home,raw,rush_yards,136,133.0,-3.0,3.0,fumble_or_safety_swallows_scrimmage_type
401760389,2025,7,regular,Hawai'i,Utah State,home,raw,turnovers,1,0,-1,1,no_play_penalty
401760389,2025,7,regular,Hawai'i,Utah State,home,raw,interceptions,1,0,-1,1,no_play_penalty
401760389,2025,7,regular,Hawai'i,Utah State,home,raw,third_down_attempts,16,15,-1,1,no_play_penalty
401760389,2025,7,regular,Utah State,Hawai'i,away,raw,total_plays,66,62,-4,4,duplicate_plays
401760389,2025,7,regular,Utah State,Hawai'i,away,raw,total_yards,435,378.0,-57.0,57.0,duplicate_plays
401760389,2025,7,regular,Utah State,Hawai'i,away,raw,pass_attempts,37,33,-4,4,duplicate_plays
401760389,2025,7,regular,Utah State,Hawai'i,away,raw,completions,19,15,-4,4,duplicate_plays
401760389,2025,7,regular,Utah State,Hawai'i,away,raw,net_pass_yards,269,222.0,-47.0,47.0,duplicate_plays
401760389,2025,7,regular,Utah State,Hawai'i,away,raw,rush_yards,166,156.0,-10.0,10.0,duplicate_plays
401760389,2025,7,regular,Utah State,Hawai'i,away,raw,turnovers,2,0,-2,2,no_play_penalty
401760389,2025,7,regular,Utah State,Hawai'i,away,raw,interceptions,1,0,-1,1,no_play_penalty
401760389,2025,7,regular,Utah State,Hawai'i,away,raw,fumbles_lost,1,0,-1,1,no_play_penalty
401760389,2025,7,regular,Utah State,Hawai'i,away,raw,third_down_attempts,12,11,-1,1,no_play_penalty
401760389,2025,7,regular,Utah State,Hawai'i,away,raw,third_down_conversions,2,1,-1,1,no_play_penalty
401760389,2025,7,regular,Utah State,Hawai'i,away,raw,fourth_down_attempts,2,3,1,1,no_play_penalty
401757282,2025,8,regular,Liberty,New Mexico State,home,raw,total_plays,60,58,-2,2,fumble_or_safety_swallows_scrimmage_type
401757282,2025,8,regular,Liberty,New Mexico State,home,raw,total_yards,293,301.0,8.0,8.0,fumble_or_safety_swallows_scrimmage_type
401757282,2025,8,regular,Liberty,New Mexico State,home,raw,pass_attempts,30,29,-1,1,fumble_or_safety_swallows_scrimmage_type
401757282,2025,8,regular,Liberty,New Mexico State,home,raw,rush_attempts,30,29,-1,1,fumble_or_safety_swallows_scrimmage_type
401757282,2025,8,regular,Liberty,New Mexico State,home,raw,rush_yards,114,122.0,8.0,8.0,fumble_or_safety_swallows_scrimmage_type
401757282,2025,8,regular,Liberty,New Mexico State,home,raw,turnovers,3,2,-1,1,kneel_accounting
401757282,2025,8,regular,Liberty,New Mexico State,home,raw,fumbles_lost,1,0,-1,1,kneel_accounting
401757282,2025,8,regular,Liberty,New Mexico State,home,raw,third_down_attempts,10,9,-1,1,kneel_accounting
401757282,2025,8,regular,New Mexico State,Liberty,away,raw,total_yards,388,460.0,72.0,72.0,fumble_or_safety_swallows_scrimmage_type
401757282,2025,8,regular,New Mexico State,Liberty,away,raw,net_pass_yards,242,264.0,22.0,22.0,fumble_or_safety_swallows_scrimmage_type
401757282,2025,8,regular,New Mexico State,Liberty,away,raw,rush_yards,146,196.0,50.0,50.0,fumble_or_safety_swallows_scrimmage_type
401757282,2025,8,regular,New Mexico State,Liberty,away,raw,turnovers,2,0,-2,2,kneel_accounting
401757282,2025,8,regular,New Mexico State,Liberty,away,raw,fumbles_lost,2,0,-2,2,kneel_accounting
401761628,2025,8,regular,South Alabama,Arkansas State,home,raw,total_plays,59,66,7,7,fumble_or_safety_swallows_scrimmage_type
401761628,2025,8,regular,South Alabama,Arkansas State,home,raw,total_yards,293,282.0,-11.0,11.0,fumble_or_safety_swallows_scrimmage_type
401761628,2025,8,regular,South Alabama,Arkansas State,home,raw,pass_attempts,23,28,5,5,fumble_or_safety_swallows_scrimmage_type
401761628,2025,8,regular,South Alabama,Arkansas State,home,raw,completions,18,20,2,2,accepted_or_declined_penalty
401761628,2025,8,regular,South Alabama,Arkansas State,home,raw,net_pass_yards,118,121.0,3.0,3.0,fumble_or_safety_swallows_scrimmage_type
401761628,2025,8,regular,South Alabama,Arkansas State,home,raw,rush_attempts,36,38,2,2,fumble_or_safety_swallows_scrimmage_type
401761628,2025,8,regular,South Alabama,Arkansas State,home,raw,rush_yards,175,161.0,-14.0,14.0,fumble_or_safety_swallows_scrimmage_type
401761628,2025,8,regular,South Alabama,Arkansas State,home,raw,third_down_attempts,14,15,1,1,accepted_or_declined_penalty
401761628,2025,8,regular,South Alabama,Arkansas State,home,raw,fourth_down_attempts,1,2,1,1,accepted_or_declined_penalty
401761628,2025,8,regular,Arkansas State,South Alabama,away,raw,total_plays,77,79,2,2,fumble_or_safety_swallows_scrimmage_type
401761628,2025,8,regular,Arkansas State,South Alabama,away,raw,total_yards,367,319.0,-48.0,48.0,fumble_or_safety_swallows_scrimmage_type
401761628,2025,8,regular,Arkansas State,South Alabama,away,raw,pass_attempts,45,47,2,2,fumble_or_safety_swallows_scrimmage_type
401761628,2025,8,regular,Arkansas State,South Alabama,away,raw,completions,29,30,1,1,accepted_or_declined_penalty
401761628,2025,8,regular,Arkansas State,South Alabama,away,raw,net_pass_yards,209,167.0,-42.0,42.0,fumble_or_safety_swallows_scrimmage_type
401761628,2025,8,regular,Arkansas State,South Alabama,away,raw,rush_yards,158,152.0,-6.0,6.0,fumble_or_safety_swallows_scrimmage_type
401761628,2025,8,regular,Arkansas State,South Alabama,away,raw,turnovers,1,0,-1,1,accepted_or_declined_penalty
401761628,2025,8,regular,Arkansas State,South Alabama,away,raw,interceptions,1,0,-1,1,accepted_or_declined_penalty
401761628,2025,8,regular,Arkansas State,South Alabama,away,raw,third_down_conversions,4,5,1,1,accepted_or_declined_penalty
401761628,2025,8,regular,Arkansas State,South Alabama,away,raw,fourth_down_attempts,3,4,1,1,accepted_or_declined_penalty
401757281,2025,8,regular,Western Kentucky,Florida International,home,raw,total_plays,64,59,-5,5,fumble_or_safety_swallows_scrimmage_type
401757281,2025,8,regular,Western Kentucky,Florida International,home,raw,total_yards,341,367.0,26.0,26.0,fumble_or_safety_swallows_scrimmage_type
401757281,2025,8,regular,Western Kentucky,Florida International,home,raw,pass_attempts,41,37,-4,4,fumble_or_safety_swallows_scrimmage_type
401757281,2025,8,regular,Western Kentucky,Florida International,home,raw,completions,27,26,-1,1,no_play_penalty
401757281,2025,8,regular,Western Kentucky,Florida International,home,raw,net_pass_yards,225,237.0,12.0,12.0,fumble_or_safety_swallows_scrimmage_type
401757281,2025,8,regular,Western Kentucky,Florida International,home,raw,rush_attempts,23,22,-1,1,fumble_or_safety_swallows_scrimmage_type
401757281,2025,8,regular,Western Kentucky,Florida International,home,raw,rush_yards,116,130.0,14.0,14.0,fumble_or_safety_swallows_scrimmage_type
401757281,2025,8,regular,Western Kentucky,Florida International,home,raw,turnovers,3,2,-1,1,no_play_penalty
401757281,2025,8,regular,Western Kentucky,Florida International,home,raw,interceptions,3,2,-1,1,no_play_penalty
401757281,2025,8,regular,Western Kentucky,Florida International,home,raw,third_down_attempts,15,12,-3,3,no_play_penalty
401757281,2025,8,regular,Florida International,Western Kentucky,away,raw,total_yards,453,436.0,-17.0,17.0,fumble_or_safety_swallows_scrimmage_type
401757281,2025,8,regular,Florida International,Western Kentucky,away,raw,pass_attempts,31,32,1,1,fumble_or_safety_swallows_scrimmage_type
401757281,2025,8,regular,Florida International,Western Kentucky,away,raw,rush_attempts,39,38,-1,1,fumble_or_safety_swallows_scrimmage_type
401757281,2025,8,regular,Florida International,Western Kentucky,away,raw,rush_yards,249,232.0,-17.0,17.0,fumble_or_safety_swallows_scrimmage_type
401757281,2025,8,regular,Florida International,Western Kentucky,away,raw,fourth_down_attempts,0,1,1,1,no_play_penalty
401757284,2025,8,regular,Sam Houston,UTEP,home,raw,total_plays,76,80,4,4,sack_accounting
401757284,2025,8,regular,Sam Houston,UTEP,home,raw,total_yards,398,412.0,14.0,14.0,sack_accounting
401757284,2025,8,regular,Sam Houston,UTEP,home,raw,pass_attempts,36,38,2,2,sack_accounting
401757284,2025,8,regular,Sam Houston,UTEP,home,raw,completions,22,23,1,1,kneel_accounting
401757284,2025,8,regular,Sam Houston,UTEP,home,raw,net_pass_yards,239,245.0,6.0,6.0,sack_accounting
401757284,2025,8,regular,Sam Houston,UTEP,home,raw,rush_attempts,40,42,2,2,sack_accounting
401757284,2025,8,regular,Sam Houston,UTEP,home,raw,rush_yards,159,167.0,8.0,8.0,sack_accounting
401757284,2025,8,regular,Sam Houston,UTEP,home,raw,turnovers,1,0,-1,1,kneel_accounting
401757284,2025,8,regular,Sam Houston,UTEP,home,raw,fumbles_lost,1,0,-1,1,kneel_accounting
401757284,2025,8,regular,Sam Houston,UTEP,home,raw,third_down_attempts,18,19,1,1,kneel_accounting
401757284,2025,8,regular,UTEP,Sam Houston,away,raw,total_yards,411,331.0,-80.0,80.0,sack_accounting
401757284,2025,8,regular,UTEP,Sam Houston,away,raw,rush_yards,175,95.0,-80.0,80.0,sack_accounting
401757284,2025,8,regular,UTEP,Sam Houston,away,raw,turnovers,2,1,-1,1,kneel_accounting
401757284,2025,8,regular,UTEP,Sam Houston,away,raw,fumbles_lost,1,0,-1,1,kneel_accounting
401757284,2025,8,regular,UTEP,Sam Houston,away,raw,third_down_conversions,3,4,1,1,kneel_accounting
401757283,2025,8,regular,Jacksonville State,Delaware,home,raw,total_plays,74,73,-1,1,fumble_or_safety_swallows_scrimmage_type
401757283,2025,8,regular,Jacksonville State,Delaware,home,raw,total_yards,388,405.0,17.0,17.0,fumble_or_safety_swallows_scrimmage_type
401757283,2025,8,regular,Jacksonville State,Delaware,home,raw,net_pass_yards,133,155.0,22.0,22.0,fumble_or_safety_swallows_scrimmage_type
401757283,2025,8,regular,Jacksonville State,Delaware,home,raw,rush_attempts,50,49,-1,1,fumble_or_safety_swallows_scrimmage_type
401757283,2025,8,regular,Jacksonville State,Delaware,home,raw,rush_yards,255,250.0,-5.0,5.0,fumble_or_safety_swallows_scrimmage_type
401757283,2025,8,regular,Delaware,Jacksonville State,away,raw,total_plays,72,68,-4,4,fumble_or_safety_swallows_scrimmage_type
401757283,2025,8,regular,Delaware,Jacksonville State,away,raw,total_yards,456,420.0,-36.0,36.0,fumble_or_safety_swallows_scrimmage_type
401757283,2025,8,regular,Delaware,Jacksonville State,away,raw,pass_attempts,50,48,-2,2,fumble_or_safety_swallows_scrimmage_type
401757283,2025,8,regular,Delaware,Jacksonville State,away,raw,completions,32,30,-2,2,kneel_accounting
401757283,2025,8,regular,Delaware,Jacksonville State,away,raw,net_pass_yards,422,389.0,-33.0,33.0,fumble_or_safety_swallows_scrimmage_type
401757283,2025,8,regular,Delaware,Jacksonville State,away,raw,rush_attempts,22,20,-2,2,fumble_or_safety_swallows_scrimmage_type
401757283,2025,8,regular,Delaware,Jacksonville State,away,raw,rush_yards,34,31.0,-3.0,3.0,fumble_or_safety_swallows_scrimmage_type
401757283,2025,8,regular,Delaware,Jacksonville State,away,raw,turnovers,2,1,-1,1,kneel_accounting
401757283,2025,8,regular,Delaware,Jacksonville State,away,raw,fumbles_lost,2,1,-1,1,kneel_accounting
401757283,2025,8,regular,Delaware,Jacksonville State,away,raw,fourth_down_attempts,5,4,-1,1,kneel_accounting
401762486,2025,8,regular,East Carolina,Tulsa,home,raw,total_yards,568,571.0,3.0,3.0,sack_accounting
401762486,2025,8,regular,East Carolina,Tulsa,home,raw,net_pass_yards,300,315.0,15.0,15.0,sack_accounting
401762486,2025,8,regular,East Carolina,Tulsa,home,raw,rush_yards,268,256.0,-12.0,12.0,sack_accounting
401762486,2025,8,regular,East Carolina,Tulsa,home,raw,third_down_attempts,18,19,1,1,no_play_penalty
401762486,2025,8,regular,Tulsa,East Carolina,away,raw,total_plays,83,82,-1,1,sack_accounting
401762486,2025,8,regular,Tulsa,East Carolina,away,raw,total_yards,398,388.0,-10.0,10.0,sack_accounting
401762486,2025,8,regular,Tulsa,East Carolina,away,raw,rush_attempts,42,41,-1,1,sack_accounting
401762486,2025,8,regular,Tulsa,East Carolina,away,raw,rush_yards,147,137.0,-10.0,10.0,sack_accounting
401754564,2025,8,regular,Miami,Louisville,home,raw,total_plays,59,53,-6,6,sack_accounting
401754564,2025,8,regular,Miami,Louisville,home,raw,total_yards,334,343.0,9.0,9.0,sack_accounting
401754564,2025,8,regular,Miami,Louisville,home,raw,pass_attempts,35,30,-5,5,sack_accounting
401754564,2025,8,regular,Miami,Louisville,home,raw,completions,25,24,-1,1,kneel_accounting
401754564,2025,8,regular,Miami,Louisville,home,raw,net_pass_yards,271,281.0,10.0,10.0,sack_accounting
401754564,2025,8,regular,Miami,Louisville,home,raw,rush_attempts,24,23,-1,1,sack_accounting
401754564,2025,8,regular,Miami,Louisville,home,raw,rush_yards,63,62.0,-1.0,1.0,sack_accounting
401754564,2025,8,regular,Miami,Louisville,home,raw,turnovers,4,0,-4,4,kneel_accounting
401754564,2025,8,regular,Miami,Louisville,home,raw,interceptions,4,0,-4,4,kneel_accounting
401754564,2025,8,regular,Miami,Louisville,home,raw,fourth_down_attempts,2,1,-1,1,kneel_accounting
401754564,2025,8,regular,Louisville,Miami,away,raw,total_plays,68,66,-2,2,sack_accounting
401754564,2025,8,regular,Louisville,Miami,away,raw,total_yards,367,354.0,-13.0,13.0,sack_accounting
401754564,2025,8,regular,Louisville,Miami,away,raw,pass_attempts,37,36,-1,1,sack_accounting
401754564,2025,8,regular,Louisville,Miami,away,raw,rush_attempts,31,30,-1,1,sack_accounting
401754564,2025,8,regular,Louisville,Miami,away,raw,rush_yards,119,106.0,-13.0,13.0,sack_accounting
401754564,2025,8,regular,Louisville,Miami,away,raw,interceptions,0,1,1,1,kneel_accounting
401754564,2025,8,regular,Louisville,Miami,away,raw,fumbles_lost,1,0,-1,1,kneel_accounting
401754564,2025,8,regular,Louisville,Miami,away,raw,third_down_attempts,14,13,-1,1,kneel_accounting
401754564,2025,8,regular,Louisville,Miami,away,raw,third_down_conversions,5,4,-1,1,kneel_accounting
401752872,2025,8,regular,Minnesota,Nebraska,home,raw,total_yards,339,354.0,15.0,15.0,sack_accounting
401752872,2025,8,regular,Minnesota,Nebraska,home,raw,rush_yards,186,201.0,15.0,15.0,sack_accounting
401752872,2025,8,regular,Nebraska,Minnesota,away,raw,total_plays,54,53,-1,1,sack_accounting
401752872,2025,8,regular,Nebraska,Minnesota,away,raw,total_yards,213,209.0,-4.0,4.0,sack_accounting
401752872,2025,8,regular,Nebraska,Minnesota,away,raw,pass_attempts,25,24,-1,1,sack_accounting
401752872,2025,8,regular,Nebraska,Minnesota,away,raw,completions,17,16,-1,1,no_play_penalty
401752872,2025,8,regular,Nebraska,Minnesota,away,raw,net_pass_yards,177,173.0,-4.0,4.0,sack_accounting
401760396,2025,8,regular,Utah State,San José State,home,raw,points,30,33,3,3,accepted_or_declined_penalty
401760396,2025,8,regular,Utah State,San José State,home,raw,total_plays,70,74,4,4,fumble_or_safety_swallows_scrimmage_type
401760396,2025,8,regular,Utah State,San José State,home,raw,total_yards,461,471.0,10.0,10.0,fumble_or_safety_swallows_scrimmage_type
401760396,2025,8,regular,Utah State,San José State,home,raw,pass_attempts,32,35,3,3,fumble_or_safety_swallows_scrimmage_type
401760396,2025,8,regular,Utah State,San José State,home,raw,net_pass_yards,331,346.0,15.0,15.0,fumble_or_safety_swallows_scrimmage_type
401760396,2025,8,regular,Utah State,San José State,home,raw,rush_attempts,38,39,1,1,fumble_or_safety_swallows_scrimmage_type
401760396,2025,8,regular,Utah State,San José State,home,raw,rush_yards,130,125.0,-5.0,5.0,fumble_or_safety_swallows_scrimmage_type
401760396,2025,8,regular,Utah State,San José State,home,raw,third_down_attempts,16,19,3,3,accepted_or_declined_penalty
401760396,2025,8,regular,Utah State,San José State,home,raw,third_down_conversions,5,7,2,2,accepted_or_declined_penalty
401760396,2025,8,regular,San José State,Utah State,away,raw,total_plays,77,79,2,2,fumble_or_safety_swallows_scrimmage_type
401760396,2025,8,regular,San José State,Utah State,away,raw,total_yards,534,467.0,-67.0,67.0,fumble_or_safety_swallows_scrimmage_type
401760396,2025,8,regular,San José State,Utah State,away,raw,pass_attempts,50,51,1,1,fumble_or_safety_swallows_scrimmage_type
401760396,2025,8,regular,San José State,Utah State,away,raw,completions,27,26,-1,1,accepted_or_declined_penalty
401760396,2025,8,regular,San José State,Utah State,away,raw,net_pass_yards,340,283.0,-57.0,57.0,fumble_or_safety_swallows_scrimmage_type
401760396,2025,8,regular,San José State,Utah State,away,raw,rush_attempts,27,28,1,1,fumble_or_safety_swallows_scrimmage_type
401760396,2025,8,regular,San José State,Utah State,away,raw,rush_yards,194,184.0,-10.0,10.0,fumble_or_safety_swallows_scrimmage_type
401760396,2025,8,regular,San José State,Utah State,away,raw,turnovers,1,0,-1,1,accepted_or_declined_penalty
401760396,2025,8,regular,San José State,Utah State,away,raw,fumbles_lost,1,0,-1,1,accepted_or_declined_penalty
401760396,2025,8,regular,San José State,Utah State,away,raw,third_down_attempts,17,18,1,1,accepted_or_declined_penalty
401760396,2025,8,regular,San José State,Utah State,away,raw,third_down_conversions,9,10,1,1,accepted_or_declined_penalty
401754371,2025,8,regular,California,North Carolina,home,raw,total_yards,294,306.0,12.0,12.0,fumble_or_safety_swallows_scrimmage_type
401754371,2025,8,regular,California,North Carolina,home,raw,rush_yards,80,92.0,12.0,12.0,fumble_or_safety_swallows_scrimmage_type
401754371,2025,8,regular,North Carolina,California,away,raw,total_plays,64,62,-2,2,fumble_or_safety_swallows_scrimmage_type
401754371,2025,8,regular,North Carolina,California,away,raw,total_yards,287,293.0,6.0,6.0,fumble_or_safety_swallows_scrimmage_type
401754371,2025,8,regular,North Carolina,California,away,raw,pass_attempts,35,33,-2,2,fumble_or_safety_swallows_scrimmage_type
401754371,2025,8,regular,North Carolina,California,away,raw,completions,19,17,-2,2,no_play_penalty
401754371,2025,8,regular,North Carolina,California,away,raw,net_pass_yards,167,158.0,-9.0,9.0,fumble_or_safety_swallows_scrimmage_type
401754371,2025,8,regular,North Carolina,California,away,raw,rush_yards,120,135.0,15.0,15.0,fumble_or_safety_swallows_scrimmage_type
401754371,2025,8,regular,North Carolina,California,away,raw,turnovers,3,0,-3,3,no_play_penalty
401754371,2025,8,regular,North Carolina,California,away,raw,fumbles_lost,3,0,-3,3,no_play_penalty
401752745,2025,8,regular,Vanderbilt,LSU,home,raw,total_yards,399,389.0,-10.0,10.0,sack_accounting
401752745,2025,8,regular,Vanderbilt,LSU,home,raw,rush_yards,239,229.0,-10.0,10.0,sack_accounting
401752745,2025,8,regular,LSU,Vanderbilt,away,raw,total_yards,325,315.0,-10.0,10.0,sack_accounting
401752745,2025,8,regular,LSU,Vanderbilt,away,raw,net_pass_yards,225,215.0,-10.0,10.0,sack_accounting
401762841,2025,8,regular,Miami (OH),Eastern Michigan,home,raw,total_plays,77,76,-1,1,safety_accounting
401762841,2025,8,regular,Miami (OH),Eastern Michigan,home,raw,total_yards,454,439.0,-15.0,15.0,safety_accounting
401762841,2025,8,regular,Miami (OH),Eastern Michigan,home,raw,rush_attempts,55,54,-1,1,safety_accounting
401762841,2025,8,regular,Miami (OH),Eastern Michigan,home,raw,rush_yards,295,280.0,-15.0,15.0,safety_accounting
401762841,2025,8,regular,Eastern Michigan,Miami (OH),away,raw,total_plays,58,55,-3,3,safety_accounting
401762841,2025,8,regular,Eastern Michigan,Miami (OH),away,raw,total_yards,369,381.0,12.0,12.0,safety_accounting
401762841,2025,8,regular,Eastern Michigan,Miami (OH),away,raw,pass_attempts,36,34,-2,2,safety_accounting
401762841,2025,8,regular,Eastern Michigan,Miami (OH),away,raw,rush_attempts,22,21,-1,1,safety_accounting
401762841,2025,8,regular,Eastern Michigan,Miami (OH),away,raw,rush_yards,60,72.0,12.0,12.0,safety_accounting
401762841,2025,8,regular,Eastern Michigan,Miami (OH),away,raw,fourth_down_attempts,3,2,-1,1,no_play_penalty
401756925,2025,8,regular,Houston,Arizona,home,raw,total_plays,68,70,2,2,sack_accounting
401756925,2025,8,regular,Houston,Arizona,home,raw,total_yards,396,441.0,45.0,45.0,sack_accounting
401756925,2025,8,regular,Houston,Arizona,home,raw,pass_attempts,23,25,2,2,sack_accounting
401756925,2025,8,regular,Houston,Arizona,home,raw,net_pass_yards,164,209.0,45.0,45.0,sack_accounting
401756925,2025,8,regular,Arizona,Houston,away,raw,total_plays,57,62,5,5,sack_accounting
401756925,2025,8,regular,Arizona,Houston,away,raw,total_yards,381,385.0,4.0,4.0,sack_accounting
401756925,2025,8,regular,Arizona,Houston,away,raw,pass_attempts,26,29,3,3,sack_accounting
401756925,2025,8,regular,Arizona,Houston,away,raw,net_pass_yards,269,293.0,24.0,24.0,sack_accounting
401756925,2025,8,regular,Arizona,Houston,away,raw,rush_attempts,31,33,2,2,sack_accounting
401756925,2025,8,regular,Arizona,Houston,away,raw,rush_yards,112,92.0,-20.0,20.0,sack_accounting
401756925,2025,8,regular,Arizona,Houston,away,raw,third_down_attempts,9,10,1,1,accepted_or_declined_penalty
401752873,2025,8,regular,Washington,Michigan,away,raw,total_plays,55,51,-4,4,fumble_or_safety_swallows_scrimmage_type
401752873,2025,8,regular,Washington,Michigan,away,raw,total_yards,249,270.0,21.0,21.0,fumble_or_safety_swallows_scrimmage_type
401752873,2025,8,regular,Washington,Michigan,away,raw,pass_attempts,32,29,-3,3,fumble_or_safety_swallows_scrimmage_type
401752873,2025,8,regular,Washington,Michigan,away,raw,net_pass_yards,209,215.0,6.0,6.0,fumble_or_safety_swallows_scrimmage_type
401752873,2025,8,regular,Washington,Michigan,away,raw,rush_attempts,23,22,-1,1,fumble_or_safety_swallows_scrimmage_type
401752873,2025,8,regular,Washington,Michigan,away,raw,rush_yards,40,55.0,15.0,15.0,fumble_or_safety_swallows_scrimmage_type
401752873,2025,8,regular,Washington,Michigan,away,raw,turnovers,3,1,-2,2,no_play_penalty
401752873,2025,8,regular,Washington,Michigan,away,raw,interceptions,3,1,-2,2,no_play_penalty
401752873,2025,8,regular,Washington,Michigan,away,raw,fourth_down_attempts,2,1,-1,1,no_play_penalty
401754566,2025,8,regular,Duke,Georgia Tech,home,raw,total_plays,76,73,-3,3,sack_accounting
401754566,2025,8,regular,Duke,Georgia Tech,home,raw,total_yards,441,448.0,7.0,7.0,sack_accounting
401754566,2025,8,regular,Duke,Georgia Tech,home,raw,pass_attempts,44,43,-1,1,sack_accounting
401754566,2025,8,regular,Duke,Georgia Tech,home,raw,completions,32,31,-1,1,kneel_accounting
401754566,2025,8,regular,Duke,Georgia Tech,home,raw,net_pass_yards,373,369.0,-4.0,4.0,sack_accounting
401754566,2025,8,regular,Duke,Georgia Tech,home,raw,rush_attempts,32,30,-2,2,sack_accounting
401754566,2025,8,regular,Duke,Georgia Tech,home,raw,rush_yards,68,79.0,11.0,11.0,sack_accounting
401754566,2025,8,regular,Duke,Georgia Tech,home,raw,third_down_attempts,15,14,-1,1,kneel_accounting
401754566,2025,8,regular,Georgia Tech,Duke,away,raw,total_yards,376,395.0,19.0,19.0,sack_accounting
401754566,2025,8,regular,Georgia Tech,Duke,away,raw,net_pass_yards,205,209.0,4.0,4.0,sack_accounting
401754566,2025,8,regular,Georgia Tech,Duke,away,raw,rush_yards,171,186.0,15.0,15.0,sack_accounting
401754569,2025,8,regular,Boston College,UConn,home,raw,total_plays,77,79,2,2,sack_accounting
401754569,2025,8,regular,Boston College,UConn,home,raw,total_yards,395,407.0,12.0,12.0,sack_accounting
401754569,2025,8,regular,Boston College,UConn,home,raw,pass_attempts,28,30,2,2,sack_accounting
401754569,2025,8,regular,Boston College,UConn,home,raw,completions,16,17,1,1,accepted_or_declined_penalty
401754569,2025,8,regular,Boston College,UConn,home,raw,net_pass_yards,204,201.0,-3.0,3.0,sack_accounting
401754569,2025,8,regular,Boston College,UConn,home,raw,rush_yards,191,206.0,15.0,15.0,sack_accounting
401754569,2025,8,regular,Boston College,UConn,home,raw,third_down_attempts,15,16,1,1,accepted_or_declined_penalty
401754569,2025,8,regular,Boston College,UConn,home,raw,third_down_conversions,4,5,1,1,accepted_or_declined_penalty
401754569,2025,8,regular,UConn,Boston College,away,raw,total_plays,58,62,4,4,sack_accounting
401754569,2025,8,regular,UConn,Boston College,away,raw,total_yards,455,435.0,-20.0,20.0,sack_accounting
401754569,2025,8,regular,UConn,Boston College,away,raw,pass_attempts,31,34,3,3,sack_accounting
401754569,2025,8,regular,UConn,Boston College,away,raw,completions,23,24,1,1,accepted_or_declined_penalty
401754569,2025,8,regular,UConn,Boston College,away,raw,net_pass_yards,362,347.0,-15.0,15.0,sack_accounting
401754569,2025,8,regular,UConn,Boston College,away,raw,rush_attempts,27,28,1,1,sack_accounting
401754569,2025,8,regular,UConn,Boston College,away,raw,rush_yards,93,88.0,-5.0,5.0,sack_accounting
401754569,2025,8,regular,UConn,Boston College,away,raw,third_down_attempts,10,11,1,1,accepted_or_declined_penalty
401762839,2025,8,regular,Bowling Green,Central Michigan,home,raw,total_plays,61,58,-3,3,duplicate_plays
401762839,2025,8,regular,Bowling Green,Central Michigan,home,raw,total_yards,310,317.0,7.0,7.0,duplicate_plays
401762839,2025,8,regular,Bowling Green,Central Michigan,home,raw,pass_attempts,25,23,-2,2,duplicate_plays
401762839,2025,8,regular,Bowling Green,Central Michigan,home,raw,rush_attempts,36,35,-1,1,duplicate_plays
401762839,2025,8,regular,Bowling Green,Central Michigan,home,raw,rush_yards,157,164.0,7.0,7.0,duplicate_plays
401762839,2025,8,regular,Bowling Green,Central Michigan,home,raw,fourth_down_attempts,4,6,2,2,no_play_penalty
401762839,2025,8,regular,Central Michigan,Bowling Green,away,raw,total_plays,51,50,-1,1,fumble_or_safety_swallows_scrimmage_type
401762839,2025,8,regular,Central Michigan,Bowling Green,away,raw,total_yards,276,271.0,-5.0,5.0,fumble_or_safety_swallows_scrimmage_type
401762839,2025,8,regular,Central Michigan,Bowling Green,away,raw,rush_attempts,46,45,-1,1,fumble_or_safety_swallows_scrimmage_type
401762839,2025,8,regular,Central Michigan,Bowling Green,away,raw,rush_yards,203,198.0,-5.0,5.0,fumble_or_safety_swallows_scrimmage_type
401762488,2025,8,regular,Tulane,Army,home,raw,total_plays,58,56,-2,2,sack_accounting
401762488,2025,8,regular,Tulane,Army,home,raw,pass_attempts,29,28,-1,1,sack_accounting
401762488,2025,8,regular,Tulane,Army,home,raw,rush_attempts,29,28,-1,1,sack_accounting
401762488,2025,8,regular,Tulane,Army,home,raw,third_down_attempts,11,10,-1,1,no_play_penalty
401762488,2025,8,regular,Army,Tulane,away,raw,total_plays,73,71,-2,2,duplicate_plays
401762488,2025,8,regular,Army,Tulane,away,raw,total_yards,358,366.0,8.0,8.0,duplicate_plays
401762488,2025,8,regular,Army,Tulane,away,raw,rush_attempts,63,61,-2,2,duplicate_plays
401762488,2025,8,regular,Army,Tulane,away,raw,rush_yards,233,241.0,8.0,8.0,duplicate_plays
401756927,2025,8,regular,TCU,Baylor,home,raw,total_plays,69,71,2,2,sack_accounting
401756927,2025,8,regular,TCU,Baylor,home,raw,total_yards,427,418.0,-9.0,9.0,sack_accounting
401756927,2025,8,regular,TCU,Baylor,home,raw,pass_attempts,31,32,1,1,sack_accounting
401756927,2025,8,regular,TCU,Baylor,home,raw,net_pass_yards,231,245.0,14.0,14.0,sack_accounting
401756927,2025,8,regular,TCU,Baylor,home,raw,rush_attempts,38,39,1,1,sack_accounting
401756927,2025,8,regular,TCU,Baylor,home,raw,rush_yards,196,173.0,-23.0,23.0,sack_accounting
401756927,2025,8,regular,TCU,Baylor,home,raw,turnovers,1,0,-1,1,accepted_or_declined_penalty
401756927,2025,8,regular,TCU,Baylor,home,raw,fumbles_lost,1,0,-1,1,accepted_or_declined_penalty
401756927,2025,8,regular,TCU,Baylor,home,raw,third_down_attempts,13,15,2,2,accepted_or_declined_penalty
401756927,2025,8,regular,Baylor,TCU,away,raw,total_plays,89,90,1,1,sack_accounting
401756927,2025,8,regular,Baylor,TCU,away,raw,total_yards,439,390.0,-49.0,49.0,sack_accounting
401756927,2025,8,regular,Baylor,TCU,away,raw,pass_attempts,52,53,1,1,sack_accounting
401756927,2025,8,regular,Baylor,TCU,away,raw,completions,25,26,1,1,accepted_or_declined_penalty
401756927,2025,8,regular,Baylor,TCU,away,raw,net_pass_yards,318,276.0,-42.0,42.0,sack_accounting
401756927,2025,8,regular,Baylor,TCU,away,raw,rush_yards,121,114.0,-7.0,7.0,sack_accounting
401756927,2025,8,regular,Baylor,TCU,away,raw,turnovers,4,2,-2,2,accepted_or_declined_penalty
401756927,2025,8,regular,Baylor,TCU,away,raw,interceptions,3,2,-1,1,accepted_or_declined_penalty
401756927,2025,8,regular,Baylor,TCU,away,raw,fumbles_lost,1,0,-1,1,accepted_or_declined_penalty
401756927,2025,8,regular,Baylor,TCU,away,raw,fourth_down_attempts,4,5,1,1,accepted_or_declined_penalty
401756927,2025,8,regular,Baylor,TCU,away,raw,fourth_down_conversions,2,3,1,1,accepted_or_declined_penalty
401752744,2025,8,regular,South Carolina,Oklahoma,home,raw,total_plays,67,63,-4,4,safety_accounting
401752744,2025,8,regular,South Carolina,Oklahoma,home,raw,total_yards,224,234.0,10.0,10.0,safety_accounting
401752744,2025,8,regular,South Carolina,Oklahoma,home,raw,pass_attempts,33,30,-3,3,safety_accounting
401752744,2025,8,regular,South Carolina,Oklahoma,home,raw,completions,21,20,-1,1,kneel_accounting
401752744,2025,8,regular,South Carolina,Oklahoma,home,raw,net_pass_yards,170,179.0,9.0,9.0,safety_accounting
401752744,2025,8,regular,South Carolina,Oklahoma,home,raw,rush_attempts,34,33,-1,1,safety_accounting
401752744,2025,8,regular,South Carolina,Oklahoma,home,raw,rush_yards,54,55.0,1.0,1.0,safety_accounting
401752744,2025,8,regular,South Carolina,Oklahoma,home,raw,turnovers,2,1,-1,1,kneel_accounting
401752744,2025,8,regular,South Carolina,Oklahoma,home,raw,interceptions,2,1,-1,1,kneel_accounting
401752744,2025,8,regular,South Carolina,Oklahoma,home,raw,fourth_down_attempts,7,6,-1,1,kneel_accounting
401752744,2025,8,regular,Oklahoma,South Carolina,away,raw,total_plays,67,66,-1,1,duplicate_plays
401752744,2025,8,regular,Oklahoma,South Carolina,away,raw,total_yards,319,338.0,19.0,19.0,duplicate_plays
401752744,2025,8,regular,Oklahoma,South Carolina,away,raw,pass_attempts,27,26,-1,1,duplicate_plays
401752744,2025,8,regular,Oklahoma,South Carolina,away,raw,net_pass_yards,148,167.0,19.0,19.0,duplicate_plays
401756928,2025,8,regular,UCF,West Virginia,home,raw,total_plays,75,72,-3,3,fumble_or_safety_swallows_scrimmage_type
401756928,2025,8,regular,UCF,West Virginia,home,raw,total_yards,578,594.0,16.0,16.0,fumble_or_safety_swallows_scrimmage_type
401756928,2025,8,regular,UCF,West Virginia,home,raw,pass_attempts,40,38,-2,2,fumble_or_safety_swallows_scrimmage_type
401756928,2025,8,regular,UCF,West Virginia,home,raw,net_pass_yards,323,339.0,16.0,16.0,fumble_or_safety_swallows_scrimmage_type
401756928,2025,8,regular,UCF,West Virginia,home,raw,rush_attempts,35,34,-1,1,fumble_or_safety_swallows_scrimmage_type
401756928,2025,8,regular,UCF,West Virginia,home,raw,third_down_attempts,16,14,-2,2,kneel_accounting
401756928,2025,8,regular,West Virginia,UCF,away,raw,total_plays,77,73,-4,4,fumble_or_safety_swallows_scrimmage_type
401756928,2025,8,regular,West Virginia,UCF,away,raw,total_yards,210,258.0,48.0,48.0,fumble_or_safety_swallows_scrimmage_type
401756928,2025,8,regular,West Virginia,UCF,away,raw,pass_attempts,28,27,-1,1,fumble_or_safety_swallows_scrimmage_type
401756928,2025,8,regular,West Virginia,UCF,away,raw,net_pass_yards,79,95.0,16.0,16.0,fumble_or_safety_swallows_scrimmage_type
401756928,2025,8,regular,West Virginia,UCF,away,raw,rush_attempts,49,46,-3,3,fumble_or_safety_swallows_scrimmage_type
401756928,2025,8,regular,West Virginia,UCF,away,raw,rush_yards,131,163.0,32.0,32.0,fumble_or_safety_swallows_scrimmage_type
401756928,2025,8,regular,West Virginia,UCF,away,raw,third_down_attempts,18,16,-2,2,kneel_accounting
401762842,2025,8,regular,Toledo,Kent State,home,raw,total_plays,72,70,-2,2,sack_accounting
401762842,2025,8,regular,Toledo,Kent State,home,raw,total_yards,552,550.0,-2.0,2.0,sack_accounting
401762842,2025,8,regular,Toledo,Kent State,home,raw,net_pass_yards,374,380.0,6.0,6.0,sack_accounting
401762842,2025,8,regular,Toledo,Kent State,home,raw,rush_attempts,40,38,-2,2,sack_accounting
401762842,2025,8,regular,Toledo,Kent State,home,raw,rush_yards,178,170.0,-8.0,8.0,sack_accounting
401762842,2025,8,regular,Toledo,Kent State,home,raw,third_down_attempts,13,12,-1,1,no_play_penalty
401762842,2025,8,regular,Kent State,Toledo,away,raw,total_plays,50,47,-3,3,sack_accounting
401762842,2025,8,regular,Kent State,Toledo,away,raw,total_yards,224,244.0,20.0,20.0,sack_accounting
401762842,2025,8,regular,Kent State,Toledo,away,raw,pass_attempts,24,22,-2,2,sack_accounting
401762842,2025,8,regular,Kent State,Toledo,away,raw,net_pass_yards,159,167.0,8.0,8.0,sack_accounting
401762842,2025,8,regular,Kent State,Toledo,away,raw,rush_attempts,26,25,-1,1,sack_accounting
401762842,2025,8,regular,Kent State,Toledo,away,raw,rush_yards,65,77.0,12.0,12.0,sack_accounting
401762842,2025,8,regular,Kent State,Toledo,away,raw,third_down_attempts,13,12,-1,1,no_play_penalty
401762840,2025,8,regular,Massachusetts,Buffalo,home,raw,total_plays,58,60,2,2,sack_accounting
401762840,2025,8,regular,Massachusetts,Buffalo,home,raw,pass_attempts,14,16,2,2,sack_accounting
401762840,2025,8,regular,Massachusetts,Buffalo,home,raw,completions,6,7,1,1,accepted_or_declined_penalty
401762840,2025,8,regular,Massachusetts,Buffalo,home,raw,third_down_attempts,17,18,1,1,accepted_or_declined_penalty
401762840,2025,8,regular,Buffalo,Massachusetts,away,raw,total_plays,85,90,5,5,sack_accounting
401762840,2025,8,regular,Buffalo,Massachusetts,away,raw,total_yards,475,406.0,-69.0,69.0,sack_accounting
401762840,2025,8,regular,Buffalo,Massachusetts,away,raw,pass_attempts,55,60,5,5,sack_accounting
401762840,2025,8,regular,Buffalo,Massachusetts,away,raw,completions,36,39,3,3,accepted_or_declined_penalty
401762840,2025,8,regular,Buffalo,Massachusetts,away,raw,net_pass_yards,403,334.0,-69.0,69.0,sack_accounting
401761633,2025,8,regular,UL Monroe,Troy,home,raw,total_plays,70,65,-5,5,fumble_or_safety_swallows_scrimmage_type
401761633,2025,8,regular,UL Monroe,Troy,home,raw,total_yards,326,332.0,6.0,6.0,fumble_or_safety_swallows_scrimmage_type
401761633,2025,8,regular,UL Monroe,Troy,home,raw,pass_attempts,41,37,-4,4,fumble_or_safety_swallows_scrimmage_type
401761633,2025,8,regular,UL Monroe,Troy,home,raw,completions,23,22,-1,1,no_play_penalty
401761633,2025,8,regular,UL Monroe,Troy,home,raw,net_pass_yards,228,223.0,-5.0,5.0,fumble_or_safety_swallows_scrimmage_type
401761633,2025,8,regular,UL Monroe,Troy,home,raw,rush_attempts,29,28,-1,1,fumble_or_safety_swallows_scrimmage_type
401761633,2025,8,regular,UL Monroe,Troy,home,raw,rush_yards,98,109.0,11.0,11.0,fumble_or_safety_swallows_scrimmage_type
401761633,2025,8,regular,UL Monroe,Troy,home,raw,turnovers,4,2,-2,2,no_play_penalty
401761633,2025,8,regular,UL Monroe,Troy,home,raw,fumbles_lost,2,0,-2,2,no_play_penalty
401761633,2025,8,regular,UL Monroe,Troy,home,raw,third_down_attempts,13,12,-1,1,no_play_penalty
401761633,2025,8,regular,UL Monroe,Troy,home,raw,fourth_down_attempts,4,5,1,1,no_play_penalty
401761633,2025,8,regular,Troy,UL Monroe,away,raw,total_plays,53,51,-2,2,fumble_or_safety_swallows_scrimmage_type
401761633,2025,8,regular,Troy,UL Monroe,away,raw,total_yards,314,298.0,-16.0,16.0,fumble_or_safety_swallows_scrimmage_type
401761633,2025,8,regular,Troy,UL Monroe,away,raw,pass_attempts,21,20,-1,1,fumble_or_safety_swallows_scrimmage_type
401761633,2025,8,regular,Troy,UL Monroe,away,raw,completions,13,12,-1,1,no_play_penalty
401761633,2025,8,regular,Troy,UL Monroe,away,raw,net_pass_yards,223,218.0,-5.0,5.0,fumble_or_safety_swallows_scrimmage_type
401761633,2025,8,regular,Troy,UL Monroe,away,raw,rush_attempts,32,31,-1,1,fumble_or_safety_swallows_scrimmage_type
401761633,2025,8,regular,Troy,UL Monroe,away,raw,rush_yards,91,80.0,-11.0,11.0,fumble_or_safety_swallows_scrimmage_type
401752874,2025,8,regular,Northwestern,Purdue,home,raw,total_plays,76,73,-3,3,fumble_or_safety_swallows_scrimmage_type
401752874,2025,8,regular,Northwestern,Purdue,home,raw,total_yards,364,355.0,-9.0,9.0,fumble_or_safety_swallows_scrimmage_type
401752874,2025,8,regular,Northwestern,Purdue,home,raw,pass_attempts,26,25,-1,1,fumble_or_safety_swallows_scrimmage_type
401752874,2025,8,regular,Northwestern,Purdue,home,raw,net_pass_yards,132,147.0,15.0,15.0,fumble_or_safety_swallows_scrimmage_type
401752874,2025,8,regular,Northwestern,Purdue,home,raw,rush_attempts,50,48,-2,2,fumble_or_safety_swallows_scrimmage_type
401752874,2025,8,regular,Northwestern,Purdue,home,raw,rush_yards,232,208.0,-24.0,24.0,fumble_or_safety_swallows_scrimmage_type
401752874,2025,8,regular,Northwestern,Purdue,home,raw,third_down_attempts,16,14,-2,2,kneel_accounting
401752874,2025,8,regular,Northwestern,Purdue,home,raw,third_down_conversions,7,6,-1,1,kneel_accounting
401752874,2025,8,regular,Purdue,Northwestern,away,raw,total_plays,56,53,-3,3,fumble_or_safety_swallows_scrimmage_type
401752874,2025,8,regular,Purdue,Northwestern,away,raw,total_yards,305,260.0,-45.0,45.0,fumble_or_safety_swallows_scrimmage_type
401752874,2025,8,regular,Purdue,Northwestern,away,raw,pass_attempts,30,28,-2,2,fumble_or_safety_swallows_scrimmage_type
401752874,2025,8,regular,Purdue,Northwestern,away,raw,completions,16,15,-1,1,kneel_accounting
401752874,2025,8,regular,Purdue,Northwestern,away,raw,net_pass_yards,218,170.0,-48.0,48.0,fumble_or_safety_swallows_scrimmage_type
401752874,2025,8,regular,Purdue,Northwestern,away,raw,rush_attempts,26,25,-1,1,fumble_or_safety_swallows_scrimmage_type
401752874,2025,8,regular,Purdue,Northwestern,away,raw,rush_yards,87,90.0,3.0,3.0,fumble_or_safety_swallows_scrimmage_type
401752874,2025,8,regular,Purdue,Northwestern,away,raw,turnovers,3,1,-2,2,kneel_accounting
401752874,2025,8,regular,Purdue,Northwestern,away,raw,fumbles_lost,2,0,-2,2,kneel_accounting
401752874,2025,8,regular,Purdue,Northwestern,away,raw,third_down_attempts,14,13,-1,1,kneel_accounting
401760392,2025,8,regular,Air Force,Wyoming,home,raw,total_yards,363,308.0,-55.0,55.0,fumble_or_safety_swallows_scrimmage_type
401760392,2025,8,regular,Air Force,Wyoming,home,raw,pass_attempts,8,9,1,1,fumble_or_safety_swallows_scrimmage_type
401760392,2025,8,regular,Air Force,Wyoming,home,raw,completions,3,4,1,1,accepted_or_declined_penalty
401760392,2025,8,regular,Air Force,Wyoming,home,raw,net_pass_yards,33,-29.0,-62.0,62.0,fumble_or_safety_swallows_scrimmage_type
401760392,2025,8,regular,Air Force,Wyoming,home,raw,rush_attempts,56,55,-1,1,fumble_or_safety_swallows_scrimmage_type
401760392,2025,8,regular,Air Force,Wyoming,home,raw,rush_yards,330,337.0,7.0,7.0,fumble_or_safety_swallows_scrimmage_type
401760392,2025,8,regular,Wyoming,Air Force,away,raw,total_plays,66,64,-2,2,fumble_or_safety_swallows_scrimmage_type
401760392,2025,8,regular,Wyoming,Air Force,away,raw,total_yards,409,406.0,-3.0,3.0,fumble_or_safety_swallows_scrimmage_type
401760392,2025,8,regular,Wyoming,Air Force,away,raw,pass_attempts,30,29,-1,1,fumble_or_safety_swallows_scrimmage_type
401760392,2025,8,regular,Wyoming,Air Force,away,raw,completions,23,24,1,1,accepted_or_declined_penalty
401760392,2025,8,regular,Wyoming,Air Force,away,raw,net_pass_yards,211,221.0,10.0,10.0,fumble_or_safety_swallows_scrimmage_type
401760392,2025,8,regular,Wyoming,Air Force,away,raw,rush_attempts,36,35,-1,1,fumble_or_safety_swallows_scrimmage_type
401760392,2025,8,regular,Wyoming,Air Force,away,raw,rush_yards,198,185.0,-13.0,13.0,fumble_or_safety_swallows_scrimmage_type
401760392,2025,8,regular,Wyoming,Air Force,away,raw,turnovers,2,1,-1,1,accepted_or_declined_penalty
401760392,2025,8,regular,Wyoming,Air Force,away,raw,interceptions,2,1,-1,1,accepted_or_declined_penalty
401760392,2025,8,regular,Wyoming,Air Force,away,raw,third_down_attempts,12,10,-2,2,accepted_or_declined_penalty
401761632,2025,8,regular,Marshall,Texas State,home,raw,points,40,19,-21,21,no_play_penalty
401761632,2025,8,regular,Marshall,Texas State,home,raw,total_plays,81,110,29,29,duplicate_plays
401761632,2025,8,regular,Marshall,Texas State,home,raw,total_yards,466,640.0,174.0,174.0,duplicate_plays
401761632,2025,8,regular,Marshall,Texas State,home,raw,pass_attempts,33,42,9,9,duplicate_plays
401761632,2025,8,regular,Marshall,Texas State,home,raw,completions,23,31,8,8,duplicate_plays
401761632,2025,8,regular,Marshall,Texas State,home,raw,net_pass_yards,280,383.0,103.0,103.0,duplicate_plays
401761632,2025,8,regular,Marshall,Texas State,home,raw,rush_attempts,48,68,20,20,duplicate_plays
401761632,2025,8,regular,Marshall,Texas State,home,raw,rush_yards,186,257.0,71.0,71.0,duplicate_plays
401761632,2025,8,regular,Marshall,Texas State,home,raw,third_down_attempts,14,19,5,5,no_play_penalty
401761632,2025,8,regular,Marshall,Texas State,home,raw,third_down_conversions,6,7,1,1,no_play_penalty
401761632,2025,8,regular,Marshall,Texas State,home,raw,fourth_down_attempts,1,2,1,1,no_play_penalty
401761632,2025,8,regular,Texas State,Marshall,away,raw,points,37,24,-13,13,no_play_penalty
401761632,2025,8,regular,Texas State,Marshall,away,raw,total_plays,83,116,33,33,duplicate_plays
401761632,2025,8,regular,Texas State,Marshall,away,raw,total_yards,558,893.0,335.0,335.0,duplicate_plays
401761632,2025,8,regular,Texas State,Marshall,away,raw,pass_attempts,39,56,17,17,duplicate_plays
401761632,2025,8,regular,Texas State,Marshall,away,raw,completions,26,39,13,13,duplicate_plays
401761632,2025,8,regular,Texas State,Marshall,away,raw,net_pass_yards,444,714.0,270.0,270.0,duplicate_plays
401761632,2025,8,regular,Texas State,Marshall,away,raw,rush_attempts,44,60,16,16,duplicate_plays
401761632,2025,8,regular,Texas State,Marshall,away,raw,rush_yards,114,179.0,65.0,65.0,duplicate_plays
401761632,2025,8,regular,Texas State,Marshall,away,raw,turnovers,3,2,-1,1,no_play_penalty
401761632,2025,8,regular,Texas State,Marshall,away,raw,fumbles_lost,2,1,-1,1,no_play_penalty
401761632,2025,8,regular,Texas State,Marshall,away,raw,third_down_attempts,19,24,5,5,no_play_penalty
401761632,2025,8,regular,Texas State,Marshall,away,raw,third_down_conversions,9,11,2,2,no_play_penalty
401761632,2025,8,regular,Texas State,Marshall,away,raw,fourth_down_attempts,3,2,-1,1,no_play_penalty
401761631,2025,8,regular,James Madison,Old Dominion,home,raw,total_plays,79,78,-1,1,sack_accounting
401761631,2025,8,regular,James Madison,Old Dominion,home,raw,total_yards,624,626.0,2.0,2.0,sack_accounting
401761631,2025,8,regular,James Madison,Old Dominion,home,raw,net_pass_yards,313,316.0,3.0,3.0,sack_accounting
401761631,2025,8,regular,James Madison,Old Dominion,home,raw,rush_attempts,53,52,-1,1,sack_accounting
401761631,2025,8,regular,James Madison,Old Dominion,home,raw,rush_yards,311,310.0,-1.0,1.0,sack_accounting
401761631,2025,8,regular,Old Dominion,James Madison,away,raw,total_plays,50,46,-4,4,sack_accounting
401761631,2025,8,regular,Old Dominion,James Madison,away,raw,total_yards,285,276.0,-9.0,9.0,sack_accounting
401761631,2025,8,regular,Old Dominion,James Madison,away,raw,pass_attempts,21,18,-3,3,sack_accounting
401761631,2025,8,regular,Old Dominion,James Madison,away,raw,completions,13,12,-1,1,no_play_penalty
401761631,2025,8,regular,Old Dominion,James Madison,away,raw,net_pass_yards,209,204.0,-5.0,5.0,sack_accounting
401761631,2025,8,regular,Old Dominion,James Madison,away,raw,rush_attempts,29,28,-1,1,sack_accounting
401761631,2025,8,regular,Old Dominion,James Madison,away,raw,rush_yards,76,72.0,-4.0,4.0,sack_accounting
401761631,2025,8,regular,Old Dominion,James Madison,away,raw,turnovers,3,1,-2,2,no_play_penalty
401761631,2025,8,regular,Old Dominion,James Madison,away,raw,interceptions,2,1,-1,1,no_play_penalty
401761631,2025,8,regular,Old Dominion,James Madison,away,raw,fumbles_lost,1,0,-1,1,no_play_penalty
401761629,2025,8,regular,App State,Coastal Carolina,home,raw,total_plays,76,73,-3,3,fumble_or_safety_swallows_scrimmage_type
401761629,2025,8,regular,App State,Coastal Carolina,home,raw,total_yards,410,414.0,4.0,4.0,fumble_or_safety_swallows_scrimmage_type
401761629,2025,8,regular,App State,Coastal Carolina,home,raw,pass_attempts,41,40,-1,1,fumble_or_safety_swallows_scrimmage_type
401761629,2025,8,regular,App State,Coastal Carolina,home,raw,completions,27,26,-1,1,no_play_penalty
401761629,2025,8,regular,App State,Coastal Carolina,home,raw,net_pass_yards,278,276.0,-2.0,2.0,fumble_or_safety_swallows_scrimmage_type
401761629,2025,8,regular,App State,Coastal Carolina,home,raw,rush_attempts,35,33,-2,2,fumble_or_safety_swallows_scrimmage_type
401761629,2025,8,regular,App State,Coastal Carolina,home,raw,rush_yards,132,138.0,6.0,6.0,fumble_or_safety_swallows_scrimmage_type
401761629,2025,8,regular,App State,Coastal Carolina,home,raw,turnovers,1,0,-1,1,no_play_penalty
401761629,2025,8,regular,App State,Coastal Carolina,home,raw,fumbles_lost,1,0,-1,1,no_play_penalty
401761629,2025,8,regular,App State,Coastal Carolina,home,raw,third_down_attempts,15,14,-1,1,no_play_penalty
401761629,2025,8,regular,Coastal Carolina,App State,away,raw,total_plays,63,61,-2,2,fumble_or_safety_swallows_scrimmage_type
401761629,2025,8,regular,Coastal Carolina,App State,away,raw,total_yards,410,400.0,-10.0,10.0,fumble_or_safety_swallows_scrimmage_type
401761629,2025,8,regular,Coastal Carolina,App State,away,raw,pass_attempts,22,20,-2,2,fumble_or_safety_swallows_scrimmage_type
401761629,2025,8,regular,Coastal Carolina,App State,away,raw,completions,15,14,-1,1,no_play_penalty
401761629,2025,8,regular,Coastal Carolina,App State,away,raw,net_pass_yards,164,154.0,-10.0,10.0,fumble_or_safety_swallows_scrimmage_type
401761629,2025,8,regular,Coastal Carolina,App State,away,raw,turnovers,1,0,-1,1,no_play_penalty
401761629,2025,8,regular,Coastal Carolina,App State,away,raw,interceptions,1,0,-1,1,no_play_penalty
401762491,2025,8,regular,North Texas,UTSA,home,raw,total_yards,584,598.0,14.0,14.0,fumble_or_safety_swallows_scrimmage_type
401762491,2025,8,regular,North Texas,UTSA,home,raw,net_pass_yards,314,328.0,14.0,14.0,fumble_or_safety_swallows_scrimmage_type
401762491,2025,8,regular,UTSA,North Texas,away,raw,total_plays,57,54,-3,3,duplicate_plays
401762491,2025,8,regular,UTSA,North Texas,away,raw,total_yards,329,334.0,5.0,5.0,duplicate_plays
401762491,2025,8,regular,UTSA,North Texas,away,raw,net_pass_yards,115,119.0,4.0,4.0,duplicate_plays
401762491,2025,8,regular,UTSA,North Texas,away,raw,rush_attempts,32,29,-3,3,duplicate_plays
401762491,2025,8,regular,UTSA,North Texas,away,raw,rush_yards,214,215.0,1.0,1.0,duplicate_plays
401762491,2025,8,regular,UTSA,North Texas,away,raw,turnovers,3,0,-3,3,no_play_penalty
401762491,2025,8,regular,UTSA,North Texas,away,raw,fumbles_lost,3,0,-3,3,no_play_penalty
401754565,2025,8,regular,Clemson,SMU,home,raw,total_plays,72,70,-2,2,duplicate_plays
401754565,2025,8,regular,Clemson,SMU,home,raw,total_yards,352,385.0,33.0,33.0,duplicate_plays
401754565,2025,8,regular,Clemson,SMU,home,raw,pass_attempts,42,43,1,1,duplicate_plays
401754565,2025,8,regular,Clemson,SMU,home,raw,net_pass_yards,317,342.0,25.0,25.0,duplicate_plays
401754565,2025,8,regular,Clemson,SMU,home,raw,rush_attempts,30,27,-3,3,duplicate_plays
401754565,2025,8,regular,Clemson,SMU,home,raw,rush_yards,35,43.0,8.0,8.0,duplicate_plays
401754565,2025,8,regular,Clemson,SMU,home,raw,turnovers,1,0,-1,1,no_play_penalty
401754565,2025,8,regular,Clemson,SMU,home,raw,fumbles_lost,1,0,-1,1,no_play_penalty
401754565,2025,8,regular,SMU,Clemson,away,raw,total_plays,71,70,-1,1,sack_accounting
401754565,2025,8,regular,SMU,Clemson,away,raw,total_yards,429,439.0,10.0,10.0,sack_accounting
401754565,2025,8,regular,SMU,Clemson,away,raw,pass_attempts,43,42,-1,1,sack_accounting
401754565,2025,8,regular,SMU,Clemson,away,raw,net_pass_yards,290,300.0,10.0,10.0,sack_accounting
401754565,2025,8,regular,SMU,Clemson,away,raw,third_down_attempts,17,15,-2,2,no_play_penalty
401754565,2025,8,regular,SMU,Clemson,away,raw,fourth_down_attempts,0,1,1,1,no_play_penalty
401752878,2025,8,regular,Indiana,Michigan State,home,raw,total_yards,464,468.0,4.0,4.0,sack_accounting
401752878,2025,8,regular,Indiana,Michigan State,home,raw,net_pass_yards,332,336.0,4.0,4.0,sack_accounting
401752878,2025,8,regular,Michigan State,Indiana,away,raw,total_plays,62,60,-2,2,sack_accounting
401752878,2025,8,regular,Michigan State,Indiana,away,raw,total_yards,367,314.0,-53.0,53.0,sack_accounting
401752878,2025,8,regular,Michigan State,Indiana,away,raw,rush_attempts,24,22,-2,2,sack_accounting
401752878,2025,8,regular,Michigan State,Indiana,away,raw,rush_yards,74,21.0,-53.0,53.0,sack_accounting
401752878,2025,8,regular,Michigan State,Indiana,away,raw,third_down_attempts,14,13,-1,1,no_play_penalty
401752878,2025,8,regular,Michigan State,Indiana,away,raw,third_down_conversions,5,4,-1,1,no_play_penalty
401752877,2025,8,regular,Wisconsin,Ohio State,home,raw,total_plays,46,45,-1,1,duplicate_plays
401752877,2025,8,regular,Wisconsin,Ohio State,home,raw,total_yards,144,158.0,14.0,14.0,duplicate_plays
401752877,2025,8,regular,Wisconsin,Ohio State,home,raw,pass_attempts,15,14,-1,1,duplicate_plays
401752877,2025,8,regular,Wisconsin,Ohio State,home,raw,net_pass_yards,49,63.0,14.0,14.0,duplicate_plays
401752877,2025,8,regular,Wisconsin,Ohio State,home,raw,fourth_down_conversions,1,2,1,1,no_play_penalty
401752877,2025,8,regular,Ohio State,Wisconsin,away,raw,total_plays,70,69,-1,1,sack_accounting
401752877,2025,8,regular,Ohio State,Wisconsin,away,raw,total_yards,491,486.0,-5.0,5.0,sack_accounting
401752877,2025,8,regular,Ohio State,Wisconsin,away,raw,pass_attempts,42,41,-1,1,sack_accounting
401752877,2025,8,regular,Ohio State,Wisconsin,away,raw,completions,36,35,-1,1,no_play_penalty
401752877,2025,8,regular,Ohio State,Wisconsin,away,raw,net_pass_yards,393,388.0,-5.0,5.0,sack_accounting
401752877,2025,8,regular,Ohio State,Wisconsin,away,raw,third_down_attempts,11,10,-1,1,no_play_penalty
401762838,2025,8,regular,Ball State,Akron,home,raw,points,42,49,7,7,no_play_penalty
401762838,2025,8,regular,Ball State,Akron,home,raw,total_plays,65,61,-4,4,fumble_or_safety_swallows_scrimmage_type
401762838,2025,8,regular,Ball State,Akron,home,raw,total_yards,374,350.0,-24.0,24.0,fumble_or_safety_swallows_scrimmage_type
401762838,2025,8,regular,Ball State,Akron,home,raw,pass_attempts,20,18,-2,2,fumble_or_safety_swallows_scrimmage_type
401762838,2025,8,regular,Ball State,Akron,home,raw,completions,11,10,-1,1,no_play_penalty
401762838,2025,8,regular,Ball State,Akron,home,raw,net_pass_yards,158,122.0,-36.0,36.0,fumble_or_safety_swallows_scrimmage_type
401762838,2025,8,regular,Ball State,Akron,home,raw,rush_attempts,45,43,-2,2,fumble_or_safety_swallows_scrimmage_type
401762838,2025,8,regular,Ball State,Akron,home,raw,rush_yards,216,228.0,12.0,12.0,fumble_or_safety_swallows_scrimmage_type
401762838,2025,8,regular,Ball State,Akron,home,raw,turnovers,2,1,-1,1,no_play_penalty
401762838,2025,8,regular,Ball State,Akron,home,raw,fumbles_lost,1,0,-1,1,no_play_penalty
401762838,2025,8,regular,Ball State,Akron,home,raw,third_down_attempts,13,10,-3,3,no_play_penalty
401762838,2025,8,regular,Ball State,Akron,home,raw,third_down_conversions,4,3,-1,1,no_play_penalty
401762838,2025,8,regular,Akron,Ball State,away,raw,total_plays,75,71,-4,4,fumble_or_safety_swallows_scrimmage_type
401762838,2025,8,regular,Akron,Ball State,away,raw,pass_attempts,40,37,-3,3,fumble_or_safety_swallows_scrimmage_type
401762838,2025,8,regular,Akron,Ball State,away,raw,rush_attempts,35,34,-1,1,fumble_or_safety_swallows_scrimmage_type
401752742,2025,8,regular,Georgia,Ole Miss,home,raw,total_yards,510,524.0,14.0,14.0,sack_accounting
401752742,2025,8,regular,Georgia,Ole Miss,home,raw,net_pass_yards,289,303.0,14.0,14.0,sack_accounting
401752742,2025,8,regular,Ole Miss,Georgia,away,raw,total_plays,60,59,-1,1,sack_accounting
401752742,2025,8,regular,Ole Miss,Georgia,away,raw,total_yards,351,353.0,2.0,2.0,sack_accounting
401752742,2025,8,regular,Ole Miss,Georgia,away,raw,rush_attempts,24,23,-1,1,sack_accounting
401752742,2025,8,regular,Ole Miss,Georgia,away,raw,rush_yards,88,90.0,2.0,2.0,sack_accounting
401752739,2025,8,regular,Arkansas,Texas A&M,home,raw,total_plays,65,64,-1,1,sack_accounting
401752739,2025,8,regular,Arkansas,Texas A&M,home,raw,total_yards,527,537.0,10.0,10.0,sack_accounting
401752739,2025,8,regular,Arkansas,Texas A&M,home,raw,net_pass_yards,259,272.0,13.0,13.0,sack_accounting
401752739,2025,8,regular,Arkansas,Texas A&M,home,raw,rush_attempts,32,31,-1,1,sack_accounting
401752739,2025,8,regular,Arkansas,Texas A&M,home,raw,rush_yards,268,265.0,-3.0,3.0,sack_accounting
401752739,2025,8,regular,Texas A&M,Arkansas,away,raw,total_yards,497,488.0,-9.0,9.0,sack_accounting
401752739,2025,8,regular,Texas A&M,Arkansas,away,raw,rush_yards,217,208.0,-9.0,9.0,sack_accounting
401752739,2025,8,regular,Texas A&M,Arkansas,away,raw,third_down_conversions,5,6,1,1,kneel_accounting
401762843,2025,8,regular,Ohio,Northern Illinois,home,raw,total_plays,75,72,-3,3,duplicate_plays
401762843,2025,8,regular,Ohio,Northern Illinois,home,raw,total_yards,538,513.0,-25.0,25.0,duplicate_plays
401762843,2025,8,regular,Ohio,Northern Illinois,home,raw,pass_attempts,23,21,-2,2,duplicate_plays
401762843,2025,8,regular,Ohio,Northern Illinois,home,raw,completions,17,16,-1,1,duplicate_plays
401762843,2025,8,regular,Ohio,Northern Illinois,home,raw,net_pass_yards,205,195.0,-10.0,10.0,duplicate_plays
401762843,2025,8,regular,Ohio,Northern Illinois,home,raw,rush_attempts,52,51,-1,1,duplicate_plays
401762843,2025,8,regular,Ohio,Northern Illinois,home,raw,rush_yards,333,318.0,-15.0,15.0,duplicate_plays
401762843,2025,8,regular,Ohio,Northern Illinois,home,raw,turnovers,1,0,-1,1,no_play_penalty
401762843,2025,8,regular,Ohio,Northern Illinois,home,raw,interceptions,1,0,-1,1,no_play_penalty
401762843,2025,8,regular,Ohio,Northern Illinois,home,raw,third_down_attempts,13,11,-2,2,no_play_penalty
401762843,2025,8,regular,Ohio,Northern Illinois,home,raw,third_down_conversions,9,8,-1,1,no_play_penalty
401762843,2025,8,regular,Northern Illinois,Ohio,away,raw,total_plays,56,55,-1,1,fumble_or_safety_swallows_scrimmage_type
401762843,2025,8,regular,Northern Illinois,Ohio,away,raw,total_yards,293,289.0,-4.0,4.0,fumble_or_safety_swallows_scrimmage_type
401762843,2025,8,regular,Northern Illinois,Ohio,away,raw,rush_attempts,26,25,-1,1,fumble_or_safety_swallows_scrimmage_type
401762843,2025,8,regular,Northern Illinois,Ohio,away,raw,rush_yards,132,128.0,-4.0,4.0,fumble_or_safety_swallows_scrimmage_type
401762843,2025,8,regular,Northern Illinois,Ohio,away,raw,fourth_down_attempts,2,1,-1,1,no_play_penalty
401762489,2025,8,regular,Charlotte,Temple,home,raw,points,14,7,-7,7,no_play_penalty
401762489,2025,8,regular,Charlotte,Temple,home,raw,total_plays,76,46,-30,30,duplicate_plays
401762489,2025,8,regular,Charlotte,Temple,home,raw,total_yards,357,231.0,-126.0,126.0,duplicate_plays
401762489,2025,8,regular,Charlotte,Temple,home,raw,pass_attempts,29,16,-13,13,duplicate_plays
401762489,2025,8,regular,Charlotte,Temple,home,raw,completions,15,8,-7,7,duplicate_plays
401762489,2025,8,regular,Charlotte,Temple,home,raw,net_pass_yards,158,107.0,-51.0,51.0,duplicate_plays
401762489,2025,8,regular,Charlotte,Temple,home,raw,rush_attempts,47,30,-17,17,duplicate_plays
401762489,2025,8,regular,Charlotte,Temple,home,raw,rush_yards,199,124.0,-75.0,75.0,duplicate_plays
401762489,2025,8,regular,Charlotte,Temple,home,raw,turnovers,3,1,-2,2,no_play_penalty
401762489,2025,8,regular,Charlotte,Temple,home,raw,fumbles_lost,2,0,-2,2,no_play_penalty
401762489,2025,8,regular,Charlotte,Temple,home,raw,third_down_attempts,16,12,-4,4,no_play_penalty
401762489,2025,8,regular,Charlotte,Temple,home,raw,third_down_conversions,6,5,-1,1,no_play_penalty
401762489,2025,8,regular,Charlotte,Temple,home,raw,fourth_down_attempts,4,3,-1,1,no_play_penalty
401762489,2025,8,regular,Charlotte,Temple,home,raw,fourth_down_conversions,3,2,-1,1,no_play_penalty
401762489,2025,8,regular,Temple,Charlotte,away,raw,total_plays,53,37,-16,16,duplicate_plays
401762489,2025,8,regular,Temple,Charlotte,away,raw,total_yards,384,280.0,-104.0,104.0,duplicate_plays
401762489,2025,8,regular,Temple,Charlotte,away,raw,pass_attempts,23,14,-9,9,duplicate_plays
401762489,2025,8,regular,Temple,Charlotte,away,raw,completions,16,9,-7,7,duplicate_plays
401762489,2025,8,regular,Temple,Charlotte,away,raw,net_pass_yards,212,119.0,-93.0,93.0,duplicate_plays
401762489,2025,8,regular,Temple,Charlotte,away,raw,rush_attempts,30,23,-7,7,duplicate_plays
401762489,2025,8,regular,Temple,Charlotte,away,raw,rush_yards,172,161.0,-11.0,11.0,duplicate_plays
401762489,2025,8,regular,Temple,Charlotte,away,raw,third_down_attempts,9,6,-3,3,no_play_penalty
401762489,2025,8,regular,Temple,Charlotte,away,raw,third_down_conversions,2,1,-1,1,no_play_penalty
401762489,2025,8,regular,Temple,Charlotte,away,raw,fourth_down_attempts,2,1,-1,1,no_play_penalty
401762489,2025,8,regular,Temple,Charlotte,away,raw,fourth_down_conversions,2,1,-1,1,no_play_penalty
401760393,2025,8,regular,Boise State,UNLV,home,raw,total_plays,57,56,-1,1,sack_accounting
401760393,2025,8,regular,Boise State,UNLV,home,raw,pass_attempts,24,23,-1,1,sack_accounting
401760393,2025,8,regular,Boise State,UNLV,home,raw,turnovers,2,1,-1,1,kneel_accounting
401760393,2025,8,regular,Boise State,UNLV,home,raw,fumbles_lost,1,0,-1,1,kneel_accounting
401760393,2025,8,regular,Boise State,UNLV,home,raw,third_down_attempts,11,10,-1,1,kneel_accounting
401760393,2025,8,regular,UNLV,Boise State,away,raw,total_plays,70,69,-1,1,duplicate_plays
401760393,2025,8,regular,UNLV,Boise State,away,raw,total_yards,476,488.0,12.0,12.0,duplicate_plays
401760393,2025,8,regular,UNLV,Boise State,away,raw,pass_attempts,30,29,-1,1,duplicate_plays
401760393,2025,8,regular,UNLV,Boise State,away,raw,rush_yards,261,273.0,12.0,12.0,duplicate_plays
401760393,2025,8,regular,UNLV,Boise State,away,raw,fourth_down_attempts,1,2,1,1,kneel_accounting
401756923,2025,8,regular,Arizona State,Texas Tech,home,raw,total_plays,83,81,-2,2,duplicate_plays
401756923,2025,8,regular,Arizona State,Texas Tech,home,raw,total_yards,394,380.0,-14.0,14.0,duplicate_plays
401756923,2025,8,regular,Arizona State,Texas Tech,home,raw,completions,28,27,-1,1,duplicate_plays
401756923,2025,8,regular,Arizona State,Texas Tech,home,raw,net_pass_yards,319,311.0,-8.0,8.0,duplicate_plays
401756923,2025,8,regular,Arizona State,Texas Tech,home,raw,rush_attempts,36,34,-2,2,duplicate_plays
401756923,2025,8,regular,Arizona State,Texas Tech,home,raw,rush_yards,75,69.0,-6.0,6.0,duplicate_plays
401756923,2025,8,regular,Arizona State,Texas Tech,home,raw,third_down_attempts,21,19,-2,2,no_play_penalty
401756923,2025,8,regular,Arizona State,Texas Tech,home,raw,third_down_conversions,9,7,-2,2,no_play_penalty
401756923,2025,8,regular,Arizona State,Texas Tech,home,raw,fourth_down_attempts,2,3,1,1,no_play_penalty
401756923,2025,8,regular,Texas Tech,Arizona State,away,raw,total_plays,65,63,-2,2,fumble_or_safety_swallows_scrimmage_type
401756923,2025,8,regular,Texas Tech,Arizona State,away,raw,total_yards,276,273.0,-3.0,3.0,fumble_or_safety_swallows_scrimmage_type
401756923,2025,8,regular,Texas Tech,Arizona State,away,raw,pass_attempts,38,36,-2,2,fumble_or_safety_swallows_scrimmage_type
401756923,2025,8,regular,Texas Tech,Arizona State,away,raw,completions,22,21,-1,1,no_play_penalty
401756923,2025,8,regular,Texas Tech,Arizona State,away,raw,net_pass_yards,167,164.0,-3.0,3.0,fumble_or_safety_swallows_scrimmage_type
401756923,2025,8,regular,Texas Tech,Arizona State,away,raw,third_down_attempts,16,15,-1,1,no_play_penalty
401762487,2025,8,regular,UAB,Memphis,home,raw,total_plays,68,66,-2,2,sack_accounting
401762487,2025,8,regular,UAB,Memphis,home,raw,total_yards,470,460.0,-10.0,10.0,sack_accounting
401762487,2025,8,regular,UAB,Memphis,home,raw,pass_attempts,27,26,-1,1,sack_accounting
401762487,2025,8,regular,UAB,Memphis,home,raw,rush_attempts,41,40,-1,1,sack_accounting
401762487,2025,8,regular,UAB,Memphis,home,raw,rush_yards,219,209.0,-10.0,10.0,sack_accounting
401762487,2025,8,regular,UAB,Memphis,home,raw,turnovers,2,1,-1,1,kneel_accounting
401762487,2025,8,regular,UAB,Memphis,home,raw,interceptions,1,0,-1,1,kneel_accounting
401762487,2025,8,regular,UAB,Memphis,home,raw,third_down_attempts,13,12,-1,1,kneel_accounting
401762487,2025,8,regular,Memphis,UAB,away,raw,total_plays,60,58,-2,2,sack_accounting
401762487,2025,8,regular,Memphis,UAB,away,raw,total_yards,362,364.0,2.0,2.0,sack_accounting
401762487,2025,8,regular,Memphis,UAB,away,raw,pass_attempts,35,34,-1,1,sack_accounting
401762487,2025,8,regular,Memphis,UAB,away,raw,net_pass_yards,243,249.0,6.0,6.0,sack_accounting
401762487,2025,8,regular,Memphis,UAB,away,raw,rush_attempts,25,24,-1,1,sack_accounting
401762487,2025,8,regular,Memphis,UAB,away,raw,rush_yards,119,115.0,-4.0,4.0,sack_accounting
401752741,2025,8,regular,Florida,Mississippi State,home,raw,total_plays,68,66,-2,2,sack_accounting
401752741,2025,8,regular,Florida,Mississippi State,home,raw,total_yards,452,442.0,-10.0,10.0,sack_accounting
401752741,2025,8,regular,Florida,Mississippi State,home,raw,pass_attempts,34,32,-2,2,sack_accounting
401752741,2025,8,regular,Florida,Mississippi State,home,raw,rush_yards,172,162.0,-10.0,10.0,sack_accounting
401752741,2025,8,regular,Florida,Mississippi State,home,raw,third_down_attempts,11,10,-1,1,no_play_penalty
401752741,2025,8,regular,Mississippi State,Florida,away,raw,total_plays,80,78,-2,2,duplicate_plays
401752741,2025,8,regular,Mississippi State,Florida,away,raw,total_yards,468,477.0,9.0,9.0,duplicate_plays
401752741,2025,8,regular,Mississippi State,Florida,away,raw,pass_attempts,36,35,-1,1,duplicate_plays
401752741,2025,8,regular,Mississippi State,Florida,away,raw,net_pass_yards,324,342.0,18.0,18.0,duplicate_plays
401752741,2025,8,regular,Mississippi State,Florida,away,raw,rush_attempts,44,43,-1,1,duplicate_plays
401752741,2025,8,regular,Mississippi State,Florida,away,raw,rush_yards,144,135.0,-9.0,9.0,duplicate_plays
401752741,2025,8,regular,Mississippi State,Florida,away,raw,third_down_attempts,15,16,1,1,no_play_penalty
401761668,2025,8,regular,Louisiana,Southern Miss,home,raw,total_plays,75,58,-17,17,fumble_or_safety_swallows_scrimmage_type
401761668,2025,8,regular,Louisiana,Southern Miss,home,raw,total_yards,352,324.0,-28.0,28.0,fumble_or_safety_swallows_scrimmage_type
401761668,2025,8,regular,Louisiana,Southern Miss,home,raw,pass_attempts,27,19,-8,8,fumble_or_safety_swallows_scrimmage_type
401761668,2025,8,regular,Louisiana,Southern Miss,home,raw,completions,14,12,-2,2,kneel_accounting
401761668,2025,8,regular,Louisiana,Southern Miss,home,raw,net_pass_yards,135,112.0,-23.0,23.0,fumble_or_safety_swallows_scrimmage_type
401761668,2025,8,regular,Louisiana,Southern Miss,home,raw,rush_attempts,48,39,-9,9,fumble_or_safety_swallows_scrimmage_type
401761668,2025,8,regular,Louisiana,Southern Miss,home,raw,rush_yards,217,212.0,-5.0,5.0,fumble_or_safety_swallows_scrimmage_type
401761668,2025,8,regular,Louisiana,Southern Miss,home,raw,turnovers,3,0,-3,3,kneel_accounting
401761668,2025,8,regular,Louisiana,Southern Miss,home,raw,interceptions,2,0,-2,2,kneel_accounting
401761668,2025,8,regular,Louisiana,Southern Miss,home,raw,fumbles_lost,1,0,-1,1,kneel_accounting
401761668,2025,8,regular,Louisiana,Southern Miss,home,raw,third_down_attempts,16,13,-3,3,kneel_accounting
401761668,2025,8,regular,Louisiana,Southern Miss,home,raw,fourth_down_attempts,4,3,-1,1,kneel_accounting
401761668,2025,8,regular,Southern Miss,Louisiana,away,raw,total_plays,59,38,-21,21,fumble_or_safety_swallows_scrimmage_type
401761668,2025,8,regular,Southern Miss,Louisiana,away,raw,total_yards,370,228.0,-142.0,142.0,fumble_or_safety_swallows_scrimmage_type
401761668,2025,8,regular,Southern Miss,Louisiana,away,raw,pass_attempts,18,10,-8,8,fumble_or_safety_swallows_scrimmage_type
401761668,2025,8,regular,Southern Miss,Louisiana,away,raw,completions,13,7,-6,6,kneel_accounting
401761668,2025,8,regular,Southern Miss,Louisiana,away,raw,net_pass_yards,237,147.0,-90.0,90.0,fumble_or_safety_swallows_scrimmage_type
401761668,2025,8,regular,Southern Miss,Louisiana,away,raw,rush_attempts,41,28,-13,13,fumble_or_safety_swallows_scrimmage_type
401761668,2025,8,regular,Southern Miss,Louisiana,away,raw,rush_yards,133,81.0,-52.0,52.0,fumble_or_safety_swallows_scrimmage_type
401761668,2025,8,regular,Southern Miss,Louisiana,away,raw,turnovers,2,1,-1,1,kneel_accounting
401761668,2025,8,regular,Southern Miss,Louisiana,away,raw,interceptions,1,0,-1,1,kneel_accounting
401761668,2025,8,regular,Southern Miss,Louisiana,away,raw,third_down_attempts,13,9,-4,4,kneel_accounting
401761668,2025,8,regular,Southern Miss,Louisiana,away,raw,third_down_conversions,2,1,-1,1,kneel_accounting
401752876,2025,8,regular,Rutgers,Oregon,home,raw,total_plays,69,65,-4,4,fumble_or_safety_swallows_scrimmage_type
401752876,2025,8,regular,Rutgers,Oregon,home,raw,total_yards,202,201.0,-1.0,1.0,fumble_or_safety_swallows_scrimmage_type
401752876,2025,8,regular,Rutgers,Oregon,home,raw,pass_attempts,27,25,-2,2,fumble_or_safety_swallows_scrimmage_type
401752876,2025,8,regular,Rutgers,Oregon,home,raw,rush_attempts,42,40,-2,2,fumble_or_safety_swallows_scrimmage_type
401752876,2025,8,regular,Rutgers,Oregon,home,raw,rush_yards,123,122.0,-1.0,1.0,fumble_or_safety_swallows_scrimmage_type
401752876,2025,8,regular,Rutgers,Oregon,home,raw,turnovers,3,2,-1,1,no_play_penalty
401752876,2025,8,regular,Rutgers,Oregon,home,raw,interceptions,2,1,-1,1,no_play_penalty
401752876,2025,8,regular,Rutgers,Oregon,home,raw,third_down_attempts,18,17,-1,1,no_play_penalty
401752876,2025,8,regular,Oregon,Rutgers,away,raw,total_plays,60,57,-3,3,fumble_or_safety_swallows_scrimmage_type
401752876,2025,8,regular,Oregon,Rutgers,away,raw,total_yards,750,737.0,-13.0,13.0,fumble_or_safety_swallows_scrimmage_type
401752876,2025,8,regular,Oregon,Rutgers,away,raw,pass_attempts,24,22,-2,2,fumble_or_safety_swallows_scrimmage_type
401752876,2025,8,regular,Oregon,Rutgers,away,raw,completions,18,17,-1,1,no_play_penalty
401752876,2025,8,regular,Oregon,Rutgers,away,raw,net_pass_yards,335,327.0,-8.0,8.0,fumble_or_safety_swallows_scrimmage_type
401752876,2025,8,regular,Oregon,Rutgers,away,raw,rush_attempts,36,35,-1,1,fumble_or_safety_swallows_scrimmage_type
401752876,2025,8,regular,Oregon,Rutgers,away,raw,rush_yards,415,410.0,-5.0,5.0,fumble_or_safety_swallows_scrimmage_type
401752876,2025,8,regular,Oregon,Rutgers,away,raw,turnovers,3,0,-3,3,no_play_penalty
401752876,2025,8,regular,Oregon,Rutgers,away,raw,interceptions,1,0,-1,1,no_play_penalty
401752876,2025,8,regular,Oregon,Rutgers,away,raw,fumbles_lost,2,0,-2,2,no_play_penalty
401752876,2025,8,regular,Oregon,Rutgers,away,raw,third_down_attempts,11,10,-1,1,no_play_penalty
401752951,2025,8,regular,Virginia,Washington State,home,raw,total_plays,57,56,-1,1,safety_accounting
401752951,2025,8,regular,Virginia,Washington State,home,raw,total_yards,301,297.0,-4.0,4.0,safety_accounting
401752951,2025,8,regular,Virginia,Washington State,home,raw,rush_attempts,32,31,-1,1,safety_accounting
401752951,2025,8,regular,Virginia,Washington State,home,raw,rush_yards,122,118.0,-4.0,4.0,safety_accounting
401752951,2025,8,regular,Washington State,Virginia,away,raw,total_plays,62,58,-4,4,safety_accounting
401752951,2025,8,regular,Washington State,Virginia,away,raw,total_yards,326,320.0,-6.0,6.0,safety_accounting
401752951,2025,8,regular,Washington State,Virginia,away,raw,pass_attempts,27,25,-2,2,safety_accounting
401752951,2025,8,regular,Washington State,Virginia,away,raw,net_pass_yards,183,184.0,1.0,1.0,safety_accounting
401752951,2025,8,regular,Washington State,Virginia,away,raw,rush_attempts,35,33,-2,2,safety_accounting
401752951,2025,8,regular,Washington State,Virginia,away,raw,rush_yards,143,136.0,-7.0,7.0,safety_accounting
401752951,2025,8,regular,Washington State,Virginia,away,raw,turnovers,2,0,-2,2,kneel_accounting
401752951,2025,8,regular,Washington State,Virginia,away,raw,interceptions,2,0,-2,2,kneel_accounting
401752951,2025,8,regular,Washington State,Virginia,away,raw,third_down_attempts,12,10,-2,2,kneel_accounting
401761630,2025,8,regular,Georgia Southern,Georgia State,home,raw,total_plays,69,67,-2,2,fumble_or_safety_swallows_scrimmage_type
401761630,2025,8,regular,Georgia Southern,Georgia State,home,raw,total_yards,420,414.0,-6.0,6.0,fumble_or_safety_swallows_scrimmage_type
401761630,2025,8,regular,Georgia Southern,Georgia State,home,raw,pass_attempts,27,26,-1,1,fumble_or_safety_swallows_scrimmage_type
401761630,2025,8,regular,Georgia Southern,Georgia State,home,raw,completions,18,17,-1,1,no_play_penalty
401761630,2025,8,regular,Georgia Southern,Georgia State,home,raw,net_pass_yards,212,204.0,-8.0,8.0,fumble_or_safety_swallows_scrimmage_type
401761630,2025,8,regular,Georgia Southern,Georgia State,home,raw,rush_attempts,42,41,-1,1,fumble_or_safety_swallows_scrimmage_type
401761630,2025,8,regular,Georgia Southern,Georgia State,home,raw,rush_yards,208,210.0,2.0,2.0,fumble_or_safety_swallows_scrimmage_type
401761630,2025,8,regular,Georgia Southern,Georgia State,home,raw,third_down_attempts,13,12,-1,1,no_play_penalty
401761630,2025,8,regular,Georgia State,Georgia Southern,away,raw,total_plays,72,71,-1,1,duplicate_plays
401761630,2025,8,regular,Georgia State,Georgia Southern,away,raw,total_yards,444,439.0,-5.0,5.0,duplicate_plays
401761630,2025,8,regular,Georgia State,Georgia Southern,away,raw,completions,29,28,-1,1,duplicate_plays
401761630,2025,8,regular,Georgia State,Georgia Southern,away,raw,net_pass_yards,280,273.0,-7.0,7.0,duplicate_plays
401761630,2025,8,regular,Georgia State,Georgia Southern,away,raw,rush_attempts,34,33,-1,1,duplicate_plays
401761630,2025,8,regular,Georgia State,Georgia Southern,away,raw,rush_yards,164,166.0,2.0,2.0,duplicate_plays
401761630,2025,8,regular,Georgia State,Georgia Southern,away,raw,turnovers,1,0,-1,1,no_play_penalty
401761630,2025,8,regular,Georgia State,Georgia Southern,away,raw,fumbles_lost,1,0,-1,1,no_play_penalty
401761630,2025,8,regular,Georgia State,Georgia Southern,away,raw,fourth_down_attempts,2,3,1,1,no_play_penalty
401760394,2025,8,regular,Colorado State,Hawai'i,home,raw,total_plays,63,61,-2,2,fumble_or_safety_swallows_scrimmage_type
401760394,2025,8,regular,Colorado State,Hawai'i,home,raw,total_yards,261,263.0,2.0,2.0,fumble_or_safety_swallows_scrimmage_type
401760394,2025,8,regular,Colorado State,Hawai'i,home,raw,pass_attempts,29,28,-1,1,fumble_or_safety_swallows_scrimmage_type
401760394,2025,8,regular,Colorado State,Hawai'i,home,raw,completions,15,14,-1,1,no_play_penalty
401760394,2025,8,regular,Colorado State,Hawai'i,home,raw,net_pass_yards,176,166.0,-10.0,10.0,fumble_or_safety_swallows_scrimmage_type
401760394,2025,8,regular,Colorado State,Hawai'i,home,raw,rush_attempts,34,33,-1,1,fumble_or_safety_swallows_scrimmage_type
401760394,2025,8,regular,Colorado State,Hawai'i,home,raw,rush_yards,85,97.0,12.0,12.0,fumble_or_safety_swallows_scrimmage_type
401760394,2025,8,regular,Colorado State,Hawai'i,home,raw,turnovers,1,0,-1,1,no_play_penalty
401760394,2025,8,regular,Colorado State,Hawai'i,home,raw,fumbles_lost,1,0,-1,1,no_play_penalty
401760394,2025,8,regular,Colorado State,Hawai'i,home,raw,third_down_attempts,15,13,-2,2,no_play_penalty
401760394,2025,8,regular,Hawai'i,Colorado State,away,raw,total_plays,66,65,-1,1,fumble_or_safety_swallows_scrimmage_type
401760394,2025,8,regular,Hawai'i,Colorado State,away,raw,pass_attempts,38,37,-1,1,fumble_or_safety_swallows_scrimmage_type
401760394,2025,8,regular,Hawai'i,Colorado State,away,raw,third_down_attempts,14,13,-1,1,no_play_penalty
401752743,2025,8,regular,Kentucky,Texas,home,raw,total_plays,86,83,-3,3,fumble_or_safety_swallows_scrimmage_type
401752743,2025,8,regular,Kentucky,Texas,home,raw,total_yards,395,422.0,27.0,27.0,fumble_or_safety_swallows_scrimmage_type
401752743,2025,8,regular,Kentucky,Texas,home,raw,pass_attempts,40,39,-1,1,fumble_or_safety_swallows_scrimmage_type
401752743,2025,8,regular,Kentucky,Texas,home,raw,net_pass_yards,258,286.0,28.0,28.0,fumble_or_safety_swallows_scrimmage_type
401752743,2025,8,regular,Kentucky,Texas,home,raw,rush_attempts,46,44,-2,2,fumble_or_safety_swallows_scrimmage_type
401752743,2025,8,regular,Kentucky,Texas,home,raw,rush_yards,137,136.0,-1.0,1.0,fumble_or_safety_swallows_scrimmage_type
401752743,2025,8,regular,Kentucky,Texas,home,raw,third_down_attempts,18,17,-1,1,no_play_penalty
401752743,2025,8,regular,Texas,Kentucky,away,raw,total_yards,179,185.0,6.0,6.0,fumble_or_safety_swallows_scrimmage_type
401752743,2025,8,regular,Texas,Kentucky,away,raw,net_pass_yards,132,138.0,6.0,6.0,fumble_or_safety_swallows_scrimmage_type
401752879,2025,8,regular,UCLA,Maryland,home,raw,total_plays,70,71,1,1,fumble_or_safety_swallows_scrimmage_type
401752879,2025,8,regular,UCLA,Maryland,home,raw,total_yards,414,442.0,28.0,28.0,fumble_or_safety_swallows_scrimmage_type
401752879,2025,8,regular,UCLA,Maryland,home,raw,pass_attempts,35,36,1,1,fumble_or_safety_swallows_scrimmage_type
401752879,2025,8,regular,UCLA,Maryland,home,raw,completions,21,22,1,1,accepted_or_declined_penalty
401752879,2025,8,regular,UCLA,Maryland,home,raw,net_pass_yards,221,266.0,45.0,45.0,fumble_or_safety_swallows_scrimmage_type
401752879,2025,8,regular,UCLA,Maryland,home,raw,rush_yards,193,176.0,-17.0,17.0,fumble_or_safety_swallows_scrimmage_type
401752879,2025,8,regular,UCLA,Maryland,home,raw,turnovers,3,2,-1,1,accepted_or_declined_penalty
401752879,2025,8,regular,UCLA,Maryland,home,raw,fumbles_lost,1,0,-1,1,accepted_or_declined_penalty
401752879,2025,8,regular,UCLA,Maryland,home,raw,third_down_attempts,17,18,1,1,accepted_or_declined_penalty
401752879,2025,8,regular,Maryland,UCLA,away,raw,total_plays,74,75,1,1,fumble_or_safety_swallows_scrimmage_type
401752879,2025,8,regular,Maryland,UCLA,away,raw,total_yards,337,373.0,36.0,36.0,fumble_or_safety_swallows_scrimmage_type
401752879,2025,8,regular,Maryland,UCLA,away,raw,pass_attempts,48,49,1,1,fumble_or_safety_swallows_scrimmage_type
401752879,2025,8,regular,Maryland,UCLA,away,raw,completions,23,22,-1,1,accepted_or_declined_penalty
401752879,2025,8,regular,Maryland,UCLA,away,raw,net_pass_yards,210,246.0,36.0,36.0,fumble_or_safety_swallows_scrimmage_type
401752879,2025,8,regular,Maryland,UCLA,away,raw,turnovers,2,0,-2,2,accepted_or_declined_penalty
401752879,2025,8,regular,Maryland,UCLA,away,raw,interceptions,1,0,-1,1,accepted_or_declined_penalty
401752879,2025,8,regular,Maryland,UCLA,away,raw,fumbles_lost,1,0,-1,1,accepted_or_declined_penalty
401752879,2025,8,regular,Maryland,UCLA,away,raw,third_down_attempts,17,20,3,3,accepted_or_declined_penalty
401752879,2025,8,regular,Maryland,UCLA,away,raw,third_down_conversions,6,9,3,3,accepted_or_declined_penalty
401752875,2025,8,regular,Iowa,Penn State,home,raw,total_plays,49,47,-2,2,no_play_penalty
401752875,2025,8,regular,Iowa,Penn State,home,raw,total_yards,313,311.0,-2.0,2.0,no_play_penalty
401752875,2025,8,regular,Iowa,Penn State,home,raw,pass_attempts,16,15,-1,1,no_play_penalty
401752875,2025,8,regular,Iowa,Penn State,home,raw,rush_attempts,33,32,-1,1,no_play_penalty
401752875,2025,8,regular,Iowa,Penn State,home,raw,rush_yards,245,243.0,-2.0,2.0,no_play_penalty
401752875,2025,8,regular,Iowa,Penn State,home,raw,third_down_attempts,10,9,-1,1,no_play_penalty
401752875,2025,8,regular,Penn State,Iowa,away,raw,total_plays,74,69,-5,5,no_play_penalty
401752875,2025,8,regular,Penn State,Iowa,away,raw,total_yards,266,277.0,11.0,11.0,no_play_penalty
401752875,2025,8,regular,Penn State,Iowa,away,raw,pass_attempts,28,26,-2,2,no_play_penalty
401752875,2025,8,regular,Penn State,Iowa,away,raw,net_pass_yards,93,97.0,4.0,4.0,no_play_penalty
401752875,2025,8,regular,Penn State,Iowa,away,raw,rush_attempts,46,43,-3,3,no_play_penalty
401752875,2025,8,regular,Penn State,Iowa,away,raw,rush_yards,173,180.0,7.0,7.0,no_play_penalty
401752875,2025,8,regular,Penn State,Iowa,away,raw,third_down_attempts,16,13,-3,3,no_play_penalty
401754568,2025,8,regular,Syracuse,Pittsburgh,home,raw,total_plays,64,61,-3,3,duplicate_plays
401754568,2025,8,regular,Syracuse,Pittsburgh,home,raw,total_yards,212,213.0,1.0,1.0,duplicate_plays
401754568,2025,8,regular,Syracuse,Pittsburgh,home,raw,pass_attempts,34,32,-2,2,duplicate_plays
401754568,2025,8,regular,Syracuse,Pittsburgh,home,raw,net_pass_yards,136,142.0,6.0,6.0,duplicate_plays
401754568,2025,8,regular,Syracuse,Pittsburgh,home,raw,rush_attempts,30,29,-1,1,duplicate_plays
401754568,2025,8,regular,Syracuse,Pittsburgh,home,raw,rush_yards,76,71.0,-5.0,5.0,duplicate_plays
401754568,2025,8,regular,Syracuse,Pittsburgh,home,raw,turnovers,3,2,-1,1,no_play_penalty
401754568,2025,8,regular,Syracuse,Pittsburgh,home,raw,interceptions,3,2,-1,1,no_play_penalty
401754568,2025,8,regular,Syracuse,Pittsburgh,home,raw,third_down_attempts,15,14,-1,1,no_play_penalty
401754568,2025,8,regular,Syracuse,Pittsburgh,home,raw,fourth_down_attempts,3,4,1,1,no_play_penalty
401754568,2025,8,regular,Pittsburgh,Syracuse,away,raw,total_plays,67,63,-4,4,sack_accounting
401754568,2025,8,regular,Pittsburgh,Syracuse,away,raw,total_yards,260,236.0,-24.0,24.0,sack_accounting
401754568,2025,8,regular,Pittsburgh,Syracuse,away,raw,pass_attempts,24,21,-3,3,sack_accounting
401754568,2025,8,regular,Pittsburgh,Syracuse,away,raw,completions,13,11,-2,2,no_play_penalty
401754568,2025,8,regular,Pittsburgh,Syracuse,away,raw,net_pass_yards,143,124.0,-19.0,19.0,sack_accounting
401754568,2025,8,regular,Pittsburgh,Syracuse,away,raw,rush_attempts,43,42,-1,1,sack_accounting
401754568,2025,8,regular,Pittsburgh,Syracuse,away,raw,rush_yards,117,112.0,-5.0,5.0,sack_accounting
401754568,2025,8,regular,Pittsburgh,Syracuse,away,raw,turnovers,1,0,-1,1,no_play_penalty
401754568,2025,8,regular,Pittsburgh,Syracuse,away,raw,interceptions,1,0,-1,1,no_play_penalty
401754568,2025,8,regular,Pittsburgh,Syracuse,away,raw,third_down_attempts,15,13,-2,2,no_play_penalty
401752738,2025,8,regular,Alabama,Tennessee,home,raw,total_plays,61,60,-1,1,fumble_or_safety_swallows_scrimmage_type
401752738,2025,8,regular,Alabama,Tennessee,home,raw,total_yards,373,384.0,11.0,11.0,fumble_or_safety_swallows_scrimmage_type
401752738,2025,8,regular,Alabama,Tennessee,home,raw,rush_attempts,32,31,-1,1,fumble_or_safety_swallows_scrimmage_type
401752738,2025,8,regular,Alabama,Tennessee,home,raw,rush_yards,120,131.0,11.0,11.0,fumble_or_safety_swallows_scrimmage_type
401752738,2025,8,regular,Alabama,Tennessee,home,raw,third_down_attempts,11,10,-1,1,no_play_penalty
401752738,2025,8,regular,Tennessee,Alabama,away,raw,total_plays,77,76,-1,1,fumble_or_safety_swallows_scrimmage_type
401752738,2025,8,regular,Tennessee,Alabama,away,raw,total_yards,410,435.0,25.0,25.0,fumble_or_safety_swallows_scrimmage_type
401752738,2025,8,regular,Tennessee,Alabama,away,raw,pass_attempts,44,43,-1,1,fumble_or_safety_swallows_scrimmage_type
401752738,2025,8,regular,Tennessee,Alabama,away,raw,rush_yards,142,167.0,25.0,25.0,fumble_or_safety_swallows_scrimmage_type
401752738,2025,8,regular,Tennessee,Alabama,away,raw,third_down_attempts,13,14,1,1,no_play_penalty
401762490,2025,8,regular,Florida Atlantic,South Florida,away,raw,total_plays,88,84,-4,4,fumble_or_safety_swallows_scrimmage_type
401762490,2025,8,regular,Florida Atlantic,South Florida,away,raw,total_yards,312,348.0,36.0,36.0,fumble_or_safety_swallows_scrimmage_type
401762490,2025,8,regular,Florida Atlantic,South Florida,away,raw,pass_attempts,58,56,-2,2,fumble_or_safety_swallows_scrimmage_type
401762490,2025,8,regular,Florida Atlantic,South Florida,away,raw,net_pass_yards,289,297.0,8.0,8.0,fumble_or_safety_swallows_scrimmage_type
401762490,2025,8,regular,Florida Atlantic,South Florida,away,raw,rush_attempts,30,28,-2,2,fumble_or_safety_swallows_scrimmage_type
401762490,2025,8,regular,Florida Atlantic,South Florida,away,raw,rush_yards,23,51.0,28.0,28.0,fumble_or_safety_swallows_scrimmage_type
401762490,2025,8,regular,Florida Atlantic,South Florida,away,raw,turnovers,1,0,-1,1,no_play_penalty
401762490,2025,8,regular,Florida Atlantic,South Florida,away,raw,interceptions,1,0,-1,1,no_play_penalty
401752871,2025,8,regular,Notre Dame,USC,home,raw,third_down_attempts,11,10,-1,1,no_play_penalty
401752871,2025,8,regular,Notre Dame,USC,home,raw,fourth_down_attempts,2,3,1,1,no_play_penalty
401752871,2025,8,regular,USC,Notre Dame,away,raw,total_plays,71,65,-6,6,sack_accounting
401752871,2025,8,regular,USC,Notre Dame,away,raw,total_yards,396,416.0,20.0,20.0,sack_accounting
401752871,2025,8,regular,USC,Notre Dame,away,raw,pass_attempts,42,38,-4,4,sack_accounting
401752871,2025,8,regular,USC,Notre Dame,away,raw,rush_attempts,29,27,-2,2,sack_accounting
401752871,2025,8,regular,USC,Notre Dame,away,raw,rush_yards,68,88.0,20.0,20.0,sack_accounting
401752871,2025,8,regular,USC,Notre Dame,away,raw,third_down_attempts,14,12,-2,2,no_play_penalty
401752740,2025,8,regular,Auburn,Missouri,home,raw,total_plays,71,70,-1,1,sack_accounting
401752740,2025,8,regular,Auburn,Missouri,home,raw,total_yards,357,387.0,30.0,30.0,sack_accounting
401752740,2025,8,regular,Auburn,Missouri,home,raw,pass_attempts,30,29,-1,1,sack_accounting
401752740,2025,8,regular,Auburn,Missouri,home,raw,completions,18,17,-1,1,no_play_penalty
401752740,2025,8,regular,Auburn,Missouri,home,raw,net_pass_yards,207,222.0,15.0,15.0,sack_accounting
401752740,2025,8,regular,Auburn,Missouri,home,raw,rush_yards,150,165.0,15.0,15.0,sack_accounting
401752740,2025,8,regular,Missouri,Auburn,away,raw,total_plays,84,82,-2,2,sack_accounting
401752740,2025,8,regular,Missouri,Auburn,away,raw,total_yards,343,355.0,12.0,12.0,sack_accounting
401752740,2025,8,regular,Missouri,Auburn,away,raw,pass_attempts,40,39,-1,1,sack_accounting
401752740,2025,8,regular,Missouri,Auburn,away,raw,completions,23,25,2,2,no_play_penalty
401752740,2025,8,regular,Missouri,Auburn,away,raw,net_pass_yards,252,265.0,13.0,13.0,sack_accounting
401752740,2025,8,regular,Missouri,Auburn,away,raw,rush_attempts,44,43,-1,1,sack_accounting
401752740,2025,8,regular,Missouri,Auburn,away,raw,rush_yards,91,90.0,-1.0,1.0,sack_accounting
401752740,2025,8,regular,Missouri,Auburn,away,raw,turnovers,2,0,-2,2,no_play_penalty
401752740,2025,8,regular,Missouri,Auburn,away,raw,interceptions,2,0,-2,2,no_play_penalty
401752740,2025,8,regular,Missouri,Auburn,away,raw,third_down_attempts,17,14,-3,3,no_play_penalty
401756926,2025,8,regular,Oklahoma State,Cincinnati,home,raw,total_plays,67,68,1,1,sack_accounting
401756926,2025,8,regular,Oklahoma State,Cincinnati,home,raw,total_yards,377,402.0,25.0,25.0,sack_accounting
401756926,2025,8,regular,Oklahoma State,Cincinnati,home,raw,pass_attempts,19,21,2,2,sack_accounting
401756926,2025,8,regular,Oklahoma State,Cincinnati,home,raw,completions,11,12,1,1,accepted_or_declined_penalty
401756926,2025,8,regular,Oklahoma State,Cincinnati,home,raw,net_pass_yards,149,155.0,6.0,6.0,sack_accounting
401756926,2025,8,regular,Oklahoma State,Cincinnati,home,raw,rush_attempts,48,47,-1,1,sack_accounting
401756926,2025,8,regular,Oklahoma State,Cincinnati,home,raw,rush_yards,228,247.0,19.0,19.0,sack_accounting
401756926,2025,8,regular,Oklahoma State,Cincinnati,home,raw,fourth_down_attempts,3,5,2,2,accepted_or_declined_penalty
401756926,2025,8,regular,Oklahoma State,Cincinnati,home,raw,fourth_down_conversions,1,2,1,1,accepted_or_declined_penalty
401756926,2025,8,regular,Cincinnati,Oklahoma State,away,raw,total_plays,60,63,3,3,sack_accounting
401756926,2025,8,regular,Cincinnati,Oklahoma State,away,raw,total_yards,427,467.0,40.0,40.0,sack_accounting
401756926,2025,8,regular,Cincinnati,Oklahoma State,away,raw,pass_attempts,29,32,3,3,sack_accounting
401756926,2025,8,regular,Cincinnati,Oklahoma State,away,raw,net_pass_yards,270,310.0,40.0,40.0,sack_accounting
401756924,2025,8,regular,BYU,Utah,home,raw,total_plays,66,67,1,1,duplicate_plays
401756924,2025,8,regular,BYU,Utah,home,raw,total_yards,368,378.0,10.0,10.0,duplicate_plays
401756924,2025,8,regular,BYU,Utah,home,raw,pass_attempts,24,25,1,1,duplicate_plays
401756924,2025,8,regular,BYU,Utah,home,raw,net_pass_yards,166,176.0,10.0,10.0,duplicate_plays
401756924,2025,8,regular,BYU,Utah,home,raw,fourth_down_attempts,3,4,1,1,kneel_accounting
401756924,2025,8,regular,Utah,BYU,away,raw,total_plays,73,70,-3,3,fumble_or_safety_swallows_scrimmage_type
401756924,2025,8,regular,Utah,BYU,away,raw,total_yards,470,442.0,-28.0,28.0,fumble_or_safety_swallows_scrimmage_type
401756924,2025,8,regular,Utah,BYU,away,raw,pass_attempts,36,34,-2,2,fumble_or_safety_swallows_scrimmage_type
401756924,2025,8,regular,Utah,BYU,away,raw,completions,20,19,-1,1,kneel_accounting
401756924,2025,8,regular,Utah,BYU,away,raw,net_pass_yards,244,206.0,-38.0,38.0,fumble_or_safety_swallows_scrimmage_type
401756924,2025,8,regular,Utah,BYU,away,raw,rush_attempts,37,36,-1,1,fumble_or_safety_swallows_scrimmage_type
401756924,2025,8,regular,Utah,BYU,away,raw,rush_yards,226,236.0,10.0,10.0,fumble_or_safety_swallows_scrimmage_type
401756924,2025,8,regular,Utah,BYU,away,raw,turnovers,2,1,-1,1,kneel_accounting
401756924,2025,8,regular,Utah,BYU,away,raw,fumbles_lost,1,0,-1,1,kneel_accounting
401756924,2025,8,regular,Utah,BYU,away,raw,third_down_attempts,12,11,-1,1,kneel_accounting
401756924,2025,8,regular,Utah,BYU,away,raw,third_down_conversions,5,4,-1,1,kneel_accounting
401760395,2025,8,regular,New Mexico,Nevada,home,raw,total_plays,64,63,-1,1,sack_accounting
401760395,2025,8,regular,New Mexico,Nevada,home,raw,total_yards,348,378.0,30.0,30.0,sack_accounting
401760395,2025,8,regular,New Mexico,Nevada,home,raw,pass_attempts,22,23,1,1,sack_accounting
401760395,2025,8,regular,New Mexico,Nevada,home,raw,net_pass_yards,138,164.0,26.0,26.0,sack_accounting
401760395,2025,8,regular,New Mexico,Nevada,home,raw,rush_attempts,42,40,-2,2,sack_accounting
401760395,2025,8,regular,New Mexico,Nevada,home,raw,rush_yards,210,214.0,4.0,4.0,sack_accounting
401760395,2025,8,regular,New Mexico,Nevada,home,raw,turnovers,2,0,-2,2,kneel_accounting
401760395,2025,8,regular,New Mexico,Nevada,home,raw,fumbles_lost,2,0,-2,2,kneel_accounting
401760395,2025,8,regular,New Mexico,Nevada,home,raw,third_down_attempts,13,12,-1,1,kneel_accounting
401760395,2025,8,regular,Nevada,New Mexico,away,raw,total_yards,257,261.0,4.0,4.0,sack_accounting
401760395,2025,8,regular,Nevada,New Mexico,away,raw,net_pass_yards,202,206.0,4.0,4.0,sack_accounting
401754567,2025,8,regular,Stanford,Florida State,home,raw,total_plays,67,65,-2,2,sack_accounting
401754567,2025,8,regular,Stanford,Florida State,home,raw,total_yards,293,287.0,-6.0,6.0,sack_accounting
401754567,2025,8,regular,Stanford,Florida State,home,raw,pass_attempts,25,24,-1,1,sack_accounting
401754567,2025,8,regular,Stanford,Florida State,home,raw,rush_attempts,42,41,-1,1,sack_accounting
401754567,2025,8,regular,Stanford,Florida State,home,raw,rush_yards,132,126.0,-6.0,6.0,sack_accounting
401754567,2025,8,regular,Stanford,Florida State,home,raw,third_down_attempts,16,15,-1,1,no_play_penalty
401754567,2025,8,regular,Florida State,Stanford,away,raw,total_plays,78,77,-1,1,sack_accounting
401754567,2025,8,regular,Florida State,Stanford,away,raw,total_yards,444,447.0,3.0,3.0,sack_accounting
401754567,2025,8,regular,Florida State,Stanford,away,raw,rush_attempts,43,42,-1,1,sack_accounting
401754567,2025,8,regular,Florida State,Stanford,away,raw,rush_yards,133,136.0,3.0,3.0,sack_accounting
401762868,2025,14,regular,Massachusetts,Bowling Green,home,raw,total_plays,64,63,-1,1,fumble_or_safety_swallows_scrimmage_type
401762868,2025,14,regular,Massachusetts,Bowling Green,home,raw,total_yards,292,290.0,-2.0,2.0,fumble_or_safety_swallows_scrimmage_type
401762868,2025,14,regular,Massachusetts,Bowling Green,home,raw,rush_attempts,29,28,-1,1,fumble_or_safety_swallows_scrimmage_type
401762868,2025,14,regular,Massachusetts,Bowling Green,home,raw,rush_yards,69,67.0,-2.0,2.0,fumble_or_safety_swallows_scrimmage_type
401762868,2025,14,regular,Bowling Green,Massachusetts,away,raw,total_plays,57,56,-1,1,fumble_or_safety_swallows_scrimmage_type
401762868,2025,14,regular,Bowling Green,Massachusetts,away,raw,total_yards,406,396.0,-10.0,10.0,fumble_or_safety_swallows_scrimmage_type
401762868,2025,14,regular,Bowling Green,Massachusetts,away,raw,pass_attempts,9,8,-1,1,fumble_or_safety_swallows_scrimmage_type
401762868,2025,14,regular,Bowling Green,Massachusetts,away,raw,completions,7,6,-1,1,kneel_accounting
401762868,2025,14,regular,Bowling Green,Massachusetts,away,raw,net_pass_yards,128,118.0,-10.0,10.0,fumble_or_safety_swallows_scrimmage_type
401762869,2025,14,regular,Eastern Michigan,Western Michigan,home,raw,total_plays,64,61,-3,3,fumble_or_safety_swallows_scrimmage_type
401762869,2025,14,regular,Eastern Michigan,Western Michigan,home,raw,total_yards,461,474.0,13.0,13.0,fumble_or_safety_swallows_scrimmage_type
401762869,2025,14,regular,Eastern Michigan,Western Michigan,home,raw,pass_attempts,41,39,-2,2,fumble_or_safety_swallows_scrimmage_type
401762869,2025,14,regular,Eastern Michigan,Western Michigan,home,raw,rush_attempts,23,22,-1,1,fumble_or_safety_swallows_scrimmage_type
401762869,2025,14,regular,Eastern Michigan,Western Michigan,home,raw,rush_yards,134,147.0,13.0,13.0,fumble_or_safety_swallows_scrimmage_type
401762869,2025,14,regular,Eastern Michigan,Western Michigan,home,raw,turnovers,5,2,-3,3,kneel_accounting
401762869,2025,14,regular,Eastern Michigan,Western Michigan,home,raw,interceptions,3,1,-2,2,kneel_accounting
401762869,2025,14,regular,Eastern Michigan,Western Michigan,home,raw,fumbles_lost,2,1,-1,1,kneel_accounting
401762869,2025,14,regular,Eastern Michigan,Western Michigan,home,raw,third_down_attempts,12,9,-3,3,kneel_accounting
401762869,2025,14,regular,Western Michigan,Eastern Michigan,away,raw,total_plays,64,63,-1,1,fumble_or_safety_swallows_scrimmage_type
401762869,2025,14,regular,Western Michigan,Eastern Michigan,away,raw,total_yards,378,368.0,-10.0,10.0,fumble_or_safety_swallows_scrimmage_type
401762869,2025,14,regular,Western Michigan,Eastern Michigan,away,raw,pass_attempts,15,14,-1,1,fumble_or_safety_swallows_scrimmage_type
401762869,2025,14,regular,Western Michigan,Eastern Michigan,away,raw,completions,7,6,-1,1,kneel_accounting
401762869,2025,14,regular,Western Michigan,Eastern Michigan,away,raw,net_pass_yards,100,90.0,-10.0,10.0,fumble_or_safety_swallows_scrimmage_type
401762516,2025,14,regular,Memphis,Navy,home,raw,total_yards,288,292.0,4.0,4.0,fumble_or_safety_swallows_scrimmage_type
401762516,2025,14,regular,Memphis,Navy,home,raw,rush_yards,116,120.0,4.0,4.0,fumble_or_safety_swallows_scrimmage_type
401762516,2025,14,regular,Navy,Memphis,away,raw,total_plays,69,65,-4,4,fumble_or_safety_swallows_scrimmage_type
401762516,2025,14,regular,Navy,Memphis,away,raw,total_yards,300,311.0,11.0,11.0,fumble_or_safety_swallows_scrimmage_type
401762516,2025,14,regular,Navy,Memphis,away,raw,rush_attempts,60,56,-4,4,fumble_or_safety_swallows_scrimmage_type
401762516,2025,14,regular,Navy,Memphis,away,raw,rush_yards,200,211.0,11.0,11.0,fumble_or_safety_swallows_scrimmage_type
401762516,2025,14,regular,Navy,Memphis,away,raw,turnovers,1,0,-1,1,kneel_accounting
401762516,2025,14,regular,Navy,Memphis,away,raw,fumbles_lost,1,0,-1,1,kneel_accounting
401762516,2025,14,regular,Navy,Memphis,away,raw,third_down_attempts,15,13,-2,2,kneel_accounting
401762871,2025,14,regular,Northern Illinois,Kent State,home,raw,total_plays,68,67,-1,1,fumble_or_safety_swallows_scrimmage_type
401762871,2025,14,regular,Northern Illinois,Kent State,home,raw,rush_attempts,58,57,-1,1,fumble_or_safety_swallows_scrimmage_type
401762871,2025,14,regular,Kent State,Northern Illinois,away,raw,total_plays,58,56,-2,2,fumble_or_safety_swallows_scrimmage_type
401762871,2025,14,regular,Kent State,Northern Illinois,away,raw,total_yards,438,422.0,-16.0,16.0,fumble_or_safety_swallows_scrimmage_type
401762871,2025,14,regular,Kent State,Northern Illinois,away,raw,pass_attempts,22,21,-1,1,fumble_or_safety_swallows_scrimmage_type
401762871,2025,14,regular,Kent State,Northern Illinois,away,raw,completions,11,10,-1,1,kneel_accounting
401762871,2025,14,regular,Kent State,Northern Illinois,away,raw,net_pass_yards,207,192.0,-15.0,15.0,fumble_or_safety_swallows_scrimmage_type
401762871,2025,14,regular,Kent State,Northern Illinois,away,raw,rush_attempts,36,35,-1,1,fumble_or_safety_swallows_scrimmage_type
401762871,2025,14,regular,Kent State,Northern Illinois,away,raw,rush_yards,231,230.0,-1.0,1.0,fumble_or_safety_swallows_scrimmage_type
401762871,2025,14,regular,Kent State,Northern Illinois,away,raw,turnovers,2,1,-1,1,kneel_accounting
401762871,2025,14,regular,Kent State,Northern Illinois,away,raw,fumbles_lost,1,0,-1,1,kneel_accounting
401762871,2025,14,regular,Kent State,Northern Illinois,away,raw,third_down_attempts,9,8,-1,1,kneel_accounting
401762870,2025,14,regular,Buffalo,Ohio,home,raw,total_plays,60,58,-2,2,fumble_or_safety_swallows_scrimmage_type
401762870,2025,14,regular,Buffalo,Ohio,home,raw,total_yards,370,373.0,3.0,3.0,fumble_or_safety_swallows_scrimmage_type
401762870,2025,14,regular,Buffalo,Ohio,home,raw,pass_attempts,28,27,-1,1,fumble_or_safety_swallows_scrimmage_type
401762870,2025,14,regular,Buffalo,Ohio,home,raw,rush_attempts,32,31,-1,1,fumble_or_safety_swallows_scrimmage_type
401762870,2025,14,regular,Buffalo,Ohio,home,raw,rush_yards,100,103.0,3.0,3.0,fumble_or_safety_swallows_scrimmage_type
401762870,2025,14,regular,Buffalo,Ohio,home,raw,third_down_attempts,12,11,-1,1,spike_accounting
401762870,2025,14,regular,Ohio,Buffalo,away,raw,total_plays,77,75,-2,2,fumble_or_safety_swallows_scrimmage_type
401762870,2025,14,regular,Ohio,Buffalo,away,raw,total_yards,506,481.0,-25.0,25.0,fumble_or_safety_swallows_scrimmage_type
401762870,2025,14,regular,Ohio,Buffalo,away,raw,net_pass_yards,147,143.0,-4.0,4.0,fumble_or_safety_swallows_scrimmage_type
401762870,2025,14,regular,Ohio,Buffalo,away,raw,rush_attempts,54,52,-2,2,fumble_or_safety_swallows_scrimmage_type
401762870,2025,14,regular,Ohio,Buffalo,away,raw,rush_yards,359,338.0,-21.0,21.0,fumble_or_safety_swallows_scrimmage_type
401762870,2025,14,regular,Ohio,Buffalo,away,raw,turnovers,3,2,-1,1,spike_accounting
401762870,2025,14,regular,Ohio,Buffalo,away,raw,fumbles_lost,2,1,-1,1,spike_accounting
401762870,2025,14,regular,Ohio,Buffalo,away,raw,third_down_attempts,17,15,-2,2,spike_accounting
401756964,2025,14,regular,Kansas,Utah,home,raw,total_plays,78,76,-2,2,fumble_or_safety_swallows_scrimmage_type
401756964,2025,14,regular,Kansas,Utah,home,raw,total_yards,477,481.0,4.0,4.0,fumble_or_safety_swallows_scrimmage_type
401756964,2025,14,regular,Kansas,Utah,home,raw,pass_attempts,27,25,-2,2,fumble_or_safety_swallows_scrimmage_type
401756964,2025,14,regular,Kansas,Utah,home,raw,rush_yards,290,294.0,4.0,4.0,fumble_or_safety_swallows_scrimmage_type
401756964,2025,14,regular,Kansas,Utah,home,raw,third_down_attempts,15,13,-2,2,kneel_accounting
401756964,2025,14,regular,Utah,Kansas,away,raw,total_plays,56,54,-2,2,fumble_or_safety_swallows_scrimmage_type
401756964,2025,14,regular,Utah,Kansas,away,raw,total_yards,414,416.0,2.0,2.0,fumble_or_safety_swallows_scrimmage_type
401756964,2025,14,regular,Utah,Kansas,away,raw,rush_attempts,31,29,-2,2,fumble_or_safety_swallows_scrimmage_type
401756964,2025,14,regular,Utah,Kansas,away,raw,rush_yards,161,163.0,2.0,2.0,fumble_or_safety_swallows_scrimmage_type
401756964,2025,14,regular,Utah,Kansas,away,raw,turnovers,1,0,-1,1,kneel_accounting
401756964,2025,14,regular,Utah,Kansas,away,raw,fumbles_lost,1,0,-1,1,kneel_accounting
401756964,2025,14,regular,Utah,Kansas,away,raw,third_down_attempts,13,12,-1,1,kneel_accounting
401752788,2025,14,regular,Mississippi State,Ole Miss,home,raw,total_plays,74,72,-2,2,fumble_or_safety_swallows_scrimmage_type
401752788,2025,14,regular,Mississippi State,Ole Miss,home,raw,total_yards,440,447.0,7.0,7.0,fumble_or_safety_swallows_scrimmage_type
401752788,2025,14,regular,Mississippi State,Ole Miss,home,raw,pass_attempts,31,30,-1,1,fumble_or_safety_swallows_scrimmage_type
401752788,2025,14,regular,Mississippi State,Ole Miss,home,raw,rush_attempts,43,42,-1,1,fumble_or_safety_swallows_scrimmage_type
401752788,2025,14,regular,Mississippi State,Ole Miss,home,raw,rush_yards,262,269.0,7.0,7.0,fumble_or_safety_swallows_scrimmage_type
401752788,2025,14,regular,Ole Miss,Mississippi State,away,raw,total_plays,75,76,1,1,fumble_or_safety_swallows_scrimmage_type
401752788,2025,14,regular,Ole Miss,Mississippi State,away,raw,total_yards,545,549.0,4.0,4.0,fumble_or_safety_swallows_scrimmage_type
401752788,2025,14,regular,Ole Miss,Mississippi State,away,raw,pass_attempts,34,35,1,1,fumble_or_safety_swallows_scrimmage_type
401752788,2025,14,regular,Ole Miss,Mississippi State,away,raw,completions,23,24,1,1,kneel_accounting
401752788,2025,14,regular,Ole Miss,Mississippi State,away,raw,net_pass_yards,359,363.0,4.0,4.0,fumble_or_safety_swallows_scrimmage_type
401752916,2025,14,regular,Nebraska,Iowa,home,raw,total_plays,60,59,-1,1,fumble_or_safety_swallows_scrimmage_type
401752916,2025,14,regular,Nebraska,Iowa,home,raw,total_yards,300,299.0,-1.0,1.0,fumble_or_safety_swallows_scrimmage_type
401752916,2025,14,regular,Nebraska,Iowa,home,raw,rush_attempts,36,35,-1,1,fumble_or_safety_swallows_scrimmage_type
401752916,2025,14,regular,Nebraska,Iowa,home,raw,rush_yards,231,230.0,-1.0,1.0,fumble_or_safety_swallows_scrimmage_type
401752916,2025,14,regular,Nebraska,Iowa,home,raw,turnovers,1,0,-1,1,kneel_accounting
401752916,2025,14,regular,Nebraska,Iowa,home,raw,fumbles_lost,1,0,-1,1,kneel_accounting
401752916,2025,14,regular,Iowa,Nebraska,away,raw,turnovers,1,0,-1,1,kneel_accounting
401752916,2025,14,regular,Iowa,Nebraska,away,raw,fumbles_lost,1,0,-1,1,kneel_accounting
401760421,2025,14,regular,Colorado State,Air Force,home,raw,total_yards,335,337.0,2.0,2.0,sack_accounting
401760421,2025,14,regular,Colorado State,Air Force,home,raw,net_pass_yards,323,325.0,2.0,2.0,sack_accounting
401760421,2025,14,regular,Colorado State,Air Force,home,raw,third_down_attempts,8,9,1,1,no_play_penalty
401752786,2025,14,regular,Georgia,Georgia Tech,away,raw,total_plays,67,66,-1,1,sack_accounting
401752786,2025,14,regular,Georgia,Georgia Tech,away,raw,pass_attempts,21,20,-1,1,sack_accounting
401752786,2025,14,regular,Georgia,Georgia Tech,away,raw,third_down_attempts,14,13,-1,1,kneel_accounting
401760426,2025,14,regular,New Mexico,San Diego State,home,raw,total_plays,60,58,-2,2,fumble_or_safety_swallows_scrimmage_type
401760426,2025,14,regular,New Mexico,San Diego State,home,raw,total_yards,308,282.0,-26.0,26.0,fumble_or_safety_swallows_scrimmage_type
401760426,2025,14,regular,New Mexico,San Diego State,home,raw,pass_attempts,25,24,-1,1,fumble_or_safety_swallows_scrimmage_type
401760426,2025,14,regular,New Mexico,San Diego State,home,raw,completions,14,13,-1,1,no_play_penalty
401760426,2025,14,regular,New Mexico,San Diego State,home,raw,net_pass_yards,127,102.0,-25.0,25.0,fumble_or_safety_swallows_scrimmage_type
401760426,2025,14,regular,New Mexico,San Diego State,home,raw,rush_attempts,35,34,-1,1,fumble_or_safety_swallows_scrimmage_type
401760426,2025,14,regular,New Mexico,San Diego State,home,raw,rush_yards,181,180.0,-1.0,1.0,fumble_or_safety_swallows_scrimmage_type
401760426,2025,14,regular,San Diego State,New Mexico,away,raw,total_plays,66,63,-3,3,fumble_or_safety_swallows_scrimmage_type
401760426,2025,14,regular,San Diego State,New Mexico,away,raw,total_yards,355,356.0,1.0,1.0,fumble_or_safety_swallows_scrimmage_type
401760426,2025,14,regular,San Diego State,New Mexico,away,raw,pass_attempts,24,23,-1,1,fumble_or_safety_swallows_scrimmage_type
401760426,2025,14,regular,San Diego State,New Mexico,away,raw,rush_attempts,42,40,-2,2,fumble_or_safety_swallows_scrimmage_type
401760426,2025,14,regular,San Diego State,New Mexico,away,raw,rush_yards,193,194.0,1.0,1.0,fumble_or_safety_swallows_scrimmage_type
401760426,2025,14,regular,San Diego State,New Mexico,away,raw,turnovers,2,0,-2,2,no_play_penalty
401760426,2025,14,regular,San Diego State,New Mexico,away,raw,interceptions,1,0,-1,1,no_play_penalty
401760426,2025,14,regular,San Diego State,New Mexico,away,raw,fumbles_lost,1,0,-1,1,no_play_penalty
401762442,2025,14,regular,North Texas,Temple,home,raw,total_plays,64,61,-3,3,fumble_or_safety_swallows_scrimmage_type
401762442,2025,14,regular,North Texas,Temple,home,raw,total_yards,605,584.0,-21.0,21.0,fumble_or_safety_swallows_scrimmage_type
401762442,2025,14,regular,North Texas,Temple,home,raw,rush_attempts,40,37,-3,3,fumble_or_safety_swallows_scrimmage_type
401762442,2025,14,regular,North Texas,Temple,home,raw,rush_yards,239,218.0,-21.0,21.0,fumble_or_safety_swallows_scrimmage_type
401762442,2025,14,regular,North Texas,Temple,home,raw,turnovers,2,1,-1,1,kneel_accounting
401762442,2025,14,regular,North Texas,Temple,home,raw,fumbles_lost,2,1,-1,1,kneel_accounting
401762442,2025,14,regular,North Texas,Temple,home,raw,third_down_attempts,9,8,-1,1,kneel_accounting
401762442,2025,14,regular,Temple,North Texas,away,raw,total_plays,70,69,-1,1,fumble_or_safety_swallows_scrimmage_type
401762442,2025,14,regular,Temple,North Texas,away,raw,pass_attempts,33,32,-1,1,fumble_or_safety_swallows_scrimmage_type
401762442,2025,14,regular,Temple,North Texas,away,raw,third_down_attempts,15,14,-1,1,kneel_accounting
401760422,2025,14,regular,Utah State,Boise State,home,raw,total_plays,66,64,-2,2,fumble_or_safety_swallows_scrimmage_type
401760422,2025,14,regular,Utah State,Boise State,home,raw,total_yards,405,404.0,-1.0,1.0,fumble_or_safety_swallows_scrimmage_type
401760422,2025,14,regular,Utah State,Boise State,home,raw,rush_attempts,34,32,-2,2,fumble_or_safety_swallows_scrimmage_type
401760422,2025,14,regular,Utah State,Boise State,home,raw,rush_yards,221,220.0,-1.0,1.0,fumble_or_safety_swallows_scrimmage_type
401760422,2025,14,regular,Utah State,Boise State,home,raw,turnovers,1,0,-1,1,kneel_accounting
401760422,2025,14,regular,Utah State,Boise State,home,raw,fumbles_lost,1,0,-1,1,kneel_accounting
401760422,2025,14,regular,Boise State,Utah State,away,raw,total_plays,95,94,-1,1,fumble_or_safety_swallows_scrimmage_type
401760422,2025,14,regular,Boise State,Utah State,away,raw,total_yards,512,503.0,-9.0,9.0,fumble_or_safety_swallows_scrimmage_type
401760422,2025,14,regular,Boise State,Utah State,away,raw,rush_attempts,46,45,-1,1,fumble_or_safety_swallows_scrimmage_type
401760422,2025,14,regular,Boise State,Utah State,away,raw,rush_yards,171,162.0,-9.0,9.0,fumble_or_safety_swallows_scrimmage_type
401752792,2025,14,regular,Texas,Texas A&M,home,raw,total_plays,66,67,1,1,sack_accounting
401752792,2025,14,regular,Texas,Texas A&M,home,raw,total_yards,397,404.0,7.0,7.0,sack_accounting
401752792,2025,14,regular,Texas,Texas A&M,home,raw,rush_attempts,35,36,1,1,sack_accounting
401752792,2025,14,regular,Texas,Texas A&M,home,raw,rush_yards,218,225.0,7.0,7.0,sack_accounting
401752792,2025,14,regular,Texas A&M,Texas,away,raw,total_plays,66,65,-1,1,sack_accounting
401752792,2025,14,regular,Texas A&M,Texas,away,raw,pass_attempts,32,31,-1,1,sack_accounting
401752792,2025,14,regular,Texas A&M,Texas,away,raw,turnovers,2,1,-1,1,kneel_accounting
401752792,2025,14,regular,Texas A&M,Texas,away,raw,interceptions,2,1,-1,1,kneel_accounting
401752924,2025,14,regular,Purdue,Indiana,home,raw,total_plays,74,73,-1,1,fumble_or_safety_swallows_scrimmage_type
401752924,2025,14,regular,Purdue,Indiana,home,raw,total_yards,282,274.0,-8.0,8.0,fumble_or_safety_swallows_scrimmage_type
401752924,2025,14,regular,Purdue,Indiana,home,raw,rush_attempts,27,26,-1,1,fumble_or_safety_swallows_scrimmage_type
401752924,2025,14,regular,Purdue,Indiana,home,raw,rush_yards,44,36.0,-8.0,8.0,fumble_or_safety_swallows_scrimmage_type
401752924,2025,14,regular,Purdue,Indiana,home,raw,turnovers,2,1,-1,1,no_play_penalty
401752924,2025,14,regular,Purdue,Indiana,home,raw,fumbles_lost,1,0,-1,1,no_play_penalty
401752924,2025,14,regular,Purdue,Indiana,home,raw,third_down_attempts,19,18,-1,1,no_play_penalty
401756961,2025,14,regular,Arizona State,Arizona,home,raw,total_plays,52,49,-3,3,fumble_or_safety_swallows_scrimmage_type
401756961,2025,14,regular,Arizona State,Arizona,home,raw,total_yards,214,217.0,3.0,3.0,fumble_or_safety_swallows_scrimmage_type
401756961,2025,14,regular,Arizona State,Arizona,home,raw,pass_attempts,25,24,-1,1,fumble_or_safety_swallows_scrimmage_type
401756961,2025,14,regular,Arizona State,Arizona,home,raw,rush_attempts,27,25,-2,2,fumble_or_safety_swallows_scrimmage_type
401756961,2025,14,regular,Arizona State,Arizona,home,raw,rush_yards,100,103.0,3.0,3.0,fumble_or_safety_swallows_scrimmage_type
401756961,2025,14,regular,Arizona State,Arizona,home,raw,third_down_attempts,11,9,-2,2,kneel_accounting
401756961,2025,14,regular,Arizona,Arizona State,away,raw,total_plays,89,87,-2,2,fumble_or_safety_swallows_scrimmage_type
401756961,2025,14,regular,Arizona,Arizona State,away,raw,total_yards,374,375.0,1.0,1.0,fumble_or_safety_swallows_scrimmage_type
401756961,2025,14,regular,Arizona,Arizona State,away,raw,rush_attempts,44,42,-2,2,fumble_or_safety_swallows_scrimmage_type
401756961,2025,14,regular,Arizona,Arizona State,away,raw,rush_yards,88,89.0,1.0,1.0,fumble_or_safety_swallows_scrimmage_type
401756965,2025,14,regular,Colorado,Kansas State,away,raw,total_plays,72,71,-1,1,sack_accounting
401756965,2025,14,regular,Colorado,Kansas State,away,raw,pass_attempts,25,24,-1,1,sack_accounting
401756965,2025,14,regular,Colorado,Kansas State,away,raw,third_down_attempts,17,16,-1,1,kneel_accounting
401762872,2025,14,regular,Central Michigan,Toledo,home,raw,total_plays,66,65,-1,1,fumble_or_safety_swallows_scrimmage_type
401762872,2025,14,regular,Central Michigan,Toledo,home,raw,total_yards,323,234.0,-89.0,89.0,fumble_or_safety_swallows_scrimmage_type
401762872,2025,14,regular,Central Michigan,Toledo,home,raw,net_pass_yards,242,145.0,-97.0,97.0,fumble_or_safety_swallows_scrimmage_type
401762872,2025,14,regular,Central Michigan,Toledo,home,raw,rush_attempts,36,35,-1,1,fumble_or_safety_swallows_scrimmage_type
401762872,2025,14,regular,Central Michigan,Toledo,home,raw,rush_yards,81,89.0,8.0,8.0,fumble_or_safety_swallows_scrimmage_type
401762872,2025,14,regular,Toledo,Central Michigan,away,raw,total_plays,61,59,-2,2,fumble_or_safety_swallows_scrimmage_type
401762872,2025,14,regular,Toledo,Central Michigan,away,raw,total_yards,411,396.0,-15.0,15.0,fumble_or_safety_swallows_scrimmage_type
401762872,2025,14,regular,Toledo,Central Michigan,away,raw,rush_attempts,37,35,-2,2,fumble_or_safety_swallows_scrimmage_type
401762872,2025,14,regular,Toledo,Central Michigan,away,raw,rush_yards,205,190.0,-15.0,15.0,fumble_or_safety_swallows_scrimmage_type
401754611,2025,14,regular,Pittsburgh,Miami,home,raw,total_plays,54,52,-2,2,fumble_or_safety_swallows_scrimmage_type
401754611,2025,14,regular,Pittsburgh,Miami,home,raw,total_yards,229,235.0,6.0,6.0,fumble_or_safety_swallows_scrimmage_type
401754611,2025,14,regular,Pittsburgh,Miami,home,raw,pass_attempts,33,32,-1,1,fumble_or_safety_swallows_scrimmage_type
401754611,2025,14,regular,Pittsburgh,Miami,home,raw,completions,22,21,-1,1,kneel_accounting
401754611,2025,14,regular,Pittsburgh,Miami,home,raw,net_pass_yards,199,197.0,-2.0,2.0,fumble_or_safety_swallows_scrimmage_type
401754611,2025,14,regular,Pittsburgh,Miami,home,raw,rush_attempts,21,20,-1,1,fumble_or_safety_swallows_scrimmage_type
401754611,2025,14,regular,Pittsburgh,Miami,home,raw,rush_yards,30,38.0,8.0,8.0,fumble_or_safety_swallows_scrimmage_type
401754611,2025,14,regular,Miami,Pittsburgh,away,raw,total_yards,416,424.0,8.0,8.0,fumble_or_safety_swallows_scrimmage_type
401754611,2025,14,regular,Miami,Pittsburgh,away,raw,net_pass_yards,276,284.0,8.0,8.0,fumble_or_safety_swallows_scrimmage_type
401754611,2025,14,regular,Miami,Pittsburgh,away,raw,third_down_conversions,5,4,-1,1,kneel_accounting
401762875,2025,14,regular,Miami (OH),Ball State,home,raw,total_plays,66,63,-3,3,fumble_or_safety_swallows_scrimmage_type
401762875,2025,14,regular,Miami (OH),Ball State,home,raw,total_yards,458,466.0,8.0,8.0,fumble_or_safety_swallows_scrimmage_type
401762875,2025,14,regular,Miami (OH),Ball State,home,raw,rush_attempts,42,39,-3,3,fumble_or_safety_swallows_scrimmage_type
401762875,2025,14,regular,Miami (OH),Ball State,home,raw,rush_yards,232,240.0,8.0,8.0,fumble_or_safety_swallows_scrimmage_type
401762875,2025,14,regular,Ball State,Miami (OH),away,raw,total_plays,59,54,-5,5,fumble_or_safety_swallows_scrimmage_type
401762875,2025,14,regular,Ball State,Miami (OH),away,raw,total_yards,280,270.0,-10.0,10.0,fumble_or_safety_swallows_scrimmage_type
401762875,2025,14,regular,Ball State,Miami (OH),away,raw,rush_attempts,36,31,-5,5,fumble_or_safety_swallows_scrimmage_type
401762875,2025,14,regular,Ball State,Miami (OH),away,raw,rush_yards,103,93.0,-10.0,10.0,fumble_or_safety_swallows_scrimmage_type
401762875,2025,14,regular,Ball State,Miami (OH),away,raw,third_down_attempts,13,12,-1,1,kneel_accounting
401752790,2025,14,regular,South Carolina,Clemson,home,raw,total_plays,61,58,-3,3,fumble_or_safety_swallows_scrimmage_type
401752790,2025,14,regular,South Carolina,Clemson,home,raw,total_yards,422,383.0,-39.0,39.0,fumble_or_safety_swallows_scrimmage_type
401752790,2025,14,regular,South Carolina,Clemson,home,raw,pass_attempts,42,39,-3,3,fumble_or_safety_swallows_scrimmage_type
401752790,2025,14,regular,South Carolina,Clemson,home,raw,completions,23,21,-2,2,no_play_penalty
401752790,2025,14,regular,South Carolina,Clemson,home,raw,net_pass_yards,381,337.0,-44.0,44.0,fumble_or_safety_swallows_scrimmage_type
401752790,2025,14,regular,South Carolina,Clemson,home,raw,rush_yards,41,46.0,5.0,5.0,fumble_or_safety_swallows_scrimmage_type
401752790,2025,14,regular,South Carolina,Clemson,home,raw,turnovers,4,3,-1,1,no_play_penalty
401752790,2025,14,regular,South Carolina,Clemson,home,raw,interceptions,2,1,-1,1,no_play_penalty
401752790,2025,14,regular,South Carolina,Clemson,home,raw,third_down_attempts,11,10,-1,1,no_play_penalty
401752787,2025,14,regular,Louisville,Kentucky,home,raw,total_plays,71,67,-4,4,fumble_or_safety_swallows_scrimmage_type
401752787,2025,14,regular,Louisville,Kentucky,home,raw,total_yards,440,431.0,-9.0,9.0,fumble_or_safety_swallows_scrimmage_type
401752787,2025,14,regular,Louisville,Kentucky,home,raw,rush_attempts,50,46,-4,4,fumble_or_safety_swallows_scrimmage_type
401752787,2025,14,regular,Louisville,Kentucky,home,raw,rush_yards,258,249.0,-9.0,9.0,fumble_or_safety_swallows_scrimmage_type
401752787,2025,14,regular,Kentucky,Louisville,away,raw,total_yards,140,137.0,-3.0,3.0,fumble_or_safety_swallows_scrimmage_type
401752787,2025,14,regular,Kentucky,Louisville,away,raw,completions,13,14,1,1,spike_accounting
401752787,2025,14,regular,Kentucky,Louisville,away,raw,net_pass_yards,100,97.0,-3.0,3.0,fumble_or_safety_swallows_scrimmage_type
401752787,2025,14,regular,Kentucky,Louisville,away,raw,turnovers,2,0,-2,2,spike_accounting
401752787,2025,14,regular,Kentucky,Louisville,away,raw,interceptions,2,0,-2,2,spike_accounting
401752787,2025,14,regular,Kentucky,Louisville,away,raw,third_down_attempts,13,14,1,1,spike_accounting
401756962,2025,14,regular,Baylor,Houston,home,raw,total_plays,72,71,-1,1,fumble_or_safety_swallows_scrimmage_type
401756962,2025,14,regular,Baylor,Houston,home,raw,total_yards,421,425.0,4.0,4.0,fumble_or_safety_swallows_scrimmage_type
401756962,2025,14,regular,Baylor,Houston,home,raw,rush_attempts,26,25,-1,1,fumble_or_safety_swallows_scrimmage_type
401756962,2025,14,regular,Baylor,Houston,home,raw,rush_yards,112,116.0,4.0,4.0,fumble_or_safety_swallows_scrimmage_type
401756962,2025,14,regular,Baylor,Houston,home,raw,turnovers,2,1,-1,1,kneel_accounting
401756962,2025,14,regular,Baylor,Houston,home,raw,fumbles_lost,1,0,-1,1,kneel_accounting
401756962,2025,14,regular,Houston,Baylor,away,raw,total_plays,79,72,-7,7,fumble_or_safety_swallows_scrimmage_type
401756962,2025,14,regular,Houston,Baylor,away,raw,total_yards,417,363.0,-54.0,54.0,fumble_or_safety_swallows_scrimmage_type
401756962,2025,14,regular,Houston,Baylor,away,raw,pass_attempts,31,26,-5,5,fumble_or_safety_swallows_scrimmage_type
401756962,2025,14,regular,Houston,Baylor,away,raw,completions,21,18,-3,3,kneel_accounting
401756962,2025,14,regular,Houston,Baylor,away,raw,net_pass_yards,201,173.0,-28.0,28.0,fumble_or_safety_swallows_scrimmage_type
401756962,2025,14,regular,Houston,Baylor,away,raw,rush_attempts,48,46,-2,2,fumble_or_safety_swallows_scrimmage_type
401756962,2025,14,regular,Houston,Baylor,away,raw,rush_yards,216,190.0,-26.0,26.0,fumble_or_safety_swallows_scrimmage_type
401756962,2025,14,regular,Houston,Baylor,away,raw,third_down_attempts,14,13,-1,1,kneel_accounting
401756962,2025,14,regular,Houston,Baylor,away,raw,third_down_conversions,5,4,-1,1,kneel_accounting
401762519,2025,14,regular,Florida Atlantic,East Carolina,home,raw,total_plays,73,68,-5,5,fumble_or_safety_swallows_scrimmage_type
401762519,2025,14,regular,Florida Atlantic,East Carolina,home,raw,total_yards,338,339.0,1.0,1.0,fumble_or_safety_swallows_scrimmage_type
401762519,2025,14,regular,Florida Atlantic,East Carolina,home,raw,pass_attempts,51,47,-4,4,fumble_or_safety_swallows_scrimmage_type
401762519,2025,14,regular,Florida Atlantic,East Carolina,home,raw,completions,31,30,-1,1,kneel_accounting
401762519,2025,14,regular,Florida Atlantic,East Carolina,home,raw,net_pass_yards,299,297.0,-2.0,2.0,fumble_or_safety_swallows_scrimmage_type
401762519,2025,14,regular,Florida Atlantic,East Carolina,home,raw,rush_attempts,22,21,-1,1,fumble_or_safety_swallows_scrimmage_type
401762519,2025,14,regular,Florida Atlantic,East Carolina,home,raw,rush_yards,39,42.0,3.0,3.0,fumble_or_safety_swallows_scrimmage_type
401762519,2025,14,regular,Florida Atlantic,East Carolina,home,raw,turnovers,5,2,-3,3,kneel_accounting
401762519,2025,14,regular,Florida Atlantic,East Carolina,home,raw,interceptions,3,2,-1,1,kneel_accounting
401762519,2025,14,regular,Florida Atlantic,East Carolina,home,raw,fumbles_lost,2,0,-2,2,kneel_accounting
401762519,2025,14,regular,Florida Atlantic,East Carolina,home,raw,third_down_attempts,15,14,-1,1,kneel_accounting
401762519,2025,14,regular,Florida Atlantic,East Carolina,home,raw,third_down_conversions,3,4,1,1,kneel_accounting
401762519,2025,14,regular,East Carolina,Florida Atlantic,away,raw,total_plays,86,85,-1,1,fumble_or_safety_swallows_scrimmage_type
401762519,2025,14,regular,East Carolina,Florida Atlantic,away,raw,total_yards,524,518.0,-6.0,6.0,fumble_or_safety_swallows_scrimmage_type
401762519,2025,14,regular,East Carolina,Florida Atlantic,away,raw,rush_attempts,56,55,-1,1,fumble_or_safety_swallows_scrimmage_type
401762519,2025,14,regular,East Carolina,Florida Atlantic,away,raw,rush_yards,266,260.0,-6.0,6.0,fumble_or_safety_swallows_scrimmage_type
401762519,2025,14,regular,East Carolina,Florida Atlantic,away,raw,turnovers,1,0,-1,1,kneel_accounting
401762519,2025,14,regular,East Carolina,Florida Atlantic,away,raw,fumbles_lost,1,0,-1,1,kneel_accounting
401762519,2025,14,regular,East Carolina,Florida Atlantic,away,raw,third_down_attempts,17,18,1,1,kneel_accounting
401762519,2025,14,regular,East Carolina,Florida Atlantic,away,raw,third_down_conversions,12,13,1,1,kneel_accounting
401752921,2025,14,regular,Michigan,Ohio State,home,raw,total_plays,42,41,-1,1,sack_accounting
401752921,2025,14,regular,Michigan,Ohio State,home,raw,pass_attempts,18,17,-1,1,sack_accounting
401752921,2025,14,regular,Michigan,Ohio State,home,raw,turnovers,1,0,-1,1,kneel_accounting
401752921,2025,14,regular,Michigan,Ohio State,home,raw,interceptions,1,0,-1,1,kneel_accounting
401752921,2025,14,regular,Michigan,Ohio State,home,raw,fourth_down_attempts,1,0,-1,1,kneel_accounting
401752921,2025,14,regular,Ohio State,Michigan,away,raw,total_plays,73,72,-1,1,sack_accounting
401752921,2025,14,regular,Ohio State,Michigan,away,raw,pass_attempts,26,25,-1,1,sack_accounting
401752921,2025,14,regular,Ohio State,Michigan,away,raw,third_down_conversions,10,12,2,2,kneel_accounting
401756968,2025,14,regular,West Virginia,Texas Tech,home,raw,total_plays,54,52,-2,2,fumble_or_safety_swallows_scrimmage_type
401756968,2025,14,regular,West Virginia,Texas Tech,home,raw,total_yards,180,181.0,1.0,1.0,fumble_or_safety_swallows_scrimmage_type
401756968,2025,14,regular,West Virginia,Texas Tech,home,raw,pass_attempts,32,31,-1,1,fumble_or_safety_swallows_scrimmage_type
401756968,2025,14,regular,West Virginia,Texas Tech,home,raw,rush_attempts,22,21,-1,1,fumble_or_safety_swallows_scrimmage_type
401756968,2025,14,regular,West Virginia,Texas Tech,home,raw,rush_yards,37,38.0,1.0,1.0,fumble_or_safety_swallows_scrimmage_type
401756968,2025,14,regular,West Virginia,Texas Tech,home,raw,turnovers,2,0,-2,2,kneel_accounting
401756968,2025,14,regular,West Virginia,Texas Tech,home,raw,interceptions,2,0,-2,2,kneel_accounting
401756968,2025,14,regular,West Virginia,Texas Tech,home,raw,third_down_attempts,13,11,-2,2,kneel_accounting
401756968,2025,14,regular,Texas Tech,West Virginia,away,raw,total_plays,94,93,-1,1,fumble_or_safety_swallows_scrimmage_type
401756968,2025,14,regular,Texas Tech,West Virginia,away,raw,total_yards,572,588.0,16.0,16.0,fumble_or_safety_swallows_scrimmage_type
401756968,2025,14,regular,Texas Tech,West Virginia,away,raw,rush_attempts,54,53,-1,1,fumble_or_safety_swallows_scrimmage_type
401756968,2025,14,regular,Texas Tech,West Virginia,away,raw,rush_yards,188,204.0,16.0,16.0,fumble_or_safety_swallows_scrimmage_type
401756968,2025,14,regular,Texas Tech,West Virginia,away,raw,turnovers,2,0,-2,2,kneel_accounting
401756968,2025,14,regular,Texas Tech,West Virginia,away,raw,interceptions,1,0,-1,1,kneel_accounting
401756968,2025,14,regular,Texas Tech,West Virginia,away,raw,fumbles_lost,1,0,-1,1,kneel_accounting
401756966,2025,14,regular,Oklahoma State,Iowa State,home,raw,total_plays,57,53,-4,4,fumble_or_safety_swallows_scrimmage_type
401756966,2025,14,regular,Oklahoma State,Iowa State,home,raw,total_yards,229,244.0,15.0,15.0,fumble_or_safety_swallows_scrimmage_type
401756966,2025,14,regular,Oklahoma State,Iowa State,home,raw,pass_attempts,34,33,-1,1,fumble_or_safety_swallows_scrimmage_type
401756966,2025,14,regular,Oklahoma State,Iowa State,home,raw,completions,23,22,-1,1,no_play_penalty
401756966,2025,14,regular,Oklahoma State,Iowa State,home,raw,net_pass_yards,202,199.0,-3.0,3.0,fumble_or_safety_swallows_scrimmage_type
401756966,2025,14,regular,Oklahoma State,Iowa State,home,raw,rush_attempts,23,20,-3,3,fumble_or_safety_swallows_scrimmage_type
401756966,2025,14,regular,Oklahoma State,Iowa State,home,raw,rush_yards,27,45.0,18.0,18.0,fumble_or_safety_swallows_scrimmage_type
401756966,2025,14,regular,Oklahoma State,Iowa State,home,raw,turnovers,2,1,-1,1,no_play_penalty
401756966,2025,14,regular,Oklahoma State,Iowa State,home,raw,interceptions,1,0,-1,1,no_play_penalty
401756966,2025,14,regular,Oklahoma State,Iowa State,home,raw,third_down_attempts,13,12,-1,1,no_play_penalty
401756966,2025,14,regular,Iowa State,Oklahoma State,away,raw,total_plays,66,59,-7,7,fumble_or_safety_swallows_scrimmage_type
401756966,2025,14,regular,Iowa State,Oklahoma State,away,raw,total_yards,344,307.0,-37.0,37.0,fumble_or_safety_swallows_scrimmage_type
401756966,2025,14,regular,Iowa State,Oklahoma State,away,raw,pass_attempts,18,16,-2,2,fumble_or_safety_swallows_scrimmage_type
401756966,2025,14,regular,Iowa State,Oklahoma State,away,raw,completions,9,7,-2,2,no_play_penalty
401756966,2025,14,regular,Iowa State,Oklahoma State,away,raw,net_pass_yards,113,89.0,-24.0,24.0,fumble_or_safety_swallows_scrimmage_type
401756966,2025,14,regular,Iowa State,Oklahoma State,away,raw,rush_attempts,48,43,-5,5,fumble_or_safety_swallows_scrimmage_type
401756966,2025,14,regular,Iowa State,Oklahoma State,away,raw,rush_yards,231,218.0,-13.0,13.0,fumble_or_safety_swallows_scrimmage_type
401756966,2025,14,regular,Iowa State,Oklahoma State,away,raw,turnovers,1,0,-1,1,no_play_penalty
401756966,2025,14,regular,Iowa State,Oklahoma State,away,raw,fumbles_lost,1,0,-1,1,no_play_penalty
401756966,2025,14,regular,Iowa State,Oklahoma State,away,raw,third_down_attempts,14,13,-1,1,no_play_penalty
401756966,2025,14,regular,Iowa State,Oklahoma State,away,raw,fourth_down_attempts,2,1,-1,1,no_play_penalty
401756966,2025,14,regular,Iowa State,Oklahoma State,away,raw,fourth_down_conversions,2,1,-1,1,no_play_penalty
401757311,2025,14,regular,Sam Houston,Florida International,home,raw,total_plays,71,67,-4,4,fumble_or_safety_swallows_scrimmage_type
401757311,2025,14,regular,Sam Houston,Florida International,home,raw,total_yards,359,363.0,4.0,4.0,fumble_or_safety_swallows_scrimmage_type
401757311,2025,14,regular,Sam Houston,Florida International,home,raw,pass_attempts,33,31,-2,2,fumble_or_safety_swallows_scrimmage_type
401757311,2025,14,regular,Sam Houston,Florida International,home,raw,rush_attempts,38,36,-2,2,fumble_or_safety_swallows_scrimmage_type
401757311,2025,14,regular,Sam Houston,Florida International,home,raw,rush_yards,196,200.0,4.0,4.0,fumble_or_safety_swallows_scrimmage_type
401757311,2025,14,regular,Sam Houston,Florida International,home,raw,turnovers,4,2,-2,2,no_play_penalty
401757311,2025,14,regular,Sam Houston,Florida International,home,raw,fumbles_lost,2,0,-2,2,no_play_penalty
401757311,2025,14,regular,Florida International,Sam Houston,away,raw,total_plays,64,62,-2,2,fumble_or_safety_swallows_scrimmage_type
401757311,2025,14,regular,Florida International,Sam Houston,away,raw,total_yards,594,562.0,-32.0,32.0,fumble_or_safety_swallows_scrimmage_type
401757311,2025,14,regular,Florida International,Sam Houston,away,raw,pass_attempts,24,22,-2,2,fumble_or_safety_swallows_scrimmage_type
401757311,2025,14,regular,Florida International,Sam Houston,away,raw,completions,15,14,-1,1,no_play_penalty
401757311,2025,14,regular,Florida International,Sam Houston,away,raw,net_pass_yards,291,256.0,-35.0,35.0,fumble_or_safety_swallows_scrimmage_type
401757311,2025,14,regular,Florida International,Sam Houston,away,raw,rush_yards,303,306.0,3.0,3.0,fumble_or_safety_swallows_scrimmage_type
401757311,2025,14,regular,Florida International,Sam Houston,away,raw,turnovers,1,0,-1,1,no_play_penalty
401757311,2025,14,regular,Florida International,Sam Houston,away,raw,interceptions,1,0,-1,1,no_play_penalty
401757311,2025,14,regular,Florida International,Sam Houston,away,raw,third_down_attempts,12,10,-2,2,no_play_penalty
401757311,2025,14,regular,Florida International,Sam Houston,away,raw,third_down_conversions,4,3,-1,1,no_play_penalty
401757310,2025,14,regular,Delaware,UTEP,home,raw,total_yards,527,544.0,17.0,17.0,fumble_or_safety_swallows_scrimmage_type
401757310,2025,14,regular,Delaware,UTEP,home,raw,pass_attempts,37,38,1,1,fumble_or_safety_swallows_scrimmage_type
401757310,2025,14,regular,Delaware,UTEP,home,raw,net_pass_yards,311,326.0,15.0,15.0,fumble_or_safety_swallows_scrimmage_type
401757310,2025,14,regular,Delaware,UTEP,home,raw,rush_attempts,37,36,-1,1,fumble_or_safety_swallows_scrimmage_type
401757310,2025,14,regular,Delaware,UTEP,home,raw,rush_yards,216,218.0,2.0,2.0,fumble_or_safety_swallows_scrimmage_type
401757310,2025,14,regular,Delaware,UTEP,home,raw,turnovers,1,0,-1,1,kneel_accounting
401757310,2025,14,regular,Delaware,UTEP,home,raw,fumbles_lost,1,0,-1,1,kneel_accounting
401757310,2025,14,regular,Delaware,UTEP,home,raw,third_down_conversions,2,3,1,1,kneel_accounting
401757310,2025,14,regular,UTEP,Delaware,away,raw,total_plays,74,72,-2,2,fumble_or_safety_swallows_scrimmage_type
401757310,2025,14,regular,UTEP,Delaware,away,raw,total_yards,370,433.0,63.0,63.0,fumble_or_safety_swallows_scrimmage_type
401757310,2025,14,regular,UTEP,Delaware,away,raw,pass_attempts,41,40,-1,1,fumble_or_safety_swallows_scrimmage_type
401757310,2025,14,regular,UTEP,Delaware,away,raw,completions,23,24,1,1,kneel_accounting
401757310,2025,14,regular,UTEP,Delaware,away,raw,net_pass_yards,344,395.0,51.0,51.0,fumble_or_safety_swallows_scrimmage_type
401757310,2025,14,regular,UTEP,Delaware,away,raw,rush_attempts,33,32,-1,1,fumble_or_safety_swallows_scrimmage_type
401757310,2025,14,regular,UTEP,Delaware,away,raw,rush_yards,26,38.0,12.0,12.0,fumble_or_safety_swallows_scrimmage_type
401757310,2025,14,regular,UTEP,Delaware,away,raw,turnovers,6,3,-3,3,kneel_accounting
401757310,2025,14,regular,UTEP,Delaware,away,raw,interceptions,5,2,-3,3,kneel_accounting
401757310,2025,14,regular,UTEP,Delaware,away,raw,third_down_conversions,5,6,1,1,kneel_accounting
401757310,2025,14,regular,UTEP,Delaware,away,raw,fourth_down_attempts,4,3,-1,1,kneel_accounting
401756963,2025,14,regular,BYU,UCF,home,raw,total_plays,65,64,-1,1,fumble_or_safety_swallows_scrimmage_type
401756963,2025,14,regular,BYU,UCF,home,raw,total_yards,407,417.0,10.0,10.0,fumble_or_safety_swallows_scrimmage_type
401756963,2025,14,regular,BYU,UCF,home,raw,rush_attempts,40,39,-1,1,fumble_or_safety_swallows_scrimmage_type
401756963,2025,14,regular,BYU,UCF,home,raw,rush_yards,118,128.0,10.0,10.0,fumble_or_safety_swallows_scrimmage_type
401756963,2025,14,regular,UCF,BYU,away,raw,total_plays,60,58,-2,2,fumble_or_safety_swallows_scrimmage_type
401756963,2025,14,regular,UCF,BYU,away,raw,total_yards,296,271.0,-25.0,25.0,fumble_or_safety_swallows_scrimmage_type
401756963,2025,14,regular,UCF,BYU,away,raw,pass_attempts,41,40,-1,1,fumble_or_safety_swallows_scrimmage_type
401756963,2025,14,regular,UCF,BYU,away,raw,completions,24,23,-1,1,kneel_accounting
401756963,2025,14,regular,UCF,BYU,away,raw,net_pass_yards,254,226.0,-28.0,28.0,fumble_or_safety_swallows_scrimmage_type
401756963,2025,14,regular,UCF,BYU,away,raw,rush_attempts,19,18,-1,1,fumble_or_safety_swallows_scrimmage_type
401756963,2025,14,regular,UCF,BYU,away,raw,rush_yards,42,45.0,3.0,3.0,fumble_or_safety_swallows_scrimmage_type
401756963,2025,14,regular,UCF,BYU,away,raw,turnovers,2,1,-1,1,kneel_accounting
401756963,2025,14,regular,UCF,BYU,away,raw,fumbles_lost,1,0,-1,1,kneel_accounting
401756963,2025,14,regular,UCF,BYU,away,raw,third_down_attempts,13,12,-1,1,kneel_accounting
401756963,2025,14,regular,UCF,BYU,away,raw,third_down_conversions,6,5,-1,1,kneel_accounting
401761663,2025,14,regular,Marshall,Georgia Southern,home,raw,total_plays,51,50,-1,1,fumble_or_safety_swallows_scrimmage_type
401761663,2025,14,regular,Marshall,Georgia Southern,home,raw,pass_attempts,35,34,-1,1,fumble_or_safety_swallows_scrimmage_type
401761663,2025,14,regular,Marshall,Georgia Southern,home,raw,turnovers,1,0,-1,1,kneel_accounting
401761663,2025,14,regular,Marshall,Georgia Southern,home,raw,interceptions,1,0,-1,1,kneel_accounting
401761663,2025,14,regular,Marshall,Georgia Southern,home,raw,third_down_attempts,10,9,-1,1,kneel_accounting
401761663,2025,14,regular,Georgia Southern,Marshall,away,raw,total_plays,87,85,-2,2,fumble_or_safety_swallows_scrimmage_type
401761663,2025,14,regular,Georgia Southern,Marshall,away,raw,total_yards,528,535.0,7.0,7.0,fumble_or_safety_swallows_scrimmage_type
401761663,2025,14,regular,Georgia Southern,Marshall,away,raw,rush_attempts,48,46,-2,2,fumble_or_safety_swallows_scrimmage_type
401761663,2025,14,regular,Georgia Southern,Marshall,away,raw,rush_yards,173,180.0,7.0,7.0,fumble_or_safety_swallows_scrimmage_type
401757314,2025,14,regular,Missouri State,Louisiana Tech,home,raw,total_plays,58,57,-1,1,fumble_or_safety_swallows_scrimmage_type
401757314,2025,14,regular,Missouri State,Louisiana Tech,home,raw,total_yards,416,405.0,-11.0,11.0,fumble_or_safety_swallows_scrimmage_type
401757314,2025,14,regular,Missouri State,Louisiana Tech,home,raw,rush_attempts,27,26,-1,1,fumble_or_safety_swallows_scrimmage_type
401757314,2025,14,regular,Missouri State,Louisiana Tech,home,raw,rush_yards,122,111.0,-11.0,11.0,fumble_or_safety_swallows_scrimmage_type
401757314,2025,14,regular,Missouri State,Louisiana Tech,home,raw,turnovers,1,0,-1,1,kneel_accounting
401757314,2025,14,regular,Missouri State,Louisiana Tech,home,raw,interceptions,1,0,-1,1,kneel_accounting
401757314,2025,14,regular,Louisiana Tech,Missouri State,away,raw,total_plays,64,63,-1,1,fumble_or_safety_swallows_scrimmage_type
401757314,2025,14,regular,Louisiana Tech,Missouri State,away,raw,total_yards,475,473.0,-2.0,2.0,fumble_or_safety_swallows_scrimmage_type
401757314,2025,14,regular,Louisiana Tech,Missouri State,away,raw,rush_attempts,51,50,-1,1,fumble_or_safety_swallows_scrimmage_type
401757314,2025,14,regular,Louisiana Tech,Missouri State,away,raw,rush_yards,388,386.0,-2.0,2.0,fumble_or_safety_swallows_scrimmage_type
401757314,2025,14,regular,Louisiana Tech,Missouri State,away,raw,third_down_attempts,13,14,1,1,kneel_accounting
401761664,2025,14,regular,Old Dominion,Georgia State,home,raw,total_plays,76,73,-3,3,fumble_or_safety_swallows_scrimmage_type
401761664,2025,14,regular,Old Dominion,Georgia State,home,raw,total_yards,409,399.0,-10.0,10.0,fumble_or_safety_swallows_scrimmage_type
401761664,2025,14,regular,Old Dominion,Georgia State,home,raw,pass_attempts,22,21,-1,1,fumble_or_safety_swallows_scrimmage_type
401761664,2025,14,regular,Old Dominion,Georgia State,home,raw,rush_attempts,54,52,-2,2,fumble_or_safety_swallows_scrimmage_type
401761664,2025,14,regular,Old Dominion,Georgia State,home,raw,rush_yards,303,293.0,-10.0,10.0,fumble_or_safety_swallows_scrimmage_type
401761664,2025,14,regular,Old Dominion,Georgia State,home,raw,turnovers,2,0,-2,2,kneel_accounting
401761664,2025,14,regular,Old Dominion,Georgia State,home,raw,interceptions,1,0,-1,1,kneel_accounting
401761664,2025,14,regular,Old Dominion,Georgia State,home,raw,fumbles_lost,1,0,-1,1,kneel_accounting
401761664,2025,14,regular,Old Dominion,Georgia State,home,raw,third_down_attempts,15,14,-1,1,kneel_accounting
401761664,2025,14,regular,Georgia State,Old Dominion,away,raw,total_plays,67,66,-1,1,fumble_or_safety_swallows_scrimmage_type
401761664,2025,14,regular,Georgia State,Old Dominion,away,raw,pass_attempts,37,36,-1,1,fumble_or_safety_swallows_scrimmage_type
401757312,2025,14,regular,Jacksonville State,Western Kentucky,home,raw,total_plays,68,67,-1,1,fumble_or_safety_swallows_scrimmage_type
401757312,2025,14,regular,Jacksonville State,Western Kentucky,home,raw,total_yards,515,495.0,-20.0,20.0,fumble_or_safety_swallows_scrimmage_type
401757312,2025,14,regular,Jacksonville State,Western Kentucky,home,raw,rush_attempts,48,47,-1,1,fumble_or_safety_swallows_scrimmage_type
401757312,2025,14,regular,Jacksonville State,Western Kentucky,home,raw,rush_yards,293,273.0,-20.0,20.0,fumble_or_safety_swallows_scrimmage_type
401757312,2025,14,regular,Western Kentucky,Jacksonville State,away,raw,total_plays,61,59,-2,2,fumble_or_safety_swallows_scrimmage_type
401757312,2025,14,regular,Western Kentucky,Jacksonville State,away,raw,total_yards,384,374.0,-10.0,10.0,fumble_or_safety_swallows_scrimmage_type
401757312,2025,14,regular,Western Kentucky,Jacksonville State,away,raw,pass_attempts,25,23,-2,2,fumble_or_safety_swallows_scrimmage_type
401757312,2025,14,regular,Western Kentucky,Jacksonville State,away,raw,completions,17,16,-1,1,kneel_accounting
401757312,2025,14,regular,Western Kentucky,Jacksonville State,away,raw,net_pass_yards,180,170.0,-10.0,10.0,fumble_or_safety_swallows_scrimmage_type
401757312,2025,14,regular,Western Kentucky,Jacksonville State,away,raw,turnovers,2,1,-1,1,kneel_accounting
401757312,2025,14,regular,Western Kentucky,Jacksonville State,away,raw,fumbles_lost,1,0,-1,1,kneel_accounting
401761661,2025,14,regular,App State,Arkansas State,home,raw,total_yards,453,456.0,3.0,3.0,fumble_or_safety_swallows_scrimmage_type
401761661,2025,14,regular,App State,Arkansas State,home,raw,rush_yards,182,185.0,3.0,3.0,fumble_or_safety_swallows_scrimmage_type
401761661,2025,14,regular,App State,Arkansas State,home,raw,turnovers,1,0,-1,1,no_play_penalty
401761661,2025,14,regular,App State,Arkansas State,home,raw,fumbles_lost,1,0,-1,1,no_play_penalty
401761661,2025,14,regular,Arkansas State,App State,away,raw,total_plays,81,77,-4,4,fumble_or_safety_swallows_scrimmage_type
401761661,2025,14,regular,Arkansas State,App State,away,raw,total_yards,448,464.0,16.0,16.0,fumble_or_safety_swallows_scrimmage_type
401761661,2025,14,regular,Arkansas State,App State,away,raw,pass_attempts,47,46,-1,1,fumble_or_safety_swallows_scrimmage_type
401761661,2025,14,regular,Arkansas State,App State,away,raw,rush_attempts,34,31,-3,3,fumble_or_safety_swallows_scrimmage_type
401761661,2025,14,regular,Arkansas State,App State,away,raw,rush_yards,85,101.0,16.0,16.0,fumble_or_safety_swallows_scrimmage_type
401761661,2025,14,regular,Arkansas State,App State,away,raw,turnovers,3,2,-1,1,no_play_penalty
401761661,2025,14,regular,Arkansas State,App State,away,raw,fumbles_lost,2,1,-1,1,no_play_penalty
401761661,2025,14,regular,Arkansas State,App State,away,raw,third_down_attempts,17,16,-1,1,no_play_penalty
401761661,2025,14,regular,Arkansas State,App State,away,raw,fourth_down_attempts,1,0,-1,1,no_play_penalty
401762517,2025,14,regular,Tulsa,UAB,home,raw,total_plays,64,63,-1,1,fumble_or_safety_swallows_scrimmage_type
401762517,2025,14,regular,Tulsa,UAB,home,raw,pass_attempts,22,21,-1,1,fumble_or_safety_swallows_scrimmage_type
401762517,2025,14,regular,Tulsa,UAB,home,raw,turnovers,2,1,-1,1,kneel_accounting
401762517,2025,14,regular,Tulsa,UAB,home,raw,fumbles_lost,1,0,-1,1,kneel_accounting
401762517,2025,14,regular,Tulsa,UAB,home,raw,third_down_attempts,13,12,-1,1,kneel_accounting
401762517,2025,14,regular,UAB,Tulsa,away,raw,total_plays,73,71,-2,2,fumble_or_safety_swallows_scrimmage_type
401762517,2025,14,regular,UAB,Tulsa,away,raw,total_yards,395,397.0,2.0,2.0,fumble_or_safety_swallows_scrimmage_type
401762517,2025,14,regular,UAB,Tulsa,away,raw,pass_attempts,18,17,-1,1,fumble_or_safety_swallows_scrimmage_type
401762517,2025,14,regular,UAB,Tulsa,away,raw,rush_attempts,55,54,-1,1,fumble_or_safety_swallows_scrimmage_type
401762517,2025,14,regular,UAB,Tulsa,away,raw,rush_yards,229,231.0,2.0,2.0,fumble_or_safety_swallows_scrimmage_type
401757315,2025,14,regular,New Mexico State,Middle Tennessee,home,raw,total_plays,74,71,-3,3,fumble_or_safety_swallows_scrimmage_type
401757315,2025,14,regular,New Mexico State,Middle Tennessee,home,raw,total_yards,395,375.0,-20.0,20.0,fumble_or_safety_swallows_scrimmage_type
401757315,2025,14,regular,New Mexico State,Middle Tennessee,home,raw,pass_attempts,47,45,-2,2,fumble_or_safety_swallows_scrimmage_type
401757315,2025,14,regular,New Mexico State,Middle Tennessee,home,raw,rush_attempts,27,26,-1,1,fumble_or_safety_swallows_scrimmage_type
401757315,2025,14,regular,New Mexico State,Middle Tennessee,home,raw,rush_yards,84,64.0,-20.0,20.0,fumble_or_safety_swallows_scrimmage_type
401757315,2025,14,regular,New Mexico State,Middle Tennessee,home,raw,turnovers,3,2,-1,1,kneel_accounting
401757315,2025,14,regular,New Mexico State,Middle Tennessee,home,raw,interceptions,2,1,-1,1,kneel_accounting
401757315,2025,14,regular,New Mexico State,Middle Tennessee,home,raw,third_down_attempts,15,14,-1,1,kneel_accounting
401757315,2025,14,regular,Middle Tennessee,New Mexico State,away,raw,total_plays,76,73,-3,3,fumble_or_safety_swallows_scrimmage_type
401757315,2025,14,regular,Middle Tennessee,New Mexico State,away,raw,total_yards,459,426.0,-33.0,33.0,fumble_or_safety_swallows_scrimmage_type
401757315,2025,14,regular,Middle Tennessee,New Mexico State,away,raw,pass_attempts,43,41,-2,2,fumble_or_safety_swallows_scrimmage_type
401757315,2025,14,regular,Middle Tennessee,New Mexico State,away,raw,completions,24,22,-2,2,kneel_accounting
401757315,2025,14,regular,Middle Tennessee,New Mexico State,away,raw,net_pass_yards,260,234.0,-26.0,26.0,fumble_or_safety_swallows_scrimmage_type
401757315,2025,14,regular,Middle Tennessee,New Mexico State,away,raw,rush_attempts,33,32,-1,1,fumble_or_safety_swallows_scrimmage_type
401757315,2025,14,regular,Middle Tennessee,New Mexico State,away,raw,rush_yards,199,192.0,-7.0,7.0,fumble_or_safety_swallows_scrimmage_type
401757315,2025,14,regular,Middle Tennessee,New Mexico State,away,raw,third_down_attempts,18,16,-2,2,kneel_accounting
401757315,2025,14,regular,Middle Tennessee,New Mexico State,away,raw,third_down_conversions,8,7,-1,1,kneel_accounting
401761667,2025,14,regular,Texas State,South Alabama,home,raw,total_plays,70,69,-1,1,sack_accounting
401761667,2025,14,regular,Texas State,South Alabama,home,raw,total_yards,544,542.0,-2.0,2.0,sack_accounting
401761667,2025,14,regular,Texas State,South Alabama,home,raw,pass_attempts,26,25,-1,1,sack_accounting
401761667,2025,14,regular,Texas State,South Alabama,home,raw,completions,20,19,-1,1,kneel_accounting
401761667,2025,14,regular,Texas State,South Alabama,home,raw,net_pass_yards,280,278.0,-2.0,2.0,sack_accounting
401761667,2025,14,regular,Texas State,South Alabama,home,raw,turnovers,2,0,-2,2,kneel_accounting
401761667,2025,14,regular,Texas State,South Alabama,home,raw,fumbles_lost,2,0,-2,2,kneel_accounting
401761667,2025,14,regular,South Alabama,Texas State,away,raw,total_plays,70,71,1,1,sack_accounting
401761667,2025,14,regular,South Alabama,Texas State,away,raw,total_yards,364,370.0,6.0,6.0,sack_accounting
401761667,2025,14,regular,South Alabama,Texas State,away,raw,completions,20,21,1,1,kneel_accounting
401761667,2025,14,regular,South Alabama,Texas State,away,raw,net_pass_yards,156,160.0,4.0,4.0,sack_accounting
401761667,2025,14,regular,South Alabama,Texas State,away,raw,rush_attempts,38,39,1,1,sack_accounting
401761667,2025,14,regular,South Alabama,Texas State,away,raw,rush_yards,208,210.0,2.0,2.0,sack_accounting
401761667,2025,14,regular,South Alabama,Texas State,away,raw,turnovers,1,2,1,1,kneel_accounting
401761667,2025,14,regular,South Alabama,Texas State,away,raw,fumbles_lost,0,1,1,1,kneel_accounting
401754608,2025,14,regular,Syracuse,Boston College,home,raw,total_plays,59,58,-1,1,fumble_or_safety_swallows_scrimmage_type
401754608,2025,14,regular,Syracuse,Boston College,home,raw,total_yards,254,259.0,5.0,5.0,fumble_or_safety_swallows_scrimmage_type
401754608,2025,14,regular,Syracuse,Boston College,home,raw,rush_attempts,41,40,-1,1,fumble_or_safety_swallows_scrimmage_type
401754608,2025,14,regular,Syracuse,Boston College,home,raw,rush_yards,189,194.0,5.0,5.0,fumble_or_safety_swallows_scrimmage_type
401754608,2025,14,regular,Boston College,Syracuse,away,raw,third_down_attempts,12,13,1,1,kneel_accounting
401761665,2025,14,regular,UL Monroe,Louisiana,away,raw,total_plays,76,75,-1,1,fumble_or_safety_swallows_scrimmage_type
401761665,2025,14,regular,UL Monroe,Louisiana,away,raw,total_yards,516,519.0,3.0,3.0,fumble_or_safety_swallows_scrimmage_type
401761665,2025,14,regular,UL Monroe,Louisiana,away,raw,rush_attempts,43,42,-1,1,fumble_or_safety_swallows_scrimmage_type
401761665,2025,14,regular,UL Monroe,Louisiana,away,raw,rush_yards,205,208.0,3.0,3.0,fumble_or_safety_swallows_scrimmage_type
401761665,2025,14,regular,UL Monroe,Louisiana,away,raw,turnovers,2,0,-2,2,no_play_penalty
401761665,2025,14,regular,UL Monroe,Louisiana,away,raw,interceptions,1,0,-1,1,no_play_penalty
401761665,2025,14,regular,UL Monroe,Louisiana,away,raw,fumbles_lost,1,0,-1,1,no_play_penalty
401752920,2025,14,regular,Rutgers,Penn State,home,raw,total_yards,533,545.0,12.0,12.0,fumble_or_safety_swallows_scrimmage_type
401752920,2025,14,regular,Rutgers,Penn State,home,raw,pass_attempts,22,23,1,1,fumble_or_safety_swallows_scrimmage_type
401752920,2025,14,regular,Rutgers,Penn State,home,raw,rush_attempts,42,41,-1,1,fumble_or_safety_swallows_scrimmage_type
401752920,2025,14,regular,Rutgers,Penn State,home,raw,rush_yards,195,207.0,12.0,12.0,fumble_or_safety_swallows_scrimmage_type
401752920,2025,14,regular,Rutgers,Penn State,home,raw,third_down_attempts,10,11,1,1,kneel_accounting
401752920,2025,14,regular,Penn State,Rutgers,away,raw,total_plays,54,53,-1,1,fumble_or_safety_swallows_scrimmage_type
401752920,2025,14,regular,Penn State,Rutgers,away,raw,total_yards,509,466.0,-43.0,43.0,fumble_or_safety_swallows_scrimmage_type
401752920,2025,14,regular,Penn State,Rutgers,away,raw,rush_attempts,33,32,-1,1,fumble_or_safety_swallows_scrimmage_type
401752920,2025,14,regular,Penn State,Rutgers,away,raw,rush_yards,300,257.0,-43.0,43.0,fumble_or_safety_swallows_scrimmage_type
401756967,2025,14,regular,TCU,Cincinnati,home,raw,total_plays,74,73,-1,1,sack_accounting
401756967,2025,14,regular,TCU,Cincinnati,home,raw,total_yards,544,500.0,-44.0,44.0,sack_accounting
401756967,2025,14,regular,TCU,Cincinnati,home,raw,pass_attempts,22,21,-1,1,sack_accounting
401756967,2025,14,regular,TCU,Cincinnati,home,raw,completions,19,18,-1,1,no_play_penalty
401756967,2025,14,regular,TCU,Cincinnati,home,raw,net_pass_yards,306,262.0,-44.0,44.0,sack_accounting
401756967,2025,14,regular,TCU,Cincinnati,home,raw,third_down_attempts,14,13,-1,1,no_play_penalty
401756967,2025,14,regular,TCU,Cincinnati,home,raw,third_down_conversions,6,5,-1,1,no_play_penalty
401756967,2025,14,regular,Cincinnati,TCU,away,raw,turnovers,1,0,-1,1,no_play_penalty
401756967,2025,14,regular,Cincinnati,TCU,away,raw,fumbles_lost,1,0,-1,1,no_play_penalty
401757313,2025,14,regular,Liberty,Kennesaw State,home,raw,total_plays,79,77,-2,2,fumble_or_safety_swallows_scrimmage_type
401757313,2025,14,regular,Liberty,Kennesaw State,home,raw,total_yards,503,530.0,27.0,27.0,fumble_or_safety_swallows_scrimmage_type
401757313,2025,14,regular,Liberty,Kennesaw State,home,raw,rush_attempts,57,55,-2,2,fumble_or_safety_swallows_scrimmage_type
401757313,2025,14,regular,Liberty,Kennesaw State,home,raw,rush_yards,291,318.0,27.0,27.0,fumble_or_safety_swallows_scrimmage_type
401757313,2025,14,regular,Liberty,Kennesaw State,home,raw,fourth_down_attempts,2,1,-1,1,kneel_accounting
401757313,2025,14,regular,Kennesaw State,Liberty,away,raw,total_plays,67,66,-1,1,fumble_or_safety_swallows_scrimmage_type
401757313,2025,14,regular,Kennesaw State,Liberty,away,raw,total_yards,452,458.0,6.0,6.0,fumble_or_safety_swallows_scrimmage_type
401757313,2025,14,regular,Kennesaw State,Liberty,away,raw,rush_attempts,44,43,-1,1,fumble_or_safety_swallows_scrimmage_type
401757313,2025,14,regular,Kennesaw State,Liberty,away,raw,rush_yards,212,218.0,6.0,6.0,fumble_or_safety_swallows_scrimmage_type
401762441,2025,14,regular,UTSA,Army,home,raw,total_plays,66,65,-1,1,sack_accounting
401762441,2025,14,regular,UTSA,Army,home,raw,pass_attempts,42,41,-1,1,sack_accounting
401762441,2025,14,regular,UTSA,Army,home,raw,third_down_attempts,14,13,-1,1,kneel_accounting
401752789,2025,14,regular,Oklahoma,LSU,home,raw,total_plays,66,65,-1,1,fumble_or_safety_swallows_scrimmage_type
401752789,2025,14,regular,Oklahoma,LSU,home,raw,total_yards,393,406.0,13.0,13.0,fumble_or_safety_swallows_scrimmage_type
401752789,2025,14,regular,Oklahoma,LSU,home,raw,pass_attempts,38,37,-1,1,fumble_or_safety_swallows_scrimmage_type
401752789,2025,14,regular,Oklahoma,LSU,home,raw,completions,23,25,2,2,kneel_accounting
401752789,2025,14,regular,Oklahoma,LSU,home,raw,net_pass_yards,318,328.0,10.0,10.0,fumble_or_safety_swallows_scrimmage_type
401752789,2025,14,regular,Oklahoma,LSU,home,raw,rush_yards,75,78.0,3.0,3.0,fumble_or_safety_swallows_scrimmage_type
401752789,2025,14,regular,Oklahoma,LSU,home,raw,turnovers,3,2,-1,1,kneel_accounting
401752789,2025,14,regular,Oklahoma,LSU,home,raw,interceptions,3,2,-1,1,kneel_accounting
401752789,2025,14,regular,Oklahoma,LSU,home,raw,third_down_attempts,15,14,-1,1,kneel_accounting
401752789,2025,14,regular,LSU,Oklahoma,away,raw,total_plays,55,54,-1,1,fumble_or_safety_swallows_scrimmage_type
401752789,2025,14,regular,LSU,Oklahoma,away,raw,total_yards,198,215.0,17.0,17.0,fumble_or_safety_swallows_scrimmage_type
401752789,2025,14,regular,LSU,Oklahoma,away,raw,rush_attempts,29,28,-1,1,fumble_or_safety_swallows_scrimmage_type
401752789,2025,14,regular,LSU,Oklahoma,away,raw,rush_yards,85,102.0,17.0,17.0,fumble_or_safety_swallows_scrimmage_type
401752918,2025,14,regular,Minnesota,Wisconsin,home,raw,total_plays,56,53,-3,3,fumble_or_safety_swallows_scrimmage_type
401752918,2025,14,regular,Minnesota,Wisconsin,home,raw,total_yards,218,210.0,-8.0,8.0,fumble_or_safety_swallows_scrimmage_type
401752918,2025,14,regular,Minnesota,Wisconsin,home,raw,pass_attempts,24,23,-1,1,fumble_or_safety_swallows_scrimmage_type
401752918,2025,14,regular,Minnesota,Wisconsin,home,raw,completions,18,17,-1,1,kneel_accounting
401752918,2025,14,regular,Minnesota,Wisconsin,home,raw,net_pass_yards,90,87.0,-3.0,3.0,fumble_or_safety_swallows_scrimmage_type
401752918,2025,14,regular,Minnesota,Wisconsin,home,raw,rush_attempts,32,30,-2,2,fumble_or_safety_swallows_scrimmage_type
401752918,2025,14,regular,Minnesota,Wisconsin,home,raw,rush_yards,128,123.0,-5.0,5.0,fumble_or_safety_swallows_scrimmage_type
401752918,2025,14,regular,Minnesota,Wisconsin,home,raw,third_down_attempts,14,13,-1,1,kneel_accounting
401752918,2025,14,regular,Wisconsin,Minnesota,away,raw,total_plays,55,52,-3,3,fumble_or_safety_swallows_scrimmage_type
401752918,2025,14,regular,Wisconsin,Minnesota,away,raw,total_yards,268,269.0,1.0,1.0,fumble_or_safety_swallows_scrimmage_type
401752918,2025,14,regular,Wisconsin,Minnesota,away,raw,pass_attempts,27,25,-2,2,fumble_or_safety_swallows_scrimmage_type
401752918,2025,14,regular,Wisconsin,Minnesota,away,raw,rush_attempts,28,27,-1,1,fumble_or_safety_swallows_scrimmage_type
401752918,2025,14,regular,Wisconsin,Minnesota,away,raw,rush_yards,86,87.0,1.0,1.0,fumble_or_safety_swallows_scrimmage_type
401752918,2025,14,regular,Wisconsin,Minnesota,away,raw,third_down_attempts,13,12,-1,1,kneel_accounting
401754610,2025,14,regular,Duke,Wake Forest,home,raw,total_yards,378,382.0,4.0,4.0,fumble_or_safety_swallows_scrimmage_type
401754610,2025,14,regular,Duke,Wake Forest,home,raw,rush_yards,110,114.0,4.0,4.0,fumble_or_safety_swallows_scrimmage_type
401754610,2025,14,regular,Wake Forest,Duke,away,raw,total_plays,75,71,-4,4,fumble_or_safety_swallows_scrimmage_type
401754610,2025,14,regular,Wake Forest,Duke,away,raw,total_yards,466,479.0,13.0,13.0,fumble_or_safety_swallows_scrimmage_type
401754610,2025,14,regular,Wake Forest,Duke,away,raw,pass_attempts,43,42,-1,1,fumble_or_safety_swallows_scrimmage_type
401754610,2025,14,regular,Wake Forest,Duke,away,raw,completions,27,26,-1,1,no_play_penalty
401754610,2025,14,regular,Wake Forest,Duke,away,raw,net_pass_yards,342,333.0,-9.0,9.0,fumble_or_safety_swallows_scrimmage_type
401754610,2025,14,regular,Wake Forest,Duke,away,raw,rush_attempts,32,29,-3,3,fumble_or_safety_swallows_scrimmage_type
401754610,2025,14,regular,Wake Forest,Duke,away,raw,rush_yards,124,146.0,22.0,22.0,fumble_or_safety_swallows_scrimmage_type
401754610,2025,14,regular,Wake Forest,Duke,away,raw,turnovers,4,3,-1,1,no_play_penalty
401754610,2025,14,regular,Wake Forest,Duke,away,raw,fumbles_lost,3,2,-1,1,no_play_penalty
401752783,2025,14,regular,Arkansas,Missouri,home,raw,total_plays,55,54,-1,1,fumble_or_safety_swallows_scrimmage_type
401752783,2025,14,regular,Arkansas,Missouri,home,raw,total_yards,246,239.0,-7.0,7.0,fumble_or_safety_swallows_scrimmage_type
401752783,2025,14,regular,Arkansas,Missouri,home,raw,rush_attempts,25,24,-1,1,fumble_or_safety_swallows_scrimmage_type
401752783,2025,14,regular,Arkansas,Missouri,home,raw,rush_yards,61,54.0,-7.0,7.0,fumble_or_safety_swallows_scrimmage_type
401752783,2025,14,regular,Arkansas,Missouri,home,raw,fourth_down_attempts,1,0,-1,1,kneel_accounting
401752783,2025,14,regular,Arkansas,Missouri,home,raw,fourth_down_conversions,1,0,-1,1,kneel_accounting
401752783,2025,14,regular,Missouri,Arkansas,away,raw,total_plays,65,62,-3,3,fumble_or_safety_swallows_scrimmage_type
401752783,2025,14,regular,Missouri,Arkansas,away,raw,total_yards,347,391.0,44.0,44.0,fumble_or_safety_swallows_scrimmage_type
401752783,2025,14,regular,Missouri,Arkansas,away,raw,rush_attempts,58,55,-3,3,fumble_or_safety_swallows_scrimmage_type
401752783,2025,14,regular,Missouri,Arkansas,away,raw,rush_yards,322,366.0,44.0,44.0,fumble_or_safety_swallows_scrimmage_type
401752783,2025,14,regular,Missouri,Arkansas,away,raw,fourth_down_attempts,2,1,-1,1,kneel_accounting
401752791,2025,14,regular,Tennessee,Vanderbilt,home,raw,total_plays,75,73,-2,2,fumble_or_safety_swallows_scrimmage_type
401752791,2025,14,regular,Tennessee,Vanderbilt,home,raw,total_yards,382,378.0,-4.0,4.0,fumble_or_safety_swallows_scrimmage_type
401752791,2025,14,regular,Tennessee,Vanderbilt,home,raw,rush_attempts,31,29,-2,2,fumble_or_safety_swallows_scrimmage_type
401752791,2025,14,regular,Tennessee,Vanderbilt,home,raw,rush_yards,83,79.0,-4.0,4.0,fumble_or_safety_swallows_scrimmage_type
401752791,2025,14,regular,Vanderbilt,Tennessee,away,raw,total_plays,65,62,-3,3,fumble_or_safety_swallows_scrimmage_type
401752791,2025,14,regular,Vanderbilt,Tennessee,away,raw,total_yards,579,559.0,-20.0,20.0,fumble_or_safety_swallows_scrimmage_type
401752791,2025,14,regular,Vanderbilt,Tennessee,away,raw,pass_attempts,28,25,-3,3,fumble_or_safety_swallows_scrimmage_type
401752791,2025,14,regular,Vanderbilt,Tennessee,away,raw,completions,18,17,-1,1,kneel_accounting
401752791,2025,14,regular,Vanderbilt,Tennessee,away,raw,net_pass_yards,265,244.0,-21.0,21.0,fumble_or_safety_swallows_scrimmage_type
401752791,2025,14,regular,Vanderbilt,Tennessee,away,raw,rush_yards,314,315.0,1.0,1.0,fumble_or_safety_swallows_scrimmage_type
401752791,2025,14,regular,Vanderbilt,Tennessee,away,raw,turnovers,2,0,-2,2,kneel_accounting
401752791,2025,14,regular,Vanderbilt,Tennessee,away,raw,interceptions,2,0,-2,2,kneel_accounting
401752791,2025,14,regular,Vanderbilt,Tennessee,away,raw,third_down_attempts,10,9,-1,1,kneel_accounting
401761666,2025,14,regular,Southern Miss,Troy,home,raw,total_plays,66,65,-1,1,sack_accounting
401761666,2025,14,regular,Southern Miss,Troy,home,raw,total_yards,304,314.0,10.0,10.0,sack_accounting
401761666,2025,14,regular,Southern Miss,Troy,home,raw,rush_attempts,31,30,-1,1,sack_accounting
401761666,2025,14,regular,Southern Miss,Troy,home,raw,rush_yards,95,105.0,10.0,10.0,sack_accounting
401761666,2025,14,regular,Southern Miss,Troy,home,raw,turnovers,1,0,-1,1,kneel_accounting
401761666,2025,14,regular,Southern Miss,Troy,home,raw,interceptions,1,0,-1,1,kneel_accounting
401761666,2025,14,regular,Troy,Southern Miss,away,raw,total_plays,73,72,-1,1,sack_accounting
401761666,2025,14,regular,Troy,Southern Miss,away,raw,total_yards,428,430.0,2.0,2.0,sack_accounting
401761666,2025,14,regular,Troy,Southern Miss,away,raw,pass_attempts,35,34,-1,1,sack_accounting
401761666,2025,14,regular,Troy,Southern Miss,away,raw,rush_yards,132,134.0,2.0,2.0,sack_accounting
401761666,2025,14,regular,Troy,Southern Miss,away,raw,third_down_attempts,15,14,-1,1,kneel_accounting
401752917,2025,14,regular,Washington,Oregon,home,raw,total_plays,63,62,-1,1,sack_accounting
401752917,2025,14,regular,Washington,Oregon,home,raw,total_yards,283,284.0,1.0,1.0,sack_accounting
401752917,2025,14,regular,Washington,Oregon,home,raw,pass_attempts,30,29,-1,1,sack_accounting
401752917,2025,14,regular,Washington,Oregon,home,raw,rush_yards,154,155.0,1.0,1.0,sack_accounting
401752917,2025,14,regular,Washington,Oregon,home,raw,turnovers,2,1,-1,1,kneel_accounting
401752917,2025,14,regular,Washington,Oregon,home,raw,interceptions,2,1,-1,1,kneel_accounting
401761662,2025,14,regular,Coastal Carolina,James Madison,home,raw,total_plays,62,63,1,1,fumble_or_safety_swallows_scrimmage_type
401761662,2025,14,regular,Coastal Carolina,James Madison,home,raw,pass_attempts,40,39,-1,1,fumble_or_safety_swallows_scrimmage_type
401761662,2025,14,regular,Coastal Carolina,James Madison,home,raw,rush_attempts,22,24,2,2,fumble_or_safety_swallows_scrimmage_type
401761662,2025,14,regular,Coastal Carolina,James Madison,home,raw,third_down_attempts,16,15,-1,1,kneel_accounting
401761662,2025,14,regular,James Madison,Coastal Carolina,away,raw,total_plays,70,69,-1,1,fumble_or_safety_swallows_scrimmage_type
401761662,2025,14,regular,James Madison,Coastal Carolina,away,raw,total_yards,525,511.0,-14.0,14.0,fumble_or_safety_swallows_scrimmage_type
401761662,2025,14,regular,James Madison,Coastal Carolina,away,raw,rush_attempts,48,47,-1,1,fumble_or_safety_swallows_scrimmage_type
401761662,2025,14,regular,James Madison,Coastal Carolina,away,raw,rush_yards,286,272.0,-14.0,14.0,fumble_or_safety_swallows_scrimmage_type
401752785,2025,14,regular,Florida,Florida State,home,raw,total_plays,69,60,-9,9,fumble_or_safety_swallows_scrimmage_type
401752785,2025,14,regular,Florida,Florida State,home,raw,total_yards,440,413.0,-27.0,27.0,fumble_or_safety_swallows_scrimmage_type
401752785,2025,14,regular,Florida,Florida State,home,raw,pass_attempts,24,17,-7,7,fumble_or_safety_swallows_scrimmage_type
401752785,2025,14,regular,Florida,Florida State,home,raw,completions,15,12,-3,3,no_play_penalty
401752785,2025,14,regular,Florida,Florida State,home,raw,net_pass_yards,168,146.0,-22.0,22.0,fumble_or_safety_swallows_scrimmage_type
401752785,2025,14,regular,Florida,Florida State,home,raw,rush_attempts,45,43,-2,2,fumble_or_safety_swallows_scrimmage_type
401752785,2025,14,regular,Florida,Florida State,home,raw,rush_yards,272,267.0,-5.0,5.0,fumble_or_safety_swallows_scrimmage_type
401752785,2025,14,regular,Florida,Florida State,home,raw,turnovers,1,0,-1,1,no_play_penalty
401752785,2025,14,regular,Florida,Florida State,home,raw,interceptions,1,0,-1,1,no_play_penalty
401752785,2025,14,regular,Florida,Florida State,home,raw,third_down_attempts,13,11,-2,2,no_play_penalty
401752785,2025,14,regular,Florida,Florida State,home,raw,third_down_conversions,6,5,-1,1,no_play_penalty
401752785,2025,14,regular,Florida State,Florida,away,raw,total_plays,65,54,-11,11,fumble_or_safety_swallows_scrimmage_type
401752785,2025,14,regular,Florida State,Florida,away,raw,total_yards,407,376.0,-31.0,31.0,fumble_or_safety_swallows_scrimmage_type
401752785,2025,14,regular,Florida State,Florida,away,raw,pass_attempts,28,24,-4,4,fumble_or_safety_swallows_scrimmage_type
401752785,2025,14,regular,Florida State,Florida,away,raw,completions,17,15,-2,2,no_play_penalty
401752785,2025,14,regular,Florida State,Florida,away,raw,net_pass_yards,240,235.0,-5.0,5.0,fumble_or_safety_swallows_scrimmage_type
401752785,2025,14,regular,Florida State,Florida,away,raw,rush_attempts,37,30,-7,7,fumble_or_safety_swallows_scrimmage_type
401752785,2025,14,regular,Florida State,Florida,away,raw,rush_yards,167,141.0,-26.0,26.0,fumble_or_safety_swallows_scrimmage_type
401752785,2025,14,regular,Florida State,Florida,away,raw,turnovers,2,1,-1,1,no_play_penalty
401752785,2025,14,regular,Florida State,Florida,away,raw,fumbles_lost,1,0,-1,1,no_play_penalty
401752785,2025,14,regular,Florida State,Florida,away,raw,third_down_attempts,12,10,-2,2,no_play_penalty
401752785,2025,14,regular,Florida State,Florida,away,raw,third_down_conversions,5,3,-2,2,no_play_penalty
401752946,2025,14,regular,Washington State,Oregon State,home,raw,total_plays,62,60,-2,2,fumble_or_safety_swallows_scrimmage_type
401752946,2025,14,regular,Washington State,Oregon State,home,raw,total_yards,383,375.0,-8.0,8.0,fumble_or_safety_swallows_scrimmage_type
401752946,2025,14,regular,Washington State,Oregon State,home,raw,pass_attempts,28,27,-1,1,fumble_or_safety_swallows_scrimmage_type
401752946,2025,14,regular,Washington State,Oregon State,home,raw,completions,17,16,-1,1,no_play_penalty
401752946,2025,14,regular,Washington State,Oregon State,home,raw,net_pass_yards,197,195.0,-2.0,2.0,fumble_or_safety_swallows_scrimmage_type
401752946,2025,14,regular,Washington State,Oregon State,home,raw,rush_attempts,34,33,-1,1,fumble_or_safety_swallows_scrimmage_type
401752946,2025,14,regular,Washington State,Oregon State,home,raw,rush_yards,186,180.0,-6.0,6.0,fumble_or_safety_swallows_scrimmage_type
401752946,2025,14,regular,Washington State,Oregon State,home,raw,turnovers,2,0,-2,2,no_play_penalty
401752946,2025,14,regular,Washington State,Oregon State,home,raw,fumbles_lost,2,0,-2,2,no_play_penalty
401752946,2025,14,regular,Washington State,Oregon State,home,raw,third_down_attempts,14,13,-1,1,no_play_penalty
401752946,2025,14,regular,Oregon State,Washington State,away,raw,total_plays,70,65,-5,5,fumble_or_safety_swallows_scrimmage_type
401752946,2025,14,regular,Oregon State,Washington State,away,raw,total_yards,280,262.0,-18.0,18.0,fumble_or_safety_swallows_scrimmage_type
401752946,2025,14,regular,Oregon State,Washington State,away,raw,pass_attempts,41,38,-3,3,fumble_or_safety_swallows_scrimmage_type
401752946,2025,14,regular,Oregon State,Washington State,away,raw,completions,28,26,-2,2,no_play_penalty
401752946,2025,14,regular,Oregon State,Washington State,away,raw,net_pass_yards,240,213.0,-27.0,27.0,fumble_or_safety_swallows_scrimmage_type
401752946,2025,14,regular,Oregon State,Washington State,away,raw,rush_attempts,29,27,-2,2,fumble_or_safety_swallows_scrimmage_type
401752946,2025,14,regular,Oregon State,Washington State,away,raw,rush_yards,40,49.0,9.0,9.0,fumble_or_safety_swallows_scrimmage_type
401752946,2025,14,regular,Oregon State,Washington State,away,raw,turnovers,3,4,1,1,no_play_penalty
401752946,2025,14,regular,Oregon State,Washington State,away,raw,fumbles_lost,1,2,1,1,no_play_penalty
401752946,2025,14,regular,Oregon State,Washington State,away,raw,fourth_down_attempts,2,3,1,1,no_play_penalty
401762520,2025,14,regular,Rice,South Florida,away,raw,total_plays,58,57,-1,1,fumble_or_safety_swallows_scrimmage_type
401762520,2025,14,regular,Rice,South Florida,away,raw,total_yards,257,262.0,5.0,5.0,fumble_or_safety_swallows_scrimmage_type
401762520,2025,14,regular,Rice,South Florida,away,raw,rush_attempts,40,39,-1,1,fumble_or_safety_swallows_scrimmage_type
401762520,2025,14,regular,Rice,South Florida,away,raw,rush_yards,153,158.0,5.0,5.0,fumble_or_safety_swallows_scrimmage_type
401762520,2025,14,regular,Rice,South Florida,away,raw,turnovers,1,0,-1,1,kneel_accounting
401762520,2025,14,regular,Rice,South Florida,away,raw,fumbles_lost,1,0,-1,1,kneel_accounting
401752923,2025,14,regular,Michigan State,Maryland,home,raw,total_plays,70,68,-2,2,sack_accounting
401752923,2025,14,regular,Michigan State,Maryland,home,raw,total_yards,453,448.0,-5.0,5.0,sack_accounting
401752923,2025,14,regular,Michigan State,Maryland,home,raw,pass_attempts,39,37,-2,2,sack_accounting
401752923,2025,14,regular,Michigan State,Maryland,home,raw,completions,27,26,-1,1,kneel_accounting
401752923,2025,14,regular,Michigan State,Maryland,home,raw,net_pass_yards,292,287.0,-5.0,5.0,sack_accounting
401752923,2025,14,regular,Michigan State,Maryland,home,raw,third_down_attempts,14,12,-2,2,kneel_accounting
401752923,2025,14,regular,Maryland,Michigan State,away,raw,total_plays,77,76,-1,1,sack_accounting
401752923,2025,14,regular,Maryland,Michigan State,away,raw,total_yards,534,542.0,8.0,8.0,sack_accounting
401752923,2025,14,regular,Maryland,Michigan State,away,raw,pass_attempts,61,60,-1,1,sack_accounting
401752923,2025,14,regular,Maryland,Michigan State,away,raw,completions,38,37,-1,1,kneel_accounting
401752923,2025,14,regular,Maryland,Michigan State,away,raw,net_pass_yards,459,454.0,-5.0,5.0,sack_accounting
401752923,2025,14,regular,Maryland,Michigan State,away,raw,rush_yards,75,88.0,13.0,13.0,sack_accounting
401754613,2025,14,regular,Virginia,Virginia Tech,home,raw,total_plays,83,82,-1,1,sack_accounting
401754613,2025,14,regular,Virginia,Virginia Tech,home,raw,total_yards,380,376.0,-4.0,4.0,sack_accounting
401754613,2025,14,regular,Virginia,Virginia Tech,home,raw,pass_attempts,36,35,-1,1,sack_accounting
401754613,2025,14,regular,Virginia,Virginia Tech,home,raw,completions,22,21,-1,1,kneel_accounting
401754613,2025,14,regular,Virginia,Virginia Tech,home,raw,net_pass_yards,183,179.0,-4.0,4.0,sack_accounting
401754613,2025,14,regular,Virginia Tech,Virginia,away,raw,total_plays,47,45,-2,2,sack_accounting
401754613,2025,14,regular,Virginia Tech,Virginia,away,raw,total_yards,197,201.0,4.0,4.0,sack_accounting
401754613,2025,14,regular,Virginia Tech,Virginia,away,raw,pass_attempts,16,14,-2,2,sack_accounting
401754613,2025,14,regular,Virginia Tech,Virginia,away,raw,rush_yards,119,123.0,4.0,4.0,sack_accounting
401754613,2025,14,regular,Virginia Tech,Virginia,away,raw,third_down_attempts,14,12,-2,2,kneel_accounting
401762518,2025,14,regular,Tulane,Charlotte,home,raw,total_plays,74,69,-5,5,fumble_or_safety_swallows_scrimmage_type
401762518,2025,14,regular,Tulane,Charlotte,home,raw,total_yards,463,462.0,-1.0,1.0,fumble_or_safety_swallows_scrimmage_type
401762518,2025,14,regular,Tulane,Charlotte,home,raw,pass_attempts,39,35,-4,4,fumble_or_safety_swallows_scrimmage_type
401762518,2025,14,regular,Tulane,Charlotte,home,raw,completions,29,27,-2,2,no_play_penalty
401762518,2025,14,regular,Tulane,Charlotte,home,raw,rush_attempts,35,34,-1,1,fumble_or_safety_swallows_scrimmage_type
401762518,2025,14,regular,Tulane,Charlotte,home,raw,rush_yards,151,150.0,-1.0,1.0,fumble_or_safety_swallows_scrimmage_type
401762518,2025,14,regular,Tulane,Charlotte,home,raw,turnovers,3,2,-1,1,no_play_penalty
401762518,2025,14,regular,Tulane,Charlotte,home,raw,interceptions,2,1,-1,1,no_play_penalty
401762518,2025,14,regular,Tulane,Charlotte,home,raw,third_down_attempts,12,11,-1,1,no_play_penalty
401762518,2025,14,regular,Charlotte,Tulane,away,raw,total_plays,49,48,-1,1,fumble_or_safety_swallows_scrimmage_type
401762518,2025,14,regular,Charlotte,Tulane,away,raw,total_yards,140,144.0,4.0,4.0,fumble_or_safety_swallows_scrimmage_type
401762518,2025,14,regular,Charlotte,Tulane,away,raw,pass_attempts,28,27,-1,1,fumble_or_safety_swallows_scrimmage_type
401762518,2025,14,regular,Charlotte,Tulane,away,raw,rush_yards,-3,1.0,4.0,4.0,fumble_or_safety_swallows_scrimmage_type
401752919,2025,14,regular,UCLA,USC,away,raw,total_plays,64,63,-1,1,fumble_or_safety_swallows_scrimmage_type
401752919,2025,14,regular,UCLA,USC,away,raw,total_yards,308,309.0,1.0,1.0,fumble_or_safety_swallows_scrimmage_type
401752919,2025,14,regular,UCLA,USC,away,raw,rush_attempts,26,25,-1,1,fumble_or_safety_swallows_scrimmage_type
401752919,2025,14,regular,UCLA,USC,away,raw,rush_yards,108,109.0,1.0,1.0,fumble_or_safety_swallows_scrimmage_type
401752784,2025,14,regular,Auburn,Alabama,home,raw,total_plays,75,71,-4,4,fumble_or_safety_swallows_scrimmage_type
401752784,2025,14,regular,Auburn,Alabama,home,raw,total_yards,411,384.0,-27.0,27.0,fumble_or_safety_swallows_scrimmage_type
401752784,2025,14,regular,Auburn,Alabama,home,raw,pass_attempts,39,36,-3,3,fumble_or_safety_swallows_scrimmage_type
401752784,2025,14,regular,Auburn,Alabama,home,raw,completions,18,16,-2,2,no_play_penalty
401752784,2025,14,regular,Auburn,Alabama,home,raw,net_pass_yards,259,236.0,-23.0,23.0,fumble_or_safety_swallows_scrimmage_type
401752784,2025,14,regular,Auburn,Alabama,home,raw,rush_attempts,36,35,-1,1,fumble_or_safety_swallows_scrimmage_type
401752784,2025,14,regular,Auburn,Alabama,home,raw,rush_yards,152,148.0,-4.0,4.0,fumble_or_safety_swallows_scrimmage_type
401752784,2025,14,regular,Auburn,Alabama,home,raw,turnovers,2,1,-1,1,no_play_penalty
401752784,2025,14,regular,Auburn,Alabama,home,raw,fumbles_lost,1,0,-1,1,no_play_penalty
401752784,2025,14,regular,Alabama,Auburn,away,raw,total_plays,73,71,-2,2,fumble_or_safety_swallows_scrimmage_type
401752784,2025,14,regular,Alabama,Auburn,away,raw,total_yards,280,273.0,-7.0,7.0,fumble_or_safety_swallows_scrimmage_type
401752784,2025,14,regular,Alabama,Auburn,away,raw,rush_attempts,38,36,-2,2,fumble_or_safety_swallows_scrimmage_type
401752784,2025,14,regular,Alabama,Auburn,away,raw,rush_yards,158,151.0,-7.0,7.0,fumble_or_safety_swallows_scrimmage_type
401752922,2025,14,regular,Illinois,Northwestern,home,raw,total_plays,52,50,-2,2,fumble_or_safety_swallows_scrimmage_type
401752922,2025,14,regular,Illinois,Northwestern,home,raw,total_yards,284,315.0,31.0,31.0,fumble_or_safety_swallows_scrimmage_type
401752922,2025,14,regular,Illinois,Northwestern,home,raw,rush_attempts,36,34,-2,2,fumble_or_safety_swallows_scrimmage_type
401752922,2025,14,regular,Illinois,Northwestern,home,raw,rush_yards,120,151.0,31.0,31.0,fumble_or_safety_swallows_scrimmage_type
401752922,2025,14,regular,Illinois,Northwestern,home,raw,turnovers,1,0,-1,1,kneel_accounting
401752922,2025,14,regular,Illinois,Northwestern,home,raw,fumbles_lost,1,0,-1,1,kneel_accounting
401752922,2025,14,regular,Illinois,Northwestern,home,raw,third_down_attempts,10,9,-1,1,kneel_accounting
401752922,2025,14,regular,Northwestern,Illinois,away,raw,total_plays,65,63,-2,2,fumble_or_safety_swallows_scrimmage_type
401752922,2025,14,regular,Northwestern,Illinois,away,raw,total_yards,254,247.0,-7.0,7.0,fumble_or_safety_swallows_scrimmage_type
401752922,2025,14,regular,Northwestern,Illinois,away,raw,pass_attempts,36,35,-1,1,fumble_or_safety_swallows_scrimmage_type
401752922,2025,14,regular,Northwestern,Illinois,away,raw,rush_attempts,29,28,-1,1,fumble_or_safety_swallows_scrimmage_type
401752922,2025,14,regular,Northwestern,Illinois,away,raw,rush_yards,91,84.0,-7.0,7.0,fumble_or_safety_swallows_scrimmage_type
401752922,2025,14,regular,Northwestern,Illinois,away,raw,turnovers,4,2,-2,2,kneel_accounting
401752922,2025,14,regular,Northwestern,Illinois,away,raw,interceptions,3,2,-1,1,kneel_accounting
401752922,2025,14,regular,Northwestern,Illinois,away,raw,fumbles_lost,1,0,-1,1,kneel_accounting
401752922,2025,14,regular,Northwestern,Illinois,away,raw,fourth_down_attempts,4,3,-1,1,kneel_accounting
401754612,2025,14,regular,NC State,North Carolina,home,raw,total_yards,386,390.0,4.0,4.0,fumble_or_safety_swallows_scrimmage_type
401754612,2025,14,regular,NC State,North Carolina,home,raw,rush_yards,185,189.0,4.0,4.0,fumble_or_safety_swallows_scrimmage_type
401754612,2025,14,regular,North Carolina,NC State,away,raw,total_plays,60,59,-1,1,fumble_or_safety_swallows_scrimmage_type
401754612,2025,14,regular,North Carolina,NC State,away,raw,total_yards,265,272.0,7.0,7.0,fumble_or_safety_swallows_scrimmage_type
401754612,2025,14,regular,North Carolina,NC State,away,raw,rush_attempts,24,23,-1,1,fumble_or_safety_swallows_scrimmage_type
401754612,2025,14,regular,North Carolina,NC State,away,raw,rush_yards,70,77.0,7.0,7.0,fumble_or_safety_swallows_scrimmage_type
401754612,2025,14,regular,North Carolina,NC State,away,raw,turnovers,1,0,-1,1,kneel_accounting
401754612,2025,14,regular,North Carolina,NC State,away,raw,fumbles_lost,1,0,-1,1,kneel_accounting
401754612,2025,14,regular,North Carolina,NC State,away,raw,third_down_attempts,13,12,-1,1,kneel_accounting
401754609,2025,14,regular,California,SMU,home,raw,total_plays,77,76,-1,1,sack_accounting
401754609,2025,14,regular,California,SMU,home,raw,total_yards,452,448.0,-4.0,4.0,sack_accounting
401754609,2025,14,regular,California,SMU,home,raw,pass_attempts,40,39,-1,1,sack_accounting
401754609,2025,14,regular,California,SMU,home,raw,completions,31,30,-1,1,kneel_accounting
401754609,2025,14,regular,California,SMU,home,raw,net_pass_yards,330,326.0,-4.0,4.0,sack_accounting
401754609,2025,14,regular,SMU,California,away,raw,total_plays,67,66,-1,1,sack_accounting
401754609,2025,14,regular,SMU,California,away,raw,pass_attempts,36,35,-1,1,sack_accounting
401760425,2025,14,regular,Nevada,UNLV,home,raw,total_plays,67,64,-3,3,fumble_or_safety_swallows_scrimmage_type
401760425,2025,14,regular,Nevada,UNLV,home,raw,total_yards,341,361.0,20.0,20.0,fumble_or_safety_swallows_scrimmage_type
401760425,2025,14,regular,Nevada,UNLV,home,raw,rush_attempts,33,30,-3,3,fumble_or_safety_swallows_scrimmage_type
401760425,2025,14,regular,Nevada,UNLV,home,raw,rush_yards,193,213.0,20.0,20.0,fumble_or_safety_swallows_scrimmage_type
401760425,2025,14,regular,Nevada,UNLV,home,raw,turnovers,2,0,-2,2,kneel_accounting
401760425,2025,14,regular,Nevada,UNLV,home,raw,fumbles_lost,2,0,-2,2,kneel_accounting
401760425,2025,14,regular,Nevada,UNLV,home,raw,third_down_attempts,13,12,-1,1,kneel_accounting
401760425,2025,14,regular,Nevada,UNLV,home,raw,fourth_down_attempts,3,2,-1,1,kneel_accounting
401760425,2025,14,regular,UNLV,Nevada,away,raw,total_plays,55,54,-1,1,fumble_or_safety_swallows_scrimmage_type
401760425,2025,14,regular,UNLV,Nevada,away,raw,pass_attempts,22,21,-1,1,fumble_or_safety_swallows_scrimmage_type
401760425,2025,14,regular,UNLV,Nevada,away,raw,turnovers,2,1,-1,1,kneel_accounting
401760425,2025,14,regular,UNLV,Nevada,away,raw,interceptions,2,1,-1,1,kneel_accounting
401760423,2025,14,regular,San José State,Fresno State,home,raw,total_plays,60,59,-1,1,fumble_or_safety_swallows_scrimmage_type
401760423,2025,14,regular,San José State,Fresno State,home,raw,pass_attempts,34,32,-2,2,fumble_or_safety_swallows_scrimmage_type
401760423,2025,14,regular,San José State,Fresno State,home,raw,rush_attempts,26,27,1,1,fumble_or_safety_swallows_scrimmage_type
401760423,2025,14,regular,San José State,Fresno State,home,raw,turnovers,5,4,-1,1,no_play_penalty
401760423,2025,14,regular,San José State,Fresno State,home,raw,interceptions,5,4,-1,1,no_play_penalty
401760423,2025,14,regular,San José State,Fresno State,home,raw,third_down_attempts,12,11,-1,1,no_play_penalty
401760423,2025,14,regular,San José State,Fresno State,home,raw,fourth_down_attempts,2,3,1,1,no_play_penalty
401760423,2025,14,regular,Fresno State,San José State,away,raw,total_plays,73,70,-3,3,fumble_or_safety_swallows_scrimmage_type
401760423,2025,14,regular,Fresno State,San José State,away,raw,total_yards,397,376.0,-21.0,21.0,fumble_or_safety_swallows_scrimmage_type
401760423,2025,14,regular,Fresno State,San José State,away,raw,pass_attempts,20,19,-1,1,fumble_or_safety_swallows_scrimmage_type
401760423,2025,14,regular,Fresno State,San José State,away,raw,rush_attempts,53,51,-2,2,fumble_or_safety_swallows_scrimmage_type
401760423,2025,14,regular,Fresno State,San José State,away,raw,rush_yards,259,238.0,-21.0,21.0,fumble_or_safety_swallows_scrimmage_type
401760423,2025,14,regular,Fresno State,San José State,away,raw,third_down_attempts,16,14,-2,2,no_play_penalty
401754614,2025,14,regular,Stanford,Notre Dame,home,raw,total_plays,70,68,-2,2,fumble_or_safety_swallows_scrimmage_type
401754614,2025,14,regular,Stanford,Notre Dame,home,raw,total_yards,312,315.0,3.0,3.0,fumble_or_safety_swallows_scrimmage_type
401754614,2025,14,regular,Stanford,Notre Dame,home,raw,pass_attempts,40,38,-2,2,fumble_or_safety_swallows_scrimmage_type
401754614,2025,14,regular,Stanford,Notre Dame,home,raw,completions,20,19,-1,1,no_play_penalty
401754614,2025,14,regular,Stanford,Notre Dame,home,raw,rush_yards,86,89.0,3.0,3.0,fumble_or_safety_swallows_scrimmage_type
401754614,2025,14,regular,Notre Dame,Stanford,away,raw,total_plays,74,73,-1,1,fumble_or_safety_swallows_scrimmage_type
401754614,2025,14,regular,Notre Dame,Stanford,away,raw,total_yards,524,533.0,9.0,9.0,fumble_or_safety_swallows_scrimmage_type
401754614,2025,14,regular,Notre Dame,Stanford,away,raw,rush_attempts,38,37,-1,1,fumble_or_safety_swallows_scrimmage_type
401754614,2025,14,regular,Notre Dame,Stanford,away,raw,rush_yards,187,196.0,9.0,9.0,fumble_or_safety_swallows_scrimmage_type
401754614,2025,14,regular,Notre Dame,Stanford,away,raw,third_down_attempts,18,17,-1,1,no_play_penalty
401760424,2025,14,regular,Hawai'i,Wyoming,home,raw,total_plays,58,56,-2,2,sack_accounting
401760424,2025,14,regular,Hawai'i,Wyoming,home,raw,total_yards,417,411.0,-6.0,6.0,sack_accounting
401760424,2025,14,regular,Hawai'i,Wyoming,home,raw,pass_attempts,25,23,-2,2,sack_accounting
401760424,2025,14,regular,Hawai'i,Wyoming,home,raw,completions,17,16,-1,1,kneel_accounting
401760424,2025,14,regular,Hawai'i,Wyoming,home,raw,net_pass_yards,289,283.0,-6.0,6.0,sack_accounting
401760424,2025,14,regular,Hawai'i,Wyoming,home,raw,turnovers,1,0,-1,1,kneel_accounting
401760424,2025,14,regular,Hawai'i,Wyoming,home,raw,interceptions,1,0,-1,1,kneel_accounting
401760424,2025,14,regular,Hawai'i,Wyoming,home,raw,third_down_attempts,14,13,-1,1,kneel_accounting
401760424,2025,14,regular,Wyoming,Hawai'i,away,raw,total_yards,256,260.0,4.0,4.0,sack_accounting
401760424,2025,14,regular,Wyoming,Hawai'i,away,raw,rush_yards,54,58.0,4.0,4.0,sack_accounting
401760424,2025,14,regular,Wyoming,Hawai'i,away,raw,turnovers,1,0,-1,1,kneel_accounting
401760424,2025,14,regular,Wyoming,Hawai'i,away,raw,interceptions,1,0,-1,1,kneel_accounting
401777352,2025,15,regular,James Madison,Troy,home,raw,total_plays,67,65,-2,2,fumble_or_safety_swallows_scrimmage_type
401777352,2025,15,regular,James Madison,Troy,home,raw,total_yards,411,405.0,-6.0,6.0,fumble_or_safety_swallows_scrimmage_type
401777352,2025,15,regular,James Madison,Troy,home,raw,pass_attempts,25,23,-2,2,fumble_or_safety_swallows_scrimmage_type
401777352,2025,15,regular,James Madison,Troy,home,raw,completions,10,9,-1,1,kneel_accounting
401777352,2025,15,regular,James Madison,Troy,home,raw,net_pass_yards,93,84.0,-9.0,9.0,fumble_or_safety_swallows_scrimmage_type
401777352,2025,15,regular,James Madison,Troy,home,raw,rush_yards,318,321.0,3.0,3.0,fumble_or_safety_swallows_scrimmage_type
401777352,2025,15,regular,James Madison,Troy,home,raw,third_down_attempts,14,13,-1,1,kneel_accounting
401777352,2025,15,regular,Troy,James Madison,away,raw,total_plays,67,66,-1,1,fumble_or_safety_swallows_scrimmage_type
401777352,2025,15,regular,Troy,James Madison,away,raw,total_yards,177,193.0,16.0,16.0,fumble_or_safety_swallows_scrimmage_type
401777352,2025,15,regular,Troy,James Madison,away,raw,rush_attempts,28,27,-1,1,fumble_or_safety_swallows_scrimmage_type
401777352,2025,15,regular,Troy,James Madison,away,raw,rush_yards,-26,-10.0,16.0,16.0,fumble_or_safety_swallows_scrimmage_type
401777352,2025,15,regular,Troy,James Madison,away,raw,turnovers,1,0,-1,1,kneel_accounting
401777352,2025,15,regular,Troy,James Madison,away,raw,fumbles_lost,1,0,-1,1,kneel_accounting
401777352,2025,15,regular,Troy,James Madison,away,raw,third_down_conversions,4,3,-1,1,kneel_accounting
401777352,2025,15,regular,Troy,James Madison,away,raw,fourth_down_attempts,2,1,-1,1,kneel_accounting
401777325,2025,15,regular,Jacksonville State,Kennesaw State,home,raw,total_plays,62,60,-2,2,fumble_or_safety_swallows_scrimmage_type
401777325,2025,15,regular,Jacksonville State,Kennesaw State,home,raw,total_yards,306,308.0,2.0,2.0,fumble_or_safety_swallows_scrimmage_type
401777325,2025,15,regular,Jacksonville State,Kennesaw State,home,raw,rush_attempts,40,38,-2,2,fumble_or_safety_swallows_scrimmage_type
401777325,2025,15,regular,Jacksonville State,Kennesaw State,home,raw,rush_yards,210,212.0,2.0,2.0,fumble_or_safety_swallows_scrimmage_type
401777325,2025,15,regular,Jacksonville State,Kennesaw State,home,raw,turnovers,1,2,1,1,no_play_penalty
401777325,2025,15,regular,Jacksonville State,Kennesaw State,home,raw,fumbles_lost,0,1,1,1,no_play_penalty
401777325,2025,15,regular,Kennesaw State,Jacksonville State,away,raw,total_plays,68,64,-4,4,fumble_or_safety_swallows_scrimmage_type
401777325,2025,15,regular,Kennesaw State,Jacksonville State,away,raw,total_yards,318,346.0,28.0,28.0,fumble_or_safety_swallows_scrimmage_type
401777325,2025,15,regular,Kennesaw State,Jacksonville State,away,raw,rush_attempts,36,32,-4,4,fumble_or_safety_swallows_scrimmage_type
401777325,2025,15,regular,Kennesaw State,Jacksonville State,away,raw,rush_yards,72,100.0,28.0,28.0,fumble_or_safety_swallows_scrimmage_type
401777325,2025,15,regular,Kennesaw State,Jacksonville State,away,raw,turnovers,1,0,-1,1,no_play_penalty
401777325,2025,15,regular,Kennesaw State,Jacksonville State,away,raw,fumbles_lost,1,0,-1,1,no_play_penalty
401777326,2025,15,regular,UNLV,Boise State,away,raw,total_plays,72,71,-1,1,fumble_or_safety_swallows_scrimmage_type
401777326,2025,15,regular,UNLV,Boise State,away,raw,total_yards,409,393.0,-16.0,16.0,fumble_or_safety_swallows_scrimmage_type
401777326,2025,15,regular,UNLV,Boise State,away,raw,pass_attempts,38,37,-1,1,fumble_or_safety_swallows_scrimmage_type
401777326,2025,15,regular,UNLV,Boise State,away,raw,completions,18,17,-1,1,kneel_accounting
401777326,2025,15,regular,UNLV,Boise State,away,raw,net_pass_yards,225,209.0,-16.0,16.0,fumble_or_safety_swallows_scrimmage_type
401777326,2025,15,regular,UNLV,Boise State,away,raw,turnovers,1,0,-1,1,kneel_accounting
401777326,2025,15,regular,UNLV,Boise State,away,raw,fumbles_lost,1,0,-1,1,kneel_accounting
401777326,2025,15,regular,UNLV,Boise State,away,raw,third_down_attempts,14,13,-1,1,kneel_accounting
401777324,2025,15,regular,Tulane,North Texas,home,raw,total_plays,74,72,-2,2,fumble_or_safety_swallows_scrimmage_type
401777324,2025,15,regular,Tulane,North Texas,home,raw,total_yards,344,348.0,4.0,4.0,fumble_or_safety_swallows_scrimmage_type
401777324,2025,15,regular,Tulane,North Texas,home,raw,pass_attempts,22,21,-1,1,fumble_or_safety_swallows_scrimmage_type
401777324,2025,15,regular,Tulane,North Texas,home,raw,completions,13,12,-1,1,kneel_accounting
401777324,2025,15,regular,Tulane,North Texas,home,raw,net_pass_yards,145,160.0,15.0,15.0,fumble_or_safety_swallows_scrimmage_type
401777324,2025,15,regular,Tulane,North Texas,home,raw,rush_attempts,52,51,-1,1,fumble_or_safety_swallows_scrimmage_type
401777324,2025,15,regular,Tulane,North Texas,home,raw,rush_yards,199,188.0,-11.0,11.0,fumble_or_safety_swallows_scrimmage_type
401777324,2025,15,regular,Tulane,North Texas,home,raw,third_down_attempts,14,15,1,1,kneel_accounting
401777324,2025,15,regular,North Texas,Tulane,away,raw,total_plays,68,65,-3,3,fumble_or_safety_swallows_scrimmage_type
401777324,2025,15,regular,North Texas,Tulane,away,raw,total_yards,415,404.0,-11.0,11.0,fumble_or_safety_swallows_scrimmage_type
401777324,2025,15,regular,North Texas,Tulane,away,raw,pass_attempts,34,31,-3,3,fumble_or_safety_swallows_scrimmage_type
401777324,2025,15,regular,North Texas,Tulane,away,raw,completions,21,20,-1,1,kneel_accounting
401777324,2025,15,regular,North Texas,Tulane,away,raw,net_pass_yards,294,283.0,-11.0,11.0,fumble_or_safety_swallows_scrimmage_type
401777324,2025,15,regular,North Texas,Tulane,away,raw,turnovers,5,2,-3,3,kneel_accounting
401777324,2025,15,regular,North Texas,Tulane,away,raw,interceptions,3,2,-1,1,kneel_accounting
401777324,2025,15,regular,North Texas,Tulane,away,raw,fumbles_lost,2,0,-2,2,kneel_accounting
401777324,2025,15,regular,North Texas,Tulane,away,raw,third_down_attempts,12,11,-1,1,kneel_accounting
401777324,2025,15,regular,North Texas,Tulane,away,raw,fourth_down_attempts,4,3,-1,1,kneel_accounting
401777327,2025,15,regular,Texas Tech,BYU,home,raw,total_plays,74,73,-1,1,fumble_or_safety_swallows_scrimmage_type
401777327,2025,15,regular,Texas Tech,BYU,home,raw,total_yards,374,341.0,-33.0,33.0,fumble_or_safety_swallows_scrimmage_type
401777327,2025,15,regular,Texas Tech,BYU,home,raw,rush_attempts,41,40,-1,1,fumble_or_safety_swallows_scrimmage_type
401777327,2025,15,regular,Texas Tech,BYU,home,raw,rush_yards,159,126.0,-33.0,33.0,fumble_or_safety_swallows_scrimmage_type
401777327,2025,15,regular,Texas Tech,BYU,home,raw,third_down_attempts,19,18,-1,1,kneel_accounting
401777327,2025,15,regular,Texas Tech,BYU,home,raw,third_down_conversions,8,7,-1,1,kneel_accounting
401777327,2025,15,regular,BYU,Texas Tech,away,raw,total_plays,59,53,-6,6,fumble_or_safety_swallows_scrimmage_type
401777327,2025,15,regular,BYU,Texas Tech,away,raw,total_yards,200,226.0,26.0,26.0,fumble_or_safety_swallows_scrimmage_type
401777327,2025,15,regular,BYU,Texas Tech,away,raw,pass_attempts,29,26,-3,3,fumble_or_safety_swallows_scrimmage_type
401777327,2025,15,regular,BYU,Texas Tech,away,raw,completions,17,16,-1,1,kneel_accounting
401777327,2025,15,regular,BYU,Texas Tech,away,raw,net_pass_yards,137,125.0,-12.0,12.0,fumble_or_safety_swallows_scrimmage_type
401777327,2025,15,regular,BYU,Texas Tech,away,raw,rush_attempts,30,27,-3,3,fumble_or_safety_swallows_scrimmage_type
401777327,2025,15,regular,BYU,Texas Tech,away,raw,rush_yards,63,101.0,38.0,38.0,fumble_or_safety_swallows_scrimmage_type
401777327,2025,15,regular,BYU,Texas Tech,away,raw,turnovers,4,1,-3,3,kneel_accounting
401777327,2025,15,regular,BYU,Texas Tech,away,raw,interceptions,2,1,-1,1,kneel_accounting
401777327,2025,15,regular,BYU,Texas Tech,away,raw,fumbles_lost,2,0,-2,2,kneel_accounting
401777327,2025,15,regular,BYU,Texas Tech,away,raw,third_down_attempts,14,12,-2,2,kneel_accounting
401777329,2025,15,regular,Western Michigan,Miami (OH),home,raw,total_plays,69,67,-2,2,fumble_or_safety_swallows_scrimmage_type
401777329,2025,15,regular,Western Michigan,Miami (OH),home,raw,total_yards,397,396.0,-1.0,1.0,fumble_or_safety_swallows_scrimmage_type
401777329,2025,15,regular,Western Michigan,Miami (OH),home,raw,rush_attempts,56,54,-2,2,fumble_or_safety_swallows_scrimmage_type
401777329,2025,15,regular,Western Michigan,Miami (OH),home,raw,rush_yards,286,285.0,-1.0,1.0,fumble_or_safety_swallows_scrimmage_type
401777329,2025,15,regular,Miami (OH),Western Michigan,away,raw,total_plays,69,68,-1,1,fumble_or_safety_swallows_scrimmage_type
401777329,2025,15,regular,Miami (OH),Western Michigan,away,raw,total_yards,272,285.0,13.0,13.0,fumble_or_safety_swallows_scrimmage_type
401777329,2025,15,regular,Miami (OH),Western Michigan,away,raw,rush_attempts,31,30,-1,1,fumble_or_safety_swallows_scrimmage_type
401777329,2025,15,regular,Miami (OH),Western Michigan,away,raw,rush_yards,73,86.0,13.0,13.0,fumble_or_safety_swallows_scrimmage_type
401777351,2025,15,regular,Alabama,Georgia,home,raw,total_plays,55,54,-1,1,sack_accounting
401777351,2025,15,regular,Alabama,Georgia,home,raw,total_yards,209,213.0,4.0,4.0,sack_accounting
401777351,2025,15,regular,Alabama,Georgia,home,raw,pass_attempts,39,38,-1,1,sack_accounting
401777351,2025,15,regular,Alabama,Georgia,home,raw,rush_yards,-3,1.0,4.0,4.0,sack_accounting
401777351,2025,15,regular,Alabama,Georgia,home,raw,third_down_attempts,14,13,-1,1,kneel_accounting
401777328,2025,15,regular,Virginia,Duke,home,raw,points,20,27,7,7,kneel_accounting
401777328,2025,15,regular,Virginia,Duke,home,raw,total_plays,69,68,-1,1,fumble_or_safety_swallows_scrimmage_type
401777328,2025,15,regular,Virginia,Duke,home,raw,pass_attempts,40,39,-1,1,fumble_or_safety_swallows_scrimmage_type
401777328,2025,15,regular,Virginia,Duke,home,raw,turnovers,2,1,-1,1,kneel_accounting
401777328,2025,15,regular,Virginia,Duke,home,raw,interceptions,2,1,-1,1,kneel_accounting
401777328,2025,15,regular,Duke,Virginia,away,raw,total_plays,69,66,-3,3,fumble_or_safety_swallows_scrimmage_type
401777328,2025,15,regular,Duke,Virginia,away,raw,total_yards,333,343.0,10.0,10.0,fumble_or_safety_swallows_scrimmage_type
401777328,2025,15,regular,Duke,Virginia,away,raw,pass_attempts,25,24,-1,1,fumble_or_safety_swallows_scrimmage_type
401777328,2025,15,regular,Duke,Virginia,away,raw,rush_attempts,44,42,-2,2,fumble_or_safety_swallows_scrimmage_type
401777328,2025,15,regular,Duke,Virginia,away,raw,rush_yards,137,147.0,10.0,10.0,fumble_or_safety_swallows_scrimmage_type
401777353,2025,15,regular,Ohio State,Indiana,home,raw,total_plays,56,55,-1,1,sack_accounting
401777353,2025,15,regular,Ohio State,Indiana,home,raw,pass_attempts,30,29,-1,1,sack_accounting
401777353,2025,15,regular,Ohio State,Indiana,home,raw,third_down_attempts,12,11,-1,1,no_play_penalty
401777353,2025,15,regular,Indiana,Ohio State,away,raw,total_plays,57,56,-1,1,sack_accounting
401777353,2025,15,regular,Indiana,Ohio State,away,raw,pass_attempts,23,22,-1,1,sack_accounting
401778302,2025,1,postseason,Washington,Boise State,home,canon,turnovers,1,0,-1,1,no_play_penalty
401778302,2025,1,postseason,Washington,Boise State,home,canon,fumbles_lost,1,0,-1,1,no_play_penalty
401778302,2025,1,postseason,Boise State,Washington,away,canon,total_plays,71,68,-3,3,fumble_or_safety_swallows_scrimmage_type
401778302,2025,1,postseason,Boise State,Washington,away,canon,pass_attempts,43,40,-3,3,fumble_or_safety_swallows_scrimmage_type
401778302,2025,1,postseason,Boise State,Washington,away,canon,turnovers,5,1,-4,4,no_play_penalty
401778302,2025,1,postseason,Boise State,Washington,away,canon,interceptions,5,1,-4,4,no_play_penalty
401778302,2025,1,postseason,Boise State,Washington,away,canon,third_down_attempts,16,15,-1,1,no_play_penalty
401778303,2025,1,postseason,Jacksonville State,Troy,home,canon,total_plays,65,64,-1,1,sack_accounting
401778303,2025,1,postseason,Jacksonville State,Troy,home,canon,total_yards,273,286.0,13.0,13.0,sack_accounting
401778303,2025,1,postseason,Jacksonville State,Troy,home,canon,rush_attempts,43,42,-1,1,sack_accounting
401778303,2025,1,postseason,Jacksonville State,Troy,home,canon,rush_yards,100,113.0,13.0,13.0,sack_accounting
401778303,2025,1,postseason,Jacksonville State,Troy,home,canon,turnovers,1,0,-1,1,spike_accounting
401778303,2025,1,postseason,Jacksonville State,Troy,home,canon,fumbles_lost,1,0,-1,1,spike_accounting
401778304,2025,1,postseason,South Florida,Old Dominion,home,canon,total_plays,75,73,-2,2,fumble_or_safety_swallows_scrimmage_type
401778304,2025,1,postseason,South Florida,Old Dominion,home,canon,pass_attempts,40,38,-2,2,fumble_or_safety_swallows_scrimmage_type
401778304,2025,1,postseason,South Florida,Old Dominion,home,canon,completions,26,27,1,1,kneel_accounting
401778304,2025,1,postseason,South Florida,Old Dominion,home,canon,turnovers,5,3,-2,2,kneel_accounting
401778304,2025,1,postseason,South Florida,Old Dominion,home,canon,interceptions,4,3,-1,1,kneel_accounting
401778304,2025,1,postseason,South Florida,Old Dominion,home,canon,fumbles_lost,1,0,-1,1,kneel_accounting
401778304,2025,1,postseason,South Florida,Old Dominion,home,canon,third_down_attempts,16,15,-1,1,kneel_accounting
401778304,2025,1,postseason,South Florida,Old Dominion,home,canon,fourth_down_attempts,1,0,-1,1,kneel_accounting
401778304,2025,1,postseason,Old Dominion,South Florida,away,canon,total_plays,81,82,1,1,fumble_or_safety_swallows_scrimmage_type
401778304,2025,1,postseason,Old Dominion,South Florida,away,canon,total_yards,382,426.0,44.0,44.0,fumble_or_safety_swallows_scrimmage_type
401778304,2025,1,postseason,Old Dominion,South Florida,away,canon,rush_attempts,55,56,1,1,fumble_or_safety_swallows_scrimmage_type
401778304,2025,1,postseason,Old Dominion,South Florida,away,canon,rush_yards,255,299.0,44.0,44.0,fumble_or_safety_swallows_scrimmage_type
401778304,2025,1,postseason,Old Dominion,South Florida,away,canon,turnovers,1,0,-1,1,kneel_accounting
401778304,2025,1,postseason,Old Dominion,South Florida,away,canon,fumbles_lost,1,0,-1,1,kneel_accounting
401778304,2025,1,postseason,Old Dominion,South Florida,away,canon,third_down_attempts,20,19,-1,1,kneel_accounting
401778305,2025,1,postseason,Louisiana,Delaware,away,canon,turnovers,3,1,-2,2,no_play_penalty
401778305,2025,1,postseason,Louisiana,Delaware,away,canon,interceptions,1,0,-1,1,no_play_penalty
401778305,2025,1,postseason,Louisiana,Delaware,away,canon,fumbles_lost,2,1,-1,1,no_play_penalty
401778305,2025,1,postseason,Louisiana,Delaware,away,canon,fourth_down_attempts,5,4,-1,1,no_play_penalty
401838053,2025,1,postseason,Arkansas State,Missouri State,home,canon,total_plays,56,55,-1,1,fumble_or_safety_swallows_scrimmage_type
401838053,2025,1,postseason,Arkansas State,Missouri State,home,canon,total_yards,359,352.0,-7.0,7.0,fumble_or_safety_swallows_scrimmage_type
401838053,2025,1,postseason,Arkansas State,Missouri State,home,canon,rush_attempts,25,24,-1,1,fumble_or_safety_swallows_scrimmage_type
401838053,2025,1,postseason,Arkansas State,Missouri State,home,canon,rush_yards,71,64.0,-7.0,7.0,fumble_or_safety_swallows_scrimmage_type
401838053,2025,1,postseason,Arkansas State,Missouri State,home,canon,third_down_attempts,11,12,1,1,kneel_accounting
401838053,2025,1,postseason,Missouri State,Arkansas State,away,canon,total_yards,396,397.0,1.0,1.0,fumble_or_safety_swallows_scrimmage_type
401838053,2025,1,postseason,Missouri State,Arkansas State,away,canon,rush_yards,47,48.0,1.0,1.0,fumble_or_safety_swallows_scrimmage_type
401838053,2025,1,postseason,Missouri State,Arkansas State,away,canon,turnovers,2,0,-2,2,kneel_accounting
401838053,2025,1,postseason,Missouri State,Arkansas State,away,canon,fumbles_lost,2,0,-2,2,kneel_accounting
401778306,2025,1,postseason,Western Michigan,Kennesaw State,home,canon,total_plays,62,61,-1,1,fumble_or_safety_swallows_scrimmage_type
401778306,2025,1,postseason,Western Michigan,Kennesaw State,home,canon,pass_attempts,19,18,-1,1,fumble_or_safety_swallows_scrimmage_type
401778306,2025,1,postseason,Western Michigan,Kennesaw State,home,canon,turnovers,2,1,-1,1,spike_accounting
401778306,2025,1,postseason,Western Michigan,Kennesaw State,home,canon,fumbles_lost,1,0,-1,1,spike_accounting
401778306,2025,1,postseason,Western Michigan,Kennesaw State,home,canon,third_down_attempts,13,12,-1,1,spike_accounting
401778306,2025,1,postseason,Kennesaw State,Western Michigan,away,canon,total_plays,70,67,-3,3,fumble_or_safety_swallows_scrimmage_type
401778306,2025,1,postseason,Kennesaw State,Western Michigan,away,canon,total_yards,378,392.0,14.0,14.0,fumble_or_safety_swallows_scrimmage_type
401778306,2025,1,postseason,Kennesaw State,Western Michigan,away,canon,pass_attempts,36,34,-2,2,fumble_or_safety_swallows_scrimmage_type
401778306,2025,1,postseason,Kennesaw State,Western Michigan,away,canon,rush_attempts,34,33,-1,1,fumble_or_safety_swallows_scrimmage_type
401778306,2025,1,postseason,Kennesaw State,Western Michigan,away,canon,rush_yards,169,183.0,14.0,14.0,fumble_or_safety_swallows_scrimmage_type
401778306,2025,1,postseason,Kennesaw State,Western Michigan,away,canon,turnovers,4,3,-1,1,spike_accounting
401778306,2025,1,postseason,Kennesaw State,Western Michigan,away,canon,fumbles_lost,2,1,-1,1,spike_accounting
401778306,2025,1,postseason,Kennesaw State,Western Michigan,away,canon,third_down_attempts,14,13,-1,1,spike_accounting
401778307,2025,1,postseason,NC State,Memphis,home,canon,total_plays,59,60,1,1,fumble_or_safety_swallows_scrimmage_type
401778307,2025,1,postseason,NC State,Memphis,home,canon,rush_attempts,33,34,1,1,fumble_or_safety_swallows_scrimmage_type
401778307,2025,1,postseason,NC State,Memphis,home,canon,turnovers,0,1,1,1,no_play_penalty
401778307,2025,1,postseason,NC State,Memphis,home,canon,fumbles_lost,0,1,1,1,no_play_penalty
401778307,2025,1,postseason,Memphis,NC State,away,canon,total_plays,70,71,1,1,fumble_or_safety_swallows_scrimmage_type
401778307,2025,1,postseason,Memphis,NC State,away,canon,pass_attempts,34,35,1,1,fumble_or_safety_swallows_scrimmage_type
401778307,2025,1,postseason,Memphis,NC State,away,canon,completions,20,21,1,1,no_play_penalty
401778307,2025,1,postseason,Memphis,NC State,away,canon,turnovers,2,1,-1,1,no_play_penalty
401778307,2025,1,postseason,Memphis,NC State,away,canon,fumbles_lost,1,0,-1,1,no_play_penalty
401779840,2025,1,postseason,Oklahoma,Alabama,home,canon,total_plays,75,74,-1,1,fumble_or_safety_swallows_scrimmage_type
401779840,2025,1,postseason,Oklahoma,Alabama,home,canon,pass_attempts,42,41,-1,1,fumble_or_safety_swallows_scrimmage_type
401779840,2025,1,postseason,Alabama,Oklahoma,away,canon,total_plays,54,55,1,1,fumble_or_safety_swallows_scrimmage_type
401779840,2025,1,postseason,Alabama,Oklahoma,away,canon,total_yards,260,257.0,-3.0,3.0,fumble_or_safety_swallows_scrimmage_type
401779840,2025,1,postseason,Alabama,Oklahoma,away,canon,rush_attempts,25,26,1,1,fumble_or_safety_swallows_scrimmage_type
401779840,2025,1,postseason,Alabama,Oklahoma,away,canon,rush_yards,28,25.0,-3.0,3.0,fumble_or_safety_swallows_scrimmage_type
401779841,2025,1,postseason,Texas A&M,Miami,home,canon,total_plays,75,74,-1,1,fumble_or_safety_swallows_scrimmage_type
401779841,2025,1,postseason,Texas A&M,Miami,home,canon,total_yards,326,332.0,6.0,6.0,fumble_or_safety_swallows_scrimmage_type
401779841,2025,1,postseason,Texas A&M,Miami,home,canon,pass_attempts,40,39,-1,1,fumble_or_safety_swallows_scrimmage_type
401779841,2025,1,postseason,Texas A&M,Miami,home,canon,rush_yards,89,95.0,6.0,6.0,fumble_or_safety_swallows_scrimmage_type
401779841,2025,1,postseason,Texas A&M,Miami,home,canon,turnovers,3,2,-1,1,kneel_accounting
401779841,2025,1,postseason,Texas A&M,Miami,home,canon,fumbles_lost,1,0,-1,1,kneel_accounting
401779841,2025,1,postseason,Texas A&M,Miami,home,canon,third_down_attempts,18,17,-1,1,kneel_accounting
401779841,2025,1,postseason,Miami,Texas A&M,away,canon,turnovers,1,0,-1,1,kneel_accounting
401779841,2025,1,postseason,Miami,Texas A&M,away,canon,fumbles_lost,1,0,-1,1,kneel_accounting
401779841,2025,1,postseason,Miami,Texas A&M,away,canon,third_down_attempts,12,11,-1,1,kneel_accounting
401779842,2025,1,postseason,Ole Miss,Tulane,home,canon,turnovers,1,0,-1,1,kneel_accounting
401779842,2025,1,postseason,Ole Miss,Tulane,home,canon,fumbles_lost,1,0,-1,1,kneel_accounting
401779842,2025,1,postseason,Tulane,Ole Miss,away,canon,total_plays,71,70,-1,1,fumble_or_safety_swallows_scrimmage_type
401779842,2025,1,postseason,Tulane,Ole Miss,away,canon,total_yards,421,419.0,-2.0,2.0,fumble_or_safety_swallows_scrimmage_type
401779842,2025,1,postseason,Tulane,Ole Miss,away,canon,pass_attempts,37,36,-1,1,fumble_or_safety_swallows_scrimmage_type
401779842,2025,1,postseason,Tulane,Ole Miss,away,canon,rush_yards,115,113.0,-2.0,2.0,fumble_or_safety_swallows_scrimmage_type
401779842,2025,1,postseason,Tulane,Ole Miss,away,canon,turnovers,3,2,-1,1,kneel_accounting
401779842,2025,1,postseason,Tulane,Ole Miss,away,canon,fumbles_lost,2,1,-1,1,kneel_accounting
401779842,2025,1,postseason,Tulane,Ole Miss,away,canon,fourth_down_attempts,4,3,-1,1,kneel_accounting
401779843,2025,1,postseason,Oregon,James Madison,home,canon,total_plays,53,51,-2,2,fumble_or_safety_swallows_scrimmage_type
401779843,2025,1,postseason,Oregon,James Madison,home,canon,pass_attempts,27,25,-2,2,fumble_or_safety_swallows_scrimmage_type
401779843,2025,1,postseason,Oregon,James Madison,home,canon,turnovers,2,1,-1,1,kneel_accounting
401779843,2025,1,postseason,Oregon,James Madison,home,canon,interceptions,2,1,-1,1,kneel_accounting
401779843,2025,1,postseason,Oregon,James Madison,home,canon,third_down_attempts,7,6,-1,1,kneel_accounting
401779843,2025,1,postseason,James Madison,Oregon,away,canon,total_yards,509,510.0,1.0,1.0,fumble_or_safety_swallows_scrimmage_type
401779843,2025,1,postseason,James Madison,Oregon,away,canon,rush_yards,186,187.0,1.0,1.0,fumble_or_safety_swallows_scrimmage_type
401778308,2025,1,postseason,Washington State,Utah State,away,canon,total_plays,88,85,-3,3,sack_accounting
401778308,2025,1,postseason,Washington State,Utah State,away,canon,pass_attempts,47,44,-3,3,sack_accounting
401778308,2025,1,postseason,Washington State,Utah State,away,canon,third_down_attempts,18,15,-3,3,kneel_accounting
401778309,2025,1,postseason,Louisville,Toledo,home,canon,turnovers,1,0,-1,1,kneel_accounting
401778309,2025,1,postseason,Louisville,Toledo,home,canon,fumbles_lost,1,0,-1,1,kneel_accounting
401778309,2025,1,postseason,Toledo,Louisville,away,canon,total_plays,68,69,1,1,fumble_or_safety_swallows_scrimmage_type
401778309,2025,1,postseason,Toledo,Louisville,away,canon,total_yards,336,339.0,3.0,3.0,fumble_or_safety_swallows_scrimmage_type
401778309,2025,1,postseason,Toledo,Louisville,away,canon,pass_attempts,28,29,1,1,fumble_or_safety_swallows_scrimmage_type
401778309,2025,1,postseason,Toledo,Louisville,away,canon,rush_yards,169,172.0,3.0,3.0,fumble_or_safety_swallows_scrimmage_type
401778309,2025,1,postseason,Toledo,Louisville,away,canon,third_down_attempts,13,12,-1,1,kneel_accounting
401778310,2025,1,postseason,Southern Miss,Western Kentucky,home,canon,total_plays,84,85,1,1,fumble_or_safety_swallows_scrimmage_type
401778310,2025,1,postseason,Southern Miss,Western Kentucky,home,canon,total_yards,377,384.0,7.0,7.0,fumble_or_safety_swallows_scrimmage_type
401778310,2025,1,postseason,Southern Miss,Western Kentucky,home,canon,rush_attempts,36,37,1,1,fumble_or_safety_swallows_scrimmage_type
401778310,2025,1,postseason,Southern Miss,Western Kentucky,home,canon,rush_yards,119,126.0,7.0,7.0,fumble_or_safety_swallows_scrimmage_type
401778310,2025,1,postseason,Western Kentucky,Southern Miss,away,canon,total_plays,73,72,-1,1,fumble_or_safety_swallows_scrimmage_type
401778310,2025,1,postseason,Western Kentucky,Southern Miss,away,canon,total_yards,422,417.0,-5.0,5.0,fumble_or_safety_swallows_scrimmage_type
401778310,2025,1,postseason,Western Kentucky,Southern Miss,away,canon,pass_attempts,40,38,-2,2,fumble_or_safety_swallows_scrimmage_type
401778310,2025,1,postseason,Western Kentucky,Southern Miss,away,canon,rush_attempts,33,34,1,1,fumble_or_safety_swallows_scrimmage_type
401778310,2025,1,postseason,Western Kentucky,Southern Miss,away,canon,rush_yards,155,150.0,-5.0,5.0,fumble_or_safety_swallows_scrimmage_type
401778310,2025,1,postseason,Western Kentucky,Southern Miss,away,canon,turnovers,3,2,-1,1,no_play_penalty
401778310,2025,1,postseason,Western Kentucky,Southern Miss,away,canon,interceptions,2,1,-1,1,no_play_penalty
401778311,2025,1,postseason,Ohio,UNLV,home,canon,turnovers,3,2,-1,1,kneel_accounting
401778311,2025,1,postseason,Ohio,UNLV,home,canon,fumbles_lost,2,1,-1,1,kneel_accounting
401778311,2025,1,postseason,Ohio,UNLV,home,canon,third_down_attempts,11,10,-1,1,kneel_accounting
401778311,2025,1,postseason,UNLV,Ohio,away,canon,turnovers,2,0,-2,2,kneel_accounting
401778311,2025,1,postseason,UNLV,Ohio,away,canon,interceptions,1,0,-1,1,kneel_accounting
401778311,2025,1,postseason,UNLV,Ohio,away,canon,fumbles_lost,1,0,-1,1,kneel_accounting
401778312,2025,1,postseason,California,Hawai'i,away,canon,total_yards,481,487.0,6.0,6.0,sack_accounting
401778312,2025,1,postseason,California,Hawai'i,away,canon,net_pass_yards,337,343.0,6.0,6.0,sack_accounting
401778312,2025,1,postseason,California,Hawai'i,away,canon,turnovers,1,0,-1,1,no_play_penalty
401778312,2025,1,postseason,California,Hawai'i,away,canon,fumbles_lost,1,0,-1,1,no_play_penalty
401778313,2025,1,postseason,Northwestern,Central Michigan,home,canon,total_plays,61,60,-1,1,fumble_or_safety_swallows_scrimmage_type
401778313,2025,1,postseason,Northwestern,Central Michigan,home,canon,total_yards,313,350.0,37.0,37.0,fumble_or_safety_swallows_scrimmage_type
401778313,2025,1,postseason,Northwestern,Central Michigan,home,canon,pass_attempts,35,34,-1,1,fumble_or_safety_swallows_scrimmage_type
401778313,2025,1,postseason,Northwestern,Central Michigan,home,canon,net_pass_yards,236,273.0,37.0,37.0,fumble_or_safety_swallows_scrimmage_type
401778313,2025,1,postseason,Northwestern,Central Michigan,home,canon,turnovers,1,2,1,1,no_play_penalty
401778313,2025,1,postseason,Northwestern,Central Michigan,home,canon,fumbles_lost,0,1,1,1,no_play_penalty
401778313,2025,1,postseason,Northwestern,Central Michigan,home,canon,third_down_conversions,4,5,1,1,no_play_penalty
401778313,2025,1,postseason,Northwestern,Central Michigan,home,canon,fourth_down_attempts,5,4,-1,1,no_play_penalty
401778313,2025,1,postseason,Central Michigan,Northwestern,away,canon,total_yards,269,313.0,44.0,44.0,fumble_or_safety_swallows_scrimmage_type
401778313,2025,1,postseason,Central Michigan,Northwestern,away,canon,rush_yards,91,135.0,44.0,44.0,fumble_or_safety_swallows_scrimmage_type
401778313,2025,1,postseason,Central Michigan,Northwestern,away,canon,turnovers,4,2,-2,2,no_play_penalty
401778313,2025,1,postseason,Central Michigan,Northwestern,away,canon,fumbles_lost,3,1,-2,2,no_play_penalty
401778313,2025,1,postseason,Central Michigan,Northwestern,away,canon,third_down_attempts,11,9,-2,2,no_play_penalty
401778314,2025,1,postseason,Minnesota,New Mexico,home,canon,completions,18,17,-1,1,no_play_penalty
401778314,2025,1,postseason,Minnesota,New Mexico,home,canon,turnovers,1,0,-1,1,no_play_penalty
401778314,2025,1,postseason,Minnesota,New Mexico,home,canon,fumbles_lost,1,0,-1,1,no_play_penalty
401778314,2025,1,postseason,Minnesota,New Mexico,home,canon,fourth_down_attempts,2,1,-1,1,no_play_penalty
401778314,2025,1,postseason,New Mexico,Minnesota,away,canon,total_yards,204,207.0,3.0,3.0,fumble_or_safety_swallows_scrimmage_type
401778314,2025,1,postseason,New Mexico,Minnesota,away,canon,completions,15,14,-1,1,no_play_penalty
401778314,2025,1,postseason,New Mexico,Minnesota,away,canon,net_pass_yards,88,91.0,3.0,3.0,fumble_or_safety_swallows_scrimmage_type
401778314,2025,1,postseason,New Mexico,Minnesota,away,canon,turnovers,1,0,-1,1,no_play_penalty
401778314,2025,1,postseason,New Mexico,Minnesota,away,canon,interceptions,1,0,-1,1,no_play_penalty
401778315,2025,1,postseason,UTSA,Florida International,home,canon,total_plays,71,72,1,1,fumble_or_safety_swallows_scrimmage_type
401778315,2025,1,postseason,UTSA,Florida International,home,canon,total_yards,481,480.0,-1.0,1.0,fumble_or_safety_swallows_scrimmage_type
401778315,2025,1,postseason,UTSA,Florida International,home,canon,rush_attempts,40,41,1,1,fumble_or_safety_swallows_scrimmage_type
401778315,2025,1,postseason,UTSA,Florida International,home,canon,rush_yards,186,185.0,-1.0,1.0,fumble_or_safety_swallows_scrimmage_type
401778316,2025,1,postseason,East Carolina,Pittsburgh,home,canon,total_plays,59,58,-1,1,fumble_or_safety_swallows_scrimmage_type
401778316,2025,1,postseason,East Carolina,Pittsburgh,home,canon,total_yards,249,262.0,13.0,13.0,fumble_or_safety_swallows_scrimmage_type
401778316,2025,1,postseason,East Carolina,Pittsburgh,home,canon,rush_attempts,42,41,-1,1,fumble_or_safety_swallows_scrimmage_type
401778316,2025,1,postseason,East Carolina,Pittsburgh,home,canon,rush_yards,72,85.0,13.0,13.0,fumble_or_safety_swallows_scrimmage_type
401778316,2025,1,postseason,East Carolina,Pittsburgh,home,canon,turnovers,1,2,1,1,kneel_accounting
401778316,2025,1,postseason,East Carolina,Pittsburgh,home,canon,fumbles_lost,1,2,1,1,kneel_accounting
401778316,2025,1,postseason,Pittsburgh,East Carolina,away,canon,total_plays,80,79,-1,1,fumble_or_safety_swallows_scrimmage_type
401778316,2025,1,postseason,Pittsburgh,East Carolina,away,canon,pass_attempts,40,39,-1,1,fumble_or_safety_swallows_scrimmage_type
401778316,2025,1,postseason,Pittsburgh,East Carolina,away,canon,turnovers,5,1,-4,4,kneel_accounting
401778316,2025,1,postseason,Pittsburgh,East Carolina,away,canon,interceptions,1,0,-1,1,kneel_accounting
401778316,2025,1,postseason,Pittsburgh,East Carolina,away,canon,fumbles_lost,4,1,-3,3,kneel_accounting
401778316,2025,1,postseason,Pittsburgh,East Carolina,away,canon,third_down_attempts,15,14,-1,1,kneel_accounting
401778317,2025,1,postseason,Clemson,Penn State,home,canon,total_yards,236,246.0,10.0,10.0,sack_accounting
401778317,2025,1,postseason,Clemson,Penn State,home,canon,rush_yards,43,53.0,10.0,10.0,sack_accounting
401778317,2025,1,postseason,Penn State,Clemson,away,canon,net_pass_yards,260,262.0,2.0,2.0,sack_accounting
401778317,2025,1,postseason,Penn State,Clemson,away,canon,rush_yards,137,135.0,-2.0,2.0,sack_accounting
401778318,2025,1,postseason,Army,UConn,home,canon,third_down_attempts,12,11,-1,1,no_play_penalty
401778319,2025,1,postseason,BYU,Georgia Tech,home,canon,total_plays,63,62,-1,1,fumble_or_safety_swallows_scrimmage_type
401778319,2025,1,postseason,BYU,Georgia Tech,home,canon,pass_attempts,39,38,-1,1,fumble_or_safety_swallows_scrimmage_type
401778319,2025,1,postseason,BYU,Georgia Tech,home,canon,turnovers,2,0,-2,2,kneel_accounting
401778319,2025,1,postseason,BYU,Georgia Tech,home,canon,interceptions,1,0,-1,1,kneel_accounting
401778319,2025,1,postseason,BYU,Georgia Tech,home,canon,fumbles_lost,1,0,-1,1,kneel_accounting
401778319,2025,1,postseason,BYU,Georgia Tech,home,canon,third_down_attempts,10,9,-1,1,kneel_accounting
401778319,2025,1,postseason,Georgia Tech,BYU,away,canon,total_plays,68,67,-1,1,fumble_or_safety_swallows_scrimmage_type
401778319,2025,1,postseason,Georgia Tech,BYU,away,canon,total_yards,385,405.0,20.0,20.0,fumble_or_safety_swallows_scrimmage_type
401778319,2025,1,postseason,Georgia Tech,BYU,away,canon,pass_attempts,40,39,-1,1,fumble_or_safety_swallows_scrimmage_type
401778319,2025,1,postseason,Georgia Tech,BYU,away,canon,completions,22,21,-1,1,kneel_accounting
401778319,2025,1,postseason,Georgia Tech,BYU,away,canon,net_pass_yards,254,274.0,20.0,20.0,fumble_or_safety_swallows_scrimmage_type
401778319,2025,1,postseason,Georgia Tech,BYU,away,canon,turnovers,2,1,-1,1,kneel_accounting
401778319,2025,1,postseason,Georgia Tech,BYU,away,canon,fumbles_lost,1,0,-1,1,kneel_accounting
401778319,2025,1,postseason,Georgia Tech,BYU,away,canon,third_down_conversions,4,5,1,1,kneel_accounting
401778320,2025,1,postseason,Miami (OH),Fresno State,away,canon,turnovers,2,1,-1,1,kneel_accounting
401778320,2025,1,postseason,Miami (OH),Fresno State,away,canon,fumbles_lost,1,0,-1,1,kneel_accounting
401778321,2025,1,postseason,San Diego State,North Texas,home,canon,total_plays,82,81,-1,1,fumble_or_safety_swallows_scrimmage_type
401778321,2025,1,postseason,San Diego State,North Texas,home,canon,pass_attempts,36,35,-1,1,fumble_or_safety_swallows_scrimmage_type
401778321,2025,1,postseason,San Diego State,North Texas,home,canon,fourth_down_attempts,5,4,-1,1,spike_accounting
401778321,2025,1,postseason,North Texas,San Diego State,away,canon,total_plays,98,97,-1,1,fumble_or_safety_swallows_scrimmage_type
401778321,2025,1,postseason,North Texas,San Diego State,away,canon,total_yards,618,623.0,5.0,5.0,fumble_or_safety_swallows_scrimmage_type
401778321,2025,1,postseason,North Texas,San Diego State,away,canon,pass_attempts,49,47,-2,2,fumble_or_safety_swallows_scrimmage_type
401778321,2025,1,postseason,North Texas,San Diego State,away,canon,rush_attempts,49,50,1,1,fumble_or_safety_swallows_scrimmage_type
401778321,2025,1,postseason,North Texas,San Diego State,away,canon,rush_yards,368,373.0,5.0,5.0,fumble_or_safety_swallows_scrimmage_type
401778321,2025,1,postseason,North Texas,San Diego State,away,canon,third_down_attempts,20,21,1,1,spike_accounting
401778321,2025,1,postseason,North Texas,San Diego State,away,canon,third_down_conversions,9,10,1,1,spike_accounting
401778322,2025,1,postseason,Missouri,Virginia,home,canon,turnovers,1,0,-1,1,kneel_accounting
401778322,2025,1,postseason,Missouri,Virginia,home,canon,interceptions,1,0,-1,1,kneel_accounting
401778322,2025,1,postseason,Virginia,Missouri,away,canon,turnovers,1,0,-1,1,kneel_accounting
401778322,2025,1,postseason,Virginia,Missouri,away,canon,fumbles_lost,1,0,-1,1,kneel_accounting
401778323,2025,1,postseason,Houston,LSU,home,canon,pass_attempts,37,36,-1,1,fumble_or_safety_swallows_scrimmage_type
401778323,2025,1,postseason,Houston,LSU,home,canon,completions,28,27,-1,1,kneel_accounting
401778323,2025,1,postseason,Houston,LSU,home,canon,net_pass_yards,230,236.0,6.0,6.0,fumble_or_safety_swallows_scrimmage_type
401778323,2025,1,postseason,Houston,LSU,home,canon,rush_attempts,45,46,1,1,fumble_or_safety_swallows_scrimmage_type
401778323,2025,1,postseason,Houston,LSU,home,canon,rush_yards,207,201.0,-6.0,6.0,fumble_or_safety_swallows_scrimmage_type
401778323,2025,1,postseason,LSU,Houston,away,canon,total_plays,50,49,-1,1,fumble_or_safety_swallows_scrimmage_type
401778323,2025,1,postseason,LSU,Houston,away,canon,total_yards,344,341.0,-3.0,3.0,fumble_or_safety_swallows_scrimmage_type
401778323,2025,1,postseason,LSU,Houston,away,canon,rush_attempts,24,23,-1,1,fumble_or_safety_swallows_scrimmage_type
401778323,2025,1,postseason,LSU,Houston,away,canon,rush_yards,77,74.0,-3.0,3.0,fumble_or_safety_swallows_scrimmage_type
401778323,2025,1,postseason,LSU,Houston,away,canon,third_down_attempts,12,11,-1,1,kneel_accounting
401778323,2025,1,postseason,LSU,Houston,away,canon,third_down_conversions,7,6,-1,1,kneel_accounting
401778324,2025,1,postseason,App State,Georgia Southern,home,canon,total_plays,62,60,-2,2,sack_accounting
401778324,2025,1,postseason,App State,Georgia Southern,home,canon,pass_attempts,29,27,-2,2,sack_accounting
401778324,2025,1,postseason,App State,Georgia Southern,home,canon,turnovers,4,3,-1,1,kneel_accounting
401778324,2025,1,postseason,App State,Georgia Southern,home,canon,interceptions,4,3,-1,1,kneel_accounting
401778324,2025,1,postseason,Georgia Southern,App State,away,canon,total_yards,413,414.0,1.0,1.0,sack_accounting
401778324,2025,1,postseason,Georgia Southern,App State,away,canon,rush_yards,242,243.0,1.0,1.0,sack_accounting
401778325,2025,1,postseason,Louisiana Tech,Coastal Carolina,home,canon,total_yards,295,307.0,12.0,12.0,fumble_or_safety_swallows_scrimmage_type
401778325,2025,1,postseason,Louisiana Tech,Coastal Carolina,home,canon,pass_attempts,19,18,-1,1,fumble_or_safety_swallows_scrimmage_type
401778325,2025,1,postseason,Louisiana Tech,Coastal Carolina,home,canon,rush_attempts,47,48,1,1,fumble_or_safety_swallows_scrimmage_type
401778325,2025,1,postseason,Louisiana Tech,Coastal Carolina,home,canon,rush_yards,181,193.0,12.0,12.0,fumble_or_safety_swallows_scrimmage_type
401778325,2025,1,postseason,Louisiana Tech,Coastal Carolina,home,canon,turnovers,4,2,-2,2,no_play_penalty
401778325,2025,1,postseason,Louisiana Tech,Coastal Carolina,home,canon,fumbles_lost,3,1,-2,2,no_play_penalty
401778325,2025,1,postseason,Louisiana Tech,Coastal Carolina,home,canon,third_down_attempts,16,15,-1,1,no_play_penalty
401778325,2025,1,postseason,Coastal Carolina,Louisiana Tech,away,canon,total_plays,74,72,-2,2,fumble_or_safety_swallows_scrimmage_type
401778325,2025,1,postseason,Coastal Carolina,Louisiana Tech,away,canon,total_yards,356,350.0,-6.0,6.0,fumble_or_safety_swallows_scrimmage_type
401778325,2025,1,postseason,Coastal Carolina,Louisiana Tech,away,canon,pass_attempts,49,47,-2,2,fumble_or_safety_swallows_scrimmage_type
401778325,2025,1,postseason,Coastal Carolina,Louisiana Tech,away,canon,net_pass_yards,311,297.0,-14.0,14.0,fumble_or_safety_swallows_scrimmage_type
401778325,2025,1,postseason,Coastal Carolina,Louisiana Tech,away,canon,rush_yards,45,53.0,8.0,8.0,fumble_or_safety_swallows_scrimmage_type
401778325,2025,1,postseason,Coastal Carolina,Louisiana Tech,away,canon,turnovers,3,2,-1,1,no_play_penalty
401778325,2025,1,postseason,Coastal Carolina,Louisiana Tech,away,canon,fumbles_lost,1,0,-1,1,no_play_penalty
401778325,2025,1,postseason,Coastal Carolina,Louisiana Tech,away,canon,third_down_attempts,14,13,-1,1,no_play_penalty
401778326,2025,1,postseason,Illinois,Tennessee,home,canon,turnovers,0,1,1,1,kneel_accounting
401778326,2025,1,postseason,Illinois,Tennessee,home,canon,fumbles_lost,0,1,1,1,kneel_accounting
401778326,2025,1,postseason,Tennessee,Illinois,away,canon,total_yards,278,298.0,20.0,20.0,fumble_or_safety_swallows_scrimmage_type
401778326,2025,1,postseason,Tennessee,Illinois,away,canon,rush_yards,157,177.0,20.0,20.0,fumble_or_safety_swallows_scrimmage_type
401778326,2025,1,postseason,Tennessee,Illinois,away,canon,turnovers,1,0,-1,1,kneel_accounting
401778326,2025,1,postseason,Tennessee,Illinois,away,canon,fumbles_lost,1,0,-1,1,kneel_accounting
401778327,2025,1,postseason,USC,TCU,away,canon,total_plays,63,62,-1,1,fumble_or_safety_swallows_scrimmage_type
401778327,2025,1,postseason,USC,TCU,away,canon,total_yards,392,390.0,-2.0,2.0,fumble_or_safety_swallows_scrimmage_type
401778327,2025,1,postseason,USC,TCU,away,canon,rush_attempts,33,32,-1,1,fumble_or_safety_swallows_scrimmage_type
401778327,2025,1,postseason,USC,TCU,away,canon,rush_yards,112,110.0,-2.0,2.0,fumble_or_safety_swallows_scrimmage_type
401778327,2025,1,postseason,USC,TCU,away,canon,turnovers,2,1,-1,1,no_play_penalty
401778327,2025,1,postseason,USC,TCU,away,canon,interceptions,2,1,-1,1,no_play_penalty
401778328,2025,1,postseason,Vanderbilt,Iowa,home,canon,total_yards,398,404.0,6.0,6.0,fumble_or_safety_swallows_scrimmage_type
401778328,2025,1,postseason,Vanderbilt,Iowa,home,canon,rush_yards,51,57.0,6.0,6.0,fumble_or_safety_swallows_scrimmage_type
401778328,2025,1,postseason,Iowa,Vanderbilt,away,canon,total_plays,59,60,1,1,fumble_or_safety_swallows_scrimmage_type
401778328,2025,1,postseason,Iowa,Vanderbilt,away,canon,pass_attempts,22,23,1,1,fumble_or_safety_swallows_scrimmage_type
401778328,2025,1,postseason,Iowa,Vanderbilt,away,canon,turnovers,1,0,-1,1,kneel_accounting
401778328,2025,1,postseason,Iowa,Vanderbilt,away,canon,interceptions,1,0,-1,1,kneel_accounting
401778329,2025,1,postseason,Duke,Arizona State,home,canon,turnovers,1,2,1,1,kneel_accounting
401778329,2025,1,postseason,Duke,Arizona State,home,canon,fumbles_lost,0,1,1,1,kneel_accounting
401778329,2025,1,postseason,Arizona State,Duke,away,canon,total_plays,75,80,5,5,fumble_or_safety_swallows_scrimmage_type
401778329,2025,1,postseason,Arizona State,Duke,away,canon,total_yards,619,575.0,-44.0,44.0,fumble_or_safety_swallows_scrimmage_type
401778329,2025,1,postseason,Arizona State,Duke,away,canon,pass_attempts,38,40,2,2,fumble_or_safety_swallows_scrimmage_type
401778329,2025,1,postseason,Arizona State,Duke,away,canon,completions,27,28,1,1,kneel_accounting
401778329,2025,1,postseason,Arizona State,Duke,away,canon,net_pass_yards,375,371.0,-4.0,4.0,fumble_or_safety_swallows_scrimmage_type
401778329,2025,1,postseason,Arizona State,Duke,away,canon,rush_attempts,37,40,3,3,fumble_or_safety_swallows_scrimmage_type
401778329,2025,1,postseason,Arizona State,Duke,away,canon,rush_yards,244,204.0,-40.0,40.0,fumble_or_safety_swallows_scrimmage_type
401778329,2025,1,postseason,Arizona State,Duke,away,canon,turnovers,3,2,-1,1,kneel_accounting
401778329,2025,1,postseason,Arizona State,Duke,away,canon,fumbles_lost,2,1,-1,1,kneel_accounting
401778329,2025,1,postseason,Arizona State,Duke,away,canon,third_down_attempts,10,11,1,1,kneel_accounting
401778329,2025,1,postseason,Arizona State,Duke,away,canon,fourth_down_attempts,4,5,1,1,kneel_accounting
401778330,2025,1,postseason,Texas,Michigan,home,canon,turnovers,1,0,-1,1,kneel_accounting
401778330,2025,1,postseason,Texas,Michigan,home,canon,fumbles_lost,1,0,-1,1,kneel_accounting
401778330,2025,1,postseason,Texas,Michigan,home,canon,third_down_attempts,11,12,1,1,kneel_accounting
401778330,2025,1,postseason,Texas,Michigan,home,canon,third_down_conversions,3,4,1,1,kneel_accounting
401778330,2025,1,postseason,Michigan,Texas,away,canon,total_plays,81,78,-3,3,sack_accounting
401778330,2025,1,postseason,Michigan,Texas,away,canon,total_yards,373,371.0,-2.0,2.0,sack_accounting
401778330,2025,1,postseason,Michigan,Texas,away,canon,pass_attempts,43,40,-3,3,sack_accounting
401778330,2025,1,postseason,Michigan,Texas,away,canon,rush_yards,174,172.0,-2.0,2.0,sack_accounting
401778330,2025,1,postseason,Michigan,Texas,away,canon,turnovers,3,2,-1,1,kneel_accounting
401778330,2025,1,postseason,Michigan,Texas,away,canon,interceptions,3,1,-2,2,kneel_accounting
401778330,2025,1,postseason,Michigan,Texas,away,canon,fumbles_lost,0,1,1,1,kneel_accounting
401778330,2025,1,postseason,Michigan,Texas,away,canon,third_down_attempts,18,15,-3,3,kneel_accounting
401778331,2025,1,postseason,Utah,Nebraska,home,canon,total_yards,535,536.0,1.0,1.0,fumble_or_safety_swallows_scrimmage_type
401778331,2025,1,postseason,Utah,Nebraska,home,canon,rush_yards,225,226.0,1.0,1.0,fumble_or_safety_swallows_scrimmage_type
401778331,2025,1,postseason,Nebraska,Utah,away,canon,turnovers,1,0,-1,1,no_play_penalty
401778331,2025,1,postseason,Nebraska,Utah,away,canon,interceptions,1,0,-1,1,no_play_penalty
401769070,2025,1,postseason,Ohio State,Miami,home,canon,total_plays,59,57,-2,2,fumble_or_safety_swallows_scrimmage_type
401769070,2025,1,postseason,Ohio State,Miami,home,canon,pass_attempts,35,33,-2,2,fumble_or_safety_swallows_scrimmage_type
401769070,2025,1,postseason,Miami,Ohio State,away,canon,third_down_attempts,14,12,-2,2,kneel_accounting
401769071,2025,1,postseason,Texas Tech,Oregon,home,canon,total_plays,62,61,-1,1,fumble_or_safety_swallows_scrimmage_type
401769071,2025,1,postseason,Texas Tech,Oregon,home,canon,total_yards,215,240.0,25.0,25.0,fumble_or_safety_swallows_scrimmage_type
401769071,2025,1,postseason,Texas Tech,Oregon,home,canon,pass_attempts,32,31,-1,1,fumble_or_safety_swallows_scrimmage_type
401769071,2025,1,postseason,Texas Tech,Oregon,home,canon,rush_yards,78,103.0,25.0,25.0,fumble_or_safety_swallows_scrimmage_type
401769071,2025,1,postseason,Texas Tech,Oregon,home,canon,turnovers,4,2,-2,2,no_play_penalty
401769071,2025,1,postseason,Texas Tech,Oregon,home,canon,interceptions,2,1,-1,1,no_play_penalty
401769071,2025,1,postseason,Texas Tech,Oregon,home,canon,fumbles_lost,2,1,-1,1,no_play_penalty
401769071,2025,1,postseason,Texas Tech,Oregon,home,canon,third_down_attempts,16,15,-1,1,no_play_penalty
401769071,2025,1,postseason,Oregon,Texas Tech,away,canon,total_plays,81,80,-1,1,fumble_or_safety_swallows_scrimmage_type
401769071,2025,1,postseason,Oregon,Texas Tech,away,canon,pass_attempts,34,33,-1,1,fumble_or_safety_swallows_scrimmage_type
401769071,2025,1,postseason,Oregon,Texas Tech,away,canon,third_down_attempts,19,18,-1,1,no_play_penalty
401769071,2025,1,postseason,Oregon,Texas Tech,away,canon,third_down_conversions,4,3,-1,1,no_play_penalty
401769071,2025,1,postseason,Oregon,Texas Tech,away,canon,fourth_down_attempts,8,7,-1,1,no_play_penalty
401769072,2025,1,postseason,Indiana,Alabama,home,canon,total_yards,407,408.0,1.0,1.0,fumble_or_safety_swallows_scrimmage_type
401769072,2025,1,postseason,Indiana,Alabama,home,canon,rush_yards,215,216.0,1.0,1.0,fumble_or_safety_swallows_scrimmage_type
401769072,2025,1,postseason,Alabama,Indiana,away,canon,third_down_attempts,11,10,-1,1,kneel_accounting
401769072,2025,1,postseason,Alabama,Indiana,away,canon,fourth_down_attempts,2,1,-1,1,kneel_accounting
401769073,2025,1,postseason,Georgia,Ole Miss,home,canon,total_yards,343,361.0,18.0,18.0,safety_accounting
401769073,2025,1,postseason,Georgia,Ole Miss,home,canon,net_pass_yards,219,237.0,18.0,18.0,safety_accounting
401769073,2025,1,postseason,Georgia,Ole Miss,home,canon,turnovers,1,0,-1,1,no_play_penalty
401769073,2025,1,postseason,Georgia,Ole Miss,home,canon,fumbles_lost,1,0,-1,1,no_play_penalty
401769073,2025,1,postseason,Ole Miss,Georgia,away,canon,total_plays,73,72,-1,1,safety_accounting
401769073,2025,1,postseason,Ole Miss,Georgia,away,canon,total_yards,473,490.0,17.0,17.0,safety_accounting
401769073,2025,1,postseason,Ole Miss,Georgia,away,canon,net_pass_yards,362,385.0,23.0,23.0,safety_accounting
401769073,2025,1,postseason,Ole Miss,Georgia,away,canon,rush_attempts,27,26,-1,1,safety_accounting
401769073,2025,1,postseason,Ole Miss,Georgia,away,canon,rush_yards,111,105.0,-6.0,6.0,safety_accounting
401778332,2025,1,postseason,Texas State,Rice,home,canon,total_yards,437,436.0,-1.0,1.0,fumble_or_safety_swallows_scrimmage_type
401778332,2025,1,postseason,Texas State,Rice,home,canon,net_pass_yards,196,195.0,-1.0,1.0,fumble_or_safety_swallows_scrimmage_type
401778332,2025,1,postseason,Rice,Texas State,away,canon,total_plays,65,64,-1,1,fumble_or_safety_swallows_scrimmage_type
401778332,2025,1,postseason,Rice,Texas State,away,canon,total_yards,196,195.0,-1.0,1.0,fumble_or_safety_swallows_scrimmage_type
401778332,2025,1,postseason,Rice,Texas State,away,canon,pass_attempts,21,20,-1,1,fumble_or_safety_swallows_scrimmage_type
401778332,2025,1,postseason,Rice,Texas State,away,canon,rush_yards,102,101.0,-1.0,1.0,fumble_or_safety_swallows_scrimmage_type
401778332,2025,1,postseason,Rice,Texas State,away,canon,turnovers,3,2,-1,1,kneel_accounting
401778332,2025,1,postseason,Rice,Texas State,away,canon,fumbles_lost,2,1,-1,1,kneel_accounting
401778332,2025,1,postseason,Rice,Texas State,away,canon,third_down_attempts,17,15,-2,2,kneel_accounting
401778333,2025,1,postseason,Cincinnati,Navy,home,canon,total_plays,58,56,-2,2,fumble_or_safety_swallows_scrimmage_type
401778333,2025,1,postseason,Cincinnati,Navy,home,canon,total_yards,239,235.0,-4.0,4.0,fumble_or_safety_swallows_scrimmage_type
401778333,2025,1,postseason,Cincinnati,Navy,home,canon,pass_attempts,20,18,-2,2,fumble_or_safety_swallows_scrimmage_type
401778333,2025,1,postseason,Cincinnati,Navy,home,canon,completions,12,11,-1,1,no_play_penalty
401778333,2025,1,postseason,Cincinnati,Navy,home,canon,net_pass_yards,97,93.0,-4.0,4.0,fumble_or_safety_swallows_scrimmage_type
401778333,2025,1,postseason,Cincinnati,Navy,home,canon,turnovers,2,1,-1,1,no_play_penalty
401778333,2025,1,postseason,Cincinnati,Navy,home,canon,interceptions,1,0,-1,1,no_play_penalty
401778333,2025,1,postseason,Cincinnati,Navy,home,canon,third_down_attempts,13,12,-1,1,no_play_penalty
401778333,2025,1,postseason,Navy,Cincinnati,away,canon,total_plays,66,65,-1,1,fumble_or_safety_swallows_scrimmage_type
401778333,2025,1,postseason,Navy,Cincinnati,away,canon,total_yards,349,336.0,-13.0,13.0,fumble_or_safety_swallows_scrimmage_type
401778333,2025,1,postseason,Navy,Cincinnati,away,canon,pass_attempts,15,14,-1,1,fumble_or_safety_swallows_scrimmage_type
401778333,2025,1,postseason,Navy,Cincinnati,away,canon,completions,9,8,-1,1,no_play_penalty
401778333,2025,1,postseason,Navy,Cincinnati,away,canon,net_pass_yards,108,95.0,-13.0,13.0,fumble_or_safety_swallows_scrimmage_type
401778333,2025,1,postseason,Navy,Cincinnati,away,canon,interceptions,0,1,1,1,no_play_penalty
401778333,2025,1,postseason,Navy,Cincinnati,away,canon,fumbles_lost,1,0,-1,1,no_play_penalty
401778334,2025,1,postseason,Mississippi State,Wake Forest,home,canon,total_yards,408,418.0,10.0,10.0,sack_accounting
401778334,2025,1,postseason,Mississippi State,Wake Forest,home,canon,rush_yards,114,124.0,10.0,10.0,sack_accounting
401778334,2025,1,postseason,Wake Forest,Mississippi State,away,canon,total_plays,68,67,-1,1,sack_accounting
401778334,2025,1,postseason,Wake Forest,Mississippi State,away,canon,pass_attempts,33,32,-1,1,sack_accounting
401831583,2025,1,postseason,Arizona,SMU,away,canon,total_plays,79,80,1,1,sack_accounting
401831583,2025,1,postseason,Arizona,SMU,away,canon,total_yards,441,413.0,-28.0,28.0,sack_accounting
401831583,2025,1,postseason,Arizona,SMU,away,canon,pass_attempts,43,44,1,1,sack_accounting
401831583,2025,1,postseason,Arizona,SMU,away,canon,completions,28,27,-1,1,kneel_accounting
401831583,2025,1,postseason,Arizona,SMU,away,canon,net_pass_yards,265,237.0,-28.0,28.0,sack_accounting
401831583,2025,1,postseason,Arizona,SMU,away,canon,turnovers,1,0,-1,1,kneel_accounting
401831583,2025,1,postseason,Arizona,SMU,away,canon,interceptions,1,0,-1,1,kneel_accounting
401831583,2025,1,postseason,Arizona,SMU,away,canon,fourth_down_attempts,5,6,1,1,kneel_accounting
401769075,2025,1,postseason,Miami,Ole Miss,away,canon,total_yards,459,451.0,-8.0,8.0,fumble_or_safety_swallows_scrimmage_type
401769075,2025,1,postseason,Miami,Ole Miss,away,canon,rush_yards,191,183.0,-8.0,8.0,fumble_or_safety_swallows_scrimmage_type
401769075,2025,1,postseason,Miami,Ole Miss,away,canon,turnovers,1,0,-1,1,spike_accounting
401769075,2025,1,postseason,Miami,Ole Miss,away,canon,interceptions,1,0,-1,1,spike_accounting
401769074,2025,1,postseason,Indiana,Oregon,home,canon,total_yards,362,378.0,16.0,16.0,fumble_or_safety_swallows_scrimmage_type
401769074,2025,1,postseason,Indiana,Oregon,home,canon,rush_yards,185,201.0,16.0,16.0,fumble_or_safety_swallows_scrimmage_type
401769074,2025,1,postseason,Indiana,Oregon,home,canon,turnovers,0,1,1,1,kneel_accounting
401769074,2025,1,postseason,Indiana,Oregon,home,canon,fumbles_lost,0,1,1,1,kneel_accounting
401769074,2025,1,postseason,Indiana,Oregon,home,canon,third_down_attempts,14,12,-2,2,kneel_accounting
401769074,2025,1,postseason,Indiana,Oregon,home,canon,third_down_conversions,11,10,-1,1,kneel_accounting
401769074,2025,1,postseason,Oregon,Indiana,away,canon,total_plays,66,65,-1,1,duplicate_plays
401769074,2025,1,postseason,Oregon,Indiana,away,canon,pass_attempts,40,39,-1,1,duplicate_plays
401769074,2025,1,postseason,Oregon,Indiana,away,canon,turnovers,3,0,-3,3,kneel_accounting
401769074,2025,1,postseason,Oregon,Indiana,away,canon,interceptions,1,0,-1,1,kneel_accounting
401769074,2025,1,postseason,Oregon,Indiana,away,canon,fumbles_lost,2,0,-2,2,kneel_accounting
401769076,2025,1,postseason,Miami,Indiana,away,canon,pass_attempts,32,31,-1,1,sack_accounting
401769076,2025,1,postseason,Miami,Indiana,away,canon,rush_attempts,21,22,1,1,sack_accounting
401769076,2025,1,postseason,Miami,Indiana,away,canon,turnovers,1,0,-1,1,kneel_accounting
401769076,2025,1,postseason,Miami,Indiana,away,canon,interceptions,1,0,-1,1,kneel_accounting
401756846,2025,1,regular,Kansas State,Iowa State,home,canon,total_plays,57,56,-1,1,sack_accounting
401756846,2025,1,regular,Kansas State,Iowa State,home,canon,total_yards,383,356.0,-27.0,27.0,sack_accounting
401756846,2025,1,regular,Kansas State,Iowa State,home,canon,rush_attempts,27,26,-1,1,sack_accounting
401756846,2025,1,regular,Kansas State,Iowa State,home,canon,rush_yards,110,83.0,-27.0,27.0,sack_accounting
401756846,2025,1,regular,Kansas State,Iowa State,home,canon,turnovers,2,1,-1,1,no_play_penalty
401756846,2025,1,regular,Kansas State,Iowa State,home,canon,fumbles_lost,2,1,-1,1,no_play_penalty
401756846,2025,1,regular,Iowa State,Kansas State,away,canon,total_plays,74,73,-1,1,sack_accounting
401756846,2025,1,regular,Iowa State,Kansas State,away,canon,total_yards,313,319.0,6.0,6.0,sack_accounting
401756846,2025,1,regular,Iowa State,Kansas State,away,canon,rush_attempts,46,45,-1,1,sack_accounting
401756846,2025,1,regular,Iowa State,Kansas State,away,canon,rush_yards,130,136.0,6.0,6.0,sack_accounting
401756846,2025,1,regular,Iowa State,Kansas State,away,canon,turnovers,2,0,-2,2,no_play_penalty
401756846,2025,1,regular,Iowa State,Kansas State,away,canon,fumbles_lost,2,0,-2,2,no_play_penalty
401756847,2025,1,regular,Kansas,Fresno State,home,canon,total_plays,58,64,6,6,fumble_or_safety_swallows_scrimmage_type
401756847,2025,1,regular,Kansas,Fresno State,home,canon,total_yards,383,458.0,75.0,75.0,fumble_or_safety_swallows_scrimmage_type
401756847,2025,1,regular,Kansas,Fresno State,home,canon,pass_attempts,20,22,2,2,fumble_or_safety_swallows_scrimmage_type
401756847,2025,1,regular,Kansas,Fresno State,home,canon,net_pass_yards,176,216.0,40.0,40.0,fumble_or_safety_swallows_scrimmage_type
401756847,2025,1,regular,Kansas,Fresno State,home,canon,rush_attempts,38,42,4,4,fumble_or_safety_swallows_scrimmage_type
401756847,2025,1,regular,Kansas,Fresno State,home,canon,rush_yards,207,242.0,35.0,35.0,fumble_or_safety_swallows_scrimmage_type
401756847,2025,1,regular,Kansas,Fresno State,home,canon,turnovers,0,1,1,1,accepted_or_declined_penalty
401756847,2025,1,regular,Kansas,Fresno State,home,canon,fumbles_lost,0,1,1,1,accepted_or_declined_penalty
401756847,2025,1,regular,Fresno State,Kansas,away,canon,turnovers,3,2,-1,1,accepted_or_declined_penalty
401756847,2025,1,regular,Fresno State,Kansas,away,canon,fumbles_lost,1,0,-1,1,accepted_or_declined_penalty
401756847,2025,1,regular,Fresno State,Kansas,away,canon,third_down_attempts,15,14,-1,1,accepted_or_declined_penalty
401757218,2025,1,regular,Western Kentucky,Sam Houston,home,canon,total_plays,86,84,-2,2,duplicate_plays
401757218,2025,1,regular,Western Kentucky,Sam Houston,home,canon,total_yards,506,515.0,9.0,9.0,duplicate_plays
401757218,2025,1,regular,Western Kentucky,Sam Houston,home,canon,completions,33,32,-1,1,duplicate_plays
401757218,2025,1,regular,Western Kentucky,Sam Houston,home,canon,net_pass_yards,401,405.0,4.0,4.0,duplicate_plays
401757218,2025,1,regular,Western Kentucky,Sam Houston,home,canon,rush_attempts,35,33,-2,2,duplicate_plays
401757218,2025,1,regular,Western Kentucky,Sam Houston,home,canon,rush_yards,105,110.0,5.0,5.0,duplicate_plays
401757218,2025,1,regular,Western Kentucky,Sam Houston,home,canon,turnovers,2,1,-1,1,no_play_penalty
401757218,2025,1,regular,Western Kentucky,Sam Houston,home,canon,fumbles_lost,2,1,-1,1,no_play_penalty
401757218,2025,1,regular,Western Kentucky,Sam Houston,home,canon,third_down_attempts,19,18,-1,1,no_play_penalty
401757218,2025,1,regular,Western Kentucky,Sam Houston,home,canon,fourth_down_attempts,1,2,1,1,no_play_penalty
401757218,2025,1,regular,Sam Houston,Western Kentucky,away,canon,total_yards,382,394.0,12.0,12.0,duplicate_plays
401757218,2025,1,regular,Sam Houston,Western Kentucky,away,canon,net_pass_yards,209,219.0,10.0,10.0,duplicate_plays
401757218,2025,1,regular,Sam Houston,Western Kentucky,away,canon,rush_yards,173,175.0,2.0,2.0,duplicate_plays
401757218,2025,1,regular,Sam Houston,Western Kentucky,away,canon,third_down_attempts,14,13,-1,1,no_play_penalty
401757218,2025,1,regular,Sam Houston,Western Kentucky,away,canon,fourth_down_attempts,3,4,1,1,no_play_penalty
401754516,2025,1,regular,Hawai'i,Stanford,home,canon,total_yards,306,347.0,41.0,41.0,sack_accounting
401754516,2025,1,regular,Hawai'i,Stanford,home,canon,net_pass_yards,210,240.0,30.0,30.0,sack_accounting
401754516,2025,1,regular,Hawai'i,Stanford,home,canon,rush_yards,96,107.0,11.0,11.0,sack_accounting
401754516,2025,1,regular,Hawai'i,Stanford,home,canon,turnovers,1,0,-1,1,accepted_or_declined_penalty
401754516,2025,1,regular,Hawai'i,Stanford,home,canon,fumbles_lost,1,0,-1,1,accepted_or_declined_penalty
401754516,2025,1,regular,Stanford,Hawai'i,away,canon,total_plays,73,76,3,3,sack_accounting
401754516,2025,1,regular,Stanford,Hawai'i,away,canon,total_yards,286,326.0,40.0,40.0,sack_accounting
401754516,2025,1,regular,Stanford,Hawai'i,away,canon,pass_attempts,30,32,2,2,sack_accounting
401754516,2025,1,regular,Stanford,Hawai'i,away,canon,net_pass_yards,109,119.0,10.0,10.0,sack_accounting
401754516,2025,1,regular,Stanford,Hawai'i,away,canon,rush_attempts,43,44,1,1,sack_accounting
401754516,2025,1,regular,Stanford,Hawai'i,away,canon,rush_yards,177,207.0,30.0,30.0,sack_accounting
401754516,2025,1,regular,Stanford,Hawai'i,away,canon,turnovers,1,2,1,1,accepted_or_declined_penalty
401754516,2025,1,regular,Stanford,Hawai'i,away,canon,fumbles_lost,0,1,1,1,accepted_or_declined_penalty
401754516,2025,1,regular,Stanford,Hawai'i,away,canon,third_down_attempts,17,19,2,2,accepted_or_declined_penalty
401754516,2025,1,regular,Stanford,Hawai'i,away,canon,third_down_conversions,8,9,1,1,accepted_or_declined_penalty
401762522,2025,1,regular,South Florida,Boise State,home,canon,total_yards,372,387.0,15.0,15.0,fumble_or_safety_swallows_scrimmage_type
401762522,2025,1,regular,South Florida,Boise State,home,canon,rush_yards,117,132.0,15.0,15.0,fumble_or_safety_swallows_scrimmage_type
401762522,2025,1,regular,South Florida,Boise State,home,canon,third_down_conversions,5,6,1,1,no_play_penalty
401762522,2025,1,regular,Boise State,South Florida,away,canon,total_plays,86,83,-3,3,fumble_or_safety_swallows_scrimmage_type
401762522,2025,1,regular,Boise State,South Florida,away,canon,total_yards,378,400.0,22.0,22.0,fumble_or_safety_swallows_scrimmage_type
401762522,2025,1,regular,Boise State,South Florida,away,canon,net_pass_yards,256,267.0,11.0,11.0,fumble_or_safety_swallows_scrimmage_type
401762522,2025,1,regular,Boise State,South Florida,away,canon,rush_attempts,38,35,-3,3,fumble_or_safety_swallows_scrimmage_type
401762522,2025,1,regular,Boise State,South Florida,away,canon,rush_yards,122,133.0,11.0,11.0,fumble_or_safety_swallows_scrimmage_type
401762522,2025,1,regular,Boise State,South Florida,away,canon,third_down_attempts,17,16,-1,1,no_play_penalty
401762522,2025,1,regular,Boise State,South Florida,away,canon,fourth_down_attempts,6,5,-1,1,no_play_penalty
401752794,2025,1,regular,Rutgers,Ohio,home,canon,points,34,37,3,3,no_play_penalty
401752794,2025,1,regular,Rutgers,Ohio,home,canon,total_plays,60,80,20,20,sack_accounting
401752794,2025,1,regular,Rutgers,Ohio,home,canon,total_yards,399,527.0,128.0,128.0,sack_accounting
401752794,2025,1,regular,Rutgers,Ohio,home,canon,pass_attempts,23,34,11,11,sack_accounting
401752794,2025,1,regular,Rutgers,Ohio,home,canon,completions,18,24,6,6,no_play_penalty
401752794,2025,1,regular,Rutgers,Ohio,home,canon,net_pass_yards,252,331.0,79.0,79.0,sack_accounting
401752794,2025,1,regular,Rutgers,Ohio,home,canon,rush_attempts,37,46,9,9,sack_accounting
401752794,2025,1,regular,Rutgers,Ohio,home,canon,rush_yards,147,196.0,49.0,49.0,sack_accounting
401752794,2025,1,regular,Rutgers,Ohio,home,canon,third_down_attempts,10,13,3,3,no_play_penalty
401752794,2025,1,regular,Rutgers,Ohio,home,canon,third_down_conversions,1,2,1,1,no_play_penalty
401752794,2025,1,regular,Rutgers,Ohio,home,canon,fourth_down_attempts,5,7,2,2,no_play_penalty
401752794,2025,1,regular,Rutgers,Ohio,home,canon,fourth_down_conversions,5,7,2,2,no_play_penalty
401752794,2025,1,regular,Ohio,Rutgers,away,canon,total_plays,62,83,21,21,sack_accounting
401752794,2025,1,regular,Ohio,Rutgers,away,canon,total_yards,440,541.0,101.0,101.0,sack_accounting
401752794,2025,1,regular,Ohio,Rutgers,away,canon,pass_attempts,31,44,13,13,sack_accounting
401752794,2025,1,regular,Ohio,Rutgers,away,canon,completions,21,27,6,6,no_play_penalty
401752794,2025,1,regular,Ohio,Rutgers,away,canon,net_pass_yards,239,309.0,70.0,70.0,sack_accounting
401752794,2025,1,regular,Ohio,Rutgers,away,canon,rush_attempts,31,39,8,8,sack_accounting
401752794,2025,1,regular,Ohio,Rutgers,away,canon,rush_yards,201,232.0,31.0,31.0,sack_accounting
401752794,2025,1,regular,Ohio,Rutgers,away,canon,third_down_attempts,10,16,6,6,no_play_penalty
401752794,2025,1,regular,Ohio,Rutgers,away,canon,third_down_conversions,5,7,2,2,no_play_penalty
401754373,2025,1,regular,NC State,East Carolina,home,canon,total_plays,70,68,-2,2,sack_accounting
401754373,2025,1,regular,NC State,East Carolina,home,canon,total_yards,423,413.0,-10.0,10.0,sack_accounting
401754373,2025,1,regular,NC State,East Carolina,home,canon,pass_attempts,34,33,-1,1,sack_accounting
401754373,2025,1,regular,NC State,East Carolina,home,canon,rush_attempts,36,35,-1,1,sack_accounting
401754373,2025,1,regular,NC State,East Carolina,home,canon,rush_yards,105,95.0,-10.0,10.0,sack_accounting
401754373,2025,1,regular,East Carolina,NC State,away,canon,total_yards,413,446.0,33.0,33.0,sack_accounting
401754373,2025,1,regular,East Carolina,NC State,away,canon,net_pass_yards,383,416.0,33.0,33.0,sack_accounting
401762789,2025,1,regular,Akron,Wyoming,home,canon,total_plays,66,68,2,2,sack_accounting
401762789,2025,1,regular,Akron,Wyoming,home,canon,total_yards,228,213.0,-15.0,15.0,sack_accounting
401762789,2025,1,regular,Akron,Wyoming,home,canon,pass_attempts,38,39,1,1,sack_accounting
401762789,2025,1,regular,Akron,Wyoming,home,canon,completions,16,17,1,1,accepted_or_declined_penalty
401762789,2025,1,regular,Akron,Wyoming,home,canon,net_pass_yards,139,134.0,-5.0,5.0,sack_accounting
401762789,2025,1,regular,Akron,Wyoming,home,canon,rush_attempts,28,29,1,1,sack_accounting
401762789,2025,1,regular,Akron,Wyoming,home,canon,rush_yards,89,79.0,-10.0,10.0,sack_accounting
401762789,2025,1,regular,Akron,Wyoming,home,canon,third_down_attempts,15,16,1,1,accepted_or_declined_penalty
401762789,2025,1,regular,Wyoming,Akron,away,canon,total_plays,75,77,2,2,sack_accounting
401762789,2025,1,regular,Wyoming,Akron,away,canon,total_yards,426,430.0,4.0,4.0,sack_accounting
401762789,2025,1,regular,Wyoming,Akron,away,canon,pass_attempts,36,37,1,1,sack_accounting
401762789,2025,1,regular,Wyoming,Akron,away,canon,completions,19,20,1,1,accepted_or_declined_penalty
401762789,2025,1,regular,Wyoming,Akron,away,canon,net_pass_yards,260,255.0,-5.0,5.0,sack_accounting
401762789,2025,1,regular,Wyoming,Akron,away,canon,rush_attempts,39,40,1,1,sack_accounting
401762789,2025,1,regular,Wyoming,Akron,away,canon,rush_yards,166,175.0,9.0,9.0,sack_accounting
401762789,2025,1,regular,Wyoming,Akron,away,canon,turnovers,1,0,-1,1,accepted_or_declined_penalty
401762789,2025,1,regular,Wyoming,Akron,away,canon,interceptions,1,0,-1,1,accepted_or_declined_penalty
401756848,2025,1,regular,UCF,Jacksonville State,home,canon,total_plays,69,67,-2,2,duplicate_plays
401756848,2025,1,regular,UCF,Jacksonville State,home,canon,total_yards,424,469.0,45.0,45.0,duplicate_plays
401756848,2025,1,regular,UCF,Jacksonville State,home,canon,net_pass_yards,314,322.0,8.0,8.0,duplicate_plays
401756848,2025,1,regular,UCF,Jacksonville State,home,canon,rush_attempts,36,34,-2,2,duplicate_plays
401756848,2025,1,regular,UCF,Jacksonville State,home,canon,rush_yards,110,147.0,37.0,37.0,duplicate_plays
401756848,2025,1,regular,Jacksonville State,UCF,away,canon,total_plays,69,67,-2,2,duplicate_plays
401756848,2025,1,regular,Jacksonville State,UCF,away,canon,total_yards,322,320.0,-2.0,2.0,duplicate_plays
401756848,2025,1,regular,Jacksonville State,UCF,away,canon,pass_attempts,30,29,-1,1,duplicate_plays
401756848,2025,1,regular,Jacksonville State,UCF,away,canon,rush_attempts,39,38,-1,1,duplicate_plays
401756848,2025,1,regular,Jacksonville State,UCF,away,canon,rush_yards,165,163.0,-2.0,2.0,duplicate_plays
401756848,2025,1,regular,Jacksonville State,UCF,away,canon,turnovers,1,0,-1,1,kneel_accounting
401756848,2025,1,regular,Jacksonville State,UCF,away,canon,interceptions,1,0,-1,1,kneel_accounting
401756848,2025,1,regular,Jacksonville State,UCF,away,canon,fourth_down_attempts,6,5,-1,1,kneel_accounting
401752793,2025,1,regular,Minnesota,Buffalo,home,canon,total_plays,79,77,-2,2,sack_accounting
401752793,2025,1,regular,Minnesota,Buffalo,home,canon,total_yards,443,474.0,31.0,31.0,sack_accounting
401752793,2025,1,regular,Minnesota,Buffalo,home,canon,pass_attempts,35,34,-1,1,sack_accounting
401752793,2025,1,regular,Minnesota,Buffalo,home,canon,completions,19,21,2,2,no_play_penalty
401752793,2025,1,regular,Minnesota,Buffalo,home,canon,net_pass_yards,290,324.0,34.0,34.0,sack_accounting
401752793,2025,1,regular,Minnesota,Buffalo,home,canon,rush_attempts,44,43,-1,1,sack_accounting
401752793,2025,1,regular,Minnesota,Buffalo,home,canon,rush_yards,153,150.0,-3.0,3.0,sack_accounting
401752793,2025,1,regular,Minnesota,Buffalo,home,canon,third_down_conversions,9,12,3,3,no_play_penalty
401752793,2025,1,regular,Buffalo,Minnesota,away,canon,total_plays,44,43,-1,1,duplicate_plays
401752793,2025,1,regular,Buffalo,Minnesota,away,canon,total_yards,151,164.0,13.0,13.0,duplicate_plays
401752793,2025,1,regular,Buffalo,Minnesota,away,canon,net_pass_yards,107,117.0,10.0,10.0,duplicate_plays
401752793,2025,1,regular,Buffalo,Minnesota,away,canon,rush_attempts,24,23,-1,1,duplicate_plays
401752793,2025,1,regular,Buffalo,Minnesota,away,canon,rush_yards,44,47.0,3.0,3.0,duplicate_plays
401752793,2025,1,regular,Buffalo,Minnesota,away,canon,turnovers,1,0,-1,1,no_play_penalty
401752793,2025,1,regular,Buffalo,Minnesota,away,canon,fumbles_lost,1,0,-1,1,no_play_penalty
401752793,2025,1,regular,Buffalo,Minnesota,away,canon,third_down_attempts,11,10,-1,1,no_play_penalty
401752796,2025,1,regular,Cincinnati,Nebraska,home,canon,total_plays,54,55,1,1,fumble_or_safety_swallows_scrimmage_type
401752796,2025,1,regular,Cincinnati,Nebraska,home,canon,total_yards,271,285.0,14.0,14.0,fumble_or_safety_swallows_scrimmage_type
401752796,2025,1,regular,Cincinnati,Nebraska,home,canon,net_pass_yards,69,83.0,14.0,14.0,fumble_or_safety_swallows_scrimmage_type
401752796,2025,1,regular,Cincinnati,Nebraska,home,canon,rush_attempts,29,30,1,1,fumble_or_safety_swallows_scrimmage_type
401752796,2025,1,regular,Cincinnati,Nebraska,home,canon,turnovers,2,0,-2,2,no_play_penalty
401752796,2025,1,regular,Cincinnati,Nebraska,home,canon,interceptions,1,0,-1,1,no_play_penalty
401752796,2025,1,regular,Cincinnati,Nebraska,home,canon,fumbles_lost,1,0,-1,1,no_play_penalty
401752796,2025,1,regular,Nebraska,Cincinnati,away,canon,total_plays,77,76,-1,1,fumble_or_safety_swallows_scrimmage_type
401752796,2025,1,regular,Nebraska,Cincinnati,away,canon,total_yards,356,354.0,-2.0,2.0,fumble_or_safety_swallows_scrimmage_type
401752796,2025,1,regular,Nebraska,Cincinnati,away,canon,net_pass_yards,243,247.0,4.0,4.0,fumble_or_safety_swallows_scrimmage_type
401752796,2025,1,regular,Nebraska,Cincinnati,away,canon,rush_attempts,35,34,-1,1,fumble_or_safety_swallows_scrimmage_type
401752796,2025,1,regular,Nebraska,Cincinnati,away,canon,rush_yards,113,107.0,-6.0,6.0,fumble_or_safety_swallows_scrimmage_type
401752796,2025,1,regular,Nebraska,Cincinnati,away,canon,third_down_attempts,18,17,-1,1,no_play_penalty
401762791,2025,1,regular,Miami (OH),Wisconsin,away,canon,total_plays,40,38,-2,2,duplicate_plays
401762791,2025,1,regular,Miami (OH),Wisconsin,away,canon,pass_attempts,18,17,-1,1,duplicate_plays
401762791,2025,1,regular,Miami (OH),Wisconsin,away,canon,rush_attempts,22,21,-1,1,duplicate_plays
401762791,2025,1,regular,Miami (OH),Wisconsin,away,canon,turnovers,2,0,-2,2,no_play_penalty
401762791,2025,1,regular,Miami (OH),Wisconsin,away,canon,interceptions,2,0,-2,2,no_play_penalty
401754374,2025,1,regular,Wake Forest,Kennesaw State,home,canon,total_plays,75,73,-2,2,sack_accounting
401754374,2025,1,regular,Wake Forest,Kennesaw State,home,canon,total_yards,348,353.0,5.0,5.0,sack_accounting
401754374,2025,1,regular,Wake Forest,Kennesaw State,home,canon,pass_attempts,28,27,-1,1,sack_accounting
401754374,2025,1,regular,Wake Forest,Kennesaw State,home,canon,completions,20,19,-1,1,kneel_accounting
401754374,2025,1,regular,Wake Forest,Kennesaw State,home,canon,net_pass_yards,218,226.0,8.0,8.0,sack_accounting
401754374,2025,1,regular,Wake Forest,Kennesaw State,home,canon,rush_attempts,47,46,-1,1,sack_accounting
401754374,2025,1,regular,Wake Forest,Kennesaw State,home,canon,rush_yards,130,127.0,-3.0,3.0,sack_accounting
401754374,2025,1,regular,Wake Forest,Kennesaw State,home,canon,third_down_attempts,17,16,-1,1,kneel_accounting
401754374,2025,1,regular,Kennesaw State,Wake Forest,away,canon,total_plays,76,73,-3,3,duplicate_plays
401754374,2025,1,regular,Kennesaw State,Wake Forest,away,canon,total_yards,307,309.0,2.0,2.0,duplicate_plays
401754374,2025,1,regular,Kennesaw State,Wake Forest,away,canon,pass_attempts,33,34,1,1,duplicate_plays
401754374,2025,1,regular,Kennesaw State,Wake Forest,away,canon,rush_attempts,43,39,-4,4,duplicate_plays
401754374,2025,1,regular,Kennesaw State,Wake Forest,away,canon,rush_yards,158,160.0,2.0,2.0,duplicate_plays
401754374,2025,1,regular,Kennesaw State,Wake Forest,away,canon,fourth_down_attempts,2,3,1,1,kneel_accounting
401761589,2025,1,regular,Charlotte,App State,home,canon,total_plays,54,60,6,6,fumble_or_safety_swallows_scrimmage_type
401761589,2025,1,regular,Charlotte,App State,home,canon,total_yards,218,180.0,-38.0,38.0,fumble_or_safety_swallows_scrimmage_type
401761589,2025,1,regular,Charlotte,App State,home,canon,pass_attempts,25,29,4,4,fumble_or_safety_swallows_scrimmage_type
401761589,2025,1,regular,Charlotte,App State,home,canon,completions,13,16,3,3,accepted_or_declined_penalty
401761589,2025,1,regular,Charlotte,App State,home,canon,net_pass_yards,142,96.0,-46.0,46.0,fumble_or_safety_swallows_scrimmage_type
401761589,2025,1,regular,Charlotte,App State,home,canon,rush_attempts,29,31,2,2,fumble_or_safety_swallows_scrimmage_type
401761589,2025,1,regular,Charlotte,App State,home,canon,rush_yards,76,84.0,8.0,8.0,fumble_or_safety_swallows_scrimmage_type
401761589,2025,1,regular,Charlotte,App State,home,canon,turnovers,2,1,-1,1,accepted_or_declined_penalty
401761589,2025,1,regular,Charlotte,App State,home,canon,fumbles_lost,1,0,-1,1,accepted_or_declined_penalty
401761589,2025,1,regular,Charlotte,App State,home,canon,fourth_down_attempts,2,3,1,1,accepted_or_declined_penalty
401761589,2025,1,regular,Charlotte,App State,home,canon,fourth_down_conversions,2,3,1,1,accepted_or_declined_penalty
401761589,2025,1,regular,App State,Charlotte,away,canon,total_plays,88,90,2,2,duplicate_plays
401761589,2025,1,regular,App State,Charlotte,away,canon,total_yards,586,536.0,-50.0,50.0,duplicate_plays
401761589,2025,1,regular,App State,Charlotte,away,canon,completions,33,31,-2,2,duplicate_plays
401761589,2025,1,regular,App State,Charlotte,away,canon,net_pass_yards,404,374.0,-30.0,30.0,duplicate_plays
401761589,2025,1,regular,App State,Charlotte,away,canon,rush_attempts,38,40,2,2,duplicate_plays
401761589,2025,1,regular,App State,Charlotte,away,canon,rush_yards,182,162.0,-20.0,20.0,duplicate_plays
401761589,2025,1,regular,App State,Charlotte,away,canon,third_down_attempts,15,17,2,2,accepted_or_declined_penalty
401761589,2025,1,regular,App State,Charlotte,away,canon,third_down_conversions,7,8,1,1,accepted_or_declined_penalty
401761589,2025,1,regular,App State,Charlotte,away,canon,fourth_down_attempts,2,1,-1,1,accepted_or_declined_penalty
401761589,2025,1,regular,App State,Charlotte,away,canon,fourth_down_conversions,2,1,-1,1,accepted_or_declined_penalty
401752802,2025,1,regular,Michigan State,Western Michigan,home,canon,total_plays,68,69,1,1,fumble_or_safety_swallows_scrimmage_type
401752802,2025,1,regular,Michigan State,Western Michigan,home,canon,total_yards,336,352.0,16.0,16.0,fumble_or_safety_swallows_scrimmage_type
401752802,2025,1,regular,Michigan State,Western Michigan,home,canon,pass_attempts,24,25,1,1,fumble_or_safety_swallows_scrimmage_type
401752802,2025,1,regular,Michigan State,Western Michigan,home,canon,net_pass_yards,155,171.0,16.0,16.0,fumble_or_safety_swallows_scrimmage_type
401752802,2025,1,regular,Michigan State,Western Michigan,home,canon,turnovers,2,1,-1,1,accepted_or_declined_penalty
401752802,2025,1,regular,Michigan State,Western Michigan,home,canon,fumbles_lost,1,0,-1,1,accepted_or_declined_penalty
401752802,2025,1,regular,Michigan State,Western Michigan,home,canon,third_down_conversions,4,5,1,1,accepted_or_declined_penalty
401752802,2025,1,regular,Western Michigan,Michigan State,away,canon,total_yards,217,156.0,-61.0,61.0,fumble_or_safety_swallows_scrimmage_type
401752802,2025,1,regular,Western Michigan,Michigan State,away,canon,pass_attempts,33,34,1,1,fumble_or_safety_swallows_scrimmage_type
401752802,2025,1,regular,Western Michigan,Michigan State,away,canon,net_pass_yards,188,126.0,-62.0,62.0,fumble_or_safety_swallows_scrimmage_type
401752802,2025,1,regular,Western Michigan,Michigan State,away,canon,rush_attempts,24,23,-1,1,fumble_or_safety_swallows_scrimmage_type
401752802,2025,1,regular,Western Michigan,Michigan State,away,canon,rush_yards,29,30.0,1.0,1.0,fumble_or_safety_swallows_scrimmage_type
401752802,2025,1,regular,Western Michigan,Michigan State,away,canon,third_down_attempts,14,13,-1,1,accepted_or_declined_penalty
401754375,2025,1,regular,Colorado,Georgia Tech,home,canon,total_plays,60,59,-1,1,duplicate_plays
401754375,2025,1,regular,Colorado,Georgia Tech,home,canon,total_yards,305,311.0,6.0,6.0,duplicate_plays
401754375,2025,1,regular,Colorado,Georgia Tech,home,canon,net_pass_yards,159,175.0,16.0,16.0,duplicate_plays
401754375,2025,1,regular,Colorado,Georgia Tech,home,canon,rush_attempts,31,30,-1,1,duplicate_plays
401754375,2025,1,regular,Colorado,Georgia Tech,home,canon,rush_yards,146,136.0,-10.0,10.0,duplicate_plays
401754375,2025,1,regular,Georgia Tech,Colorado,away,canon,total_plays,68,65,-3,3,duplicate_plays
401754375,2025,1,regular,Georgia Tech,Colorado,away,canon,total_yards,463,466.0,3.0,3.0,duplicate_plays
401754375,2025,1,regular,Georgia Tech,Colorado,away,canon,pass_attempts,21,20,-1,1,duplicate_plays
401754375,2025,1,regular,Georgia Tech,Colorado,away,canon,net_pass_yards,143,144.0,1.0,1.0,duplicate_plays
401754375,2025,1,regular,Georgia Tech,Colorado,away,canon,rush_attempts,47,45,-2,2,duplicate_plays
401754375,2025,1,regular,Georgia Tech,Colorado,away,canon,rush_yards,320,322.0,2.0,2.0,duplicate_plays
401754375,2025,1,regular,Georgia Tech,Colorado,away,canon,turnovers,3,2,-1,1,no_play_penalty
401754375,2025,1,regular,Georgia Tech,Colorado,away,canon,interceptions,1,0,-1,1,no_play_penalty
401754375,2025,1,regular,Georgia Tech,Colorado,away,canon,third_down_conversions,6,7,1,1,no_play_penalty
401752667,2025,1,regular,Baylor,Auburn,home,canon,total_plays,72,71,-1,1,fumble_or_safety_swallows_scrimmage_type
401752667,2025,1,regular,Baylor,Auburn,home,canon,total_yards,483,482.0,-1.0,1.0,fumble_or_safety_swallows_scrimmage_type
401752667,2025,1,regular,Baylor,Auburn,home,canon,net_pass_yards,419,420.0,1.0,1.0,fumble_or_safety_swallows_scrimmage_type
401752667,2025,1,regular,Baylor,Auburn,home,canon,rush_attempts,24,23,-1,1,fumble_or_safety_swallows_scrimmage_type
401752667,2025,1,regular,Baylor,Auburn,home,canon,rush_yards,64,62.0,-2.0,2.0,fumble_or_safety_swallows_scrimmage_type
401752667,2025,1,regular,Baylor,Auburn,home,canon,third_down_conversions,5,6,1,1,no_play_penalty
401752667,2025,1,regular,Auburn,Baylor,away,canon,total_plays,69,70,1,1,duplicate_plays
401752667,2025,1,regular,Auburn,Baylor,away,canon,total_yards,415,407.0,-8.0,8.0,duplicate_plays
401752667,2025,1,regular,Auburn,Baylor,away,canon,net_pass_yards,108,111.0,3.0,3.0,duplicate_plays
401752667,2025,1,regular,Auburn,Baylor,away,canon,rush_attempts,52,53,1,1,duplicate_plays
401752667,2025,1,regular,Auburn,Baylor,away,canon,rush_yards,307,296.0,-11.0,11.0,duplicate_plays
401757224,2025,1,regular,Sam Houston,UNLV,home,canon,total_plays,70,78,8,8,duplicate_plays
401757224,2025,1,regular,Sam Houston,UNLV,home,canon,total_yards,332,193.0,-139.0,139.0,duplicate_plays
401757224,2025,1,regular,Sam Houston,UNLV,home,canon,pass_attempts,35,41,6,6,duplicate_plays
401757224,2025,1,regular,Sam Houston,UNLV,home,canon,completions,19,21,2,2,duplicate_plays
401757224,2025,1,regular,Sam Houston,UNLV,home,canon,net_pass_yards,187,172.0,-15.0,15.0,duplicate_plays
401757224,2025,1,regular,Sam Houston,UNLV,home,canon,rush_attempts,35,37,2,2,duplicate_plays
401757224,2025,1,regular,Sam Houston,UNLV,home,canon,rush_yards,145,21.0,-124.0,124.0,duplicate_plays
401757224,2025,1,regular,Sam Houston,UNLV,home,canon,turnovers,1,2,1,1,accepted_or_declined_penalty
401757224,2025,1,regular,Sam Houston,UNLV,home,canon,interceptions,1,2,1,1,accepted_or_declined_penalty
401757224,2025,1,regular,Sam Houston,UNLV,home,canon,third_down_attempts,12,14,2,2,accepted_or_declined_penalty
401757224,2025,1,regular,Sam Houston,UNLV,home,canon,third_down_conversions,1,3,2,2,accepted_or_declined_penalty
401757224,2025,1,regular,UNLV,Sam Houston,away,canon,points,38,42,4,4,accepted_or_declined_penalty
401757224,2025,1,regular,UNLV,Sam Houston,away,canon,total_yards,404,390.0,-14.0,14.0,fumble_or_safety_swallows_scrimmage_type
401757224,2025,1,regular,UNLV,Sam Houston,away,canon,pass_attempts,23,24,1,1,fumble_or_safety_swallows_scrimmage_type
401757224,2025,1,regular,UNLV,Sam Houston,away,canon,net_pass_yards,249,240.0,-9.0,9.0,fumble_or_safety_swallows_scrimmage_type
401757224,2025,1,regular,UNLV,Sam Houston,away,canon,rush_attempts,33,32,-1,1,fumble_or_safety_swallows_scrimmage_type
401757224,2025,1,regular,UNLV,Sam Houston,away,canon,rush_yards,155,150.0,-5.0,5.0,fumble_or_safety_swallows_scrimmage_type
401757224,2025,1,regular,UNLV,Sam Houston,away,canon,third_down_attempts,9,8,-1,1,accepted_or_declined_penalty
401757224,2025,1,regular,UNLV,Sam Houston,away,canon,third_down_conversions,5,4,-1,1,accepted_or_declined_penalty
401760358,2025,1,regular,San José State,Central Michigan,home,canon,total_plays,67,68,1,1,fumble_or_safety_swallows_scrimmage_type
401760358,2025,1,regular,San José State,Central Michigan,home,canon,total_yards,383,376.0,-7.0,7.0,fumble_or_safety_swallows_scrimmage_type
401760358,2025,1,regular,San José State,Central Michigan,home,canon,pass_attempts,43,45,2,2,fumble_or_safety_swallows_scrimmage_type
401760358,2025,1,regular,San José State,Central Michigan,home,canon,rush_attempts,24,23,-1,1,fumble_or_safety_swallows_scrimmage_type
401760358,2025,1,regular,San José State,Central Michigan,home,canon,rush_yards,75,68.0,-7.0,7.0,fumble_or_safety_swallows_scrimmage_type
401760358,2025,1,regular,San José State,Central Michigan,home,canon,turnovers,3,1,-2,2,spike_accounting
401760358,2025,1,regular,San José State,Central Michigan,home,canon,interceptions,2,1,-1,1,spike_accounting
401760358,2025,1,regular,San José State,Central Michigan,home,canon,fumbles_lost,1,0,-1,1,spike_accounting
401760358,2025,1,regular,Central Michigan,San José State,away,canon,total_yards,362,371.0,9.0,9.0,fumble_or_safety_swallows_scrimmage_type
401760358,2025,1,regular,Central Michigan,San José State,away,canon,rush_yards,247,256.0,9.0,9.0,fumble_or_safety_swallows_scrimmage_type
401752677,2025,1,regular,Texas,Ohio State,away,canon,total_plays,67,66,-1,1,duplicate_plays
401752677,2025,1,regular,Texas,Ohio State,away,canon,total_yards,336,337.0,1.0,1.0,duplicate_plays
401752677,2025,1,regular,Texas,Ohio State,away,canon,net_pass_yards,170,176.0,6.0,6.0,duplicate_plays
401752677,2025,1,regular,Texas,Ohio State,away,canon,rush_attempts,37,36,-1,1,duplicate_plays
401752677,2025,1,regular,Texas,Ohio State,away,canon,rush_yards,166,161.0,-5.0,5.0,duplicate_plays
401752677,2025,1,regular,Texas,Ohio State,away,canon,turnovers,1,2,1,1,no_play_penalty
401752677,2025,1,regular,Texas,Ohio State,away,canon,interceptions,1,2,1,1,no_play_penalty
401752677,2025,1,regular,Texas,Ohio State,away,canon,fourth_down_attempts,5,6,1,1,no_play_penalty
401752676,2025,1,regular,Tennessee,Syracuse,home,canon,total_yards,493,478.0,-15.0,15.0,fumble_or_safety_swallows_scrimmage_type
401752676,2025,1,regular,Tennessee,Syracuse,home,canon,rush_yards,246,231.0,-15.0,15.0,fumble_or_safety_swallows_scrimmage_type
401752676,2025,1,regular,Syracuse,Tennessee,away,canon,total_plays,84,82,-2,2,fumble_or_safety_swallows_scrimmage_type
401752676,2025,1,regular,Syracuse,Tennessee,away,canon,total_yards,377,383.0,6.0,6.0,fumble_or_safety_swallows_scrimmage_type
401752676,2025,1,regular,Syracuse,Tennessee,away,canon,pass_attempts,40,39,-1,1,fumble_or_safety_swallows_scrimmage_type
401752676,2025,1,regular,Syracuse,Tennessee,away,canon,rush_attempts,44,43,-1,1,fumble_or_safety_swallows_scrimmage_type
401752676,2025,1,regular,Syracuse,Tennessee,away,canon,rush_yards,103,109.0,6.0,6.0,fumble_or_safety_swallows_scrimmage_type
401752676,2025,1,regular,Syracuse,Tennessee,away,canon,turnovers,2,1,-1,1,accepted_or_declined_penalty
401752676,2025,1,regular,Syracuse,Tennessee,away,canon,fumbles_lost,1,0,-1,1,accepted_or_declined_penalty
401752673,2025,1,regular,Southern Miss,Mississippi State,home,canon,total_plays,74,72,-2,2,duplicate_plays
401752673,2025,1,regular,Southern Miss,Mississippi State,home,canon,total_yards,301,296.0,-5.0,5.0,duplicate_plays
401752673,2025,1,regular,Southern Miss,Mississippi State,home,canon,pass_attempts,39,37,-2,2,duplicate_plays
401752673,2025,1,regular,Southern Miss,Mississippi State,home,canon,completions,26,24,-2,2,duplicate_plays
401752673,2025,1,regular,Southern Miss,Mississippi State,home,canon,net_pass_yards,199,194.0,-5.0,5.0,duplicate_plays
401752673,2025,1,regular,Southern Miss,Mississippi State,home,canon,third_down_attempts,19,18,-1,1,kneel_accounting
401752673,2025,1,regular,Mississippi State,Southern Miss,away,canon,total_plays,79,75,-4,4,fumble_or_safety_swallows_scrimmage_type
401752673,2025,1,regular,Mississippi State,Southern Miss,away,canon,total_yards,465,450.0,-15.0,15.0,fumble_or_safety_swallows_scrimmage_type
401752673,2025,1,regular,Mississippi State,Southern Miss,away,canon,pass_attempts,37,35,-2,2,fumble_or_safety_swallows_scrimmage_type
401752673,2025,1,regular,Mississippi State,Southern Miss,away,canon,completions,27,26,-1,1,kneel_accounting
401752673,2025,1,regular,Mississippi State,Southern Miss,away,canon,net_pass_yards,277,261.0,-16.0,16.0,fumble_or_safety_swallows_scrimmage_type
401752673,2025,1,regular,Mississippi State,Southern Miss,away,canon,rush_attempts,42,40,-2,2,fumble_or_safety_swallows_scrimmage_type
401752673,2025,1,regular,Mississippi State,Southern Miss,away,canon,rush_yards,188,189.0,1.0,1.0,fumble_or_safety_swallows_scrimmage_type
401752803,2025,1,regular,Northwestern,Tulane,away,canon,total_plays,63,61,-2,2,fumble_or_safety_swallows_scrimmage_type
401752803,2025,1,regular,Northwestern,Tulane,away,canon,total_yards,237,264.0,27.0,27.0,fumble_or_safety_swallows_scrimmage_type
401752803,2025,1,regular,Northwestern,Tulane,away,canon,pass_attempts,36,35,-1,1,fumble_or_safety_swallows_scrimmage_type
401752803,2025,1,regular,Northwestern,Tulane,away,canon,net_pass_yards,161,176.0,15.0,15.0,fumble_or_safety_swallows_scrimmage_type
401752803,2025,1,regular,Northwestern,Tulane,away,canon,rush_attempts,27,26,-1,1,fumble_or_safety_swallows_scrimmage_type
401752803,2025,1,regular,Northwestern,Tulane,away,canon,rush_yards,76,88.0,12.0,12.0,fumble_or_safety_swallows_scrimmage_type
401752803,2025,1,regular,Northwestern,Tulane,away,canon,turnovers,5,2,-3,3,no_play_penalty
401752803,2025,1,regular,Northwestern,Tulane,away,canon,interceptions,4,2,-2,2,no_play_penalty
401752803,2025,1,regular,Northwestern,Tulane,away,canon,fumbles_lost,1,0,-1,1,no_play_penalty
401752803,2025,1,regular,Northwestern,Tulane,away,canon,third_down_attempts,12,11,-1,1,no_play_penalty
401752803,2025,1,regular,Northwestern,Tulane,away,canon,fourth_down_attempts,2,3,1,1,no_play_penalty
401752801,2025,1,regular,Purdue,Ball State,home,canon,total_plays,59,57,-2,2,sack_accounting
401752801,2025,1,regular,Purdue,Ball State,home,canon,total_yards,433,434.0,1.0,1.0,sack_accounting
401752801,2025,1,regular,Purdue,Ball State,home,canon,pass_attempts,29,28,-1,1,sack_accounting
401752801,2025,1,regular,Purdue,Ball State,home,canon,rush_attempts,30,29,-1,1,sack_accounting
401752801,2025,1,regular,Purdue,Ball State,home,canon,rush_yards,93,94.0,1.0,1.0,sack_accounting
401752801,2025,1,regular,Ball State,Purdue,away,canon,total_plays,52,51,-1,1,sack_accounting
401752801,2025,1,regular,Ball State,Purdue,away,canon,total_yards,203,209.0,6.0,6.0,sack_accounting
401752801,2025,1,regular,Ball State,Purdue,away,canon,pass_attempts,16,15,-1,1,sack_accounting
401752801,2025,1,regular,Ball State,Purdue,away,canon,net_pass_yards,87,93.0,6.0,6.0,sack_accounting
401752801,2025,1,regular,Ball State,Purdue,away,canon,third_down_attempts,13,12,-1,1,no_play_penalty
401752797,2025,1,regular,Maryland,Florida Atlantic,home,canon,points,39,41,2,2,no_play_penalty
401752797,2025,1,regular,Maryland,Florida Atlantic,home,canon,total_yards,380,394.0,14.0,14.0,duplicate_plays
401752797,2025,1,regular,Maryland,Florida Atlantic,home,canon,pass_attempts,47,48,1,1,duplicate_plays
401752797,2025,1,regular,Maryland,Florida Atlantic,home,canon,net_pass_yards,268,272.0,4.0,4.0,duplicate_plays
401752797,2025,1,regular,Maryland,Florida Atlantic,home,canon,rush_attempts,30,29,-1,1,duplicate_plays
401752797,2025,1,regular,Maryland,Florida Atlantic,home,canon,rush_yards,112,122.0,10.0,10.0,duplicate_plays
401752797,2025,1,regular,Maryland,Florida Atlantic,home,canon,turnovers,0,1,1,1,no_play_penalty
401752797,2025,1,regular,Maryland,Florida Atlantic,home,canon,interceptions,0,1,1,1,no_play_penalty
401752797,2025,1,regular,Maryland,Florida Atlantic,home,canon,fourth_down_attempts,2,3,1,1,no_play_penalty
401752797,2025,1,regular,Florida Atlantic,Maryland,away,canon,total_plays,94,88,-6,6,sack_accounting
401752797,2025,1,regular,Florida Atlantic,Maryland,away,canon,total_yards,354,355.0,1.0,1.0,sack_accounting
401752797,2025,1,regular,Florida Atlantic,Maryland,away,canon,pass_attempts,62,57,-5,5,sack_accounting
401752797,2025,1,regular,Florida Atlantic,Maryland,away,canon,completions,36,34,-2,2,no_play_penalty
401752797,2025,1,regular,Florida Atlantic,Maryland,away,canon,net_pass_yards,277,273.0,-4.0,4.0,sack_accounting
401752797,2025,1,regular,Florida Atlantic,Maryland,away,canon,rush_attempts,32,31,-1,1,sack_accounting
401752797,2025,1,regular,Florida Atlantic,Maryland,away,canon,rush_yards,77,82.0,5.0,5.0,sack_accounting
401752797,2025,1,regular,Florida Atlantic,Maryland,away,canon,turnovers,6,4,-2,2,no_play_penalty
401752797,2025,1,regular,Florida Atlantic,Maryland,away,canon,interceptions,6,4,-2,2,no_play_penalty
401752797,2025,1,regular,Florida Atlantic,Maryland,away,canon,third_down_attempts,20,18,-2,2,no_play_penalty
401752670,2025,1,regular,Kentucky,Toledo,home,canon,total_plays,66,63,-3,3,fumble_or_safety_swallows_scrimmage_type
401752670,2025,1,regular,Kentucky,Toledo,home,canon,total_yards,305,315.0,10.0,10.0,fumble_or_safety_swallows_scrimmage_type
401752670,2025,1,regular,Kentucky,Toledo,home,canon,pass_attempts,23,22,-1,1,fumble_or_safety_swallows_scrimmage_type
401752670,2025,1,regular,Kentucky,Toledo,home,canon,net_pass_yards,85,95.0,10.0,10.0,fumble_or_safety_swallows_scrimmage_type
401752670,2025,1,regular,Kentucky,Toledo,home,canon,rush_attempts,43,41,-2,2,fumble_or_safety_swallows_scrimmage_type
401752670,2025,1,regular,Kentucky,Toledo,home,canon,turnovers,2,1,-1,1,kneel_accounting
401752670,2025,1,regular,Kentucky,Toledo,home,canon,fumbles_lost,1,0,-1,1,kneel_accounting
401752670,2025,1,regular,Kentucky,Toledo,home,canon,third_down_attempts,15,14,-1,1,kneel_accounting
401752670,2025,1,regular,Toledo,Kentucky,away,canon,total_plays,69,68,-1,1,fumble_or_safety_swallows_scrimmage_type
401752670,2025,1,regular,Toledo,Kentucky,away,canon,total_yards,329,323.0,-6.0,6.0,fumble_or_safety_swallows_scrimmage_type
401752670,2025,1,regular,Toledo,Kentucky,away,canon,pass_attempts,40,39,-1,1,fumble_or_safety_swallows_scrimmage_type
401752670,2025,1,regular,Toledo,Kentucky,away,canon,completions,23,22,-1,1,kneel_accounting
401752670,2025,1,regular,Toledo,Kentucky,away,canon,net_pass_yards,270,264.0,-6.0,6.0,fumble_or_safety_swallows_scrimmage_type
401752670,2025,1,regular,Toledo,Kentucky,away,canon,third_down_attempts,17,14,-3,3,kneel_accounting
401752670,2025,1,regular,Toledo,Kentucky,away,canon,third_down_conversions,7,6,-1,1,kneel_accounting
401752806,2025,1,regular,Indiana,Old Dominion,home,canon,total_plays,89,88,-1,1,sack_accounting
401752806,2025,1,regular,Indiana,Old Dominion,home,canon,total_yards,502,510.0,8.0,8.0,sack_accounting
401752806,2025,1,regular,Indiana,Old Dominion,home,canon,rush_attempts,57,56,-1,1,sack_accounting
401752806,2025,1,regular,Indiana,Old Dominion,home,canon,rush_yards,309,317.0,8.0,8.0,sack_accounting
401752806,2025,1,regular,Old Dominion,Indiana,away,canon,total_plays,45,43,-2,2,sack_accounting
401752806,2025,1,regular,Old Dominion,Indiana,away,canon,total_yards,314,324.0,10.0,10.0,sack_accounting
401752806,2025,1,regular,Old Dominion,Indiana,away,canon,pass_attempts,22,20,-2,2,sack_accounting
401752806,2025,1,regular,Old Dominion,Indiana,away,canon,net_pass_yards,96,106.0,10.0,10.0,sack_accounting
401752806,2025,1,regular,Old Dominion,Indiana,away,canon,turnovers,3,1,-2,2,no_play_penalty
401752806,2025,1,regular,Old Dominion,Indiana,away,canon,interceptions,3,1,-2,2,no_play_penalty
401752806,2025,1,regular,Old Dominion,Indiana,away,canon,third_down_conversions,4,5,1,1,no_play_penalty
401752669,2025,1,regular,Georgia,Marshall,home,canon,total_plays,76,75,-1,1,kneel_accounting
401752669,2025,1,regular,Georgia,Marshall,home,canon,total_yards,488,477.0,-11.0,11.0,kneel_accounting
401752669,2025,1,regular,Georgia,Marshall,home,canon,completions,19,21,2,2,kneel_accounting
401752669,2025,1,regular,Georgia,Marshall,home,canon,net_pass_yards,249,256.0,7.0,7.0,kneel_accounting
401752669,2025,1,regular,Georgia,Marshall,home,canon,rush_attempts,44,43,-1,1,kneel_accounting
401752669,2025,1,regular,Georgia,Marshall,home,canon,rush_yards,239,221.0,-18.0,18.0,kneel_accounting
401752669,2025,1,regular,Georgia,Marshall,home,canon,third_down_conversions,6,7,1,1,kneel_accounting
401752669,2025,1,regular,Marshall,Georgia,away,canon,total_plays,52,51,-1,1,kneel_accounting
401752669,2025,1,regular,Marshall,Georgia,away,canon,total_yards,207,201.0,-6.0,6.0,kneel_accounting
401752669,2025,1,regular,Marshall,Georgia,away,canon,pass_attempts,21,20,-1,1,kneel_accounting
401752669,2025,1,regular,Marshall,Georgia,away,canon,completions,11,10,-1,1,kneel_accounting
401752669,2025,1,regular,Marshall,Georgia,away,canon,net_pass_yards,129,123.0,-6.0,6.0,kneel_accounting
401752669,2025,1,regular,Marshall,Georgia,away,canon,third_down_attempts,15,14,-1,1,kneel_accounting
401752665,2025,1,regular,Florida State,Alabama,home,canon,total_yards,382,397.0,15.0,15.0,fumble_or_safety_swallows_scrimmage_type
401752665,2025,1,regular,Florida State,Alabama,home,canon,rush_yards,230,245.0,15.0,15.0,fumble_or_safety_swallows_scrimmage_type
401752665,2025,1,regular,Florida State,Alabama,home,canon,turnovers,1,0,-1,1,accepted_or_declined_penalty
401752665,2025,1,regular,Florida State,Alabama,home,canon,fumbles_lost,1,0,-1,1,accepted_or_declined_penalty
401752665,2025,1,regular,Alabama,Florida State,away,canon,total_yards,341,356.0,15.0,15.0,fumble_or_safety_swallows_scrimmage_type
401752665,2025,1,regular,Alabama,Florida State,away,canon,rush_yards,87,102.0,15.0,15.0,fumble_or_safety_swallows_scrimmage_type
401752665,2025,1,regular,Alabama,Florida State,away,canon,third_down_attempts,17,16,-1,1,accepted_or_declined_penalty
401752807,2025,1,regular,Penn State,Nevada,home,canon,total_plays,71,70,-1,1,sack_accounting
401752807,2025,1,regular,Penn State,Nevada,home,canon,total_yards,438,437.0,-1.0,1.0,sack_accounting
401752807,2025,1,regular,Penn State,Nevada,home,canon,net_pass_yards,303,293.0,-10.0,10.0,sack_accounting
401752807,2025,1,regular,Penn State,Nevada,home,canon,rush_attempts,36,35,-1,1,sack_accounting
401752807,2025,1,regular,Penn State,Nevada,home,canon,rush_yards,135,144.0,9.0,9.0,sack_accounting
401752807,2025,1,regular,Penn State,Nevada,home,canon,turnovers,0,1,1,1,no_play_penalty
401752807,2025,1,regular,Penn State,Nevada,home,canon,interceptions,0,1,1,1,no_play_penalty
401752807,2025,1,regular,Penn State,Nevada,home,canon,third_down_attempts,13,12,-1,1,no_play_penalty
401752807,2025,1,regular,Nevada,Penn State,away,canon,total_plays,52,47,-5,5,sack_accounting
401752807,2025,1,regular,Nevada,Penn State,away,canon,total_yards,203,204.0,1.0,1.0,sack_accounting
401752807,2025,1,regular,Nevada,Penn State,away,canon,pass_attempts,21,19,-2,2,sack_accounting
401752807,2025,1,regular,Nevada,Penn State,away,canon,rush_attempts,31,28,-3,3,sack_accounting
401752807,2025,1,regular,Nevada,Penn State,away,canon,rush_yards,78,79.0,1.0,1.0,sack_accounting
401752807,2025,1,regular,Nevada,Penn State,away,canon,turnovers,3,2,-1,1,no_play_penalty
401752807,2025,1,regular,Nevada,Penn State,away,canon,interceptions,1,0,-1,1,no_play_penalty
401752807,2025,1,regular,Nevada,Penn State,away,canon,third_down_attempts,11,9,-2,2,no_play_penalty
401762456,2025,1,regular,Massachusetts,Temple,home,canon,total_plays,62,60,-2,2,sack_accounting
401762456,2025,1,regular,Massachusetts,Temple,home,canon,total_yards,302,299.0,-3.0,3.0,sack_accounting
401762456,2025,1,regular,Massachusetts,Temple,home,canon,pass_attempts,40,39,-1,1,sack_accounting
401762456,2025,1,regular,Massachusetts,Temple,home,canon,completions,25,24,-1,1,kneel_accounting
401762456,2025,1,regular,Massachusetts,Temple,home,canon,net_pass_yards,199,206.0,7.0,7.0,sack_accounting
401762456,2025,1,regular,Massachusetts,Temple,home,canon,rush_attempts,22,21,-1,1,sack_accounting
401762456,2025,1,regular,Massachusetts,Temple,home,canon,rush_yards,103,93.0,-10.0,10.0,sack_accounting
401762456,2025,1,regular,Massachusetts,Temple,home,canon,turnovers,2,1,-1,1,kneel_accounting
401762456,2025,1,regular,Massachusetts,Temple,home,canon,interceptions,1,0,-1,1,kneel_accounting
401762456,2025,1,regular,Temple,Massachusetts,away,canon,total_plays,66,65,-1,1,sack_accounting
401762456,2025,1,regular,Temple,Massachusetts,away,canon,rush_attempts,37,36,-1,1,sack_accounting
401754616,2025,1,regular,Virginia,Coastal Carolina,home,canon,total_plays,78,77,-1,1,sack_accounting
401754616,2025,1,regular,Virginia,Coastal Carolina,home,canon,total_yards,467,470.0,3.0,3.0,sack_accounting
401754616,2025,1,regular,Virginia,Coastal Carolina,home,canon,pass_attempts,36,35,-1,1,sack_accounting
401754616,2025,1,regular,Virginia,Coastal Carolina,home,canon,completions,22,21,-1,1,no_play_penalty
401754616,2025,1,regular,Virginia,Coastal Carolina,home,canon,net_pass_yards,290,293.0,3.0,3.0,sack_accounting
401754616,2025,1,regular,Virginia,Coastal Carolina,home,canon,fourth_down_attempts,3,2,-1,1,no_play_penalty
401754616,2025,1,regular,Coastal Carolina,Virginia,away,canon,total_plays,66,62,-4,4,sack_accounting
401754616,2025,1,regular,Coastal Carolina,Virginia,away,canon,total_yards,261,260.0,-1.0,1.0,sack_accounting
401754616,2025,1,regular,Coastal Carolina,Virginia,away,canon,pass_attempts,37,35,-2,2,sack_accounting
401754616,2025,1,regular,Coastal Carolina,Virginia,away,canon,completions,20,19,-1,1,no_play_penalty
401754616,2025,1,regular,Coastal Carolina,Virginia,away,canon,net_pass_yards,163,161.0,-2.0,2.0,sack_accounting
401754616,2025,1,regular,Coastal Carolina,Virginia,away,canon,rush_attempts,29,27,-2,2,sack_accounting
401754616,2025,1,regular,Coastal Carolina,Virginia,away,canon,rush_yards,98,99.0,1.0,1.0,sack_accounting
401754616,2025,1,regular,Coastal Carolina,Virginia,away,canon,third_down_attempts,14,12,-2,2,no_play_penalty
401752678,2025,1,regular,Texas A&M,UTSA,home,canon,total_yards,399,389.0,-10.0,10.0,sack_accounting
401752678,2025,1,regular,Texas A&M,UTSA,home,canon,net_pass_yards,291,281.0,-10.0,10.0,sack_accounting
401752678,2025,1,regular,UTSA,Texas A&M,away,canon,points,24,25,1,1,no_play_penalty
401752678,2025,1,regular,UTSA,Texas A&M,away,canon,total_plays,67,63,-4,4,sack_accounting
401752678,2025,1,regular,UTSA,Texas A&M,away,canon,total_yards,373,358.0,-15.0,15.0,sack_accounting
401752678,2025,1,regular,UTSA,Texas A&M,away,canon,pass_attempts,34,32,-2,2,sack_accounting
401752678,2025,1,regular,UTSA,Texas A&M,away,canon,completions,21,19,-2,2,no_play_penalty
401752678,2025,1,regular,UTSA,Texas A&M,away,canon,net_pass_yards,170,152.0,-18.0,18.0,sack_accounting
401752678,2025,1,regular,UTSA,Texas A&M,away,canon,rush_attempts,33,31,-2,2,sack_accounting
401752678,2025,1,regular,UTSA,Texas A&M,away,canon,rush_yards,203,206.0,3.0,3.0,sack_accounting
401752678,2025,1,regular,UTSA,Texas A&M,away,canon,third_down_attempts,16,15,-1,1,no_play_penalty
401757225,2025,1,regular,Utah State,UTEP,home,canon,total_plays,59,64,5,5,sack_accounting
401757225,2025,1,regular,Utah State,UTEP,home,canon,total_yards,362,355.0,-7.0,7.0,sack_accounting
401757225,2025,1,regular,Utah State,UTEP,home,canon,pass_attempts,28,30,2,2,sack_accounting
401757225,2025,1,regular,Utah State,UTEP,home,canon,completions,19,20,1,1,accepted_or_declined_penalty
401757225,2025,1,regular,Utah State,UTEP,home,canon,net_pass_yards,233,238.0,5.0,5.0,sack_accounting
401757225,2025,1,regular,Utah State,UTEP,home,canon,rush_attempts,31,34,3,3,sack_accounting
401757225,2025,1,regular,Utah State,UTEP,home,canon,rush_yards,129,117.0,-12.0,12.0,sack_accounting
401757225,2025,1,regular,UTEP,Utah State,away,canon,total_plays,71,76,5,5,sack_accounting
401757225,2025,1,regular,UTEP,Utah State,away,canon,total_yards,284,230.0,-54.0,54.0,sack_accounting
401757225,2025,1,regular,UTEP,Utah State,away,canon,pass_attempts,36,40,4,4,sack_accounting
401757225,2025,1,regular,UTEP,Utah State,away,canon,completions,23,24,1,1,accepted_or_declined_penalty
401757225,2025,1,regular,UTEP,Utah State,away,canon,net_pass_yards,181,142.0,-39.0,39.0,sack_accounting
401757225,2025,1,regular,UTEP,Utah State,away,canon,rush_attempts,35,36,1,1,sack_accounting
401757225,2025,1,regular,UTEP,Utah State,away,canon,rush_yards,103,88.0,-15.0,15.0,sack_accounting
401757225,2025,1,regular,UTEP,Utah State,away,canon,third_down_attempts,15,17,2,2,accepted_or_declined_penalty
401757225,2025,1,regular,UTEP,Utah State,away,canon,third_down_conversions,4,5,1,1,accepted_or_declined_penalty
401752671,2025,1,regular,Clemson,LSU,home,canon,total_plays,58,57,-1,1,fumble_or_safety_swallows_scrimmage_type
401752671,2025,1,regular,Clemson,LSU,home,canon,pass_attempts,38,37,-1,1,fumble_or_safety_swallows_scrimmage_type
401752671,2025,1,regular,LSU,Clemson,away,canon,total_yards,354,369.0,15.0,15.0,fumble_or_safety_swallows_scrimmage_type
401752671,2025,1,regular,LSU,Clemson,away,canon,net_pass_yards,248,261.0,13.0,13.0,fumble_or_safety_swallows_scrimmage_type
401752671,2025,1,regular,LSU,Clemson,away,canon,turnovers,2,1,-1,1,no_play_penalty
401752671,2025,1,regular,LSU,Clemson,away,canon,fumbles_lost,2,1,-1,1,no_play_penalty
401752808,2025,1,regular,Michigan,New Mexico,home,canon,total_plays,63,62,-1,1,sack_accounting
401752808,2025,1,regular,Michigan,New Mexico,home,canon,total_yards,452,453.0,1.0,1.0,sack_accounting
401752808,2025,1,regular,Michigan,New Mexico,home,canon,net_pass_yards,251,255.0,4.0,4.0,sack_accounting
401752808,2025,1,regular,Michigan,New Mexico,home,canon,rush_attempts,32,31,-1,1,sack_accounting
401752808,2025,1,regular,Michigan,New Mexico,home,canon,rush_yards,201,198.0,-3.0,3.0,sack_accounting
401752808,2025,1,regular,Michigan,New Mexico,home,canon,interceptions,0,1,1,1,no_play_penalty
401752808,2025,1,regular,Michigan,New Mexico,home,canon,fumbles_lost,1,0,-1,1,no_play_penalty
401752808,2025,1,regular,New Mexico,Michigan,away,canon,total_plays,76,75,-1,1,sack_accounting
401752808,2025,1,regular,New Mexico,Michigan,away,canon,total_yards,267,271.0,4.0,4.0,sack_accounting
401752808,2025,1,regular,New Mexico,Michigan,away,canon,pass_attempts,48,47,-1,1,sack_accounting
401752808,2025,1,regular,New Mexico,Michigan,away,canon,net_pass_yards,217,221.0,4.0,4.0,sack_accounting
401752808,2025,1,regular,New Mexico,Michigan,away,canon,turnovers,3,2,-1,1,no_play_penalty
401752808,2025,1,regular,New Mexico,Michigan,away,canon,interceptions,3,2,-1,1,no_play_penalty
401752798,2025,1,regular,USC,Missouri State,home,canon,total_plays,57,58,1,1,fumble_or_safety_swallows_scrimmage_type
401752798,2025,1,regular,USC,Missouri State,home,canon,total_yards,597,631.0,34.0,34.0,fumble_or_safety_swallows_scrimmage_type
401752798,2025,1,regular,USC,Missouri State,home,canon,net_pass_yards,364,388.0,24.0,24.0,fumble_or_safety_swallows_scrimmage_type
401752798,2025,1,regular,USC,Missouri State,home,canon,rush_attempts,30,31,1,1,fumble_or_safety_swallows_scrimmage_type
401752798,2025,1,regular,USC,Missouri State,home,canon,rush_yards,233,243.0,10.0,10.0,fumble_or_safety_swallows_scrimmage_type
401752798,2025,1,regular,USC,Missouri State,home,canon,turnovers,1,0,-1,1,no_play_penalty
401752798,2025,1,regular,USC,Missouri State,home,canon,fumbles_lost,1,0,-1,1,no_play_penalty
401752798,2025,1,regular,Missouri State,USC,away,canon,total_plays,57,53,-4,4,fumble_or_safety_swallows_scrimmage_type
401752798,2025,1,regular,Missouri State,USC,away,canon,total_yards,224,247.0,23.0,23.0,fumble_or_safety_swallows_scrimmage_type
401752798,2025,1,regular,Missouri State,USC,away,canon,pass_attempts,28,26,-2,2,fumble_or_safety_swallows_scrimmage_type
401752798,2025,1,regular,Missouri State,USC,away,canon,net_pass_yards,159,177.0,18.0,18.0,fumble_or_safety_swallows_scrimmage_type
401752798,2025,1,regular,Missouri State,USC,away,canon,rush_attempts,29,27,-2,2,fumble_or_safety_swallows_scrimmage_type
401752798,2025,1,regular,Missouri State,USC,away,canon,rush_yards,65,70.0,5.0,5.0,fumble_or_safety_swallows_scrimmage_type
401752798,2025,1,regular,Missouri State,USC,away,canon,turnovers,3,0,-3,3,no_play_penalty
401752798,2025,1,regular,Missouri State,USC,away,canon,interceptions,2,0,-2,2,no_play_penalty
401752798,2025,1,regular,Missouri State,USC,away,canon,fumbles_lost,1,0,-1,1,no_play_penalty
401752798,2025,1,regular,Missouri State,USC,away,canon,third_down_attempts,14,13,-1,1,no_play_penalty
401752672,2025,1,regular,Ole Miss,Georgia State,home,canon,total_plays,81,79,-2,2,sack_accounting
401752672,2025,1,regular,Ole Miss,Georgia State,home,canon,total_yards,695,699.0,4.0,4.0,sack_accounting
401752672,2025,1,regular,Ole Miss,Georgia State,home,canon,pass_attempts,37,36,-1,1,sack_accounting
401752672,2025,1,regular,Ole Miss,Georgia State,home,canon,rush_attempts,44,43,-1,1,sack_accounting
401752672,2025,1,regular,Ole Miss,Georgia State,home,canon,rush_yards,295,299.0,4.0,4.0,sack_accounting
401752672,2025,1,regular,Ole Miss,Georgia State,home,canon,turnovers,2,0,-2,2,no_play_penalty
401752672,2025,1,regular,Ole Miss,Georgia State,home,canon,interceptions,2,0,-2,2,no_play_penalty
401752672,2025,1,regular,Ole Miss,Georgia State,home,canon,third_down_attempts,13,12,-1,1,no_play_penalty
401752672,2025,1,regular,Georgia State,Ole Miss,away,canon,total_plays,60,57,-3,3,sack_accounting
401752672,2025,1,regular,Georgia State,Ole Miss,away,canon,total_yards,260,269.0,9.0,9.0,sack_accounting
401752672,2025,1,regular,Georgia State,Ole Miss,away,canon,pass_attempts,25,22,-3,3,sack_accounting
401752672,2025,1,regular,Georgia State,Ole Miss,away,canon,completions,12,11,-1,1,no_play_penalty
401752672,2025,1,regular,Georgia State,Ole Miss,away,canon,net_pass_yards,69,78.0,9.0,9.0,sack_accounting
401752672,2025,1,regular,Georgia State,Ole Miss,away,canon,third_down_attempts,15,14,-1,1,no_play_penalty
401761592,2025,1,regular,Louisiana,Rice,home,canon,total_plays,59,58,-1,1,fumble_or_safety_swallows_scrimmage_type
401761592,2025,1,regular,Louisiana,Rice,home,canon,total_yards,239,251.0,12.0,12.0,fumble_or_safety_swallows_scrimmage_type
401761592,2025,1,regular,Louisiana,Rice,home,canon,rush_attempts,31,30,-1,1,fumble_or_safety_swallows_scrimmage_type
401761592,2025,1,regular,Louisiana,Rice,home,canon,rush_yards,151,163.0,12.0,12.0,fumble_or_safety_swallows_scrimmage_type
401761592,2025,1,regular,Louisiana,Rice,home,canon,turnovers,2,1,-1,1,kneel_accounting
401761592,2025,1,regular,Louisiana,Rice,home,canon,fumbles_lost,1,0,-1,1,kneel_accounting
401761592,2025,1,regular,Louisiana,Rice,home,canon,third_down_attempts,15,14,-1,1,kneel_accounting
401761592,2025,1,regular,Rice,Louisiana,away,canon,total_plays,64,62,-2,2,fumble_or_safety_swallows_scrimmage_type
401761592,2025,1,regular,Rice,Louisiana,away,canon,total_yards,251,259.0,8.0,8.0,fumble_or_safety_swallows_scrimmage_type
401761592,2025,1,regular,Rice,Louisiana,away,canon,net_pass_yards,45,57.0,12.0,12.0,fumble_or_safety_swallows_scrimmage_type
401761592,2025,1,regular,Rice,Louisiana,away,canon,rush_attempts,55,53,-2,2,fumble_or_safety_swallows_scrimmage_type
401761592,2025,1,regular,Rice,Louisiana,away,canon,rush_yards,206,202.0,-4.0,4.0,fumble_or_safety_swallows_scrimmage_type
401761594,2025,1,regular,Eastern Michigan,Texas State,away,canon,total_plays,67,65,-2,2,fumble_or_safety_swallows_scrimmage_type
401761594,2025,1,regular,Eastern Michigan,Texas State,away,canon,total_yards,391,409.0,18.0,18.0,fumble_or_safety_swallows_scrimmage_type
401761594,2025,1,regular,Eastern Michigan,Texas State,away,canon,pass_attempts,34,33,-1,1,fumble_or_safety_swallows_scrimmage_type
401761594,2025,1,regular,Eastern Michigan,Texas State,away,canon,rush_attempts,33,32,-1,1,fumble_or_safety_swallows_scrimmage_type
401761594,2025,1,regular,Eastern Michigan,Texas State,away,canon,rush_yards,143,161.0,18.0,18.0,fumble_or_safety_swallows_scrimmage_type
401761594,2025,1,regular,Eastern Michigan,Texas State,away,canon,third_down_attempts,15,14,-1,1,no_play_penalty
401760361,2025,1,regular,Fresno State,Georgia Southern,home,canon,total_yards,527,560.0,33.0,33.0,no_play_penalty
401760361,2025,1,regular,Fresno State,Georgia Southern,home,canon,net_pass_yards,176,192.0,16.0,16.0,no_play_penalty
401760361,2025,1,regular,Fresno State,Georgia Southern,home,canon,rush_yards,351,368.0,17.0,17.0,no_play_penalty
401760361,2025,1,regular,Georgia Southern,Fresno State,away,canon,total_plays,49,48,-1,1,no_play_penalty
401760361,2025,1,regular,Georgia Southern,Fresno State,away,canon,total_yards,242,247.0,5.0,5.0,no_play_penalty
401760361,2025,1,regular,Georgia Southern,Fresno State,away,canon,pass_attempts,28,27,-1,1,no_play_penalty
401760361,2025,1,regular,Georgia Southern,Fresno State,away,canon,completions,17,16,-1,1,no_play_penalty
401760361,2025,1,regular,Georgia Southern,Fresno State,away,canon,net_pass_yards,158,163.0,5.0,5.0,no_play_penalty
401756849,2025,1,regular,Arizona,Hawai'i,home,canon,total_plays,55,51,-4,4,fumble_or_safety_swallows_scrimmage_type
401756849,2025,1,regular,Arizona,Hawai'i,home,canon,total_yards,346,363.0,17.0,17.0,fumble_or_safety_swallows_scrimmage_type
401756849,2025,1,regular,Arizona,Hawai'i,home,canon,pass_attempts,23,22,-1,1,fumble_or_safety_swallows_scrimmage_type
401756849,2025,1,regular,Arizona,Hawai'i,home,canon,completions,13,12,-1,1,no_play_penalty
401756849,2025,1,regular,Arizona,Hawai'i,home,canon,net_pass_yards,161,165.0,4.0,4.0,fumble_or_safety_swallows_scrimmage_type
401756849,2025,1,regular,Arizona,Hawai'i,home,canon,rush_attempts,32,29,-3,3,fumble_or_safety_swallows_scrimmage_type
401756849,2025,1,regular,Arizona,Hawai'i,home,canon,rush_yards,185,198.0,13.0,13.0,fumble_or_safety_swallows_scrimmage_type
401756849,2025,1,regular,Arizona,Hawai'i,home,canon,turnovers,0,1,1,1,no_play_penalty
401756849,2025,1,regular,Arizona,Hawai'i,home,canon,interceptions,0,1,1,1,no_play_penalty
401756849,2025,1,regular,Arizona,Hawai'i,home,canon,third_down_attempts,11,10,-1,1,no_play_penalty
401756849,2025,1,regular,Hawai'i,Arizona,away,canon,total_plays,75,71,-4,4,duplicate_plays
401756849,2025,1,regular,Hawai'i,Arizona,away,canon,total_yards,293,292.0,-1.0,1.0,duplicate_plays
401756849,2025,1,regular,Hawai'i,Arizona,away,canon,pass_attempts,47,43,-4,4,duplicate_plays
401756849,2025,1,regular,Hawai'i,Arizona,away,canon,rush_yards,70,69.0,-1.0,1.0,duplicate_plays
401756849,2025,1,regular,Hawai'i,Arizona,away,canon,turnovers,5,1,-4,4,no_play_penalty
401756849,2025,1,regular,Hawai'i,Arizona,away,canon,interceptions,3,1,-2,2,no_play_penalty
401756849,2025,1,regular,Hawai'i,Arizona,away,canon,fumbles_lost,2,0,-2,2,no_play_penalty
401756849,2025,1,regular,Hawai'i,Arizona,away,canon,third_down_attempts,14,12,-2,2,no_play_penalty
401752936,2025,1,regular,Oregon State,California,home,canon,total_plays,61,59,-2,2,fumble_or_safety_swallows_scrimmage_type
401752936,2025,1,regular,Oregon State,California,home,canon,total_yards,313,326.0,13.0,13.0,fumble_or_safety_swallows_scrimmage_type
401752936,2025,1,regular,Oregon State,California,home,canon,pass_attempts,34,33,-1,1,fumble_or_safety_swallows_scrimmage_type
401752936,2025,1,regular,Oregon State,California,home,canon,net_pass_yards,248,256.0,8.0,8.0,fumble_or_safety_swallows_scrimmage_type
401752936,2025,1,regular,Oregon State,California,home,canon,rush_attempts,27,26,-1,1,fumble_or_safety_swallows_scrimmage_type
401752936,2025,1,regular,Oregon State,California,home,canon,rush_yards,65,70.0,5.0,5.0,fumble_or_safety_swallows_scrimmage_type
401752936,2025,1,regular,California,Oregon State,away,canon,total_plays,62,60,-2,2,fumble_or_safety_swallows_scrimmage_type
401752936,2025,1,regular,California,Oregon State,away,canon,total_yards,356,364.0,8.0,8.0,fumble_or_safety_swallows_scrimmage_type
401752936,2025,1,regular,California,Oregon State,away,canon,net_pass_yards,234,235.0,1.0,1.0,fumble_or_safety_swallows_scrimmage_type
401752936,2025,1,regular,California,Oregon State,away,canon,rush_attempts,32,30,-2,2,fumble_or_safety_swallows_scrimmage_type
401752936,2025,1,regular,California,Oregon State,away,canon,rush_yards,122,129.0,7.0,7.0,fumble_or_safety_swallows_scrimmage_type
401752800,2025,1,regular,UCLA,Utah,home,canon,total_plays,50,51,1,1,sack_accounting
401752800,2025,1,regular,UCLA,Utah,home,canon,total_yards,220,210.0,-10.0,10.0,sack_accounting
401752800,2025,1,regular,UCLA,Utah,home,canon,pass_attempts,22,23,1,1,sack_accounting
401752800,2025,1,regular,UCLA,Utah,home,canon,net_pass_yards,136,126.0,-10.0,10.0,sack_accounting
401752800,2025,1,regular,Utah,UCLA,away,canon,total_plays,80,82,2,2,sack_accounting
401752800,2025,1,regular,Utah,UCLA,away,canon,total_yards,492,489.0,-3.0,3.0,sack_accounting
401752800,2025,1,regular,Utah,UCLA,away,canon,pass_attempts,26,27,1,1,sack_accounting
401752800,2025,1,regular,Utah,UCLA,away,canon,completions,21,22,1,1,accepted_or_declined_penalty
401752800,2025,1,regular,Utah,UCLA,away,canon,net_pass_yards,206,221.0,15.0,15.0,sack_accounting
401752800,2025,1,regular,Utah,UCLA,away,canon,rush_attempts,54,55,1,1,sack_accounting
401752800,2025,1,regular,Utah,UCLA,away,canon,rush_yards,286,268.0,-18.0,18.0,sack_accounting
401752800,2025,1,regular,Utah,UCLA,away,canon,third_down_attempts,16,17,1,1,accepted_or_declined_penalty
401752805,2025,1,regular,Washington,Colorado State,home,canon,total_plays,75,74,-1,1,sack_accounting
401752805,2025,1,regular,Washington,Colorado State,home,canon,total_yards,509,512.0,3.0,3.0,sack_accounting
401752805,2025,1,regular,Washington,Colorado State,home,canon,rush_attempts,51,50,-1,1,sack_accounting
401752805,2025,1,regular,Washington,Colorado State,home,canon,rush_yards,283,286.0,3.0,3.0,sack_accounting
401752805,2025,1,regular,Washington,Colorado State,home,canon,third_down_attempts,14,13,-1,1,no_play_penalty
401752805,2025,1,regular,Colorado State,Washington,away,canon,total_yards,265,273.0,8.0,8.0,sack_accounting
401752805,2025,1,regular,Colorado State,Washington,away,canon,net_pass_yards,180,186.0,6.0,6.0,sack_accounting
401752805,2025,1,regular,Colorado State,Washington,away,canon,rush_yards,85,87.0,2.0,2.0,sack_accounting
401752680,2025,1,regular,South Carolina,Virginia Tech,home,canon,total_plays,53,56,3,3,fumble_or_safety_swallows_scrimmage_type
401752680,2025,1,regular,South Carolina,Virginia Tech,home,canon,total_yards,334,317.0,-17.0,17.0,fumble_or_safety_swallows_scrimmage_type
401752680,2025,1,regular,South Carolina,Virginia Tech,home,canon,rush_attempts,34,37,3,3,fumble_or_safety_swallows_scrimmage_type
401752680,2025,1,regular,South Carolina,Virginia Tech,home,canon,rush_yards,125,108.0,-17.0,17.0,fumble_or_safety_swallows_scrimmage_type
401752680,2025,1,regular,Virginia Tech,South Carolina,away,canon,total_plays,72,70,-2,2,fumble_or_safety_swallows_scrimmage_type
401752680,2025,1,regular,Virginia Tech,South Carolina,away,canon,total_yards,336,348.0,12.0,12.0,fumble_or_safety_swallows_scrimmage_type
401752680,2025,1,regular,Virginia Tech,South Carolina,away,canon,pass_attempts,35,33,-2,2,fumble_or_safety_swallows_scrimmage_type
401752680,2025,1,regular,Virginia Tech,South Carolina,away,canon,net_pass_yards,221,234.0,13.0,13.0,fumble_or_safety_swallows_scrimmage_type
401752680,2025,1,regular,Virginia Tech,South Carolina,away,canon,rush_yards,115,114.0,-1.0,1.0,fumble_or_safety_swallows_scrimmage_type
401752680,2025,1,regular,Virginia Tech,South Carolina,away,canon,third_down_attempts,18,17,-1,1,accepted_or_declined_penalty
401752680,2025,1,regular,Virginia Tech,South Carolina,away,canon,third_down_conversions,8,6,-2,2,accepted_or_declined_penalty
401752680,2025,1,regular,Virginia Tech,South Carolina,away,canon,fourth_down_conversions,0,1,1,1,accepted_or_declined_penalty
401754522,2025,1,regular,Miami,Notre Dame,home,canon,total_plays,68,67,-1,1,fumble_or_safety_swallows_scrimmage_type
401754522,2025,1,regular,Miami,Notre Dame,home,canon,total_yards,332,334.0,2.0,2.0,fumble_or_safety_swallows_scrimmage_type
401754522,2025,1,regular,Miami,Notre Dame,home,canon,pass_attempts,31,30,-1,1,fumble_or_safety_swallows_scrimmage_type
401754522,2025,1,regular,Miami,Notre Dame,home,canon,rush_yards,127,129.0,2.0,2.0,fumble_or_safety_swallows_scrimmage_type
401754522,2025,1,regular,Miami,Notre Dame,home,canon,turnovers,0,1,1,1,accepted_or_declined_penalty
401754522,2025,1,regular,Miami,Notre Dame,home,canon,fumbles_lost,0,1,1,1,accepted_or_declined_penalty
401754522,2025,1,regular,Miami,Notre Dame,home,canon,fourth_down_attempts,2,1,-1,1,accepted_or_declined_penalty
401754522,2025,1,regular,Notre Dame,Miami,away,canon,total_plays,57,56,-1,1,fumble_or_safety_swallows_scrimmage_type
401754522,2025,1,regular,Notre Dame,Miami,away,canon,total_yards,315,318.0,3.0,3.0,fumble_or_safety_swallows_scrimmage_type
401754522,2025,1,regular,Notre Dame,Miami,away,canon,pass_attempts,30,29,-1,1,fumble_or_safety_swallows_scrimmage_type
401754522,2025,1,regular,Notre Dame,Miami,away,canon,rush_yards,94,97.0,3.0,3.0,fumble_or_safety_swallows_scrimmage_type
401754522,2025,1,regular,Notre Dame,Miami,away,canon,turnovers,2,1,-1,1,accepted_or_declined_penalty
401754522,2025,1,regular,Notre Dame,Miami,away,canon,fumbles_lost,1,0,-1,1,accepted_or_declined_penalty
401754523,2025,1,regular,North Carolina,TCU,home,canon,total_plays,49,47,-2,2,sack_accounting
401754523,2025,1,regular,North Carolina,TCU,home,canon,total_yards,222,264.0,42.0,42.0,sack_accounting
401754523,2025,1,regular,North Carolina,TCU,home,canon,pass_attempts,21,20,-1,1,sack_accounting
401754523,2025,1,regular,North Carolina,TCU,home,canon,rush_attempts,28,27,-1,1,sack_accounting
401754523,2025,1,regular,North Carolina,TCU,home,canon,rush_yards,50,92.0,42.0,42.0,sack_accounting
401754523,2025,1,regular,North Carolina,TCU,home,canon,turnovers,3,2,-1,1,no_play_penalty
401754523,2025,1,regular,North Carolina,TCU,home,canon,fumbles_lost,2,1,-1,1,no_play_penalty
401754523,2025,1,regular,North Carolina,TCU,home,canon,third_down_attempts,10,9,-1,1,no_play_penalty
401754523,2025,1,regular,North Carolina,TCU,home,canon,third_down_conversions,1,2,1,1,no_play_penalty
401754523,2025,1,regular,TCU,North Carolina,away,canon,total_plays,72,71,-1,1,sack_accounting
401754523,2025,1,regular,TCU,North Carolina,away,canon,pass_attempts,37,36,-1,1,sack_accounting
401754523,2025,1,regular,TCU,North Carolina,away,canon,third_down_attempts,12,11,-1,1,no_play_penalty
401754528,2025,2,regular,Louisville,James Madison,home,canon,total_yards,264,279.0,15.0,15.0,sack_accounting
401754528,2025,2,regular,Louisville,James Madison,home,canon,net_pass_yards,151,166.0,15.0,15.0,sack_accounting
401754528,2025,2,regular,Louisville,James Madison,home,canon,turnovers,1,0,-1,1,no_play_penalty
401754528,2025,2,regular,Louisville,James Madison,home,canon,fumbles_lost,1,0,-1,1,no_play_penalty
401754528,2025,2,regular,James Madison,Louisville,away,canon,total_plays,78,77,-1,1,sack_accounting
401754528,2025,2,regular,James Madison,Louisville,away,canon,total_yards,263,271.0,8.0,8.0,sack_accounting
401754528,2025,2,regular,James Madison,Louisville,away,canon,pass_attempts,31,30,-1,1,sack_accounting
401754528,2025,2,regular,James Madison,Louisville,away,canon,rush_yards,126,134.0,8.0,8.0,sack_accounting
401754528,2025,2,regular,James Madison,Louisville,away,canon,turnovers,2,1,-1,1,no_play_penalty
401754528,2025,2,regular,James Madison,Louisville,away,canon,fumbles_lost,1,0,-1,1,no_play_penalty
401752826,2025,2,regular,Maryland,Northern Illinois,home,canon,total_yards,340,360.0,20.0,20.0,duplicate_plays
401752826,2025,2,regular,Maryland,Northern Illinois,home,canon,pass_attempts,36,37,1,1,duplicate_plays
401752826,2025,2,regular,Maryland,Northern Illinois,home,canon,net_pass_yards,254,269.0,15.0,15.0,duplicate_plays
401752826,2025,2,regular,Maryland,Northern Illinois,home,canon,rush_attempts,28,27,-1,1,duplicate_plays
401752826,2025,2,regular,Maryland,Northern Illinois,home,canon,rush_yards,86,91.0,5.0,5.0,duplicate_plays
401752826,2025,2,regular,Maryland,Northern Illinois,home,canon,turnovers,1,0,-1,1,no_play_penalty
401752826,2025,2,regular,Maryland,Northern Illinois,home,canon,fumbles_lost,1,0,-1,1,no_play_penalty
401752826,2025,2,regular,Maryland,Northern Illinois,home,canon,third_down_conversions,3,4,1,1,no_play_penalty
401752826,2025,2,regular,Maryland,Northern Illinois,home,canon,fourth_down_attempts,2,3,1,1,no_play_penalty
401752826,2025,2,regular,Northern Illinois,Maryland,away,canon,total_yards,271,285.0,14.0,14.0,duplicate_plays
401752826,2025,2,regular,Northern Illinois,Maryland,away,canon,pass_attempts,22,23,1,1,duplicate_plays
401752826,2025,2,regular,Northern Illinois,Maryland,away,canon,rush_attempts,48,47,-1,1,duplicate_plays
401752826,2025,2,regular,Northern Illinois,Maryland,away,canon,rush_yards,180,194.0,14.0,14.0,duplicate_plays
401752826,2025,2,regular,Northern Illinois,Maryland,away,canon,third_down_attempts,20,19,-1,1,no_play_penalty
401752826,2025,2,regular,Northern Illinois,Maryland,away,canon,fourth_down_attempts,6,7,1,1,no_play_penalty
401752811,2025,2,regular,Florida International,Penn State,away,canon,total_plays,72,71,-1,1,sack_accounting
401752811,2025,2,regular,Florida International,Penn State,away,canon,total_yards,290,334.0,44.0,44.0,sack_accounting
401752811,2025,2,regular,Florida International,Penn State,away,canon,pass_attempts,33,32,-1,1,sack_accounting
401752811,2025,2,regular,Florida International,Penn State,away,canon,rush_yards,141,185.0,44.0,44.0,sack_accounting
401752811,2025,2,regular,Florida International,Penn State,away,canon,turnovers,2,0,-2,2,no_play_penalty
401752811,2025,2,regular,Florida International,Penn State,away,canon,interceptions,1,0,-1,1,no_play_penalty
401752811,2025,2,regular,Florida International,Penn State,away,canon,fumbles_lost,1,0,-1,1,no_play_penalty
401757227,2025,2,regular,Jacksonville State,Liberty,home,canon,total_plays,60,62,2,2,duplicate_plays
401757227,2025,2,regular,Jacksonville State,Liberty,home,canon,total_yards,395,390.0,-5.0,5.0,duplicate_plays
401757227,2025,2,regular,Jacksonville State,Liberty,home,canon,rush_attempts,48,50,2,2,duplicate_plays
401757227,2025,2,regular,Jacksonville State,Liberty,home,canon,rush_yards,343,338.0,-5.0,5.0,duplicate_plays
401757227,2025,2,regular,Liberty,Jacksonville State,away,canon,total_plays,66,65,-1,1,fumble_or_safety_swallows_scrimmage_type
401757227,2025,2,regular,Liberty,Jacksonville State,away,canon,pass_attempts,29,28,-1,1,fumble_or_safety_swallows_scrimmage_type
401757227,2025,2,regular,Liberty,Jacksonville State,away,canon,turnovers,2,1,-1,1,kneel_accounting
401757227,2025,2,regular,Liberty,Jacksonville State,away,canon,fumbles_lost,1,0,-1,1,kneel_accounting
401757227,2025,2,regular,Liberty,Jacksonville State,away,canon,third_down_attempts,14,13,-1,1,kneel_accounting
401754618,2025,2,regular,Syracuse,UConn,home,canon,points,27,20,-7,7,no_play_penalty
401754618,2025,2,regular,Syracuse,UConn,home,canon,total_plays,82,74,-8,8,sack_accounting
401754618,2025,2,regular,Syracuse,UConn,home,canon,total_yards,461,463.0,2.0,2.0,sack_accounting
401754618,2025,2,regular,Syracuse,UConn,home,canon,pass_attempts,53,48,-5,5,sack_accounting
401754618,2025,2,regular,Syracuse,UConn,home,canon,completions,33,30,-3,3,no_play_penalty
401754618,2025,2,regular,Syracuse,UConn,home,canon,net_pass_yards,417,394.0,-23.0,23.0,sack_accounting
401754618,2025,2,regular,Syracuse,UConn,home,canon,rush_attempts,29,26,-3,3,sack_accounting
401754618,2025,2,regular,Syracuse,UConn,home,canon,rush_yards,44,69.0,25.0,25.0,sack_accounting
401754618,2025,2,regular,Syracuse,UConn,home,canon,third_down_attempts,15,14,-1,1,no_play_penalty
401754618,2025,2,regular,Syracuse,UConn,home,canon,third_down_conversions,5,4,-1,1,no_play_penalty
401754618,2025,2,regular,Syracuse,UConn,home,canon,fourth_down_attempts,3,2,-1,1,no_play_penalty
401754618,2025,2,regular,UConn,Syracuse,away,canon,total_plays,78,72,-6,6,sack_accounting
401754618,2025,2,regular,UConn,Syracuse,away,canon,pass_attempts,44,39,-5,5,sack_accounting
401754618,2025,2,regular,UConn,Syracuse,away,canon,completions,25,24,-1,1,no_play_penalty
401754618,2025,2,regular,UConn,Syracuse,away,canon,net_pass_yards,274,273.0,-1.0,1.0,sack_accounting
401754618,2025,2,regular,UConn,Syracuse,away,canon,rush_attempts,34,33,-1,1,sack_accounting
401754618,2025,2,regular,UConn,Syracuse,away,canon,rush_yards,142,143.0,1.0,1.0,sack_accounting
401754618,2025,2,regular,UConn,Syracuse,away,canon,third_down_attempts,17,16,-1,1,no_play_penalty
401754618,2025,2,regular,UConn,Syracuse,away,canon,fourth_down_attempts,4,3,-1,1,no_play_penalty
401752812,2025,2,regular,Indiana,Kennesaw State,home,canon,total_plays,66,67,1,1,sack_accounting
401752812,2025,2,regular,Indiana,Kennesaw State,home,canon,total_yards,596,607.0,11.0,11.0,sack_accounting
401752812,2025,2,regular,Indiana,Kennesaw State,home,canon,rush_attempts,38,39,1,1,sack_accounting
401752812,2025,2,regular,Indiana,Kennesaw State,home,canon,rush_yards,316,327.0,11.0,11.0,sack_accounting
401752812,2025,2,regular,Kennesaw State,Indiana,away,canon,total_plays,53,52,-1,1,sack_accounting
401752812,2025,2,regular,Kennesaw State,Indiana,away,canon,pass_attempts,21,20,-1,1,sack_accounting
401752812,2025,2,regular,Kennesaw State,Indiana,away,canon,turnovers,2,1,-1,1,no_play_penalty
401752812,2025,2,regular,Kennesaw State,Indiana,away,canon,fumbles_lost,1,0,-1,1,no_play_penalty
401752812,2025,2,regular,Kennesaw State,Indiana,away,canon,third_down_conversions,2,3,1,1,no_play_penalty
401752822,2025,2,regular,Iowa State,Iowa,home,canon,total_plays,57,56,-1,1,sack_accounting
401752822,2025,2,regular,Iowa State,Iowa,home,canon,total_yards,238,246.0,8.0,8.0,sack_accounting
401752822,2025,2,regular,Iowa State,Iowa,home,canon,net_pass_yards,134,144.0,10.0,10.0,sack_accounting
401752822,2025,2,regular,Iowa State,Iowa,home,canon,rush_attempts,30,29,-1,1,sack_accounting
401752822,2025,2,regular,Iowa State,Iowa,home,canon,rush_yards,104,102.0,-2.0,2.0,sack_accounting
401752822,2025,2,regular,Iowa State,Iowa,home,canon,turnovers,1,0,-1,1,no_play_penalty
401752822,2025,2,regular,Iowa State,Iowa,home,canon,fumbles_lost,1,0,-1,1,no_play_penalty
401752822,2025,2,regular,Iowa,Iowa State,away,canon,total_plays,63,62,-1,1,sack_accounting
401752822,2025,2,regular,Iowa,Iowa State,away,canon,total_yards,214,230.0,16.0,16.0,sack_accounting
401752822,2025,2,regular,Iowa,Iowa State,away,canon,pass_attempts,24,23,-1,1,sack_accounting
401752822,2025,2,regular,Iowa,Iowa State,away,canon,net_pass_yards,83,99.0,16.0,16.0,sack_accounting
401752825,2025,2,regular,Duke,Illinois,home,canon,total_plays,63,62,-1,1,fumble_or_safety_swallows_scrimmage_type
401752825,2025,2,regular,Duke,Illinois,home,canon,pass_attempts,39,38,-1,1,fumble_or_safety_swallows_scrimmage_type
401752825,2025,2,regular,Duke,Illinois,home,canon,turnovers,5,2,-3,3,no_play_penalty
401752825,2025,2,regular,Duke,Illinois,home,canon,fumbles_lost,4,1,-3,3,no_play_penalty
401752825,2025,2,regular,Duke,Illinois,home,canon,third_down_conversions,4,5,1,1,no_play_penalty
401752825,2025,2,regular,Illinois,Duke,away,canon,total_yards,419,434.0,15.0,15.0,fumble_or_safety_swallows_scrimmage_type
401752825,2025,2,regular,Illinois,Duke,away,canon,net_pass_yards,296,311.0,15.0,15.0,fumble_or_safety_swallows_scrimmage_type
401754524,2025,2,regular,NC State,Virginia,home,canon,total_plays,56,58,2,2,no_play_penalty
401754524,2025,2,regular,NC State,Virginia,home,canon,total_yards,420,416.0,-4.0,4.0,no_play_penalty
401754524,2025,2,regular,NC State,Virginia,home,canon,rush_attempts,33,35,2,2,no_play_penalty
401754524,2025,2,regular,NC State,Virginia,home,canon,rush_yards,220,216.0,-4.0,4.0,no_play_penalty
401754524,2025,2,regular,Virginia,NC State,away,canon,total_yards,514,529.0,15.0,15.0,no_play_penalty
401754524,2025,2,regular,Virginia,NC State,away,canon,rush_yards,257,272.0,15.0,15.0,no_play_penalty
401756885,2025,2,regular,Texas Tech,Kent State,home,canon,total_plays,80,79,-1,1,duplicate_plays
401756885,2025,2,regular,Texas Tech,Kent State,home,canon,total_yards,601,590.0,-11.0,11.0,duplicate_plays
401756885,2025,2,regular,Texas Tech,Kent State,home,canon,rush_attempts,42,41,-1,1,duplicate_plays
401756885,2025,2,regular,Texas Tech,Kent State,home,canon,rush_yards,230,219.0,-11.0,11.0,duplicate_plays
401756885,2025,2,regular,Kent State,Texas Tech,away,canon,total_plays,59,56,-3,3,sack_accounting
401756885,2025,2,regular,Kent State,Texas Tech,away,canon,total_yards,229,219.0,-10.0,10.0,sack_accounting
401756885,2025,2,regular,Kent State,Texas Tech,away,canon,pass_attempts,25,24,-1,1,sack_accounting
401756885,2025,2,regular,Kent State,Texas Tech,away,canon,rush_attempts,34,32,-2,2,sack_accounting
401756885,2025,2,regular,Kent State,Texas Tech,away,canon,rush_yards,64,54.0,-10.0,10.0,sack_accounting
401756885,2025,2,regular,Kent State,Texas Tech,away,canon,third_down_attempts,14,13,-1,1,kneel_accounting
401754529,2025,2,regular,Pittsburgh,Central Michigan,home,canon,total_plays,58,56,-2,2,duplicate_plays
401754529,2025,2,regular,Pittsburgh,Central Michigan,home,canon,total_yards,464,461.0,-3.0,3.0,duplicate_plays
401754529,2025,2,regular,Pittsburgh,Central Michigan,home,canon,pass_attempts,32,31,-1,1,duplicate_plays
401754529,2025,2,regular,Pittsburgh,Central Michigan,home,canon,net_pass_yards,340,345.0,5.0,5.0,duplicate_plays
401754529,2025,2,regular,Pittsburgh,Central Michigan,home,canon,rush_attempts,26,25,-1,1,duplicate_plays
401754529,2025,2,regular,Pittsburgh,Central Michigan,home,canon,rush_yards,124,116.0,-8.0,8.0,duplicate_plays
401754529,2025,2,regular,Central Michigan,Pittsburgh,away,canon,total_plays,68,65,-3,3,sack_accounting
401754529,2025,2,regular,Central Michigan,Pittsburgh,away,canon,completions,20,18,-2,2,no_play_penalty
401754529,2025,2,regular,Central Michigan,Pittsburgh,away,canon,net_pass_yards,177,169.0,-8.0,8.0,sack_accounting
401754529,2025,2,regular,Central Michigan,Pittsburgh,away,canon,rush_attempts,41,38,-3,3,sack_accounting
401754529,2025,2,regular,Central Michigan,Pittsburgh,away,canon,rush_yards,40,48.0,8.0,8.0,sack_accounting
401754529,2025,2,regular,Central Michigan,Pittsburgh,away,canon,turnovers,1,0,-1,1,no_play_penalty
401754529,2025,2,regular,Central Michigan,Pittsburgh,away,canon,fumbles_lost,1,0,-1,1,no_play_penalty
401754529,2025,2,regular,Central Michigan,Pittsburgh,away,canon,third_down_attempts,17,18,1,1,no_play_penalty
401754525,2025,2,regular,SMU,Baylor,home,canon,total_plays,66,63,-3,3,sack_accounting
401754525,2025,2,regular,SMU,Baylor,home,canon,total_yards,458,500.0,42.0,42.0,sack_accounting
401754525,2025,2,regular,SMU,Baylor,home,canon,pass_attempts,22,24,2,2,sack_accounting
401754525,2025,2,regular,SMU,Baylor,home,canon,completions,16,18,2,2,no_play_penalty
401754525,2025,2,regular,SMU,Baylor,home,canon,net_pass_yards,295,307.0,12.0,12.0,sack_accounting
401754525,2025,2,regular,SMU,Baylor,home,canon,rush_attempts,44,39,-5,5,sack_accounting
401754525,2025,2,regular,SMU,Baylor,home,canon,rush_yards,163,193.0,30.0,30.0,sack_accounting
401754525,2025,2,regular,SMU,Baylor,home,canon,turnovers,1,2,1,1,no_play_penalty
401754525,2025,2,regular,SMU,Baylor,home,canon,interceptions,1,2,1,1,no_play_penalty
401754525,2025,2,regular,SMU,Baylor,home,canon,third_down_attempts,13,9,-4,4,no_play_penalty
401754525,2025,2,regular,SMU,Baylor,home,canon,third_down_conversions,5,2,-3,3,no_play_penalty
401754525,2025,2,regular,SMU,Baylor,home,canon,fourth_down_attempts,1,2,1,1,no_play_penalty
401754525,2025,2,regular,SMU,Baylor,home,canon,fourth_down_conversions,1,2,1,1,no_play_penalty
401754525,2025,2,regular,Baylor,SMU,away,canon,points,48,45,-3,3,no_play_penalty
401754525,2025,2,regular,Baylor,SMU,away,canon,total_plays,94,87,-7,7,sack_accounting
401754525,2025,2,regular,Baylor,SMU,away,canon,total_yards,601,560.0,-41.0,41.0,sack_accounting
401754525,2025,2,regular,Baylor,SMU,away,canon,pass_attempts,50,52,2,2,sack_accounting
401754525,2025,2,regular,Baylor,SMU,away,canon,completions,34,38,4,4,no_play_penalty
401754525,2025,2,regular,Baylor,SMU,away,canon,rush_attempts,44,35,-9,9,sack_accounting
401754525,2025,2,regular,Baylor,SMU,away,canon,rush_yards,161,120.0,-41.0,41.0,sack_accounting
401754525,2025,2,regular,Baylor,SMU,away,canon,turnovers,2,0,-2,2,no_play_penalty
401754525,2025,2,regular,Baylor,SMU,away,canon,fumbles_lost,2,0,-2,2,no_play_penalty
401754525,2025,2,regular,Baylor,SMU,away,canon,third_down_attempts,18,13,-5,5,no_play_penalty
401754525,2025,2,regular,Baylor,SMU,away,canon,third_down_conversions,8,5,-3,3,no_play_penalty
401752693,2025,2,regular,Texas,San José State,home,canon,total_plays,65,63,-2,2,fumble_or_safety_swallows_scrimmage_type
401752693,2025,2,regular,Texas,San José State,home,canon,total_yards,472,446.0,-26.0,26.0,fumble_or_safety_swallows_scrimmage_type
401752693,2025,2,regular,Texas,San José State,home,canon,pass_attempts,33,32,-1,1,fumble_or_safety_swallows_scrimmage_type
401752693,2025,2,regular,Texas,San José State,home,canon,net_pass_yards,317,297.0,-20.0,20.0,fumble_or_safety_swallows_scrimmage_type
401752693,2025,2,regular,Texas,San José State,home,canon,rush_attempts,32,31,-1,1,fumble_or_safety_swallows_scrimmage_type
401752693,2025,2,regular,Texas,San José State,home,canon,rush_yards,155,149.0,-6.0,6.0,fumble_or_safety_swallows_scrimmage_type
401752693,2025,2,regular,Texas,San José State,home,canon,turnovers,2,3,1,1,no_play_penalty
401752693,2025,2,regular,Texas,San José State,home,canon,interceptions,1,2,1,1,no_play_penalty
401752693,2025,2,regular,Texas,San José State,home,canon,third_down_attempts,12,10,-2,2,no_play_penalty
401752693,2025,2,regular,San José State,Texas,away,canon,total_plays,72,69,-3,3,fumble_or_safety_swallows_scrimmage_type
401752693,2025,2,regular,San José State,Texas,away,canon,total_yards,273,284.0,11.0,11.0,fumble_or_safety_swallows_scrimmage_type
401752693,2025,2,regular,San José State,Texas,away,canon,pass_attempts,43,42,-1,1,fumble_or_safety_swallows_scrimmage_type
401752693,2025,2,regular,San José State,Texas,away,canon,net_pass_yards,188,202.0,14.0,14.0,fumble_or_safety_swallows_scrimmage_type
401752693,2025,2,regular,San José State,Texas,away,canon,rush_attempts,29,27,-2,2,fumble_or_safety_swallows_scrimmage_type
401752693,2025,2,regular,San José State,Texas,away,canon,rush_yards,85,82.0,-3.0,3.0,fumble_or_safety_swallows_scrimmage_type
401752693,2025,2,regular,San José State,Texas,away,canon,turnovers,4,3,-1,1,no_play_penalty
401752693,2025,2,regular,San José State,Texas,away,canon,interceptions,1,0,-1,1,no_play_penalty
401752693,2025,2,regular,San José State,Texas,away,canon,third_down_attempts,15,14,-1,1,no_play_penalty
401752694,2025,2,regular,Texas A&M,Utah State,home,canon,total_plays,79,78,-1,1,fumble_or_safety_swallows_scrimmage_type
401752694,2025,2,regular,Texas A&M,Utah State,home,canon,total_yards,554,571.0,17.0,17.0,fumble_or_safety_swallows_scrimmage_type
401752694,2025,2,regular,Texas A&M,Utah State,home,canon,pass_attempts,34,33,-1,1,fumble_or_safety_swallows_scrimmage_type
401752694,2025,2,regular,Texas A&M,Utah State,home,canon,net_pass_yards,319,321.0,2.0,2.0,fumble_or_safety_swallows_scrimmage_type
401752694,2025,2,regular,Texas A&M,Utah State,home,canon,rush_yards,235,250.0,15.0,15.0,fumble_or_safety_swallows_scrimmage_type
401752694,2025,2,regular,Utah State,Texas A&M,away,canon,total_yards,250,255.0,5.0,5.0,fumble_or_safety_swallows_scrimmage_type
401752694,2025,2,regular,Utah State,Texas A&M,away,canon,pass_attempts,31,32,1,1,fumble_or_safety_swallows_scrimmage_type
401752694,2025,2,regular,Utah State,Texas A&M,away,canon,completions,16,17,1,1,no_play_penalty
401752694,2025,2,regular,Utah State,Texas A&M,away,canon,net_pass_yards,172,178.0,6.0,6.0,fumble_or_safety_swallows_scrimmage_type
401752694,2025,2,regular,Utah State,Texas A&M,away,canon,rush_attempts,35,34,-1,1,fumble_or_safety_swallows_scrimmage_type
401752694,2025,2,regular,Utah State,Texas A&M,away,canon,rush_yards,78,77.0,-1.0,1.0,fumble_or_safety_swallows_scrimmage_type
401752694,2025,2,regular,Utah State,Texas A&M,away,canon,turnovers,1,0,-1,1,no_play_penalty
401752694,2025,2,regular,Utah State,Texas A&M,away,canon,fumbles_lost,1,0,-1,1,no_play_penalty
401752694,2025,2,regular,Utah State,Texas A&M,away,canon,third_down_conversions,2,3,1,1,no_play_penalty
401752824,2025,2,regular,Oregon,Oklahoma State,home,canon,total_plays,62,61,-1,1,sack_accounting
401752824,2025,2,regular,Oregon,Oklahoma State,home,canon,total_yards,631,626.0,-5.0,5.0,sack_accounting
401752824,2025,2,regular,Oregon,Oklahoma State,home,canon,pass_attempts,25,24,-1,1,sack_accounting
401752824,2025,2,regular,Oregon,Oklahoma State,home,canon,completions,18,17,-1,1,no_play_penalty
401752824,2025,2,regular,Oregon,Oklahoma State,home,canon,net_pass_yards,319,314.0,-5.0,5.0,sack_accounting
401752824,2025,2,regular,Oregon,Oklahoma State,home,canon,turnovers,0,1,1,1,no_play_penalty
401752824,2025,2,regular,Oregon,Oklahoma State,home,canon,interceptions,0,1,1,1,no_play_penalty
401752824,2025,2,regular,Oklahoma State,Oregon,away,canon,total_plays,61,59,-2,2,sack_accounting
401752824,2025,2,regular,Oklahoma State,Oregon,away,canon,pass_attempts,19,17,-2,2,sack_accounting
401752824,2025,2,regular,Oklahoma State,Oregon,away,canon,turnovers,2,1,-1,1,no_play_penalty
401752824,2025,2,regular,Oklahoma State,Oregon,away,canon,interceptions,2,1,-1,1,no_play_penalty
401752689,2025,2,regular,Missouri,Kansas,home,canon,total_plays,86,85,-1,1,duplicate_plays
401752689,2025,2,regular,Missouri,Kansas,home,canon,total_yards,595,589.0,-6.0,6.0,duplicate_plays
401752689,2025,2,regular,Missouri,Kansas,home,canon,pass_attempts,39,40,1,1,duplicate_plays
401752689,2025,2,regular,Missouri,Kansas,home,canon,net_pass_yards,334,338.0,4.0,4.0,duplicate_plays
401752689,2025,2,regular,Missouri,Kansas,home,canon,rush_attempts,47,45,-2,2,duplicate_plays
401752689,2025,2,regular,Missouri,Kansas,home,canon,rush_yards,261,251.0,-10.0,10.0,duplicate_plays
401752689,2025,2,regular,Missouri,Kansas,home,canon,third_down_attempts,19,17,-2,2,no_play_penalty
401752689,2025,2,regular,Missouri,Kansas,home,canon,third_down_conversions,10,9,-1,1,no_play_penalty
401752689,2025,2,regular,Missouri,Kansas,home,canon,fourth_down_attempts,5,6,1,1,no_play_penalty
401752689,2025,2,regular,Kansas,Missouri,away,canon,total_plays,49,47,-2,2,duplicate_plays
401752689,2025,2,regular,Kansas,Missouri,away,canon,total_yards,226,283.0,57.0,57.0,duplicate_plays
401752689,2025,2,regular,Kansas,Missouri,away,canon,pass_attempts,30,29,-1,1,duplicate_plays
401752689,2025,2,regular,Kansas,Missouri,away,canon,net_pass_yards,223,227.0,4.0,4.0,duplicate_plays
401752689,2025,2,regular,Kansas,Missouri,away,canon,rush_attempts,19,18,-1,1,duplicate_plays
401752689,2025,2,regular,Kansas,Missouri,away,canon,rush_yards,3,56.0,53.0,53.0,duplicate_plays
401752689,2025,2,regular,Kansas,Missouri,away,canon,third_down_attempts,11,10,-1,1,no_play_penalty
401761603,2025,2,regular,UTSA,Texas State,home,canon,total_yards,497,520.0,23.0,23.0,safety_accounting
401761603,2025,2,regular,UTSA,Texas State,home,canon,net_pass_yards,219,242.0,23.0,23.0,safety_accounting
401761603,2025,2,regular,Texas State,UTSA,away,canon,total_plays,64,65,1,1,safety_accounting
401761603,2025,2,regular,Texas State,UTSA,away,canon,total_yards,461,460.0,-1.0,1.0,safety_accounting
401761603,2025,2,regular,Texas State,UTSA,away,canon,pass_attempts,20,19,-1,1,safety_accounting
401761603,2025,2,regular,Texas State,UTSA,away,canon,net_pass_yards,286,292.0,6.0,6.0,safety_accounting
401761603,2025,2,regular,Texas State,UTSA,away,canon,rush_attempts,44,46,2,2,safety_accounting
401761603,2025,2,regular,Texas State,UTSA,away,canon,rush_yards,175,168.0,-7.0,7.0,safety_accounting
401761603,2025,2,regular,Texas State,UTSA,away,canon,third_down_attempts,16,15,-1,1,no_play_penalty
401754637,2025,2,regular,Clemson,Troy,home,canon,total_plays,55,53,-2,2,sack_accounting
401754637,2025,2,regular,Clemson,Troy,home,canon,total_yards,316,328.0,12.0,12.0,sack_accounting
401754637,2025,2,regular,Clemson,Troy,home,canon,pass_attempts,24,23,-1,1,sack_accounting
401754637,2025,2,regular,Clemson,Troy,home,canon,net_pass_yards,196,215.0,19.0,19.0,sack_accounting
401754637,2025,2,regular,Clemson,Troy,home,canon,rush_attempts,31,30,-1,1,sack_accounting
401754637,2025,2,regular,Clemson,Troy,home,canon,rush_yards,120,113.0,-7.0,7.0,sack_accounting
401754637,2025,2,regular,Clemson,Troy,home,canon,turnovers,2,1,-1,1,no_play_penalty
401754637,2025,2,regular,Clemson,Troy,home,canon,interceptions,1,0,-1,1,no_play_penalty
401754637,2025,2,regular,Clemson,Troy,home,canon,third_down_conversions,5,6,1,1,no_play_penalty
401754637,2025,2,regular,Clemson,Troy,home,canon,fourth_down_attempts,1,0,-1,1,no_play_penalty
401754637,2025,2,regular,Troy,Clemson,away,canon,total_plays,63,60,-3,3,sack_accounting
401754637,2025,2,regular,Troy,Clemson,away,canon,total_yards,301,283.0,-18.0,18.0,sack_accounting
401754637,2025,2,regular,Troy,Clemson,away,canon,pass_attempts,31,28,-3,3,sack_accounting
401754637,2025,2,regular,Troy,Clemson,away,canon,completions,19,18,-1,1,no_play_penalty
401754637,2025,2,regular,Troy,Clemson,away,canon,net_pass_yards,223,220.0,-3.0,3.0,sack_accounting
401754637,2025,2,regular,Troy,Clemson,away,canon,rush_yards,78,63.0,-15.0,15.0,sack_accounting
401754637,2025,2,regular,Troy,Clemson,away,canon,turnovers,3,2,-1,1,no_play_penalty
401754637,2025,2,regular,Troy,Clemson,away,canon,interceptions,3,2,-1,1,no_play_penalty
401754637,2025,2,regular,Troy,Clemson,away,canon,third_down_attempts,13,11,-2,2,no_play_penalty
401756881,2025,2,regular,Colorado,Delaware,home,canon,total_plays,66,69,3,3,fumble_or_safety_swallows_scrimmage_type
401756881,2025,2,regular,Colorado,Delaware,home,canon,total_yards,402,388.0,-14.0,14.0,fumble_or_safety_swallows_scrimmage_type
401756881,2025,2,regular,Colorado,Delaware,home,canon,completions,22,21,-1,1,no_play_penalty
401756881,2025,2,regular,Colorado,Delaware,home,canon,net_pass_yards,267,257.0,-10.0,10.0,fumble_or_safety_swallows_scrimmage_type
401756881,2025,2,regular,Colorado,Delaware,home,canon,rush_attempts,36,39,3,3,fumble_or_safety_swallows_scrimmage_type
401756881,2025,2,regular,Colorado,Delaware,home,canon,rush_yards,135,131.0,-4.0,4.0,fumble_or_safety_swallows_scrimmage_type
401756881,2025,2,regular,Delaware,Colorado,away,canon,total_yards,397,478.0,81.0,81.0,fumble_or_safety_swallows_scrimmage_type
401756881,2025,2,regular,Delaware,Colorado,away,canon,pass_attempts,36,35,-1,1,fumble_or_safety_swallows_scrimmage_type
401756881,2025,2,regular,Delaware,Colorado,away,canon,completions,18,19,1,1,no_play_penalty
401756881,2025,2,regular,Delaware,Colorado,away,canon,net_pass_yards,312,379.0,67.0,67.0,fumble_or_safety_swallows_scrimmage_type
401756881,2025,2,regular,Delaware,Colorado,away,canon,rush_attempts,29,30,1,1,fumble_or_safety_swallows_scrimmage_type
401756881,2025,2,regular,Delaware,Colorado,away,canon,rush_yards,85,99.0,14.0,14.0,fumble_or_safety_swallows_scrimmage_type
401756881,2025,2,regular,Delaware,Colorado,away,canon,turnovers,2,1,-1,1,no_play_penalty
401756881,2025,2,regular,Delaware,Colorado,away,canon,fumbles_lost,1,0,-1,1,no_play_penalty
401756881,2025,2,regular,Delaware,Colorado,away,canon,third_down_attempts,10,9,-1,1,no_play_penalty
401762458,2025,2,regular,Navy,UAB,home,canon,total_plays,59,56,-3,3,fumble_or_safety_swallows_scrimmage_type
401762458,2025,2,regular,Navy,UAB,home,canon,total_yards,463,474.0,11.0,11.0,fumble_or_safety_swallows_scrimmage_type
401762458,2025,2,regular,Navy,UAB,home,canon,rush_attempts,51,48,-3,3,fumble_or_safety_swallows_scrimmage_type
401762458,2025,2,regular,Navy,UAB,home,canon,rush_yards,295,306.0,11.0,11.0,fumble_or_safety_swallows_scrimmage_type
401762458,2025,2,regular,Navy,UAB,home,canon,turnovers,0,1,1,1,kneel_accounting
401762458,2025,2,regular,Navy,UAB,home,canon,interceptions,0,1,1,1,kneel_accounting
401762458,2025,2,regular,UAB,Navy,away,canon,total_plays,60,58,-2,2,duplicate_plays
401762458,2025,2,regular,UAB,Navy,away,canon,total_yards,413,428.0,15.0,15.0,duplicate_plays
401762458,2025,2,regular,UAB,Navy,away,canon,pass_attempts,33,31,-2,2,duplicate_plays
401762458,2025,2,regular,UAB,Navy,away,canon,net_pass_yards,321,336.0,15.0,15.0,duplicate_plays
401762458,2025,2,regular,UAB,Navy,away,canon,turnovers,3,1,-2,2,kneel_accounting
401762458,2025,2,regular,UAB,Navy,away,canon,interceptions,2,1,-1,1,kneel_accounting
401762458,2025,2,regular,UAB,Navy,away,canon,fumbles_lost,1,0,-1,1,kneel_accounting
401762458,2025,2,regular,UAB,Navy,away,canon,third_down_attempts,13,10,-3,3,kneel_accounting
401762458,2025,2,regular,UAB,Navy,away,canon,fourth_down_attempts,2,3,1,1,kneel_accounting
401762461,2025,2,regular,Western Michigan,North Texas,home,canon,total_plays,71,92,21,21,sack_accounting
401762461,2025,2,regular,Western Michigan,North Texas,home,canon,total_yards,303,370.0,67.0,67.0,sack_accounting
401762461,2025,2,regular,Western Michigan,North Texas,home,canon,pass_attempts,14,17,3,3,sack_accounting
401762461,2025,2,regular,Western Michigan,North Texas,home,canon,net_pass_yards,87,55.0,-32.0,32.0,sack_accounting
401762461,2025,2,regular,Western Michigan,North Texas,home,canon,rush_attempts,57,75,18,18,sack_accounting
401762461,2025,2,regular,Western Michigan,North Texas,home,canon,rush_yards,216,315.0,99.0,99.0,sack_accounting
401762461,2025,2,regular,Western Michigan,North Texas,home,canon,third_down_attempts,18,22,4,4,no_play_penalty
401762461,2025,2,regular,Western Michigan,North Texas,home,canon,third_down_conversions,9,11,2,2,no_play_penalty
401762461,2025,2,regular,Western Michigan,North Texas,home,canon,fourth_down_attempts,1,2,1,1,no_play_penalty
401762461,2025,2,regular,Western Michigan,North Texas,home,canon,fourth_down_conversions,1,2,1,1,no_play_penalty
401762461,2025,2,regular,North Texas,Western Michigan,away,canon,points,33,27,-6,6,no_play_penalty
401762461,2025,2,regular,North Texas,Western Michigan,away,canon,total_plays,63,78,15,15,sack_accounting
401762461,2025,2,regular,North Texas,Western Michigan,away,canon,total_yards,406,509.0,103.0,103.0,sack_accounting
401762461,2025,2,regular,North Texas,Western Michigan,away,canon,pass_attempts,33,41,8,8,sack_accounting
401762461,2025,2,regular,North Texas,Western Michigan,away,canon,completions,18,21,3,3,no_play_penalty
401762461,2025,2,regular,North Texas,Western Michigan,away,canon,net_pass_yards,224,245.0,21.0,21.0,sack_accounting
401762461,2025,2,regular,North Texas,Western Michigan,away,canon,rush_attempts,30,37,7,7,sack_accounting
401762461,2025,2,regular,North Texas,Western Michigan,away,canon,rush_yards,182,264.0,82.0,82.0,sack_accounting
401762461,2025,2,regular,North Texas,Western Michigan,away,canon,third_down_attempts,14,16,2,2,no_play_penalty
401762461,2025,2,regular,North Texas,Western Michigan,away,canon,third_down_conversions,6,7,1,1,no_play_penalty
401756880,2025,2,regular,Cincinnati,Bowling Green,home,canon,total_plays,53,52,-1,1,sack_accounting
401756880,2025,2,regular,Cincinnati,Bowling Green,home,canon,total_yards,439,433.0,-6.0,6.0,sack_accounting
401756880,2025,2,regular,Cincinnati,Bowling Green,home,canon,net_pass_yards,333,337.0,4.0,4.0,sack_accounting
401756880,2025,2,regular,Cincinnati,Bowling Green,home,canon,rush_attempts,29,28,-1,1,sack_accounting
401756880,2025,2,regular,Cincinnati,Bowling Green,home,canon,rush_yards,106,96.0,-10.0,10.0,sack_accounting
401756880,2025,2,regular,Bowling Green,Cincinnati,away,canon,total_plays,71,69,-2,2,sack_accounting
401756880,2025,2,regular,Bowling Green,Cincinnati,away,canon,total_yards,372,377.0,5.0,5.0,sack_accounting
401756880,2025,2,regular,Bowling Green,Cincinnati,away,canon,net_pass_yards,274,286.0,12.0,12.0,sack_accounting
401756880,2025,2,regular,Bowling Green,Cincinnati,away,canon,rush_attempts,34,32,-2,2,sack_accounting
401756880,2025,2,regular,Bowling Green,Cincinnati,away,canon,rush_yards,98,91.0,-7.0,7.0,sack_accounting
401752818,2025,2,regular,Miami (OH),Rutgers,away,canon,total_plays,45,43,-2,2,sack_accounting
401752818,2025,2,regular,Miami (OH),Rutgers,away,canon,pass_attempts,23,21,-2,2,sack_accounting
401752686,2025,2,regular,Kentucky,Ole Miss,home,canon,total_yards,359,375.0,16.0,16.0,sack_accounting
401752686,2025,2,regular,Kentucky,Ole Miss,home,canon,net_pass_yards,187,193.0,6.0,6.0,sack_accounting
401752686,2025,2,regular,Kentucky,Ole Miss,home,canon,rush_yards,172,182.0,10.0,10.0,sack_accounting
401752686,2025,2,regular,Ole Miss,Kentucky,away,canon,total_plays,71,70,-1,1,sack_accounting
401752686,2025,2,regular,Ole Miss,Kentucky,away,canon,total_yards,457,460.0,3.0,3.0,sack_accounting
401752686,2025,2,regular,Ole Miss,Kentucky,away,canon,pass_attempts,24,22,-2,2,sack_accounting
401752686,2025,2,regular,Ole Miss,Kentucky,away,canon,rush_attempts,47,48,1,1,sack_accounting
401752686,2025,2,regular,Ole Miss,Kentucky,away,canon,rush_yards,222,225.0,3.0,3.0,sack_accounting
401752686,2025,2,regular,Ole Miss,Kentucky,away,canon,third_down_attempts,13,12,-1,1,no_play_penalty
401752937,2025,2,regular,Oregon State,Fresno State,home,canon,points,27,21,-6,6,no_play_penalty
401752937,2025,2,regular,Oregon State,Fresno State,home,canon,total_plays,82,103,21,21,sack_accounting
401752937,2025,2,regular,Oregon State,Fresno State,home,canon,total_yards,544,641.0,97.0,97.0,sack_accounting
401752937,2025,2,regular,Oregon State,Fresno State,home,canon,pass_attempts,49,58,9,9,sack_accounting
401752937,2025,2,regular,Oregon State,Fresno State,home,canon,completions,32,39,7,7,no_play_penalty
401752937,2025,2,regular,Oregon State,Fresno State,home,canon,net_pass_yards,388,479.0,91.0,91.0,sack_accounting
401752937,2025,2,regular,Oregon State,Fresno State,home,canon,rush_attempts,33,45,12,12,sack_accounting
401752937,2025,2,regular,Oregon State,Fresno State,home,canon,rush_yards,156,162.0,6.0,6.0,sack_accounting
401752937,2025,2,regular,Oregon State,Fresno State,home,canon,turnovers,2,1,-1,1,no_play_penalty
401752937,2025,2,regular,Oregon State,Fresno State,home,canon,interceptions,2,1,-1,1,no_play_penalty
401752937,2025,2,regular,Oregon State,Fresno State,home,canon,third_down_attempts,17,23,6,6,no_play_penalty
401752937,2025,2,regular,Oregon State,Fresno State,home,canon,third_down_conversions,10,15,5,5,no_play_penalty
401752937,2025,2,regular,Fresno State,Oregon State,away,canon,points,36,26,-10,10,no_play_penalty
401752937,2025,2,regular,Fresno State,Oregon State,away,canon,total_plays,45,47,2,2,sack_accounting
401752937,2025,2,regular,Fresno State,Oregon State,away,canon,total_yards,320,346.0,26.0,26.0,sack_accounting
401752937,2025,2,regular,Fresno State,Oregon State,away,canon,pass_attempts,18,17,-1,1,sack_accounting
401752937,2025,2,regular,Fresno State,Oregon State,away,canon,completions,13,12,-1,1,no_play_penalty
401752937,2025,2,regular,Fresno State,Oregon State,away,canon,net_pass_yards,121,162.0,41.0,41.0,sack_accounting
401752937,2025,2,regular,Fresno State,Oregon State,away,canon,rush_attempts,27,30,3,3,sack_accounting
401752937,2025,2,regular,Fresno State,Oregon State,away,canon,rush_yards,199,184.0,-15.0,15.0,sack_accounting
401752937,2025,2,regular,Fresno State,Oregon State,away,canon,third_down_attempts,8,7,-1,1,no_play_penalty
401752820,2025,2,regular,Wisconsin,Middle Tennessee,home,canon,total_plays,56,61,5,5,sack_accounting
401752820,2025,2,regular,Wisconsin,Middle Tennessee,home,canon,total_yards,456,563.0,107.0,107.0,sack_accounting
401752820,2025,2,regular,Wisconsin,Middle Tennessee,home,canon,pass_attempts,27,26,-1,1,sack_accounting
401752820,2025,2,regular,Wisconsin,Middle Tennessee,home,canon,completions,23,24,1,1,no_play_penalty
401752820,2025,2,regular,Wisconsin,Middle Tennessee,home,canon,net_pass_yards,283,289.0,6.0,6.0,sack_accounting
401752820,2025,2,regular,Wisconsin,Middle Tennessee,home,canon,rush_attempts,29,35,6,6,sack_accounting
401752820,2025,2,regular,Wisconsin,Middle Tennessee,home,canon,rush_yards,173,274.0,101.0,101.0,sack_accounting
401752820,2025,2,regular,Wisconsin,Middle Tennessee,home,canon,third_down_conversions,4,3,-1,1,no_play_penalty
401752820,2025,2,regular,Middle Tennessee,Wisconsin,away,canon,total_plays,60,91,31,31,sack_accounting
401752820,2025,2,regular,Middle Tennessee,Wisconsin,away,canon,total_yards,241,421.0,180.0,180.0,sack_accounting
401752820,2025,2,regular,Middle Tennessee,Wisconsin,away,canon,pass_attempts,32,48,16,16,sack_accounting
401752820,2025,2,regular,Middle Tennessee,Wisconsin,away,canon,completions,21,33,12,12,no_play_penalty
401752820,2025,2,regular,Middle Tennessee,Wisconsin,away,canon,net_pass_yards,208,346.0,138.0,138.0,sack_accounting
401752820,2025,2,regular,Middle Tennessee,Wisconsin,away,canon,rush_attempts,28,43,15,15,sack_accounting
401752820,2025,2,regular,Middle Tennessee,Wisconsin,away,canon,rush_yards,33,75.0,42.0,42.0,sack_accounting
401752820,2025,2,regular,Middle Tennessee,Wisconsin,away,canon,turnovers,1,2,1,1,no_play_penalty
401752820,2025,2,regular,Middle Tennessee,Wisconsin,away,canon,fumbles_lost,0,1,1,1,no_play_penalty
401752820,2025,2,regular,Middle Tennessee,Wisconsin,away,canon,third_down_attempts,14,21,7,7,no_play_penalty
401752820,2025,2,regular,Middle Tennessee,Wisconsin,away,canon,third_down_conversions,5,8,3,3,no_play_penalty
401752820,2025,2,regular,Middle Tennessee,Wisconsin,away,canon,fourth_down_attempts,2,4,2,2,no_play_penalty
401752820,2025,2,regular,Middle Tennessee,Wisconsin,away,canon,fourth_down_conversions,1,2,1,1,no_play_penalty
401756883,2025,2,regular,Ohio,West Virginia,home,canon,total_plays,78,77,-1,1,duplicate_plays
401756883,2025,2,regular,Ohio,West Virginia,home,canon,total_yards,429,440.0,11.0,11.0,duplicate_plays
401756883,2025,2,regular,Ohio,West Virginia,home,canon,pass_attempts,31,30,-1,1,duplicate_plays
401756883,2025,2,regular,Ohio,West Virginia,home,canon,completions,22,23,1,1,duplicate_plays
401756883,2025,2,regular,Ohio,West Virginia,home,canon,net_pass_yards,247,249.0,2.0,2.0,duplicate_plays
401756883,2025,2,regular,Ohio,West Virginia,home,canon,rush_yards,182,191.0,9.0,9.0,duplicate_plays
401756883,2025,2,regular,Ohio,West Virginia,home,canon,turnovers,3,1,-2,2,no_play_penalty
401756883,2025,2,regular,Ohio,West Virginia,home,canon,interceptions,3,1,-2,2,no_play_penalty
401756883,2025,2,regular,Ohio,West Virginia,home,canon,third_down_attempts,14,13,-1,1,no_play_penalty
401756883,2025,2,regular,West Virginia,Ohio,away,canon,completions,15,16,1,1,no_play_penalty
401756883,2025,2,regular,West Virginia,Ohio,away,canon,turnovers,1,0,-1,1,no_play_penalty
401756883,2025,2,regular,West Virginia,Ohio,away,canon,interceptions,1,0,-1,1,no_play_penalty
401752684,2025,2,regular,Florida,South Florida,home,canon,total_yards,355,357.0,2.0,2.0,duplicate_plays
401752684,2025,2,regular,Florida,South Florida,home,canon,pass_attempts,33,34,1,1,duplicate_plays
401752684,2025,2,regular,Florida,South Florida,home,canon,net_pass_yards,222,226.0,4.0,4.0,duplicate_plays
401752684,2025,2,regular,Florida,South Florida,home,canon,rush_attempts,31,30,-1,1,duplicate_plays
401752684,2025,2,regular,Florida,South Florida,home,canon,rush_yards,133,131.0,-2.0,2.0,duplicate_plays
401752684,2025,2,regular,South Florida,Florida,away,canon,total_plays,65,64,-1,1,safety_accounting
401752684,2025,2,regular,South Florida,Florida,away,canon,total_yards,391,396.0,5.0,5.0,safety_accounting
401752684,2025,2,regular,South Florida,Florida,away,canon,net_pass_yards,263,271.0,8.0,8.0,safety_accounting
401752684,2025,2,regular,South Florida,Florida,away,canon,rush_attempts,29,28,-1,1,safety_accounting
401752684,2025,2,regular,South Florida,Florida,away,canon,rush_yards,128,125.0,-3.0,3.0,safety_accounting
401752682,2025,2,regular,Arkansas,Arkansas State,home,canon,total_plays,58,57,-1,1,duplicate_plays
401752682,2025,2,regular,Arkansas,Arkansas State,home,canon,pass_attempts,29,28,-1,1,duplicate_plays
401752682,2025,2,regular,Arkansas,Arkansas State,home,canon,turnovers,2,1,-1,1,no_play_penalty
401752682,2025,2,regular,Arkansas,Arkansas State,home,canon,interceptions,2,1,-1,1,no_play_penalty
401752682,2025,2,regular,Arkansas State,Arkansas,away,canon,points,14,21,7,7,no_play_penalty
401752682,2025,2,regular,Arkansas State,Arkansas,away,canon,total_plays,78,73,-5,5,duplicate_plays
401752682,2025,2,regular,Arkansas State,Arkansas,away,canon,total_yards,285,291.0,6.0,6.0,duplicate_plays
401752682,2025,2,regular,Arkansas State,Arkansas,away,canon,pass_attempts,36,33,-3,3,duplicate_plays
401752682,2025,2,regular,Arkansas State,Arkansas,away,canon,net_pass_yards,132,136.0,4.0,4.0,duplicate_plays
401752682,2025,2,regular,Arkansas State,Arkansas,away,canon,rush_attempts,42,40,-2,2,duplicate_plays
401752682,2025,2,regular,Arkansas State,Arkansas,away,canon,rush_yards,153,155.0,2.0,2.0,duplicate_plays
401752682,2025,2,regular,Arkansas State,Arkansas,away,canon,turnovers,2,1,-1,1,no_play_penalty
401752682,2025,2,regular,Arkansas State,Arkansas,away,canon,interceptions,2,1,-1,1,no_play_penalty
401752682,2025,2,regular,Arkansas State,Arkansas,away,canon,third_down_attempts,19,17,-2,2,no_play_penalty
401757228,2025,2,regular,Marshall,Missouri State,home,canon,total_plays,57,52,-5,5,fumble_or_safety_swallows_scrimmage_type
401757228,2025,2,regular,Marshall,Missouri State,home,canon,total_yards,274,317.0,43.0,43.0,fumble_or_safety_swallows_scrimmage_type
401757228,2025,2,regular,Marshall,Missouri State,home,canon,pass_attempts,24,18,-6,6,fumble_or_safety_swallows_scrimmage_type
401757228,2025,2,regular,Marshall,Missouri State,home,canon,completions,13,9,-4,4,kneel_accounting
401757228,2025,2,regular,Marshall,Missouri State,home,canon,net_pass_yards,83,188.0,105.0,105.0,fumble_or_safety_swallows_scrimmage_type
401757228,2025,2,regular,Marshall,Missouri State,home,canon,rush_attempts,33,34,1,1,fumble_or_safety_swallows_scrimmage_type
401757228,2025,2,regular,Marshall,Missouri State,home,canon,rush_yards,191,129.0,-62.0,62.0,fumble_or_safety_swallows_scrimmage_type
401757228,2025,2,regular,Marshall,Missouri State,home,canon,turnovers,1,0,-1,1,kneel_accounting
401757228,2025,2,regular,Marshall,Missouri State,home,canon,interceptions,1,0,-1,1,kneel_accounting
401757228,2025,2,regular,Marshall,Missouri State,home,canon,third_down_attempts,15,14,-1,1,kneel_accounting
401757228,2025,2,regular,Marshall,Missouri State,home,canon,third_down_conversions,3,2,-1,1,kneel_accounting
401757228,2025,2,regular,Marshall,Missouri State,home,canon,fourth_down_attempts,3,1,-2,2,kneel_accounting
401757228,2025,2,regular,Marshall,Missouri State,home,canon,fourth_down_conversions,1,0,-1,1,kneel_accounting
401757228,2025,2,regular,Missouri State,Marshall,away,canon,total_plays,70,85,15,15,fumble_or_safety_swallows_scrimmage_type
401757228,2025,2,regular,Missouri State,Marshall,away,canon,total_yards,474,758.0,284.0,284.0,fumble_or_safety_swallows_scrimmage_type
401757228,2025,2,regular,Missouri State,Marshall,away,canon,pass_attempts,32,42,10,10,fumble_or_safety_swallows_scrimmage_type
401757228,2025,2,regular,Missouri State,Marshall,away,canon,completions,22,28,6,6,kneel_accounting
401757228,2025,2,regular,Missouri State,Marshall,away,canon,net_pass_yards,388,577.0,189.0,189.0,fumble_or_safety_swallows_scrimmage_type
401757228,2025,2,regular,Missouri State,Marshall,away,canon,rush_attempts,38,43,5,5,fumble_or_safety_swallows_scrimmage_type
401757228,2025,2,regular,Missouri State,Marshall,away,canon,rush_yards,86,181.0,95.0,95.0,fumble_or_safety_swallows_scrimmage_type
401757228,2025,2,regular,Missouri State,Marshall,away,canon,turnovers,1,0,-1,1,kneel_accounting
401757228,2025,2,regular,Missouri State,Marshall,away,canon,interceptions,1,0,-1,1,kneel_accounting
401757228,2025,2,regular,Missouri State,Marshall,away,canon,third_down_attempts,16,20,4,4,kneel_accounting
401757228,2025,2,regular,Missouri State,Marshall,away,canon,third_down_conversions,7,10,3,3,kneel_accounting
401754527,2025,2,regular,Charlotte,North Carolina,home,canon,total_plays,69,68,-1,1,sack_accounting
401754527,2025,2,regular,Charlotte,North Carolina,home,canon,total_yards,272,291.0,19.0,19.0,sack_accounting
401754527,2025,2,regular,Charlotte,North Carolina,home,canon,pass_attempts,41,40,-1,1,sack_accounting
401754527,2025,2,regular,Charlotte,North Carolina,home,canon,net_pass_yards,250,280.0,30.0,30.0,sack_accounting
401754527,2025,2,regular,Charlotte,North Carolina,home,canon,rush_yards,22,11.0,-11.0,11.0,sack_accounting
401754527,2025,2,regular,Charlotte,North Carolina,home,canon,turnovers,2,1,-1,1,no_play_penalty
401754527,2025,2,regular,Charlotte,North Carolina,home,canon,interceptions,2,1,-1,1,no_play_penalty
401754527,2025,2,regular,North Carolina,Charlotte,away,canon,total_plays,58,57,-1,1,duplicate_plays
401754527,2025,2,regular,North Carolina,Charlotte,away,canon,total_yards,303,309.0,6.0,6.0,duplicate_plays
401754527,2025,2,regular,North Carolina,Charlotte,away,canon,net_pass_yards,155,164.0,9.0,9.0,duplicate_plays
401754527,2025,2,regular,North Carolina,Charlotte,away,canon,rush_attempts,33,32,-1,1,duplicate_plays
401754527,2025,2,regular,North Carolina,Charlotte,away,canon,rush_yards,148,145.0,-3.0,3.0,duplicate_plays
401754527,2025,2,regular,North Carolina,Charlotte,away,canon,third_down_attempts,15,14,-1,1,no_play_penalty
401754527,2025,2,regular,North Carolina,Charlotte,away,canon,third_down_conversions,5,6,1,1,no_play_penalty
401754527,2025,2,regular,North Carolina,Charlotte,away,canon,fourth_down_attempts,2,3,1,1,no_play_penalty
401756884,2025,2,regular,Rice,Houston,home,canon,total_plays,66,78,12,12,sack_accounting
401756884,2025,2,regular,Rice,Houston,home,canon,total_yards,228,268.0,40.0,40.0,sack_accounting
401756884,2025,2,regular,Rice,Houston,home,canon,pass_attempts,13,15,2,2,sack_accounting
401756884,2025,2,regular,Rice,Houston,home,canon,completions,11,13,2,2,accepted_or_declined_penalty
401756884,2025,2,regular,Rice,Houston,home,canon,net_pass_yards,51,106.0,55.0,55.0,sack_accounting
401756884,2025,2,regular,Rice,Houston,home,canon,rush_attempts,53,63,10,10,sack_accounting
401756884,2025,2,regular,Rice,Houston,home,canon,rush_yards,177,162.0,-15.0,15.0,sack_accounting
401756884,2025,2,regular,Rice,Houston,home,canon,turnovers,2,1,-1,1,accepted_or_declined_penalty
401756884,2025,2,regular,Rice,Houston,home,canon,fumbles_lost,1,0,-1,1,accepted_or_declined_penalty
401756884,2025,2,regular,Rice,Houston,home,canon,third_down_attempts,15,19,4,4,accepted_or_declined_penalty
401756884,2025,2,regular,Rice,Houston,home,canon,third_down_conversions,4,7,3,3,accepted_or_declined_penalty
401756884,2025,2,regular,Rice,Houston,home,canon,fourth_down_attempts,2,1,-1,1,accepted_or_declined_penalty
401756884,2025,2,regular,Houston,Rice,away,canon,points,35,28,-7,7,accepted_or_declined_penalty
401756884,2025,2,regular,Houston,Rice,away,canon,total_plays,59,82,23,23,sack_accounting
401756884,2025,2,regular,Houston,Rice,away,canon,total_yards,395,502.0,107.0,107.0,sack_accounting
401756884,2025,2,regular,Houston,Rice,away,canon,pass_attempts,22,31,9,9,sack_accounting
401756884,2025,2,regular,Houston,Rice,away,canon,completions,15,20,5,5,accepted_or_declined_penalty
401756884,2025,2,regular,Houston,Rice,away,canon,net_pass_yards,188,247.0,59.0,59.0,sack_accounting
401756884,2025,2,regular,Houston,Rice,away,canon,rush_attempts,37,51,14,14,sack_accounting
401756884,2025,2,regular,Houston,Rice,away,canon,rush_yards,207,255.0,48.0,48.0,sack_accounting
401756884,2025,2,regular,Houston,Rice,away,canon,third_down_attempts,16,22,6,6,accepted_or_declined_penalty
401756884,2025,2,regular,Houston,Rice,away,canon,third_down_conversions,9,13,4,4,accepted_or_declined_penalty
401756884,2025,2,regular,Houston,Rice,away,canon,fourth_down_attempts,1,2,1,1,accepted_or_declined_penalty
401756882,2025,2,regular,Kansas State,Army,home,canon,total_plays,43,42,-1,1,no_play_penalty
401756882,2025,2,regular,Kansas State,Army,home,canon,total_yards,246,237.0,-9.0,9.0,no_play_penalty
401756882,2025,2,regular,Kansas State,Army,home,canon,pass_attempts,25,24,-1,1,no_play_penalty
401756882,2025,2,regular,Kansas State,Army,home,canon,rush_yards,74,65.0,-9.0,9.0,no_play_penalty
401757232,2025,2,regular,Toledo,Western Kentucky,home,canon,turnovers,1,0,-1,1,no_play_penalty
401757232,2025,2,regular,Toledo,Western Kentucky,home,canon,interceptions,1,0,-1,1,no_play_penalty
401757232,2025,2,regular,Western Kentucky,Toledo,away,canon,turnovers,2,1,-1,1,no_play_penalty
401757232,2025,2,regular,Western Kentucky,Toledo,away,canon,fumbles_lost,1,0,-1,1,no_play_penalty
401757232,2025,2,regular,Western Kentucky,Toledo,away,canon,third_down_attempts,14,13,-1,1,no_play_penalty
401757232,2025,2,regular,Western Kentucky,Toledo,away,canon,fourth_down_attempts,2,3,1,1,no_play_penalty
401761598,2025,2,regular,Georgia State,Memphis,home,canon,total_plays,68,82,14,14,safety_accounting
401761598,2025,2,regular,Georgia State,Memphis,home,canon,total_yards,389,565.0,176.0,176.0,safety_accounting
401761598,2025,2,regular,Georgia State,Memphis,home,canon,pass_attempts,41,45,4,4,safety_accounting
401761598,2025,2,regular,Georgia State,Memphis,home,canon,completions,29,38,9,9,no_play_penalty
401761598,2025,2,regular,Georgia State,Memphis,home,canon,net_pass_yards,340,464.0,124.0,124.0,safety_accounting
401761598,2025,2,regular,Georgia State,Memphis,home,canon,rush_attempts,27,37,10,10,safety_accounting
401761598,2025,2,regular,Georgia State,Memphis,home,canon,rush_yards,49,101.0,52.0,52.0,safety_accounting
401761598,2025,2,regular,Georgia State,Memphis,home,canon,turnovers,1,0,-1,1,no_play_penalty
401761598,2025,2,regular,Georgia State,Memphis,home,canon,interceptions,1,0,-1,1,no_play_penalty
401761598,2025,2,regular,Georgia State,Memphis,home,canon,third_down_attempts,15,19,4,4,no_play_penalty
401761598,2025,2,regular,Georgia State,Memphis,home,canon,third_down_conversions,6,10,4,4,no_play_penalty
401761598,2025,2,regular,Georgia State,Memphis,home,canon,fourth_down_attempts,3,2,-1,1,no_play_penalty
401761598,2025,2,regular,Georgia State,Memphis,home,canon,fourth_down_conversions,1,0,-1,1,no_play_penalty
401761598,2025,2,regular,Memphis,Georgia State,away,canon,points,38,31,-7,7,no_play_penalty
401761598,2025,2,regular,Memphis,Georgia State,away,canon,total_plays,60,64,4,4,safety_accounting
401761598,2025,2,regular,Memphis,Georgia State,away,canon,total_yards,401,523.0,122.0,122.0,safety_accounting
401761598,2025,2,regular,Memphis,Georgia State,away,canon,pass_attempts,20,24,4,4,safety_accounting
401761598,2025,2,regular,Memphis,Georgia State,away,canon,completions,16,20,4,4,no_play_penalty
401761598,2025,2,regular,Memphis,Georgia State,away,canon,net_pass_yards,196,251.0,55.0,55.0,safety_accounting
401761598,2025,2,regular,Memphis,Georgia State,away,canon,rush_yards,205,272.0,67.0,67.0,safety_accounting
401761598,2025,2,regular,Memphis,Georgia State,away,canon,third_down_conversions,5,4,-1,1,no_play_penalty
401761601,2025,2,regular,South Alabama,Tulane,home,canon,total_yards,421,444.0,23.0,23.0,duplicate_plays
401761601,2025,2,regular,South Alabama,Tulane,home,canon,pass_attempts,24,25,1,1,duplicate_plays
401761601,2025,2,regular,South Alabama,Tulane,home,canon,net_pass_yards,231,235.0,4.0,4.0,duplicate_plays
401761601,2025,2,regular,South Alabama,Tulane,home,canon,rush_attempts,41,40,-1,1,duplicate_plays
401761601,2025,2,regular,South Alabama,Tulane,home,canon,rush_yards,190,209.0,19.0,19.0,duplicate_plays
401761601,2025,2,regular,South Alabama,Tulane,home,canon,turnovers,2,1,-1,1,no_play_penalty
401761601,2025,2,regular,South Alabama,Tulane,home,canon,fumbles_lost,2,1,-1,1,no_play_penalty
401761601,2025,2,regular,Tulane,South Alabama,away,canon,total_plays,72,70,-2,2,fumble_or_safety_swallows_scrimmage_type
401761601,2025,2,regular,Tulane,South Alabama,away,canon,total_yards,406,385.0,-21.0,21.0,fumble_or_safety_swallows_scrimmage_type
401761601,2025,2,regular,Tulane,South Alabama,away,canon,rush_attempts,45,43,-2,2,fumble_or_safety_swallows_scrimmage_type
401761601,2025,2,regular,Tulane,South Alabama,away,canon,rush_yards,241,220.0,-21.0,21.0,fumble_or_safety_swallows_scrimmage_type
401761601,2025,2,regular,Tulane,South Alabama,away,canon,third_down_attempts,17,16,-1,1,no_play_penalty
401752816,2025,2,regular,Michigan State,Boston College,home,canon,points,42,34,-8,8,no_play_penalty
401752816,2025,2,regular,Michigan State,Boston College,home,canon,total_plays,64,69,5,5,sack_accounting
401752816,2025,2,regular,Michigan State,Boston College,home,canon,total_yards,380,381.0,1.0,1.0,sack_accounting
401752816,2025,2,regular,Michigan State,Boston College,home,canon,pass_attempts,29,32,3,3,sack_accounting
401752816,2025,2,regular,Michigan State,Boston College,home,canon,completions,19,20,1,1,no_play_penalty
401752816,2025,2,regular,Michigan State,Boston College,home,canon,net_pass_yards,231,222.0,-9.0,9.0,sack_accounting
401752816,2025,2,regular,Michigan State,Boston College,home,canon,rush_attempts,35,37,2,2,sack_accounting
401752816,2025,2,regular,Michigan State,Boston College,home,canon,rush_yards,149,159.0,10.0,10.0,sack_accounting
401752816,2025,2,regular,Michigan State,Boston College,home,canon,turnovers,1,0,-1,1,no_play_penalty
401752816,2025,2,regular,Michigan State,Boston College,home,canon,fumbles_lost,1,0,-1,1,no_play_penalty
401752816,2025,2,regular,Michigan State,Boston College,home,canon,third_down_attempts,12,15,3,3,no_play_penalty
401752816,2025,2,regular,Michigan State,Boston College,home,canon,third_down_conversions,5,7,2,2,no_play_penalty
401752816,2025,2,regular,Michigan State,Boston College,home,canon,fourth_down_attempts,2,3,1,1,no_play_penalty
401752816,2025,2,regular,Michigan State,Boston College,home,canon,fourth_down_conversions,1,2,1,1,no_play_penalty
401752816,2025,2,regular,Boston College,Michigan State,away,canon,points,40,34,-6,6,no_play_penalty
401752816,2025,2,regular,Boston College,Michigan State,away,canon,total_plays,70,78,8,8,sack_accounting
401752816,2025,2,regular,Boston College,Michigan State,away,canon,total_yards,457,611.0,154.0,154.0,sack_accounting
401752816,2025,2,regular,Boston College,Michigan State,away,canon,pass_attempts,45,48,3,3,sack_accounting
401752816,2025,2,regular,Boston College,Michigan State,away,canon,completions,34,41,7,7,no_play_penalty
401752816,2025,2,regular,Boston College,Michigan State,away,canon,net_pass_yards,390,497.0,107.0,107.0,sack_accounting
401752816,2025,2,regular,Boston College,Michigan State,away,canon,rush_attempts,25,30,5,5,sack_accounting
401752816,2025,2,regular,Boston College,Michigan State,away,canon,rush_yards,67,114.0,47.0,47.0,sack_accounting
401752816,2025,2,regular,Boston College,Michigan State,away,canon,turnovers,1,0,-1,1,no_play_penalty
401752816,2025,2,regular,Boston College,Michigan State,away,canon,fumbles_lost,1,0,-1,1,no_play_penalty
401752816,2025,2,regular,Boston College,Michigan State,away,canon,third_down_conversions,5,4,-1,1,no_play_penalty
401752688,2025,2,regular,Mississippi State,Arizona State,home,canon,turnovers,0,1,1,1,accepted_or_declined_penalty
401752688,2025,2,regular,Mississippi State,Arizona State,home,canon,interceptions,0,1,1,1,accepted_or_declined_penalty
401752688,2025,2,regular,Arizona State,Mississippi State,away,canon,total_plays,74,72,-2,2,sack_accounting
401752688,2025,2,regular,Arizona State,Mississippi State,away,canon,pass_attempts,23,21,-2,2,sack_accounting
401752688,2025,2,regular,Arizona State,Mississippi State,away,canon,turnovers,2,1,-1,1,accepted_or_declined_penalty
401752688,2025,2,regular,Arizona State,Mississippi State,away,canon,interceptions,2,1,-1,1,accepted_or_declined_penalty
401752688,2025,2,regular,Arizona State,Mississippi State,away,canon,third_down_attempts,14,13,-1,1,accepted_or_declined_penalty
401752690,2025,2,regular,Oklahoma,Michigan,home,canon,total_plays,74,73,-1,1,sack_accounting
401752690,2025,2,regular,Oklahoma,Michigan,home,canon,total_yards,408,417.0,9.0,9.0,sack_accounting
401752690,2025,2,regular,Oklahoma,Michigan,home,canon,pass_attempts,34,33,-1,1,sack_accounting
401752690,2025,2,regular,Oklahoma,Michigan,home,canon,rush_yards,138,147.0,9.0,9.0,sack_accounting
401752690,2025,2,regular,Oklahoma,Michigan,home,canon,turnovers,2,1,-1,1,no_play_penalty
401752690,2025,2,regular,Oklahoma,Michigan,home,canon,fumbles_lost,1,0,-1,1,no_play_penalty
401752690,2025,2,regular,Oklahoma,Michigan,home,canon,third_down_conversions,9,10,1,1,no_play_penalty
401752690,2025,2,regular,Michigan,Oklahoma,away,canon,total_yards,288,298.0,10.0,10.0,sack_accounting
401752690,2025,2,regular,Michigan,Oklahoma,away,canon,rush_yards,146,156.0,10.0,10.0,sack_accounting
401752810,2025,2,regular,Nebraska,Akron,home,canon,total_plays,73,71,-2,2,safety_accounting
401752810,2025,2,regular,Nebraska,Akron,home,canon,total_yards,728,717.0,-11.0,11.0,safety_accounting
401752810,2025,2,regular,Nebraska,Akron,home,canon,net_pass_yards,494,492.0,-2.0,2.0,safety_accounting
401752810,2025,2,regular,Nebraska,Akron,home,canon,rush_attempts,33,31,-2,2,safety_accounting
401752810,2025,2,regular,Nebraska,Akron,home,canon,rush_yards,234,225.0,-9.0,9.0,safety_accounting
401752810,2025,2,regular,Akron,Nebraska,away,canon,total_plays,59,57,-2,2,duplicate_plays
401752810,2025,2,regular,Akron,Nebraska,away,canon,total_yards,175,201.0,26.0,26.0,duplicate_plays
401752810,2025,2,regular,Akron,Nebraska,away,canon,net_pass_yards,62,68.0,6.0,6.0,duplicate_plays
401752810,2025,2,regular,Akron,Nebraska,away,canon,rush_attempts,36,34,-2,2,duplicate_plays
401752810,2025,2,regular,Akron,Nebraska,away,canon,rush_yards,113,133.0,20.0,20.0,duplicate_plays
401752810,2025,2,regular,Akron,Nebraska,away,canon,third_down_attempts,14,12,-2,2,kneel_accounting
401752683,2025,2,regular,Auburn,Ball State,home,canon,total_plays,67,65,-2,2,fumble_or_safety_swallows_scrimmage_type
401752683,2025,2,regular,Auburn,Ball State,home,canon,total_yards,495,494.0,-1.0,1.0,fumble_or_safety_swallows_scrimmage_type
401752683,2025,2,regular,Auburn,Ball State,home,canon,rush_attempts,34,32,-2,2,fumble_or_safety_swallows_scrimmage_type
401752683,2025,2,regular,Auburn,Ball State,home,canon,rush_yards,224,223.0,-1.0,1.0,fumble_or_safety_swallows_scrimmage_type
401752683,2025,2,regular,Auburn,Ball State,home,canon,turnovers,1,0,-1,1,kneel_accounting
401752683,2025,2,regular,Auburn,Ball State,home,canon,fumbles_lost,1,0,-1,1,kneel_accounting
401752683,2025,2,regular,Auburn,Ball State,home,canon,third_down_attempts,11,9,-2,2,kneel_accounting
401752683,2025,2,regular,Ball State,Auburn,away,canon,total_plays,49,48,-1,1,fumble_or_safety_swallows_scrimmage_type
401752683,2025,2,regular,Ball State,Auburn,away,canon,total_yards,68,63.0,-5.0,5.0,fumble_or_safety_swallows_scrimmage_type
401752683,2025,2,regular,Ball State,Auburn,away,canon,pass_attempts,16,15,-1,1,fumble_or_safety_swallows_scrimmage_type
401752683,2025,2,regular,Ball State,Auburn,away,canon,completions,10,9,-1,1,kneel_accounting
401752683,2025,2,regular,Ball State,Auburn,away,canon,net_pass_yards,71,66.0,-5.0,5.0,fumble_or_safety_swallows_scrimmage_type
401752683,2025,2,regular,Ball State,Auburn,away,canon,turnovers,1,0,-1,1,kneel_accounting
401752683,2025,2,regular,Ball State,Auburn,away,canon,fumbles_lost,1,0,-1,1,kneel_accounting
401752683,2025,2,regular,Ball State,Auburn,away,canon,third_down_attempts,14,13,-1,1,kneel_accounting
401752687,2025,2,regular,LSU,Louisiana Tech,home,canon,total_plays,75,74,-1,1,duplicate_plays
401752687,2025,2,regular,LSU,Louisiana Tech,home,canon,total_yards,365,381.0,16.0,16.0,duplicate_plays
401752687,2025,2,regular,LSU,Louisiana Tech,home,canon,net_pass_yards,237,256.0,19.0,19.0,duplicate_plays
401752687,2025,2,regular,LSU,Louisiana Tech,home,canon,rush_attempts,34,33,-1,1,duplicate_plays
401752687,2025,2,regular,LSU,Louisiana Tech,home,canon,rush_yards,128,125.0,-3.0,3.0,duplicate_plays
401752695,2025,2,regular,Virginia Tech,Vanderbilt,home,canon,total_plays,60,57,-3,3,duplicate_plays
401752695,2025,2,regular,Virginia Tech,Vanderbilt,home,canon,total_yards,248,254.0,6.0,6.0,duplicate_plays
401752695,2025,2,regular,Virginia Tech,Vanderbilt,home,canon,pass_attempts,29,27,-2,2,duplicate_plays
401752695,2025,2,regular,Virginia Tech,Vanderbilt,home,canon,net_pass_yards,134,138.0,4.0,4.0,duplicate_plays
401752695,2025,2,regular,Virginia Tech,Vanderbilt,home,canon,rush_attempts,31,30,-1,1,duplicate_plays
401752695,2025,2,regular,Virginia Tech,Vanderbilt,home,canon,rush_yards,114,116.0,2.0,2.0,duplicate_plays
401752695,2025,2,regular,Virginia Tech,Vanderbilt,home,canon,third_down_attempts,14,13,-1,1,no_play_penalty
401752695,2025,2,regular,Virginia Tech,Vanderbilt,home,canon,third_down_conversions,6,7,1,1,no_play_penalty
401752695,2025,2,regular,Virginia Tech,Vanderbilt,home,canon,fourth_down_attempts,2,1,-1,1,no_play_penalty
401752695,2025,2,regular,Vanderbilt,Virginia Tech,away,canon,total_plays,57,53,-4,4,sack_accounting
401752695,2025,2,regular,Vanderbilt,Virginia Tech,away,canon,total_yards,490,498.0,8.0,8.0,sack_accounting
401752695,2025,2,regular,Vanderbilt,Virginia Tech,away,canon,pass_attempts,20,17,-3,3,sack_accounting
401752695,2025,2,regular,Vanderbilt,Virginia Tech,away,canon,completions,14,12,-2,2,no_play_penalty
401752695,2025,2,regular,Vanderbilt,Virginia Tech,away,canon,net_pass_yards,228,237.0,9.0,9.0,sack_accounting
401752695,2025,2,regular,Vanderbilt,Virginia Tech,away,canon,rush_attempts,37,36,-1,1,sack_accounting
401752695,2025,2,regular,Vanderbilt,Virginia Tech,away,canon,rush_yards,262,261.0,-1.0,1.0,sack_accounting
401752695,2025,2,regular,Vanderbilt,Virginia Tech,away,canon,turnovers,2,1,-1,1,no_play_penalty
401752695,2025,2,regular,Vanderbilt,Virginia Tech,away,canon,fumbles_lost,1,0,-1,1,no_play_penalty
401752814,2025,2,regular,USC,Georgia Southern,home,canon,total_plays,63,62,-1,1,sack_accounting
401752814,2025,2,regular,USC,Georgia Southern,home,canon,total_yards,755,761.0,6.0,6.0,sack_accounting
401752814,2025,2,regular,USC,Georgia Southern,home,canon,net_pass_yards,446,456.0,10.0,10.0,sack_accounting
401752814,2025,2,regular,USC,Georgia Southern,home,canon,rush_attempts,33,32,-1,1,sack_accounting
401752814,2025,2,regular,USC,Georgia Southern,home,canon,rush_yards,309,305.0,-4.0,4.0,sack_accounting
401752814,2025,2,regular,Georgia Southern,USC,away,canon,total_plays,78,75,-3,3,sack_accounting
401752814,2025,2,regular,Georgia Southern,USC,away,canon,total_yards,377,384.0,7.0,7.0,sack_accounting
401752814,2025,2,regular,Georgia Southern,USC,away,canon,pass_attempts,45,44,-1,1,sack_accounting
401752814,2025,2,regular,Georgia Southern,USC,away,canon,net_pass_yards,235,251.0,16.0,16.0,sack_accounting
401752814,2025,2,regular,Georgia Southern,USC,away,canon,rush_attempts,33,31,-2,2,sack_accounting
401752814,2025,2,regular,Georgia Southern,USC,away,canon,rush_yards,142,133.0,-9.0,9.0,sack_accounting
401752681,2025,2,regular,Alabama,UL Monroe,home,canon,total_yards,583,584.0,1.0,1.0,fumble_or_safety_swallows_scrimmage_type
401752681,2025,2,regular,Alabama,UL Monroe,home,canon,net_pass_yards,371,372.0,1.0,1.0,fumble_or_safety_swallows_scrimmage_type
401752681,2025,2,regular,UL Monroe,Alabama,away,canon,total_yards,148,178.0,30.0,30.0,duplicate_plays
401752681,2025,2,regular,UL Monroe,Alabama,away,canon,pass_attempts,18,19,1,1,duplicate_plays
401752681,2025,2,regular,UL Monroe,Alabama,away,canon,completions,10,11,1,1,duplicate_plays
401752681,2025,2,regular,UL Monroe,Alabama,away,canon,net_pass_yards,55,88.0,33.0,33.0,duplicate_plays
401752681,2025,2,regular,UL Monroe,Alabama,away,canon,rush_attempts,32,31,-1,1,duplicate_plays
401752681,2025,2,regular,UL Monroe,Alabama,away,canon,rush_yards,93,90.0,-3.0,3.0,duplicate_plays
401752681,2025,2,regular,UL Monroe,Alabama,away,canon,turnovers,3,2,-1,1,no_play_penalty
401752681,2025,2,regular,UL Monroe,Alabama,away,canon,fumbles_lost,2,1,-1,1,no_play_penalty
401752681,2025,2,regular,UL Monroe,Alabama,away,canon,third_down_attempts,14,15,1,1,no_play_penalty
401752681,2025,2,regular,UL Monroe,Alabama,away,canon,third_down_conversions,6,7,1,1,no_play_penalty
401752823,2025,2,regular,UNLV,UCLA,home,canon,total_yards,354,318.0,-36.0,36.0,sack_accounting
401752823,2025,2,regular,UNLV,UCLA,home,canon,pass_attempts,21,20,-1,1,sack_accounting
401752823,2025,2,regular,UNLV,UCLA,home,canon,completions,15,14,-1,1,kneel_accounting
401752823,2025,2,regular,UNLV,UCLA,home,canon,net_pass_yards,203,185.0,-18.0,18.0,sack_accounting
401752823,2025,2,regular,UNLV,UCLA,home,canon,rush_attempts,30,31,1,1,sack_accounting
401752823,2025,2,regular,UNLV,UCLA,home,canon,rush_yards,151,133.0,-18.0,18.0,sack_accounting
401752823,2025,2,regular,UCLA,UNLV,away,canon,total_plays,71,69,-2,2,sack_accounting
401752823,2025,2,regular,UCLA,UNLV,away,canon,total_yards,428,424.0,-4.0,4.0,sack_accounting
401752823,2025,2,regular,UCLA,UNLV,away,canon,pass_attempts,41,40,-1,1,sack_accounting
401752823,2025,2,regular,UCLA,UNLV,away,canon,completions,29,28,-1,1,kneel_accounting
401752823,2025,2,regular,UCLA,UNLV,away,canon,net_pass_yards,255,249.0,-6.0,6.0,sack_accounting
401752823,2025,2,regular,UCLA,UNLV,away,canon,rush_attempts,30,29,-1,1,sack_accounting
401752823,2025,2,regular,UCLA,UNLV,away,canon,rush_yards,173,175.0,2.0,2.0,sack_accounting
401752823,2025,2,regular,UCLA,UNLV,away,canon,third_down_attempts,13,12,-1,1,kneel_accounting
401752823,2025,2,regular,UCLA,UNLV,away,canon,fourth_down_attempts,5,4,-1,1,kneel_accounting
401757229,2025,2,regular,New Mexico State,Tulsa,home,canon,total_plays,71,109,38,38,sack_accounting
401757229,2025,2,regular,New Mexico State,Tulsa,home,canon,total_yards,291,448.0,157.0,157.0,sack_accounting
401757229,2025,2,regular,New Mexico State,Tulsa,home,canon,pass_attempts,45,69,24,24,sack_accounting
401757229,2025,2,regular,New Mexico State,Tulsa,home,canon,completions,28,45,17,17,no_play_penalty
401757229,2025,2,regular,New Mexico State,Tulsa,home,canon,net_pass_yards,252,392.0,140.0,140.0,sack_accounting
401757229,2025,2,regular,New Mexico State,Tulsa,home,canon,rush_attempts,26,40,14,14,sack_accounting
401757229,2025,2,regular,New Mexico State,Tulsa,home,canon,rush_yards,39,56.0,17.0,17.0,sack_accounting
401757229,2025,2,regular,New Mexico State,Tulsa,home,canon,turnovers,1,0,-1,1,no_play_penalty
401757229,2025,2,regular,New Mexico State,Tulsa,home,canon,fumbles_lost,1,0,-1,1,no_play_penalty
401757229,2025,2,regular,New Mexico State,Tulsa,home,canon,third_down_attempts,19,31,12,12,no_play_penalty
401757229,2025,2,regular,New Mexico State,Tulsa,home,canon,third_down_conversions,10,17,7,7,no_play_penalty
401757229,2025,2,regular,New Mexico State,Tulsa,home,canon,fourth_down_attempts,1,2,1,1,no_play_penalty
401757229,2025,2,regular,New Mexico State,Tulsa,home,canon,fourth_down_conversions,1,2,1,1,no_play_penalty
401757229,2025,2,regular,Tulsa,New Mexico State,away,canon,total_plays,77,103,26,26,sack_accounting
401757229,2025,2,regular,Tulsa,New Mexico State,away,canon,total_yards,376,465.0,89.0,89.0,sack_accounting
401757229,2025,2,regular,Tulsa,New Mexico State,away,canon,pass_attempts,40,49,9,9,sack_accounting
401757229,2025,2,regular,Tulsa,New Mexico State,away,canon,completions,27,31,4,4,no_play_penalty
401757229,2025,2,regular,Tulsa,New Mexico State,away,canon,net_pass_yards,235,266.0,31.0,31.0,sack_accounting
401757229,2025,2,regular,Tulsa,New Mexico State,away,canon,rush_attempts,37,54,17,17,sack_accounting
401757229,2025,2,regular,Tulsa,New Mexico State,away,canon,rush_yards,141,199.0,58.0,58.0,sack_accounting
401757229,2025,2,regular,Tulsa,New Mexico State,away,canon,turnovers,2,1,-1,1,no_play_penalty
401757229,2025,2,regular,Tulsa,New Mexico State,away,canon,interceptions,2,1,-1,1,no_play_penalty
401757229,2025,2,regular,Tulsa,New Mexico State,away,canon,third_down_attempts,15,20,5,5,no_play_penalty
401757229,2025,2,regular,Tulsa,New Mexico State,away,canon,third_down_conversions,6,7,1,1,no_play_penalty
401757229,2025,2,regular,Tulsa,New Mexico State,away,canon,fourth_down_attempts,4,6,2,2,no_play_penalty
401754526,2025,2,regular,BYU,Stanford,home,canon,total_yards,332,337.0,5.0,5.0,fumble_or_safety_swallows_scrimmage_type
401754526,2025,2,regular,BYU,Stanford,home,canon,net_pass_yards,175,165.0,-10.0,10.0,fumble_or_safety_swallows_scrimmage_type
401754526,2025,2,regular,BYU,Stanford,home,canon,rush_yards,157,172.0,15.0,15.0,fumble_or_safety_swallows_scrimmage_type
401754526,2025,2,regular,BYU,Stanford,home,canon,third_down_attempts,14,15,1,1,no_play_penalty
401754526,2025,2,regular,Stanford,BYU,away,canon,total_plays,56,54,-2,2,fumble_or_safety_swallows_scrimmage_type
401754526,2025,2,regular,Stanford,BYU,away,canon,pass_attempts,32,30,-2,2,fumble_or_safety_swallows_scrimmage_type
401754526,2025,2,regular,Stanford,BYU,away,canon,turnovers,3,2,-1,1,no_play_penalty
401754526,2025,2,regular,Stanford,BYU,away,canon,fumbles_lost,1,0,-1,1,no_play_penalty
401754526,2025,2,regular,Stanford,BYU,away,canon,third_down_attempts,13,12,-1,1,no_play_penalty
401754526,2025,2,regular,Stanford,BYU,away,canon,fourth_down_attempts,3,2,-1,1,no_play_penalty
401752948,2025,2,regular,Washington State,San Diego State,home,canon,total_plays,75,78,3,3,fumble_or_safety_swallows_scrimmage_type
401752948,2025,2,regular,Washington State,San Diego State,home,canon,total_yards,402,396.0,-6.0,6.0,fumble_or_safety_swallows_scrimmage_type
401752948,2025,2,regular,Washington State,San Diego State,home,canon,rush_attempts,33,36,3,3,fumble_or_safety_swallows_scrimmage_type
401752948,2025,2,regular,Washington State,San Diego State,home,canon,rush_yards,145,139.0,-6.0,6.0,fumble_or_safety_swallows_scrimmage_type
401752948,2025,2,regular,Washington State,San Diego State,home,canon,third_down_attempts,18,17,-1,1,no_play_penalty
401752948,2025,2,regular,San Diego State,Washington State,away,canon,total_yards,215,272.0,57.0,57.0,duplicate_plays
401752948,2025,2,regular,San Diego State,Washington State,away,canon,pass_attempts,30,31,1,1,duplicate_plays
401752948,2025,2,regular,San Diego State,Washington State,away,canon,completions,15,16,1,1,duplicate_plays
401752948,2025,2,regular,San Diego State,Washington State,away,canon,net_pass_yards,133,182.0,49.0,49.0,duplicate_plays
401752948,2025,2,regular,San Diego State,Washington State,away,canon,rush_attempts,30,29,-1,1,duplicate_plays
401752948,2025,2,regular,San Diego State,Washington State,away,canon,rush_yards,82,90.0,8.0,8.0,duplicate_plays
401752948,2025,2,regular,San Diego State,Washington State,away,canon,third_down_conversions,2,3,1,1,no_play_penalty
401752948,2025,2,regular,San Diego State,Washington State,away,canon,fourth_down_attempts,4,5,1,1,no_play_penalty
401757230,2025,2,regular,Hawai'i,Sam Houston,home,canon,total_plays,77,74,-3,3,duplicate_plays
401757230,2025,2,regular,Hawai'i,Sam Houston,home,canon,total_yards,417,410.0,-7.0,7.0,duplicate_plays
401757230,2025,2,regular,Hawai'i,Sam Houston,home,canon,pass_attempts,43,42,-1,1,duplicate_plays
401757230,2025,2,regular,Hawai'i,Sam Houston,home,canon,rush_attempts,34,32,-2,2,duplicate_plays
401757230,2025,2,regular,Hawai'i,Sam Houston,home,canon,rush_yards,123,116.0,-7.0,7.0,duplicate_plays
401757230,2025,2,regular,Hawai'i,Sam Houston,home,canon,third_down_attempts,17,14,-3,3,no_play_penalty
401757230,2025,2,regular,Hawai'i,Sam Houston,home,canon,third_down_conversions,6,7,1,1,no_play_penalty
401757230,2025,2,regular,Sam Houston,Hawai'i,away,canon,total_plays,59,56,-3,3,duplicate_plays
401757230,2025,2,regular,Sam Houston,Hawai'i,away,canon,total_yards,248,274.0,26.0,26.0,duplicate_plays
401757230,2025,2,regular,Sam Houston,Hawai'i,away,canon,rush_attempts,31,28,-3,3,duplicate_plays
401757230,2025,2,regular,Sam Houston,Hawai'i,away,canon,rush_yards,89,115.0,26.0,26.0,duplicate_plays
401757230,2025,2,regular,Sam Houston,Hawai'i,away,canon,turnovers,1,0,-1,1,no_play_penalty
401757230,2025,2,regular,Sam Houston,Hawai'i,away,canon,interceptions,1,0,-1,1,no_play_penalty
401757230,2025,2,regular,Sam Houston,Hawai'i,away,canon,third_down_attempts,11,9,-2,2,no_play_penalty
401757230,2025,2,regular,Sam Houston,Hawai'i,away,canon,fourth_down_attempts,1,2,1,1,no_play_penalty
401757278,2025,7,regular,Middle Tennessee,Missouri State,home,canon,total_yards,366,370.0,4.0,4.0,fumble_or_safety_swallows_scrimmage_type
401757278,2025,7,regular,Middle Tennessee,Missouri State,home,canon,pass_attempts,42,39,-3,3,fumble_or_safety_swallows_scrimmage_type
401757278,2025,7,regular,Middle Tennessee,Missouri State,home,canon,completions,30,29,-1,1,accepted_or_declined_penalty
401757278,2025,7,regular,Middle Tennessee,Missouri State,home,canon,net_pass_yards,267,255.0,-12.0,12.0,fumble_or_safety_swallows_scrimmage_type
401757278,2025,7,regular,Middle Tennessee,Missouri State,home,canon,rush_attempts,24,27,3,3,fumble_or_safety_swallows_scrimmage_type
401757278,2025,7,regular,Middle Tennessee,Missouri State,home,canon,rush_yards,99,115.0,16.0,16.0,fumble_or_safety_swallows_scrimmage_type
401757278,2025,7,regular,Middle Tennessee,Missouri State,home,canon,turnovers,0,1,1,1,accepted_or_declined_penalty
401757278,2025,7,regular,Middle Tennessee,Missouri State,home,canon,fumbles_lost,0,1,1,1,accepted_or_declined_penalty
401757278,2025,7,regular,Middle Tennessee,Missouri State,home,canon,third_down_attempts,16,15,-1,1,accepted_or_declined_penalty
401757278,2025,7,regular,Middle Tennessee,Missouri State,home,canon,third_down_conversions,7,8,1,1,accepted_or_declined_penalty
401757278,2025,7,regular,Missouri State,Middle Tennessee,away,canon,total_plays,63,51,-12,12,fumble_or_safety_swallows_scrimmage_type
401757278,2025,7,regular,Missouri State,Middle Tennessee,away,canon,total_yards,361,331.0,-30.0,30.0,fumble_or_safety_swallows_scrimmage_type
401757278,2025,7,regular,Missouri State,Middle Tennessee,away,canon,pass_attempts,31,24,-7,7,fumble_or_safety_swallows_scrimmage_type
401757278,2025,7,regular,Missouri State,Middle Tennessee,away,canon,completions,16,13,-3,3,accepted_or_declined_penalty
401757278,2025,7,regular,Missouri State,Middle Tennessee,away,canon,net_pass_yards,278,279.0,1.0,1.0,fumble_or_safety_swallows_scrimmage_type
401757278,2025,7,regular,Missouri State,Middle Tennessee,away,canon,rush_attempts,32,27,-5,5,fumble_or_safety_swallows_scrimmage_type
401757278,2025,7,regular,Missouri State,Middle Tennessee,away,canon,rush_yards,83,52.0,-31.0,31.0,fumble_or_safety_swallows_scrimmage_type
401757278,2025,7,regular,Missouri State,Middle Tennessee,away,canon,third_down_attempts,15,11,-4,4,accepted_or_declined_penalty
401757278,2025,7,regular,Missouri State,Middle Tennessee,away,canon,third_down_conversions,4,3,-1,1,accepted_or_declined_penalty
401757278,2025,7,regular,Missouri State,Middle Tennessee,away,canon,fourth_down_attempts,1,0,-1,1,accepted_or_declined_penalty
401757277,2025,7,regular,UTEP,Liberty,home,canon,total_plays,52,42,-10,10,sack_accounting
401757277,2025,7,regular,UTEP,Liberty,home,canon,total_yards,167,102.0,-65.0,65.0,sack_accounting
401757277,2025,7,regular,UTEP,Liberty,home,canon,pass_attempts,27,22,-5,5,sack_accounting
401757277,2025,7,regular,UTEP,Liberty,home,canon,completions,13,11,-2,2,no_play_penalty
401757277,2025,7,regular,UTEP,Liberty,home,canon,net_pass_yards,111,61.0,-50.0,50.0,sack_accounting
401757277,2025,7,regular,UTEP,Liberty,home,canon,rush_attempts,25,20,-5,5,sack_accounting
401757277,2025,7,regular,UTEP,Liberty,home,canon,rush_yards,56,41.0,-15.0,15.0,sack_accounting
401757277,2025,7,regular,UTEP,Liberty,home,canon,turnovers,2,1,-1,1,no_play_penalty
401757277,2025,7,regular,UTEP,Liberty,home,canon,interceptions,2,1,-1,1,no_play_penalty
401757277,2025,7,regular,UTEP,Liberty,home,canon,third_down_attempts,15,11,-4,4,no_play_penalty
401757277,2025,7,regular,UTEP,Liberty,home,canon,third_down_conversions,3,2,-1,1,no_play_penalty
401757277,2025,7,regular,UTEP,Liberty,home,canon,fourth_down_attempts,2,1,-1,1,no_play_penalty
401757277,2025,7,regular,UTEP,Liberty,home,canon,fourth_down_conversions,1,0,-1,1,no_play_penalty
401757277,2025,7,regular,Liberty,UTEP,away,canon,total_yards,408,410.0,2.0,2.0,sack_accounting
401757277,2025,7,regular,Liberty,UTEP,away,canon,pass_attempts,33,32,-1,1,sack_accounting
401757277,2025,7,regular,Liberty,UTEP,away,canon,completions,19,18,-1,1,no_play_penalty
401757277,2025,7,regular,Liberty,UTEP,away,canon,rush_attempts,47,48,1,1,sack_accounting
401757277,2025,7,regular,Liberty,UTEP,away,canon,rush_yards,165,167.0,2.0,2.0,sack_accounting
401757277,2025,7,regular,Liberty,UTEP,away,canon,third_down_attempts,18,16,-2,2,no_play_penalty
401757280,2025,7,regular,Kennesaw State,Louisiana Tech,home,canon,total_plays,63,64,1,1,sack_accounting
401757280,2025,7,regular,Kennesaw State,Louisiana Tech,home,canon,completions,27,26,-1,1,no_play_penalty
401757280,2025,7,regular,Kennesaw State,Louisiana Tech,home,canon,net_pass_yards,290,284.0,-6.0,6.0,sack_accounting
401757280,2025,7,regular,Kennesaw State,Louisiana Tech,home,canon,rush_attempts,27,28,1,1,sack_accounting
401757280,2025,7,regular,Kennesaw State,Louisiana Tech,home,canon,rush_yards,110,116.0,6.0,6.0,sack_accounting
401757280,2025,7,regular,Kennesaw State,Louisiana Tech,home,canon,third_down_attempts,14,15,1,1,no_play_penalty
401757280,2025,7,regular,Louisiana Tech,Kennesaw State,away,canon,total_plays,75,73,-2,2,sack_accounting
401757280,2025,7,regular,Louisiana Tech,Kennesaw State,away,canon,total_yards,305,320.0,15.0,15.0,sack_accounting
401757280,2025,7,regular,Louisiana Tech,Kennesaw State,away,canon,pass_attempts,35,33,-2,2,sack_accounting
401757280,2025,7,regular,Louisiana Tech,Kennesaw State,away,canon,net_pass_yards,169,168.0,-1.0,1.0,sack_accounting
401757280,2025,7,regular,Louisiana Tech,Kennesaw State,away,canon,rush_yards,136,152.0,16.0,16.0,sack_accounting
401757280,2025,7,regular,Louisiana Tech,Kennesaw State,away,canon,third_down_attempts,17,16,-1,1,no_play_penalty
401762480,2025,7,regular,Tulane,East Carolina,home,canon,total_plays,62,61,-1,1,sack_accounting
401762480,2025,7,regular,Tulane,East Carolina,home,canon,total_yards,458,460.0,2.0,2.0,sack_accounting
401762480,2025,7,regular,Tulane,East Carolina,home,canon,rush_attempts,25,24,-1,1,sack_accounting
401762480,2025,7,regular,Tulane,East Carolina,home,canon,rush_yards,96,98.0,2.0,2.0,sack_accounting
401762480,2025,7,regular,East Carolina,Tulane,away,canon,total_plays,73,72,-1,1,sack_accounting
401762480,2025,7,regular,East Carolina,Tulane,away,canon,total_yards,340,352.0,12.0,12.0,sack_accounting
401762480,2025,7,regular,East Carolina,Tulane,away,canon,pass_attempts,30,29,-1,1,sack_accounting
401762480,2025,7,regular,East Carolina,Tulane,away,canon,net_pass_yards,180,192.0,12.0,12.0,sack_accounting
401762480,2025,7,regular,East Carolina,Tulane,away,canon,third_down_attempts,19,18,-1,1,no_play_penalty
401761622,2025,7,regular,Georgia Southern,Southern Miss,home,canon,total_plays,77,73,-4,4,fumble_or_safety_swallows_scrimmage_type
401761622,2025,7,regular,Georgia Southern,Southern Miss,home,canon,total_yards,395,397.0,2.0,2.0,fumble_or_safety_swallows_scrimmage_type
401761622,2025,7,regular,Georgia Southern,Southern Miss,home,canon,pass_attempts,43,39,-4,4,fumble_or_safety_swallows_scrimmage_type
401761622,2025,7,regular,Georgia Southern,Southern Miss,home,canon,net_pass_yards,313,315.0,2.0,2.0,fumble_or_safety_swallows_scrimmage_type
401761622,2025,7,regular,Southern Miss,Georgia Southern,away,canon,total_plays,76,75,-1,1,duplicate_plays
401761622,2025,7,regular,Southern Miss,Georgia Southern,away,canon,total_yards,421,451.0,30.0,30.0,duplicate_plays
401761622,2025,7,regular,Southern Miss,Georgia Southern,away,canon,pass_attempts,28,29,1,1,duplicate_plays
401761622,2025,7,regular,Southern Miss,Georgia Southern,away,canon,completions,19,20,1,1,duplicate_plays
401761622,2025,7,regular,Southern Miss,Georgia Southern,away,canon,net_pass_yards,237,255.0,18.0,18.0,duplicate_plays
401761622,2025,7,regular,Southern Miss,Georgia Southern,away,canon,rush_attempts,48,46,-2,2,duplicate_plays
401761622,2025,7,regular,Southern Miss,Georgia Southern,away,canon,rush_yards,184,196.0,12.0,12.0,duplicate_plays
401761622,2025,7,regular,Southern Miss,Georgia Southern,away,canon,turnovers,1,0,-1,1,no_play_penalty
401761622,2025,7,regular,Southern Miss,Georgia Southern,away,canon,fumbles_lost,1,0,-1,1,no_play_penalty
401761622,2025,7,regular,Southern Miss,Georgia Southern,away,canon,third_down_attempts,15,14,-1,1,no_play_penalty
401757279,2025,7,regular,Sam Houston,Jacksonville State,home,canon,total_plays,52,49,-3,3,sack_accounting
401757279,2025,7,regular,Sam Houston,Jacksonville State,home,canon,total_yards,286,278.0,-8.0,8.0,sack_accounting
401757279,2025,7,regular,Sam Houston,Jacksonville State,home,canon,rush_attempts,33,30,-3,3,sack_accounting
401757279,2025,7,regular,Sam Houston,Jacksonville State,home,canon,rush_yards,150,142.0,-8.0,8.0,sack_accounting
401757279,2025,7,regular,Sam Houston,Jacksonville State,home,canon,turnovers,1,2,1,1,no_play_penalty
401757279,2025,7,regular,Sam Houston,Jacksonville State,home,canon,fumbles_lost,1,2,1,1,no_play_penalty
401757279,2025,7,regular,Sam Houston,Jacksonville State,home,canon,third_down_attempts,12,10,-2,2,no_play_penalty
401757279,2025,7,regular,Jacksonville State,Sam Houston,away,canon,total_plays,80,77,-3,3,sack_accounting
401757279,2025,7,regular,Jacksonville State,Sam Houston,away,canon,total_yards,499,486.0,-13.0,13.0,sack_accounting
401757279,2025,7,regular,Jacksonville State,Sam Houston,away,canon,net_pass_yards,129,136.0,7.0,7.0,sack_accounting
401757279,2025,7,regular,Jacksonville State,Sam Houston,away,canon,rush_attempts,63,60,-3,3,sack_accounting
401757279,2025,7,regular,Jacksonville State,Sam Houston,away,canon,rush_yards,370,350.0,-20.0,20.0,sack_accounting
401757279,2025,7,regular,Jacksonville State,Sam Houston,away,canon,turnovers,1,0,-1,1,no_play_penalty
401757279,2025,7,regular,Jacksonville State,Sam Houston,away,canon,fumbles_lost,1,0,-1,1,no_play_penalty
401757279,2025,7,regular,Jacksonville State,Sam Houston,away,canon,third_down_attempts,15,13,-2,2,no_play_penalty
401762481,2025,7,regular,North Texas,South Florida,home,canon,total_plays,78,74,-4,4,fumble_or_safety_swallows_scrimmage_type
401762481,2025,7,regular,North Texas,South Florida,home,canon,total_yards,423,458.0,35.0,35.0,fumble_or_safety_swallows_scrimmage_type
401762481,2025,7,regular,North Texas,South Florida,home,canon,pass_attempts,49,45,-4,4,fumble_or_safety_swallows_scrimmage_type
401762481,2025,7,regular,North Texas,South Florida,home,canon,completions,30,29,-1,1,no_play_penalty
401762481,2025,7,regular,North Texas,South Florida,home,canon,net_pass_yards,326,360.0,34.0,34.0,fumble_or_safety_swallows_scrimmage_type
401762481,2025,7,regular,North Texas,South Florida,home,canon,rush_yards,97,98.0,1.0,1.0,fumble_or_safety_swallows_scrimmage_type
401762481,2025,7,regular,North Texas,South Florida,home,canon,turnovers,5,4,-1,1,no_play_penalty
401762481,2025,7,regular,North Texas,South Florida,home,canon,interceptions,3,4,1,1,no_play_penalty
401762481,2025,7,regular,North Texas,South Florida,home,canon,fumbles_lost,2,0,-2,2,no_play_penalty
401762481,2025,7,regular,North Texas,South Florida,home,canon,third_down_attempts,18,17,-1,1,no_play_penalty
401762481,2025,7,regular,South Florida,North Texas,away,canon,total_plays,84,82,-2,2,fumble_or_safety_swallows_scrimmage_type
401762481,2025,7,regular,South Florida,North Texas,away,canon,total_yards,582,559.0,-23.0,23.0,fumble_or_safety_swallows_scrimmage_type
401762481,2025,7,regular,South Florida,North Texas,away,canon,pass_attempts,29,28,-1,1,fumble_or_safety_swallows_scrimmage_type
401762481,2025,7,regular,South Florida,North Texas,away,canon,rush_attempts,55,54,-1,1,fumble_or_safety_swallows_scrimmage_type
401762481,2025,7,regular,South Florida,North Texas,away,canon,rush_yards,308,285.0,-23.0,23.0,fumble_or_safety_swallows_scrimmage_type
401762481,2025,7,regular,South Florida,North Texas,away,canon,turnovers,3,1,-2,2,no_play_penalty
401762481,2025,7,regular,South Florida,North Texas,away,canon,interceptions,1,0,-1,1,no_play_penalty
401762481,2025,7,regular,South Florida,North Texas,away,canon,fumbles_lost,2,1,-1,1,no_play_penalty
401760388,2025,7,regular,Colorado State,Fresno State,home,canon,total_plays,53,52,-1,1,sack_accounting
401760388,2025,7,regular,Colorado State,Fresno State,home,canon,total_yards,334,340.0,6.0,6.0,sack_accounting
401760388,2025,7,regular,Colorado State,Fresno State,home,canon,pass_attempts,18,17,-1,1,sack_accounting
401760388,2025,7,regular,Colorado State,Fresno State,home,canon,completions,12,11,-1,1,no_play_penalty
401760388,2025,7,regular,Colorado State,Fresno State,home,canon,net_pass_yards,144,140.0,-4.0,4.0,sack_accounting
401760388,2025,7,regular,Colorado State,Fresno State,home,canon,rush_yards,190,200.0,10.0,10.0,sack_accounting
401760388,2025,7,regular,Fresno State,Colorado State,away,canon,total_plays,80,76,-4,4,sack_accounting
401760388,2025,7,regular,Fresno State,Colorado State,away,canon,total_yards,469,473.0,4.0,4.0,sack_accounting
401760388,2025,7,regular,Fresno State,Colorado State,away,canon,pass_attempts,49,47,-2,2,sack_accounting
401760388,2025,7,regular,Fresno State,Colorado State,away,canon,net_pass_yards,350,365.0,15.0,15.0,sack_accounting
401760388,2025,7,regular,Fresno State,Colorado State,away,canon,rush_attempts,31,29,-2,2,sack_accounting
401760388,2025,7,regular,Fresno State,Colorado State,away,canon,rush_yards,119,108.0,-11.0,11.0,sack_accounting
401760388,2025,7,regular,Fresno State,Colorado State,away,canon,turnovers,4,1,-3,3,no_play_penalty
401760388,2025,7,regular,Fresno State,Colorado State,away,canon,interceptions,3,1,-2,2,no_play_penalty
401760388,2025,7,regular,Fresno State,Colorado State,away,canon,fumbles_lost,1,0,-1,1,no_play_penalty
401760388,2025,7,regular,Fresno State,Colorado State,away,canon,third_down_attempts,12,11,-1,1,no_play_penalty
401760388,2025,7,regular,Fresno State,Colorado State,away,canon,fourth_down_attempts,4,5,1,1,no_play_penalty
401752862,2025,7,regular,Washington,Rutgers,home,canon,total_plays,56,58,2,2,fumble_or_safety_swallows_scrimmage_type
401752862,2025,7,regular,Washington,Rutgers,home,canon,total_yards,590,563.0,-27.0,27.0,fumble_or_safety_swallows_scrimmage_type
401752862,2025,7,regular,Washington,Rutgers,home,canon,rush_attempts,29,31,2,2,fumble_or_safety_swallows_scrimmage_type
401752862,2025,7,regular,Washington,Rutgers,home,canon,rush_yards,188,161.0,-27.0,27.0,fumble_or_safety_swallows_scrimmage_type
401752862,2025,7,regular,Rutgers,Washington,away,canon,total_plays,77,76,-1,1,duplicate_plays
401752862,2025,7,regular,Rutgers,Washington,away,canon,total_yards,493,481.0,-12.0,12.0,duplicate_plays
401752862,2025,7,regular,Rutgers,Washington,away,canon,net_pass_yards,386,369.0,-17.0,17.0,duplicate_plays
401752862,2025,7,regular,Rutgers,Washington,away,canon,rush_attempts,27,26,-1,1,duplicate_plays
401752862,2025,7,regular,Rutgers,Washington,away,canon,rush_yards,107,112.0,5.0,5.0,duplicate_plays
401752862,2025,7,regular,Rutgers,Washington,away,canon,turnovers,1,0,-1,1,no_play_penalty
401752862,2025,7,regular,Rutgers,Washington,away,canon,interceptions,1,0,-1,1,no_play_penalty
401756920,2025,7,regular,Oklahoma State,Houston,home,canon,total_plays,51,52,1,1,fumble_or_safety_swallows_scrimmage_type
401756920,2025,7,regular,Oklahoma State,Houston,home,canon,total_yards,225,238.0,13.0,13.0,fumble_or_safety_swallows_scrimmage_type
401756920,2025,7,regular,Oklahoma State,Houston,home,canon,pass_attempts,20,21,1,1,fumble_or_safety_swallows_scrimmage_type
401756920,2025,7,regular,Oklahoma State,Houston,home,canon,net_pass_yards,180,204.0,24.0,24.0,fumble_or_safety_swallows_scrimmage_type
401756920,2025,7,regular,Oklahoma State,Houston,home,canon,rush_yards,45,34.0,-11.0,11.0,fumble_or_safety_swallows_scrimmage_type
401756920,2025,7,regular,Oklahoma State,Houston,home,canon,third_down_conversions,5,6,1,1,accepted_or_declined_penalty
401756920,2025,7,regular,Houston,Oklahoma State,away,canon,total_plays,78,85,7,7,fumble_or_safety_swallows_scrimmage_type
401756920,2025,7,regular,Houston,Oklahoma State,away,canon,total_yards,487,442.0,-45.0,45.0,fumble_or_safety_swallows_scrimmage_type
401756920,2025,7,regular,Houston,Oklahoma State,away,canon,pass_attempts,34,38,4,4,fumble_or_safety_swallows_scrimmage_type
401756920,2025,7,regular,Houston,Oklahoma State,away,canon,net_pass_yards,319,281.0,-38.0,38.0,fumble_or_safety_swallows_scrimmage_type
401756920,2025,7,regular,Houston,Oklahoma State,away,canon,rush_attempts,44,47,3,3,fumble_or_safety_swallows_scrimmage_type
401756920,2025,7,regular,Houston,Oklahoma State,away,canon,rush_yards,168,161.0,-7.0,7.0,fumble_or_safety_swallows_scrimmage_type
401756920,2025,7,regular,Houston,Oklahoma State,away,canon,third_down_attempts,15,16,1,1,accepted_or_declined_penalty
401756920,2025,7,regular,Houston,Oklahoma State,away,canon,third_down_conversions,6,5,-1,1,accepted_or_declined_penalty
401761625,2025,7,regular,James Madison,Louisiana,home,canon,total_yards,483,485.0,2.0,2.0,fumble_or_safety_swallows_scrimmage_type
401761625,2025,7,regular,James Madison,Louisiana,home,canon,pass_attempts,40,38,-2,2,fumble_or_safety_swallows_scrimmage_type
401761625,2025,7,regular,James Madison,Louisiana,home,canon,completions,26,25,-1,1,no_play_penalty
401761625,2025,7,regular,James Madison,Louisiana,home,canon,net_pass_yards,290,309.0,19.0,19.0,fumble_or_safety_swallows_scrimmage_type
401761625,2025,7,regular,James Madison,Louisiana,home,canon,rush_attempts,38,40,2,2,fumble_or_safety_swallows_scrimmage_type
401761625,2025,7,regular,James Madison,Louisiana,home,canon,rush_yards,193,176.0,-17.0,17.0,fumble_or_safety_swallows_scrimmage_type
401761625,2025,7,regular,James Madison,Louisiana,home,canon,turnovers,3,2,-1,1,no_play_penalty
401761625,2025,7,regular,James Madison,Louisiana,home,canon,fumbles_lost,2,1,-1,1,no_play_penalty
401761625,2025,7,regular,James Madison,Louisiana,home,canon,third_down_attempts,17,16,-1,1,no_play_penalty
401761625,2025,7,regular,Louisiana,James Madison,away,canon,total_plays,56,55,-1,1,fumble_or_safety_swallows_scrimmage_type
401761625,2025,7,regular,Louisiana,James Madison,away,canon,total_yards,288,285.0,-3.0,3.0,fumble_or_safety_swallows_scrimmage_type
401761625,2025,7,regular,Louisiana,James Madison,away,canon,rush_attempts,28,27,-1,1,fumble_or_safety_swallows_scrimmage_type
401761625,2025,7,regular,Louisiana,James Madison,away,canon,rush_yards,45,42.0,-3.0,3.0,fumble_or_safety_swallows_scrimmage_type
401761625,2025,7,regular,Louisiana,James Madison,away,canon,turnovers,1,0,-1,1,no_play_penalty
401761625,2025,7,regular,Louisiana,James Madison,away,canon,interceptions,1,0,-1,1,no_play_penalty
401761625,2025,7,regular,Louisiana,James Madison,away,canon,third_down_attempts,14,13,-1,1,no_play_penalty
401756917,2025,7,regular,Cincinnati,UCF,home,canon,total_plays,48,46,-2,2,fumble_or_safety_swallows_scrimmage_type
401756917,2025,7,regular,Cincinnati,UCF,home,canon,total_yards,306,293.0,-13.0,13.0,fumble_or_safety_swallows_scrimmage_type
401756917,2025,7,regular,Cincinnati,UCF,home,canon,rush_attempts,27,25,-2,2,fumble_or_safety_swallows_scrimmage_type
401756917,2025,7,regular,Cincinnati,UCF,home,canon,rush_yards,115,102.0,-13.0,13.0,fumble_or_safety_swallows_scrimmage_type
401756917,2025,7,regular,Cincinnati,UCF,home,canon,third_down_attempts,9,8,-1,1,no_play_penalty
401756917,2025,7,regular,UCF,Cincinnati,away,canon,total_plays,90,91,1,1,fumble_or_safety_swallows_scrimmage_type
401756917,2025,7,regular,UCF,Cincinnati,away,canon,total_yards,413,417.0,4.0,4.0,fumble_or_safety_swallows_scrimmage_type
401756917,2025,7,regular,UCF,Cincinnati,away,canon,pass_attempts,49,50,1,1,fumble_or_safety_swallows_scrimmage_type
401756917,2025,7,regular,UCF,Cincinnati,away,canon,net_pass_yards,222,226.0,4.0,4.0,fumble_or_safety_swallows_scrimmage_type
401756917,2025,7,regular,UCF,Cincinnati,away,canon,turnovers,1,0,-1,1,no_play_penalty
401756917,2025,7,regular,UCF,Cincinnati,away,canon,fumbles_lost,1,0,-1,1,no_play_penalty
401756917,2025,7,regular,UCF,Cincinnati,away,canon,fourth_down_attempts,6,7,1,1,no_play_penalty
401762483,2025,7,regular,Army,Charlotte,home,canon,total_plays,69,68,-1,1,fumble_or_safety_swallows_scrimmage_type
401762483,2025,7,regular,Army,Charlotte,home,canon,total_yards,355,325.0,-30.0,30.0,fumble_or_safety_swallows_scrimmage_type
401762483,2025,7,regular,Army,Charlotte,home,canon,rush_attempts,63,62,-1,1,fumble_or_safety_swallows_scrimmage_type
401762483,2025,7,regular,Army,Charlotte,home,canon,rush_yards,305,275.0,-30.0,30.0,fumble_or_safety_swallows_scrimmage_type
401762483,2025,7,regular,Army,Charlotte,home,canon,turnovers,1,0,-1,1,no_play_penalty
401762483,2025,7,regular,Army,Charlotte,home,canon,fumbles_lost,1,0,-1,1,no_play_penalty
401762483,2025,7,regular,Charlotte,Army,away,canon,total_plays,55,54,-1,1,fumble_or_safety_swallows_scrimmage_type
401762483,2025,7,regular,Charlotte,Army,away,canon,total_yards,178,174.0,-4.0,4.0,fumble_or_safety_swallows_scrimmage_type
401762483,2025,7,regular,Charlotte,Army,away,canon,net_pass_yards,110,116.0,6.0,6.0,fumble_or_safety_swallows_scrimmage_type
401762483,2025,7,regular,Charlotte,Army,away,canon,rush_attempts,29,28,-1,1,fumble_or_safety_swallows_scrimmage_type
401762483,2025,7,regular,Charlotte,Army,away,canon,rush_yards,68,58.0,-10.0,10.0,fumble_or_safety_swallows_scrimmage_type
401762483,2025,7,regular,Charlotte,Army,away,canon,turnovers,1,2,1,1,no_play_penalty
401762483,2025,7,regular,Charlotte,Army,away,canon,fumbles_lost,1,2,1,1,no_play_penalty
401754561,2025,7,regular,SMU,Stanford,home,canon,total_yards,370,378.0,8.0,8.0,fumble_or_safety_swallows_scrimmage_type
401754561,2025,7,regular,SMU,Stanford,home,canon,pass_attempts,30,29,-1,1,fumble_or_safety_swallows_scrimmage_type
401754561,2025,7,regular,SMU,Stanford,home,canon,completions,22,21,-1,1,no_play_penalty
401754561,2025,7,regular,SMU,Stanford,home,canon,net_pass_yards,247,256.0,9.0,9.0,fumble_or_safety_swallows_scrimmage_type
401754561,2025,7,regular,SMU,Stanford,home,canon,rush_attempts,23,24,1,1,fumble_or_safety_swallows_scrimmage_type
401754561,2025,7,regular,SMU,Stanford,home,canon,rush_yards,123,122.0,-1.0,1.0,fumble_or_safety_swallows_scrimmage_type
401754561,2025,7,regular,Stanford,SMU,away,canon,total_plays,74,71,-3,3,fumble_or_safety_swallows_scrimmage_type
401754561,2025,7,regular,Stanford,SMU,away,canon,total_yards,353,343.0,-10.0,10.0,fumble_or_safety_swallows_scrimmage_type
401754561,2025,7,regular,Stanford,SMU,away,canon,pass_attempts,41,39,-2,2,fumble_or_safety_swallows_scrimmage_type
401754561,2025,7,regular,Stanford,SMU,away,canon,rush_attempts,33,32,-1,1,fumble_or_safety_swallows_scrimmage_type
401754561,2025,7,regular,Stanford,SMU,away,canon,rush_yards,75,65.0,-10.0,10.0,fumble_or_safety_swallows_scrimmage_type
401754561,2025,7,regular,Stanford,SMU,away,canon,turnovers,2,0,-2,2,no_play_penalty
401754561,2025,7,regular,Stanford,SMU,away,canon,interceptions,1,0,-1,1,no_play_penalty
401754561,2025,7,regular,Stanford,SMU,away,canon,fumbles_lost,1,0,-1,1,no_play_penalty
401754561,2025,7,regular,Stanford,SMU,away,canon,third_down_attempts,16,14,-2,2,no_play_penalty
401754561,2025,7,regular,Stanford,SMU,away,canon,third_down_conversions,5,4,-1,1,no_play_penalty
401752863,2025,7,regular,Michigan State,UCLA,home,canon,points,13,19,6,6,accepted_or_declined_penalty
401752863,2025,7,regular,Michigan State,UCLA,home,canon,total_plays,60,61,1,1,fumble_or_safety_swallows_scrimmage_type
401752863,2025,7,regular,Michigan State,UCLA,home,canon,total_yards,253,263.0,10.0,10.0,fumble_or_safety_swallows_scrimmage_type
401752863,2025,7,regular,Michigan State,UCLA,home,canon,pass_attempts,35,36,1,1,fumble_or_safety_swallows_scrimmage_type
401752863,2025,7,regular,Michigan State,UCLA,home,canon,net_pass_yards,166,176.0,10.0,10.0,fumble_or_safety_swallows_scrimmage_type
401752863,2025,7,regular,Michigan State,UCLA,home,canon,turnovers,1,0,-1,1,accepted_or_declined_penalty
401752863,2025,7,regular,Michigan State,UCLA,home,canon,fumbles_lost,1,0,-1,1,accepted_or_declined_penalty
401752863,2025,7,regular,UCLA,Michigan State,away,canon,total_plays,67,69,2,2,fumble_or_safety_swallows_scrimmage_type
401752863,2025,7,regular,UCLA,Michigan State,away,canon,total_yards,418,380.0,-38.0,38.0,fumble_or_safety_swallows_scrimmage_type
401752863,2025,7,regular,UCLA,Michigan State,away,canon,pass_attempts,24,25,1,1,fumble_or_safety_swallows_scrimmage_type
401752863,2025,7,regular,UCLA,Michigan State,away,canon,net_pass_yards,180,175.0,-5.0,5.0,fumble_or_safety_swallows_scrimmage_type
401752863,2025,7,regular,UCLA,Michigan State,away,canon,rush_attempts,43,44,1,1,fumble_or_safety_swallows_scrimmage_type
401752863,2025,7,regular,UCLA,Michigan State,away,canon,rush_yards,238,205.0,-33.0,33.0,fumble_or_safety_swallows_scrimmage_type
401752865,2025,7,regular,Illinois,Ohio State,home,canon,total_plays,71,69,-2,2,fumble_or_safety_swallows_scrimmage_type
401752865,2025,7,regular,Illinois,Ohio State,home,canon,total_yards,295,303.0,8.0,8.0,fumble_or_safety_swallows_scrimmage_type
401752865,2025,7,regular,Illinois,Ohio State,home,canon,pass_attempts,44,43,-1,1,fumble_or_safety_swallows_scrimmage_type
401752865,2025,7,regular,Illinois,Ohio State,home,canon,completions,30,31,1,1,no_play_penalty
401752865,2025,7,regular,Illinois,Ohio State,home,canon,net_pass_yards,248,257.0,9.0,9.0,fumble_or_safety_swallows_scrimmage_type
401752865,2025,7,regular,Illinois,Ohio State,home,canon,rush_attempts,27,26,-1,1,fumble_or_safety_swallows_scrimmage_type
401752865,2025,7,regular,Illinois,Ohio State,home,canon,rush_yards,47,46.0,-1.0,1.0,fumble_or_safety_swallows_scrimmage_type
401752865,2025,7,regular,Illinois,Ohio State,home,canon,turnovers,3,1,-2,2,no_play_penalty
401752865,2025,7,regular,Illinois,Ohio State,home,canon,fumbles_lost,2,0,-2,2,no_play_penalty
401752865,2025,7,regular,Illinois,Ohio State,home,canon,third_down_attempts,14,13,-1,1,no_play_penalty
401752865,2025,7,regular,Illinois,Ohio State,home,canon,third_down_conversions,4,5,1,1,no_play_penalty
401752865,2025,7,regular,Ohio State,Illinois,away,canon,total_plays,62,64,2,2,fumble_or_safety_swallows_scrimmage_type
401752865,2025,7,regular,Ohio State,Illinois,away,canon,total_yards,275,304.0,29.0,29.0,fumble_or_safety_swallows_scrimmage_type
401752865,2025,7,regular,Ohio State,Illinois,away,canon,completions,19,20,1,1,no_play_penalty
401752865,2025,7,regular,Ohio State,Illinois,away,canon,net_pass_yards,166,198.0,32.0,32.0,fumble_or_safety_swallows_scrimmage_type
401752865,2025,7,regular,Ohio State,Illinois,away,canon,rush_attempts,35,37,2,2,fumble_or_safety_swallows_scrimmage_type
401752865,2025,7,regular,Ohio State,Illinois,away,canon,rush_yards,109,106.0,-3.0,3.0,fumble_or_safety_swallows_scrimmage_type
401752865,2025,7,regular,Ohio State,Illinois,away,canon,turnovers,0,1,1,1,no_play_penalty
401752865,2025,7,regular,Ohio State,Illinois,away,canon,fumbles_lost,0,1,1,1,no_play_penalty
401752865,2025,7,regular,Ohio State,Illinois,away,canon,third_down_conversions,8,9,1,1,no_play_penalty
401762833,2025,7,regular,Akron,Miami (OH),home,canon,total_plays,64,62,-2,2,sack_accounting
401762833,2025,7,regular,Akron,Miami (OH),home,canon,total_yards,273,279.0,6.0,6.0,sack_accounting
401762833,2025,7,regular,Akron,Miami (OH),home,canon,pass_attempts,39,37,-2,2,sack_accounting
401762833,2025,7,regular,Akron,Miami (OH),home,canon,net_pass_yards,211,217.0,6.0,6.0,sack_accounting
401762833,2025,7,regular,Akron,Miami (OH),home,canon,turnovers,1,0,-1,1,no_play_penalty
401762833,2025,7,regular,Akron,Miami (OH),home,canon,interceptions,1,0,-1,1,no_play_penalty
401762833,2025,7,regular,Akron,Miami (OH),home,canon,third_down_attempts,14,13,-1,1,no_play_penalty
401762833,2025,7,regular,Akron,Miami (OH),home,canon,fourth_down_attempts,2,1,-1,1,no_play_penalty
401762833,2025,7,regular,Miami (OH),Akron,away,canon,total_yards,353,375.0,22.0,22.0,sack_accounting
401762833,2025,7,regular,Miami (OH),Akron,away,canon,pass_attempts,26,25,-1,1,sack_accounting
401762833,2025,7,regular,Miami (OH),Akron,away,canon,net_pass_yards,203,218.0,15.0,15.0,sack_accounting
401762833,2025,7,regular,Miami (OH),Akron,away,canon,rush_attempts,39,40,1,1,sack_accounting
401762833,2025,7,regular,Miami (OH),Akron,away,canon,rush_yards,150,157.0,7.0,7.0,sack_accounting
401762835,2025,7,regular,Bowling Green,Toledo,home,canon,total_plays,53,51,-2,2,duplicate_plays
401762835,2025,7,regular,Bowling Green,Toledo,home,canon,total_yards,226,255.0,29.0,29.0,duplicate_plays
401762835,2025,7,regular,Bowling Green,Toledo,home,canon,pass_attempts,17,16,-1,1,duplicate_plays
401762835,2025,7,regular,Bowling Green,Toledo,home,canon,net_pass_yards,165,171.0,6.0,6.0,duplicate_plays
401762835,2025,7,regular,Bowling Green,Toledo,home,canon,rush_attempts,36,35,-1,1,duplicate_plays
401762835,2025,7,regular,Bowling Green,Toledo,home,canon,rush_yards,61,84.0,23.0,23.0,duplicate_plays
401762835,2025,7,regular,Bowling Green,Toledo,home,canon,turnovers,1,0,-1,1,no_play_penalty
401762835,2025,7,regular,Bowling Green,Toledo,home,canon,interceptions,1,0,-1,1,no_play_penalty
401762835,2025,7,regular,Bowling Green,Toledo,home,canon,fourth_down_attempts,1,0,-1,1,no_play_penalty
401762835,2025,7,regular,Toledo,Bowling Green,away,canon,total_plays,72,70,-2,2,fumble_or_safety_swallows_scrimmage_type
401762835,2025,7,regular,Toledo,Bowling Green,away,canon,total_yards,429,416.0,-13.0,13.0,fumble_or_safety_swallows_scrimmage_type
401762835,2025,7,regular,Toledo,Bowling Green,away,canon,pass_attempts,30,28,-2,2,fumble_or_safety_swallows_scrimmage_type
401762835,2025,7,regular,Toledo,Bowling Green,away,canon,rush_yards,165,152.0,-13.0,13.0,fumble_or_safety_swallows_scrimmage_type
401762835,2025,7,regular,Toledo,Bowling Green,away,canon,turnovers,2,1,-1,1,no_play_penalty
401762835,2025,7,regular,Toledo,Bowling Green,away,canon,fumbles_lost,1,0,-1,1,no_play_penalty
401762835,2025,7,regular,Toledo,Bowling Green,away,canon,third_down_attempts,13,12,-1,1,no_play_penalty
401752734,2025,7,regular,Missouri,Alabama,home,canon,total_plays,56,53,-3,3,sack_accounting
401752734,2025,7,regular,Missouri,Alabama,home,canon,pass_attempts,28,26,-2,2,sack_accounting
401752734,2025,7,regular,Missouri,Alabama,home,canon,rush_attempts,28,27,-1,1,sack_accounting
401752734,2025,7,regular,Missouri,Alabama,home,canon,third_down_attempts,10,7,-3,3,no_play_penalty
401752734,2025,7,regular,Alabama,Missouri,away,canon,total_plays,74,75,1,1,sack_accounting
401752734,2025,7,regular,Alabama,Missouri,away,canon,total_yards,326,340.0,14.0,14.0,sack_accounting
401752734,2025,7,regular,Alabama,Missouri,away,canon,net_pass_yards,200,215.0,15.0,15.0,sack_accounting
401752734,2025,7,regular,Alabama,Missouri,away,canon,rush_attempts,43,44,1,1,sack_accounting
401752734,2025,7,regular,Alabama,Missouri,away,canon,rush_yards,126,125.0,-1.0,1.0,sack_accounting
401752734,2025,7,regular,Alabama,Missouri,away,canon,turnovers,1,0,-1,1,no_play_penalty
401752734,2025,7,regular,Alabama,Missouri,away,canon,fumbles_lost,1,0,-1,1,no_play_penalty
401754559,2025,7,regular,Florida State,Pittsburgh,home,canon,total_plays,63,60,-3,3,fumble_or_safety_swallows_scrimmage_type
401754559,2025,7,regular,Florida State,Pittsburgh,home,canon,total_yards,415,410.0,-5.0,5.0,fumble_or_safety_swallows_scrimmage_type
401754559,2025,7,regular,Florida State,Pittsburgh,home,canon,rush_attempts,40,37,-3,3,fumble_or_safety_swallows_scrimmage_type
401754559,2025,7,regular,Florida State,Pittsburgh,home,canon,rush_yards,170,165.0,-5.0,5.0,fumble_or_safety_swallows_scrimmage_type
401754559,2025,7,regular,Florida State,Pittsburgh,home,canon,turnovers,1,0,-1,1,no_play_penalty
401754559,2025,7,regular,Florida State,Pittsburgh,home,canon,fumbles_lost,1,0,-1,1,no_play_penalty
401754559,2025,7,regular,Pittsburgh,Florida State,away,canon,total_plays,70,64,-6,6,duplicate_plays
401754559,2025,7,regular,Pittsburgh,Florida State,away,canon,total_yards,479,458.0,-21.0,21.0,duplicate_plays
401754559,2025,7,regular,Pittsburgh,Florida State,away,canon,pass_attempts,29,27,-2,2,duplicate_plays
401754559,2025,7,regular,Pittsburgh,Florida State,away,canon,rush_attempts,41,37,-4,4,duplicate_plays
401754559,2025,7,regular,Pittsburgh,Florida State,away,canon,rush_yards,158,137.0,-21.0,21.0,duplicate_plays
401754559,2025,7,regular,Pittsburgh,Florida State,away,canon,third_down_attempts,14,12,-2,2,no_play_penalty
401752733,2025,7,regular,Ole Miss,Washington State,home,canon,total_plays,70,69,-1,1,fumble_or_safety_swallows_scrimmage_type
401752733,2025,7,regular,Ole Miss,Washington State,home,canon,total_yards,439,416.0,-23.0,23.0,fumble_or_safety_swallows_scrimmage_type
401752733,2025,7,regular,Ole Miss,Washington State,home,canon,net_pass_yards,253,238.0,-15.0,15.0,fumble_or_safety_swallows_scrimmage_type
401752733,2025,7,regular,Ole Miss,Washington State,home,canon,rush_attempts,41,40,-1,1,fumble_or_safety_swallows_scrimmage_type
401752733,2025,7,regular,Ole Miss,Washington State,home,canon,rush_yards,186,178.0,-8.0,8.0,fumble_or_safety_swallows_scrimmage_type
401752733,2025,7,regular,Ole Miss,Washington State,home,canon,turnovers,1,0,-1,1,no_play_penalty
401752733,2025,7,regular,Ole Miss,Washington State,home,canon,fumbles_lost,1,0,-1,1,no_play_penalty
401752733,2025,7,regular,Ole Miss,Washington State,home,canon,third_down_attempts,15,14,-1,1,no_play_penalty
401752733,2025,7,regular,Washington State,Ole Miss,away,canon,total_plays,59,57,-2,2,fumble_or_safety_swallows_scrimmage_type
401752733,2025,7,regular,Washington State,Ole Miss,away,canon,total_yards,345,342.0,-3.0,3.0,fumble_or_safety_swallows_scrimmage_type
401752733,2025,7,regular,Washington State,Ole Miss,away,canon,pass_attempts,31,32,1,1,fumble_or_safety_swallows_scrimmage_type
401752733,2025,7,regular,Washington State,Ole Miss,away,canon,net_pass_yards,218,208.0,-10.0,10.0,fumble_or_safety_swallows_scrimmage_type
401752733,2025,7,regular,Washington State,Ole Miss,away,canon,rush_attempts,28,25,-3,3,fumble_or_safety_swallows_scrimmage_type
401752733,2025,7,regular,Washington State,Ole Miss,away,canon,rush_yards,127,134.0,7.0,7.0,fumble_or_safety_swallows_scrimmage_type
401752733,2025,7,regular,Washington State,Ole Miss,away,canon,third_down_attempts,10,8,-2,2,no_play_penalty
401752733,2025,7,regular,Washington State,Ole Miss,away,canon,fourth_down_attempts,1,2,1,1,no_play_penalty
401762836,2025,7,regular,Eastern Michigan,Northern Illinois,home,canon,total_yards,299,300.0,1.0,1.0,no_play_penalty
401762836,2025,7,regular,Eastern Michigan,Northern Illinois,home,canon,pass_attempts,32,31,-1,1,no_play_penalty
401762836,2025,7,regular,Eastern Michigan,Northern Illinois,home,canon,net_pass_yards,147,151.0,4.0,4.0,no_play_penalty
401762836,2025,7,regular,Eastern Michigan,Northern Illinois,home,canon,rush_attempts,37,38,1,1,no_play_penalty
401762836,2025,7,regular,Eastern Michigan,Northern Illinois,home,canon,rush_yards,152,149.0,-3.0,3.0,no_play_penalty
401762836,2025,7,regular,Eastern Michigan,Northern Illinois,home,canon,turnovers,1,0,-1,1,no_play_penalty
401762836,2025,7,regular,Eastern Michigan,Northern Illinois,home,canon,interceptions,1,0,-1,1,no_play_penalty
401762836,2025,7,regular,Northern Illinois,Eastern Michigan,away,canon,total_plays,65,64,-1,1,no_play_penalty
401762836,2025,7,regular,Northern Illinois,Eastern Michigan,away,canon,total_yards,310,315.0,5.0,5.0,no_play_penalty
401762836,2025,7,regular,Northern Illinois,Eastern Michigan,away,canon,pass_attempts,26,25,-1,1,no_play_penalty
401762836,2025,7,regular,Northern Illinois,Eastern Michigan,away,canon,net_pass_yards,94,99.0,5.0,5.0,no_play_penalty
401762837,2025,7,regular,Kent State,Massachusetts,home,canon,total_plays,59,56,-3,3,fumble_or_safety_swallows_scrimmage_type
401762837,2025,7,regular,Kent State,Massachusetts,home,canon,total_yards,337,358.0,21.0,21.0,fumble_or_safety_swallows_scrimmage_type
401762837,2025,7,regular,Kent State,Massachusetts,home,canon,pass_attempts,20,21,1,1,fumble_or_safety_swallows_scrimmage_type
401762837,2025,7,regular,Kent State,Massachusetts,home,canon,net_pass_yards,179,205.0,26.0,26.0,fumble_or_safety_swallows_scrimmage_type
401762837,2025,7,regular,Kent State,Massachusetts,home,canon,rush_attempts,39,35,-4,4,fumble_or_safety_swallows_scrimmage_type
401762837,2025,7,regular,Kent State,Massachusetts,home,canon,rush_yards,158,153.0,-5.0,5.0,fumble_or_safety_swallows_scrimmage_type
401762837,2025,7,regular,Kent State,Massachusetts,home,canon,turnovers,0,1,1,1,accepted_or_declined_penalty
401762837,2025,7,regular,Kent State,Massachusetts,home,canon,fumbles_lost,0,1,1,1,accepted_or_declined_penalty
401762837,2025,7,regular,Kent State,Massachusetts,home,canon,third_down_conversions,3,4,1,1,accepted_or_declined_penalty
401762837,2025,7,regular,Massachusetts,Kent State,away,canon,total_plays,82,75,-7,7,fumble_or_safety_swallows_scrimmage_type
401762837,2025,7,regular,Massachusetts,Kent State,away,canon,total_yards,271,207.0,-64.0,64.0,fumble_or_safety_swallows_scrimmage_type
401762837,2025,7,regular,Massachusetts,Kent State,away,canon,pass_attempts,49,41,-8,8,fumble_or_safety_swallows_scrimmage_type
401762837,2025,7,regular,Massachusetts,Kent State,away,canon,completions,26,22,-4,4,accepted_or_declined_penalty
401762837,2025,7,regular,Massachusetts,Kent State,away,canon,net_pass_yards,227,183.0,-44.0,44.0,fumble_or_safety_swallows_scrimmage_type
401762837,2025,7,regular,Massachusetts,Kent State,away,canon,rush_attempts,33,34,1,1,fumble_or_safety_swallows_scrimmage_type
401762837,2025,7,regular,Massachusetts,Kent State,away,canon,rush_yards,44,24.0,-20.0,20.0,fumble_or_safety_swallows_scrimmage_type
401762837,2025,7,regular,Massachusetts,Kent State,away,canon,turnovers,2,1,-1,1,accepted_or_declined_penalty
401762837,2025,7,regular,Massachusetts,Kent State,away,canon,interceptions,2,1,-1,1,accepted_or_declined_penalty
401762837,2025,7,regular,Massachusetts,Kent State,away,canon,third_down_attempts,20,18,-2,2,accepted_or_declined_penalty
401762837,2025,7,regular,Massachusetts,Kent State,away,canon,third_down_conversions,6,5,-1,1,accepted_or_declined_penalty
401762837,2025,7,regular,Massachusetts,Kent State,away,canon,fourth_down_attempts,3,2,-1,1,accepted_or_declined_penalty
401752870,2025,7,regular,Oregon,Indiana,home,canon,total_plays,64,59,-5,5,sack_accounting
401752870,2025,7,regular,Oregon,Indiana,home,canon,total_yards,267,274.0,7.0,7.0,sack_accounting
401752870,2025,7,regular,Oregon,Indiana,home,canon,pass_attempts,34,32,-2,2,sack_accounting
401752870,2025,7,regular,Oregon,Indiana,home,canon,rush_attempts,30,27,-3,3,sack_accounting
401752870,2025,7,regular,Oregon,Indiana,home,canon,rush_yards,81,88.0,7.0,7.0,sack_accounting
401752870,2025,7,regular,Oregon,Indiana,home,canon,turnovers,2,0,-2,2,no_play_penalty
401752870,2025,7,regular,Oregon,Indiana,home,canon,interceptions,2,0,-2,2,no_play_penalty
401752870,2025,7,regular,Indiana,Oregon,away,canon,total_plays,64,66,2,2,sack_accounting
401752870,2025,7,regular,Indiana,Oregon,away,canon,total_yards,343,324.0,-19.0,19.0,sack_accounting
401752870,2025,7,regular,Indiana,Oregon,away,canon,pass_attempts,31,30,-1,1,sack_accounting
401752870,2025,7,regular,Indiana,Oregon,away,canon,rush_attempts,33,36,3,3,sack_accounting
401752870,2025,7,regular,Indiana,Oregon,away,canon,rush_yards,128,109.0,-19.0,19.0,sack_accounting
401752870,2025,7,regular,Indiana,Oregon,away,canon,third_down_attempts,14,13,-1,1,no_play_penalty
401752867,2025,7,regular,Maryland,Nebraska,home,canon,total_plays,67,66,-1,1,duplicate_plays
401752867,2025,7,regular,Maryland,Nebraska,home,canon,total_yards,379,370.0,-9.0,9.0,duplicate_plays
401752867,2025,7,regular,Maryland,Nebraska,home,canon,pass_attempts,37,36,-1,1,duplicate_plays
401752867,2025,7,regular,Maryland,Nebraska,home,canon,rush_yards,130,121.0,-9.0,9.0,duplicate_plays
401752867,2025,7,regular,Maryland,Nebraska,home,canon,third_down_attempts,15,14,-1,1,no_play_penalty
401752867,2025,7,regular,Maryland,Nebraska,home,canon,fourth_down_attempts,2,3,1,1,no_play_penalty
401752867,2025,7,regular,Nebraska,Maryland,away,canon,total_plays,58,55,-3,3,sack_accounting
401752867,2025,7,regular,Nebraska,Maryland,away,canon,total_yards,454,447.0,-7.0,7.0,sack_accounting
401752867,2025,7,regular,Nebraska,Maryland,away,canon,pass_attempts,29,26,-3,3,sack_accounting
401752867,2025,7,regular,Nebraska,Maryland,away,canon,rush_yards,194,187.0,-7.0,7.0,sack_accounting
401752867,2025,7,regular,Nebraska,Maryland,away,canon,turnovers,3,2,-1,1,no_play_penalty
401752867,2025,7,regular,Nebraska,Maryland,away,canon,interceptions,3,2,-1,1,no_play_penalty
401761626,2025,7,regular,Marshall,Old Dominion,home,canon,total_plays,74,81,7,7,sack_accounting
401761626,2025,7,regular,Marshall,Old Dominion,home,canon,total_yards,449,407.0,-42.0,42.0,sack_accounting
401761626,2025,7,regular,Marshall,Old Dominion,home,canon,pass_attempts,26,29,3,3,sack_accounting
401761626,2025,7,regular,Marshall,Old Dominion,home,canon,completions,18,19,1,1,accepted_or_declined_penalty
401761626,2025,7,regular,Marshall,Old Dominion,home,canon,net_pass_yards,222,212.0,-10.0,10.0,sack_accounting
401761626,2025,7,regular,Marshall,Old Dominion,home,canon,rush_attempts,48,52,4,4,sack_accounting
401761626,2025,7,regular,Marshall,Old Dominion,home,canon,rush_yards,227,195.0,-32.0,32.0,sack_accounting
401761626,2025,7,regular,Marshall,Old Dominion,home,canon,turnovers,0,1,1,1,accepted_or_declined_penalty
401761626,2025,7,regular,Marshall,Old Dominion,home,canon,interceptions,0,1,1,1,accepted_or_declined_penalty
401761626,2025,7,regular,Marshall,Old Dominion,home,canon,third_down_attempts,15,17,2,2,accepted_or_declined_penalty
401761626,2025,7,regular,Old Dominion,Marshall,away,canon,total_plays,66,65,-1,1,sack_accounting
401761626,2025,7,regular,Old Dominion,Marshall,away,canon,total_yards,439,446.0,7.0,7.0,sack_accounting
401761626,2025,7,regular,Old Dominion,Marshall,away,canon,net_pass_yards,266,281.0,15.0,15.0,sack_accounting
401761626,2025,7,regular,Old Dominion,Marshall,away,canon,rush_attempts,38,37,-1,1,sack_accounting
401761626,2025,7,regular,Old Dominion,Marshall,away,canon,rush_yards,173,165.0,-8.0,8.0,sack_accounting
401761626,2025,7,regular,Old Dominion,Marshall,away,canon,turnovers,5,2,-3,3,accepted_or_declined_penalty
401761626,2025,7,regular,Old Dominion,Marshall,away,canon,interceptions,2,1,-1,1,accepted_or_declined_penalty
401761626,2025,7,regular,Old Dominion,Marshall,away,canon,fumbles_lost,3,1,-2,2,accepted_or_declined_penalty
401761626,2025,7,regular,Old Dominion,Marshall,away,canon,third_down_attempts,14,13,-1,1,accepted_or_declined_penalty
401761624,2025,7,regular,Georgia State,App State,home,canon,total_yards,381,375.0,-6.0,6.0,duplicate_plays
401761624,2025,7,regular,Georgia State,App State,home,canon,net_pass_yards,303,311.0,8.0,8.0,duplicate_plays
401761624,2025,7,regular,Georgia State,App State,home,canon,rush_yards,78,64.0,-14.0,14.0,duplicate_plays
401761624,2025,7,regular,Georgia State,App State,home,canon,third_down_attempts,19,18,-1,1,kneel_accounting
401761624,2025,7,regular,Georgia State,App State,home,canon,fourth_down_attempts,4,6,2,2,kneel_accounting
401761624,2025,7,regular,App State,Georgia State,away,canon,total_plays,71,75,4,4,duplicate_plays
401761624,2025,7,regular,App State,Georgia State,away,canon,total_yards,445,435.0,-10.0,10.0,duplicate_plays
401761624,2025,7,regular,App State,Georgia State,away,canon,pass_attempts,38,39,1,1,duplicate_plays
401761624,2025,7,regular,App State,Georgia State,away,canon,rush_attempts,33,36,3,3,duplicate_plays
401761624,2025,7,regular,App State,Georgia State,away,canon,rush_yards,134,124.0,-10.0,10.0,duplicate_plays
401761624,2025,7,regular,App State,Georgia State,away,canon,fourth_down_attempts,2,3,1,1,kneel_accounting
401754560,2025,7,regular,Georgia Tech,Virginia Tech,home,canon,total_plays,65,66,1,1,sack_accounting
401754560,2025,7,regular,Georgia Tech,Virginia Tech,home,canon,total_yards,483,497.0,14.0,14.0,sack_accounting
401754560,2025,7,regular,Georgia Tech,Virginia Tech,home,canon,net_pass_yards,213,229.0,16.0,16.0,sack_accounting
401754560,2025,7,regular,Georgia Tech,Virginia Tech,home,canon,rush_attempts,41,42,1,1,sack_accounting
401754560,2025,7,regular,Georgia Tech,Virginia Tech,home,canon,rush_yards,270,268.0,-2.0,2.0,sack_accounting
401754560,2025,7,regular,Virginia Tech,Georgia Tech,away,canon,total_plays,54,53,-1,1,sack_accounting
401754560,2025,7,regular,Virginia Tech,Georgia Tech,away,canon,total_yards,369,367.0,-2.0,2.0,sack_accounting
401754560,2025,7,regular,Virginia Tech,Georgia Tech,away,canon,pass_attempts,21,20,-1,1,sack_accounting
401754560,2025,7,regular,Virginia Tech,Georgia Tech,away,canon,rush_yards,188,186.0,-2.0,2.0,sack_accounting
401752866,2025,7,regular,Penn State,Northwestern,home,canon,total_plays,51,50,-1,1,sack_accounting
401752866,2025,7,regular,Penn State,Northwestern,home,canon,pass_attempts,20,19,-1,1,sack_accounting
401752866,2025,7,regular,Penn State,Northwestern,home,canon,turnovers,2,0,-2,2,accepted_or_declined_penalty
401752866,2025,7,regular,Penn State,Northwestern,home,canon,interceptions,1,0,-1,1,accepted_or_declined_penalty
401752866,2025,7,regular,Penn State,Northwestern,home,canon,fumbles_lost,1,0,-1,1,accepted_or_declined_penalty
401752866,2025,7,regular,Northwestern,Penn State,away,canon,total_plays,65,72,7,7,duplicate_plays
401752866,2025,7,regular,Northwestern,Penn State,away,canon,total_yards,292,279.0,-13.0,13.0,duplicate_plays
401752866,2025,7,regular,Northwestern,Penn State,away,canon,pass_attempts,26,27,1,1,duplicate_plays
401752866,2025,7,regular,Northwestern,Penn State,away,canon,net_pass_yards,163,193.0,30.0,30.0,duplicate_plays
401752866,2025,7,regular,Northwestern,Penn State,away,canon,rush_attempts,39,45,6,6,duplicate_plays
401752866,2025,7,regular,Northwestern,Penn State,away,canon,rush_yards,129,86.0,-43.0,43.0,duplicate_plays
401752866,2025,7,regular,Northwestern,Penn State,away,canon,turnovers,1,0,-1,1,accepted_or_declined_penalty
401752866,2025,7,regular,Northwestern,Penn State,away,canon,fumbles_lost,1,0,-1,1,accepted_or_declined_penalty
401752866,2025,7,regular,Northwestern,Penn State,away,canon,third_down_attempts,12,13,1,1,accepted_or_declined_penalty
401752866,2025,7,regular,Northwestern,Penn State,away,canon,third_down_conversions,5,6,1,1,accepted_or_declined_penalty
401762834,2025,7,regular,Western Michigan,Ball State,home,canon,total_plays,72,71,-1,1,sack_accounting
401762834,2025,7,regular,Western Michigan,Ball State,home,canon,total_yards,462,464.0,2.0,2.0,sack_accounting
401762834,2025,7,regular,Western Michigan,Ball State,home,canon,pass_attempts,29,28,-1,1,sack_accounting
401762834,2025,7,regular,Western Michigan,Ball State,home,canon,rush_yards,220,222.0,2.0,2.0,sack_accounting
401762834,2025,7,regular,Western Michigan,Ball State,home,canon,turnovers,2,0,-2,2,no_play_penalty
401762834,2025,7,regular,Western Michigan,Ball State,home,canon,interceptions,1,0,-1,1,no_play_penalty
401762834,2025,7,regular,Western Michigan,Ball State,home,canon,fumbles_lost,1,0,-1,1,no_play_penalty
401762834,2025,7,regular,Ball State,Western Michigan,away,canon,total_plays,50,48,-2,2,duplicate_plays
401762834,2025,7,regular,Ball State,Western Michigan,away,canon,total_yards,88,102.0,14.0,14.0,duplicate_plays
401762834,2025,7,regular,Ball State,Western Michigan,away,canon,net_pass_yards,68,72.0,4.0,4.0,duplicate_plays
401762834,2025,7,regular,Ball State,Western Michigan,away,canon,rush_attempts,27,25,-2,2,duplicate_plays
401762834,2025,7,regular,Ball State,Western Michigan,away,canon,rush_yards,20,30.0,10.0,10.0,duplicate_plays
401762834,2025,7,regular,Ball State,Western Michigan,away,canon,interceptions,0,1,1,1,no_play_penalty
401762834,2025,7,regular,Ball State,Western Michigan,away,canon,fumbles_lost,2,1,-1,1,no_play_penalty
401752736,2025,7,regular,Texas,Oklahoma,home,canon,total_plays,59,62,3,3,sack_accounting
401752736,2025,7,regular,Texas,Oklahoma,home,canon,total_yards,304,302.0,-2.0,2.0,sack_accounting
401752736,2025,7,regular,Texas,Oklahoma,home,canon,rush_attempts,32,35,3,3,sack_accounting
401752736,2025,7,regular,Texas,Oklahoma,home,canon,rush_yards,138,136.0,-2.0,2.0,sack_accounting
401752736,2025,7,regular,Texas,Oklahoma,home,canon,third_down_attempts,17,16,-1,1,accepted_or_declined_penalty
401752736,2025,7,regular,Texas,Oklahoma,home,canon,third_down_conversions,10,9,-1,1,accepted_or_declined_penalty
401752736,2025,7,regular,Oklahoma,Texas,away,canon,total_plays,69,66,-3,3,sack_accounting
401752736,2025,7,regular,Oklahoma,Texas,away,canon,total_yards,258,248.0,-10.0,10.0,sack_accounting
401752736,2025,7,regular,Oklahoma,Texas,away,canon,pass_attempts,39,36,-3,3,sack_accounting
401752736,2025,7,regular,Oklahoma,Texas,away,canon,rush_yards,48,38.0,-10.0,10.0,sack_accounting
401752736,2025,7,regular,Oklahoma,Texas,away,canon,third_down_attempts,17,15,-2,2,accepted_or_declined_penalty
401756919,2025,7,regular,Kansas State,TCU,home,canon,total_yards,347,341.0,-6.0,6.0,sack_accounting
401756919,2025,7,regular,Kansas State,TCU,home,canon,rush_yards,149,143.0,-6.0,6.0,sack_accounting
401756919,2025,7,regular,Kansas State,TCU,home,canon,third_down_attempts,16,14,-2,2,kneel_accounting
401756919,2025,7,regular,Kansas State,TCU,home,canon,third_down_conversions,7,6,-1,1,kneel_accounting
401756919,2025,7,regular,TCU,Kansas State,away,canon,total_plays,69,65,-4,4,sack_accounting
401756919,2025,7,regular,TCU,Kansas State,away,canon,total_yards,448,460.0,12.0,12.0,sack_accounting
401756919,2025,7,regular,TCU,Kansas State,away,canon,pass_attempts,47,45,-2,2,sack_accounting
401756919,2025,7,regular,TCU,Kansas State,away,canon,rush_attempts,22,20,-2,2,sack_accounting
401756919,2025,7,regular,TCU,Kansas State,away,canon,rush_yards,72,84.0,12.0,12.0,sack_accounting
401756919,2025,7,regular,TCU,Kansas State,away,canon,turnovers,3,2,-1,1,kneel_accounting
401756919,2025,7,regular,TCU,Kansas State,away,canon,fumbles_lost,1,0,-1,1,kneel_accounting
401754562,2025,7,regular,Notre Dame,NC State,home,canon,total_plays,68,69,1,1,safety_accounting
401754562,2025,7,regular,Notre Dame,NC State,home,canon,total_yards,487,485.0,-2.0,2.0,safety_accounting
401754562,2025,7,regular,Notre Dame,NC State,home,canon,rush_attempts,37,38,1,1,safety_accounting
401754562,2025,7,regular,Notre Dame,NC State,home,canon,rush_yards,145,143.0,-2.0,2.0,safety_accounting
401754562,2025,7,regular,Notre Dame,NC State,home,canon,fourth_down_attempts,3,2,-1,1,no_play_penalty
401754562,2025,7,regular,NC State,Notre Dame,away,canon,total_plays,59,54,-5,5,duplicate_plays
401754562,2025,7,regular,NC State,Notre Dame,away,canon,total_yards,233,243.0,10.0,10.0,duplicate_plays
401754562,2025,7,regular,NC State,Notre Dame,away,canon,pass_attempts,31,27,-4,4,duplicate_plays
401754562,2025,7,regular,NC State,Notre Dame,away,canon,net_pass_yards,182,190.0,8.0,8.0,duplicate_plays
401754562,2025,7,regular,NC State,Notre Dame,away,canon,rush_attempts,28,27,-1,1,duplicate_plays
401754562,2025,7,regular,NC State,Notre Dame,away,canon,rush_yards,51,53.0,2.0,2.0,duplicate_plays
401754562,2025,7,regular,NC State,Notre Dame,away,canon,turnovers,3,2,-1,1,no_play_penalty
401754562,2025,7,regular,NC State,Notre Dame,away,canon,interceptions,3,2,-1,1,no_play_penalty
401754562,2025,7,regular,NC State,Notre Dame,away,canon,third_down_attempts,16,15,-1,1,no_play_penalty
401754562,2025,7,regular,NC State,Notre Dame,away,canon,fourth_down_attempts,3,1,-2,2,no_play_penalty
401754563,2025,7,regular,Oregon State,Wake Forest,home,canon,total_plays,80,74,-6,6,sack_accounting
401754563,2025,7,regular,Oregon State,Wake Forest,home,canon,total_yards,309,305.0,-4.0,4.0,sack_accounting
401754563,2025,7,regular,Oregon State,Wake Forest,home,canon,pass_attempts,42,39,-3,3,sack_accounting
401754563,2025,7,regular,Oregon State,Wake Forest,home,canon,completions,19,18,-1,1,no_play_penalty
401754563,2025,7,regular,Oregon State,Wake Forest,home,canon,net_pass_yards,175,168.0,-7.0,7.0,sack_accounting
401754563,2025,7,regular,Oregon State,Wake Forest,home,canon,rush_attempts,38,35,-3,3,sack_accounting
401754563,2025,7,regular,Oregon State,Wake Forest,home,canon,rush_yards,134,137.0,3.0,3.0,sack_accounting
401754563,2025,7,regular,Oregon State,Wake Forest,home,canon,turnovers,2,1,-1,1,no_play_penalty
401754563,2025,7,regular,Oregon State,Wake Forest,home,canon,fumbles_lost,1,0,-1,1,no_play_penalty
401754563,2025,7,regular,Oregon State,Wake Forest,home,canon,fourth_down_attempts,3,2,-1,1,no_play_penalty
401754563,2025,7,regular,Wake Forest,Oregon State,away,canon,total_plays,54,52,-2,2,sack_accounting
401754563,2025,7,regular,Wake Forest,Oregon State,away,canon,total_yards,468,466.0,-2.0,2.0,sack_accounting
401754563,2025,7,regular,Wake Forest,Oregon State,away,canon,rush_attempts,26,24,-2,2,sack_accounting
401754563,2025,7,regular,Wake Forest,Oregon State,away,canon,rush_yards,198,196.0,-2.0,2.0,sack_accounting
401754563,2025,7,regular,Wake Forest,Oregon State,away,canon,turnovers,0,1,1,1,no_play_penalty
401754563,2025,7,regular,Wake Forest,Oregon State,away,canon,fumbles_lost,0,1,1,1,no_play_penalty
401756918,2025,7,regular,Colorado,Iowa State,home,canon,total_plays,61,64,3,3,no_play_penalty
401756918,2025,7,regular,Colorado,Iowa State,home,canon,total_yards,403,357.0,-46.0,46.0,no_play_penalty
401756918,2025,7,regular,Colorado,Iowa State,home,canon,completions,16,15,-1,1,no_play_penalty
401756918,2025,7,regular,Colorado,Iowa State,home,canon,net_pass_yards,255,227.0,-28.0,28.0,no_play_penalty
401756918,2025,7,regular,Colorado,Iowa State,home,canon,rush_attempts,36,39,3,3,no_play_penalty
401756918,2025,7,regular,Colorado,Iowa State,home,canon,rush_yards,148,130.0,-18.0,18.0,no_play_penalty
401756918,2025,7,regular,Colorado,Iowa State,home,canon,third_down_conversions,7,5,-2,2,no_play_penalty
401756918,2025,7,regular,Iowa State,Colorado,away,canon,total_plays,70,67,-3,3,duplicate_plays
401756918,2025,7,regular,Iowa State,Colorado,away,canon,total_yards,441,439.0,-2.0,2.0,duplicate_plays
401756918,2025,7,regular,Iowa State,Colorado,away,canon,pass_attempts,33,31,-2,2,duplicate_plays
401756918,2025,7,regular,Iowa State,Colorado,away,canon,completions,18,17,-1,1,duplicate_plays
401756918,2025,7,regular,Iowa State,Colorado,away,canon,net_pass_yards,205,211.0,6.0,6.0,duplicate_plays
401756918,2025,7,regular,Iowa State,Colorado,away,canon,rush_attempts,37,36,-1,1,duplicate_plays
401756918,2025,7,regular,Iowa State,Colorado,away,canon,rush_yards,236,228.0,-8.0,8.0,duplicate_plays
401756918,2025,7,regular,Iowa State,Colorado,away,canon,turnovers,1,0,-1,1,no_play_penalty
401756918,2025,7,regular,Iowa State,Colorado,away,canon,interceptions,1,0,-1,1,no_play_penalty
401756918,2025,7,regular,Iowa State,Colorado,away,canon,third_down_attempts,12,10,-2,2,no_play_penalty
401760386,2025,7,regular,UNLV,Air Force,home,canon,total_plays,60,57,-3,3,no_play_penalty
401760386,2025,7,regular,UNLV,Air Force,home,canon,total_yards,597,595.0,-2.0,2.0,no_play_penalty
401760386,2025,7,regular,UNLV,Air Force,home,canon,pass_attempts,33,32,-1,1,no_play_penalty
401760386,2025,7,regular,UNLV,Air Force,home,canon,net_pass_yards,377,381.0,4.0,4.0,no_play_penalty
401760386,2025,7,regular,UNLV,Air Force,home,canon,rush_attempts,27,25,-2,2,no_play_penalty
401760386,2025,7,regular,UNLV,Air Force,home,canon,rush_yards,220,214.0,-6.0,6.0,no_play_penalty
401760386,2025,7,regular,UNLV,Air Force,home,canon,third_down_attempts,11,10,-1,1,no_play_penalty
401760386,2025,7,regular,Air Force,UNLV,away,canon,total_plays,83,81,-2,2,no_play_penalty
401760386,2025,7,regular,Air Force,UNLV,away,canon,total_yards,603,607.0,4.0,4.0,no_play_penalty
401760386,2025,7,regular,Air Force,UNLV,away,canon,rush_attempts,66,64,-2,2,no_play_penalty
401760386,2025,7,regular,Air Force,UNLV,away,canon,rush_yards,428,432.0,4.0,4.0,no_play_penalty
401762484,2025,7,regular,Temple,Navy,home,canon,total_plays,75,76,1,1,fumble_or_safety_swallows_scrimmage_type
401762484,2025,7,regular,Temple,Navy,home,canon,total_yards,520,518.0,-2.0,2.0,fumble_or_safety_swallows_scrimmage_type
401762484,2025,7,regular,Temple,Navy,home,canon,rush_attempts,39,40,1,1,fumble_or_safety_swallows_scrimmage_type
401762484,2025,7,regular,Temple,Navy,home,canon,rush_yards,175,173.0,-2.0,2.0,fumble_or_safety_swallows_scrimmage_type
401762484,2025,7,regular,Temple,Navy,home,canon,turnovers,1,0,-1,1,kneel_accounting
401762484,2025,7,regular,Temple,Navy,home,canon,fumbles_lost,1,0,-1,1,kneel_accounting
401762484,2025,7,regular,Temple,Navy,home,canon,third_down_attempts,12,11,-1,1,kneel_accounting
401762484,2025,7,regular,Navy,Temple,away,canon,total_plays,54,53,-1,1,fumble_or_safety_swallows_scrimmage_type
401762484,2025,7,regular,Navy,Temple,away,canon,total_yards,384,388.0,4.0,4.0,fumble_or_safety_swallows_scrimmage_type
401762484,2025,7,regular,Navy,Temple,away,canon,rush_attempts,37,36,-1,1,fumble_or_safety_swallows_scrimmage_type
401762484,2025,7,regular,Navy,Temple,away,canon,rush_yards,243,247.0,4.0,4.0,fumble_or_safety_swallows_scrimmage_type
401752735,2025,7,regular,Tennessee,Arkansas,home,canon,total_plays,63,65,2,2,fumble_or_safety_swallows_scrimmage_type
401752735,2025,7,regular,Tennessee,Arkansas,home,canon,total_yards,494,485.0,-9.0,9.0,fumble_or_safety_swallows_scrimmage_type
401752735,2025,7,regular,Tennessee,Arkansas,home,canon,rush_attempts,38,40,2,2,fumble_or_safety_swallows_scrimmage_type
401752735,2025,7,regular,Tennessee,Arkansas,home,canon,rush_yards,273,264.0,-9.0,9.0,fumble_or_safety_swallows_scrimmage_type
401752735,2025,7,regular,Arkansas,Tennessee,away,canon,total_plays,75,72,-3,3,fumble_or_safety_swallows_scrimmage_type
401752735,2025,7,regular,Arkansas,Tennessee,away,canon,total_yards,497,505.0,8.0,8.0,fumble_or_safety_swallows_scrimmage_type
401752735,2025,7,regular,Arkansas,Tennessee,away,canon,pass_attempts,31,30,-1,1,fumble_or_safety_swallows_scrimmage_type
401752735,2025,7,regular,Arkansas,Tennessee,away,canon,rush_attempts,44,42,-2,2,fumble_or_safety_swallows_scrimmage_type
401752735,2025,7,regular,Arkansas,Tennessee,away,canon,rush_yards,241,249.0,8.0,8.0,fumble_or_safety_swallows_scrimmage_type
401752735,2025,7,regular,Arkansas,Tennessee,away,canon,turnovers,3,1,-2,2,kneel_accounting
401752735,2025,7,regular,Arkansas,Tennessee,away,canon,fumbles_lost,3,1,-2,2,kneel_accounting
401752735,2025,7,regular,Arkansas,Tennessee,away,canon,third_down_attempts,13,12,-1,1,kneel_accounting
401752735,2025,7,regular,Arkansas,Tennessee,away,canon,fourth_down_attempts,2,1,-1,1,kneel_accounting
401762482,2025,7,regular,Florida Atlantic,UAB,home,canon,total_plays,62,47,-15,15,sack_accounting
401762482,2025,7,regular,Florida Atlantic,UAB,home,canon,total_yards,494,380.0,-114.0,114.0,sack_accounting
401762482,2025,7,regular,Florida Atlantic,UAB,home,canon,pass_attempts,31,19,-12,12,sack_accounting
401762482,2025,7,regular,Florida Atlantic,UAB,home,canon,completions,21,14,-7,7,kneel_accounting
401762482,2025,7,regular,Florida Atlantic,UAB,home,canon,net_pass_yards,345,256.0,-89.0,89.0,sack_accounting
401762482,2025,7,regular,Florida Atlantic,UAB,home,canon,rush_attempts,31,28,-3,3,sack_accounting
401762482,2025,7,regular,Florida Atlantic,UAB,home,canon,rush_yards,149,124.0,-25.0,25.0,sack_accounting
401762482,2025,7,regular,Florida Atlantic,UAB,home,canon,turnovers,1,0,-1,1,kneel_accounting
401762482,2025,7,regular,Florida Atlantic,UAB,home,canon,interceptions,1,0,-1,1,kneel_accounting
401762482,2025,7,regular,Florida Atlantic,UAB,home,canon,third_down_attempts,10,7,-3,3,kneel_accounting
401762482,2025,7,regular,Florida Atlantic,UAB,home,canon,third_down_conversions,3,2,-1,1,kneel_accounting
401762482,2025,7,regular,Florida Atlantic,UAB,home,canon,fourth_down_attempts,5,3,-2,2,kneel_accounting
401762482,2025,7,regular,Florida Atlantic,UAB,home,canon,fourth_down_conversions,4,3,-1,1,kneel_accounting
401762482,2025,7,regular,UAB,Florida Atlantic,away,canon,total_plays,69,53,-16,16,sack_accounting
401762482,2025,7,regular,UAB,Florida Atlantic,away,canon,total_yards,329,184.0,-145.0,145.0,sack_accounting
401762482,2025,7,regular,UAB,Florida Atlantic,away,canon,pass_attempts,41,30,-11,11,sack_accounting
401762482,2025,7,regular,UAB,Florida Atlantic,away,canon,completions,29,21,-8,8,kneel_accounting
401762482,2025,7,regular,UAB,Florida Atlantic,away,canon,net_pass_yards,261,138.0,-123.0,123.0,sack_accounting
401762482,2025,7,regular,UAB,Florida Atlantic,away,canon,rush_attempts,28,23,-5,5,sack_accounting
401762482,2025,7,regular,UAB,Florida Atlantic,away,canon,rush_yards,68,46.0,-22.0,22.0,sack_accounting
401762482,2025,7,regular,UAB,Florida Atlantic,away,canon,third_down_attempts,17,14,-3,3,kneel_accounting
401762482,2025,7,regular,UAB,Florida Atlantic,away,canon,third_down_conversions,7,6,-1,1,kneel_accounting
401762482,2025,7,regular,UAB,Florida Atlantic,away,canon,fourth_down_conversions,2,1,-1,1,kneel_accounting
401752737,2025,7,regular,Texas A&M,Florida,home,canon,total_plays,68,57,-11,11,fumble_or_safety_swallows_scrimmage_type
401752737,2025,7,regular,Texas A&M,Florida,home,canon,total_yards,417,371.0,-46.0,46.0,fumble_or_safety_swallows_scrimmage_type
401752737,2025,7,regular,Texas A&M,Florida,home,canon,pass_attempts,26,19,-7,7,fumble_or_safety_swallows_scrimmage_type
401752737,2025,7,regular,Texas A&M,Florida,home,canon,completions,16,12,-4,4,accepted_or_declined_penalty
401752737,2025,7,regular,Texas A&M,Florida,home,canon,net_pass_yards,234,201.0,-33.0,33.0,fumble_or_safety_swallows_scrimmage_type
401752737,2025,7,regular,Texas A&M,Florida,home,canon,rush_attempts,42,38,-4,4,fumble_or_safety_swallows_scrimmage_type
401752737,2025,7,regular,Texas A&M,Florida,home,canon,rush_yards,183,170.0,-13.0,13.0,fumble_or_safety_swallows_scrimmage_type
401752737,2025,7,regular,Texas A&M,Florida,home,canon,turnovers,1,0,-1,1,accepted_or_declined_penalty
401752737,2025,7,regular,Texas A&M,Florida,home,canon,interceptions,1,0,-1,1,accepted_or_declined_penalty
401752737,2025,7,regular,Texas A&M,Florida,home,canon,third_down_attempts,17,14,-3,3,accepted_or_declined_penalty
401752737,2025,7,regular,Texas A&M,Florida,home,canon,third_down_conversions,9,8,-1,1,accepted_or_declined_penalty
401752737,2025,7,regular,Florida,Texas A&M,away,canon,total_plays,61,58,-3,3,fumble_or_safety_swallows_scrimmage_type
401752737,2025,7,regular,Florida,Texas A&M,away,canon,total_yards,319,283.0,-36.0,36.0,fumble_or_safety_swallows_scrimmage_type
401752737,2025,7,regular,Florida,Texas A&M,away,canon,pass_attempts,37,36,-1,1,fumble_or_safety_swallows_scrimmage_type
401752737,2025,7,regular,Florida,Texas A&M,away,canon,completions,21,22,1,1,accepted_or_declined_penalty
401752737,2025,7,regular,Florida,Texas A&M,away,canon,net_pass_yards,245,225.0,-20.0,20.0,fumble_or_safety_swallows_scrimmage_type
401752737,2025,7,regular,Florida,Texas A&M,away,canon,rush_attempts,24,22,-2,2,fumble_or_safety_swallows_scrimmage_type
401752737,2025,7,regular,Florida,Texas A&M,away,canon,rush_yards,74,58.0,-16.0,16.0,fumble_or_safety_swallows_scrimmage_type
401752737,2025,7,regular,Florida,Texas A&M,away,canon,turnovers,2,1,-1,1,accepted_or_declined_penalty
401752737,2025,7,regular,Florida,Texas A&M,away,canon,fumbles_lost,2,1,-1,1,accepted_or_declined_penalty
401752737,2025,7,regular,Florida,Texas A&M,away,canon,third_down_attempts,10,8,-2,2,accepted_or_declined_penalty
401761623,2025,7,regular,Coastal Carolina,UL Monroe,home,canon,total_plays,69,65,-4,4,fumble_or_safety_swallows_scrimmage_type
401761623,2025,7,regular,Coastal Carolina,UL Monroe,home,canon,total_yards,377,323.0,-54.0,54.0,fumble_or_safety_swallows_scrimmage_type
401761623,2025,7,regular,Coastal Carolina,UL Monroe,home,canon,pass_attempts,19,17,-2,2,fumble_or_safety_swallows_scrimmage_type
401761623,2025,7,regular,Coastal Carolina,UL Monroe,home,canon,completions,8,7,-1,1,kneel_accounting
401761623,2025,7,regular,Coastal Carolina,UL Monroe,home,canon,net_pass_yards,92,87.0,-5.0,5.0,fumble_or_safety_swallows_scrimmage_type
401761623,2025,7,regular,Coastal Carolina,UL Monroe,home,canon,rush_attempts,50,48,-2,2,fumble_or_safety_swallows_scrimmage_type
401761623,2025,7,regular,Coastal Carolina,UL Monroe,home,canon,rush_yards,285,236.0,-49.0,49.0,fumble_or_safety_swallows_scrimmage_type
401761623,2025,7,regular,Coastal Carolina,UL Monroe,home,canon,interceptions,0,1,1,1,kneel_accounting
401761623,2025,7,regular,Coastal Carolina,UL Monroe,home,canon,fumbles_lost,1,0,-1,1,kneel_accounting
401761623,2025,7,regular,Coastal Carolina,UL Monroe,home,canon,third_down_attempts,16,13,-3,3,kneel_accounting
401761623,2025,7,regular,UL Monroe,Coastal Carolina,away,canon,total_plays,61,56,-5,5,fumble_or_safety_swallows_scrimmage_type
401761623,2025,7,regular,UL Monroe,Coastal Carolina,away,canon,total_yards,316,344.0,28.0,28.0,fumble_or_safety_swallows_scrimmage_type
401761623,2025,7,regular,UL Monroe,Coastal Carolina,away,canon,pass_attempts,29,26,-3,3,fumble_or_safety_swallows_scrimmage_type
401761623,2025,7,regular,UL Monroe,Coastal Carolina,away,canon,completions,14,13,-1,1,kneel_accounting
401761623,2025,7,regular,UL Monroe,Coastal Carolina,away,canon,net_pass_yards,176,180.0,4.0,4.0,fumble_or_safety_swallows_scrimmage_type
401761623,2025,7,regular,UL Monroe,Coastal Carolina,away,canon,rush_attempts,32,30,-2,2,fumble_or_safety_swallows_scrimmage_type
401761623,2025,7,regular,UL Monroe,Coastal Carolina,away,canon,rush_yards,140,164.0,24.0,24.0,fumble_or_safety_swallows_scrimmage_type
401761623,2025,7,regular,UL Monroe,Coastal Carolina,away,canon,turnovers,2,1,-1,1,kneel_accounting
401761623,2025,7,regular,UL Monroe,Coastal Carolina,away,canon,interceptions,2,1,-1,1,kneel_accounting
401760391,2025,7,regular,Wyoming,San José State,home,canon,total_plays,64,63,-1,1,fumble_or_safety_swallows_scrimmage_type
401760391,2025,7,regular,Wyoming,San José State,home,canon,total_yards,413,411.0,-2.0,2.0,fumble_or_safety_swallows_scrimmage_type
401760391,2025,7,regular,Wyoming,San José State,home,canon,pass_attempts,39,38,-1,1,fumble_or_safety_swallows_scrimmage_type
401760391,2025,7,regular,Wyoming,San José State,home,canon,rush_yards,109,107.0,-2.0,2.0,fumble_or_safety_swallows_scrimmage_type
401760391,2025,7,regular,Wyoming,San José State,home,canon,turnovers,3,2,-1,1,no_play_penalty
401760391,2025,7,regular,Wyoming,San José State,home,canon,fumbles_lost,1,0,-1,1,no_play_penalty
401760391,2025,7,regular,San José State,Wyoming,away,canon,total_plays,82,80,-2,2,fumble_or_safety_swallows_scrimmage_type
401760391,2025,7,regular,San José State,Wyoming,away,canon,total_yards,383,397.0,14.0,14.0,fumble_or_safety_swallows_scrimmage_type
401760391,2025,7,regular,San José State,Wyoming,away,canon,pass_attempts,55,54,-1,1,fumble_or_safety_swallows_scrimmage_type
401760391,2025,7,regular,San José State,Wyoming,away,canon,rush_attempts,27,26,-1,1,fumble_or_safety_swallows_scrimmage_type
401760391,2025,7,regular,San José State,Wyoming,away,canon,rush_yards,43,57.0,14.0,14.0,fumble_or_safety_swallows_scrimmage_type
401760391,2025,7,regular,San José State,Wyoming,away,canon,turnovers,2,1,-1,1,no_play_penalty
401760391,2025,7,regular,San José State,Wyoming,away,canon,fumbles_lost,1,0,-1,1,no_play_penalty
401760391,2025,7,regular,San José State,Wyoming,away,canon,third_down_attempts,19,17,-2,2,no_play_penalty
401760391,2025,7,regular,San José State,Wyoming,away,canon,fourth_down_attempts,2,1,-1,1,no_play_penalty
401752869,2025,7,regular,Wisconsin,Iowa,home,canon,total_plays,57,53,-4,4,duplicate_plays
401752869,2025,7,regular,Wisconsin,Iowa,home,canon,total_yards,209,221.0,12.0,12.0,duplicate_plays
401752869,2025,7,regular,Wisconsin,Iowa,home,canon,pass_attempts,21,20,-1,1,duplicate_plays
401752869,2025,7,regular,Wisconsin,Iowa,home,canon,rush_attempts,36,33,-3,3,duplicate_plays
401752869,2025,7,regular,Wisconsin,Iowa,home,canon,rush_yards,127,139.0,12.0,12.0,duplicate_plays
401752869,2025,7,regular,Wisconsin,Iowa,home,canon,turnovers,3,4,1,1,no_play_penalty
401752869,2025,7,regular,Wisconsin,Iowa,home,canon,interceptions,2,3,1,1,no_play_penalty
401752869,2025,7,regular,Wisconsin,Iowa,home,canon,fourth_down_attempts,2,3,1,1,no_play_penalty
401752869,2025,7,regular,Iowa,Wisconsin,away,canon,total_plays,61,59,-2,2,no_play_penalty
401752869,2025,7,regular,Iowa,Wisconsin,away,canon,pass_attempts,25,23,-2,2,no_play_penalty
401752869,2025,7,regular,Iowa,Wisconsin,away,canon,turnovers,1,0,-1,1,no_play_penalty
401752869,2025,7,regular,Iowa,Wisconsin,away,canon,interceptions,1,0,-1,1,no_play_penalty
401752869,2025,7,regular,Iowa,Wisconsin,away,canon,third_down_attempts,12,11,-1,1,no_play_penalty
401754558,2025,7,regular,Boston College,Clemson,home,canon,total_yards,221,229.0,8.0,8.0,fumble_or_safety_swallows_scrimmage_type
401754558,2025,7,regular,Boston College,Clemson,home,canon,net_pass_yards,136,154.0,18.0,18.0,fumble_or_safety_swallows_scrimmage_type
401754558,2025,7,regular,Boston College,Clemson,home,canon,rush_yards,85,75.0,-10.0,10.0,fumble_or_safety_swallows_scrimmage_type
401754558,2025,7,regular,Boston College,Clemson,home,canon,turnovers,2,1,-1,1,accepted_or_declined_penalty
401754558,2025,7,regular,Boston College,Clemson,home,canon,fumbles_lost,1,0,-1,1,accepted_or_declined_penalty
401754558,2025,7,regular,Boston College,Clemson,home,canon,third_down_attempts,12,13,1,1,accepted_or_declined_penalty
401754558,2025,7,regular,Boston College,Clemson,home,canon,third_down_conversions,3,4,1,1,accepted_or_declined_penalty
401754558,2025,7,regular,Boston College,Clemson,home,canon,fourth_down_attempts,4,3,-1,1,accepted_or_declined_penalty
401754558,2025,7,regular,Clemson,Boston College,away,canon,total_plays,76,72,-4,4,fumble_or_safety_swallows_scrimmage_type
401754558,2025,7,regular,Clemson,Boston College,away,canon,total_yards,504,493.0,-11.0,11.0,fumble_or_safety_swallows_scrimmage_type
401754558,2025,7,regular,Clemson,Boston College,away,canon,pass_attempts,33,29,-4,4,fumble_or_safety_swallows_scrimmage_type
401754558,2025,7,regular,Clemson,Boston College,away,canon,completions,23,22,-1,1,accepted_or_declined_penalty
401754558,2025,7,regular,Clemson,Boston College,away,canon,net_pass_yards,278,267.0,-11.0,11.0,fumble_or_safety_swallows_scrimmage_type
401754558,2025,7,regular,Clemson,Boston College,away,canon,turnovers,3,1,-2,2,accepted_or_declined_penalty
401754558,2025,7,regular,Clemson,Boston College,away,canon,interceptions,2,1,-1,1,accepted_or_declined_penalty
401754558,2025,7,regular,Clemson,Boston College,away,canon,fumbles_lost,1,0,-1,1,accepted_or_declined_penalty
401754558,2025,7,regular,Clemson,Boston College,away,canon,fourth_down_attempts,4,3,-1,1,accepted_or_declined_penalty
401752864,2025,7,regular,Minnesota,Purdue,home,canon,total_plays,63,62,-1,1,fumble_or_safety_swallows_scrimmage_type
401752864,2025,7,regular,Minnesota,Purdue,home,canon,pass_attempts,45,44,-1,1,fumble_or_safety_swallows_scrimmage_type
401752864,2025,7,regular,Minnesota,Purdue,home,canon,third_down_attempts,15,14,-1,1,no_play_penalty
401752864,2025,7,regular,Purdue,Minnesota,away,canon,total_plays,82,78,-4,4,fumble_or_safety_swallows_scrimmage_type
401752864,2025,7,regular,Purdue,Minnesota,away,canon,pass_attempts,42,38,-4,4,fumble_or_safety_swallows_scrimmage_type
401752864,2025,7,regular,Purdue,Minnesota,away,canon,turnovers,4,1,-3,3,no_play_penalty
401752864,2025,7,regular,Purdue,Minnesota,away,canon,interceptions,3,1,-2,2,no_play_penalty
401752864,2025,7,regular,Purdue,Minnesota,away,canon,fumbles_lost,1,0,-1,1,no_play_penalty
401752864,2025,7,regular,Purdue,Minnesota,away,canon,third_down_attempts,16,13,-3,3,no_play_penalty
401762485,2025,7,regular,UTSA,Rice,home,canon,total_plays,59,57,-2,2,fumble_or_safety_swallows_scrimmage_type
401762485,2025,7,regular,UTSA,Rice,home,canon,total_yards,437,430.0,-7.0,7.0,fumble_or_safety_swallows_scrimmage_type
401762485,2025,7,regular,UTSA,Rice,home,canon,pass_attempts,25,23,-2,2,fumble_or_safety_swallows_scrimmage_type
401762485,2025,7,regular,UTSA,Rice,home,canon,completions,16,14,-2,2,no_play_penalty
401762485,2025,7,regular,UTSA,Rice,home,canon,net_pass_yards,246,229.0,-17.0,17.0,fumble_or_safety_swallows_scrimmage_type
401762485,2025,7,regular,UTSA,Rice,home,canon,rush_yards,191,201.0,10.0,10.0,fumble_or_safety_swallows_scrimmage_type
401762485,2025,7,regular,UTSA,Rice,home,canon,third_down_attempts,10,9,-1,1,no_play_penalty
401762485,2025,7,regular,UTSA,Rice,home,canon,third_down_conversions,4,3,-1,1,no_play_penalty
401762485,2025,7,regular,Rice,UTSA,away,canon,total_plays,69,64,-5,5,duplicate_plays
401762485,2025,7,regular,Rice,UTSA,away,canon,total_yards,269,295.0,26.0,26.0,duplicate_plays
401762485,2025,7,regular,Rice,UTSA,away,canon,net_pass_yards,79,87.0,8.0,8.0,duplicate_plays
401762485,2025,7,regular,Rice,UTSA,away,canon,rush_attempts,50,45,-5,5,duplicate_plays
401762485,2025,7,regular,Rice,UTSA,away,canon,rush_yards,190,208.0,18.0,18.0,duplicate_plays
401762485,2025,7,regular,Rice,UTSA,away,canon,third_down_attempts,18,16,-2,2,no_play_penalty
401762485,2025,7,regular,Rice,UTSA,away,canon,fourth_down_conversions,1,0,-1,1,no_play_penalty
401752731,2025,7,regular,Auburn,Georgia,home,canon,total_yards,278,267.0,-11.0,11.0,sack_accounting
401752731,2025,7,regular,Auburn,Georgia,home,canon,rush_yards,141,130.0,-11.0,11.0,sack_accounting
401752731,2025,7,regular,Auburn,Georgia,home,canon,turnovers,1,0,-1,1,no_play_penalty
401752731,2025,7,regular,Auburn,Georgia,home,canon,fumbles_lost,1,0,-1,1,no_play_penalty
401752731,2025,7,regular,Auburn,Georgia,home,canon,third_down_attempts,17,16,-1,1,no_play_penalty
401752731,2025,7,regular,Georgia,Auburn,away,canon,total_plays,67,69,2,2,sack_accounting
401752731,2025,7,regular,Georgia,Auburn,away,canon,rush_attempts,29,31,2,2,sack_accounting
401752731,2025,7,regular,Georgia,Auburn,away,canon,third_down_attempts,14,15,1,1,no_play_penalty
401756921,2025,7,regular,Texas Tech,Kansas,home,canon,total_plays,68,66,-2,2,fumble_or_safety_swallows_scrimmage_type
401756921,2025,7,regular,Texas Tech,Kansas,home,canon,total_yards,505,504.0,-1.0,1.0,fumble_or_safety_swallows_scrimmage_type
401756921,2025,7,regular,Texas Tech,Kansas,home,canon,pass_attempts,28,27,-1,1,fumble_or_safety_swallows_scrimmage_type
401756921,2025,7,regular,Texas Tech,Kansas,home,canon,rush_attempts,40,39,-1,1,fumble_or_safety_swallows_scrimmage_type
401756921,2025,7,regular,Texas Tech,Kansas,home,canon,rush_yards,372,371.0,-1.0,1.0,fumble_or_safety_swallows_scrimmage_type
401756921,2025,7,regular,Texas Tech,Kansas,home,canon,turnovers,1,0,-1,1,no_play_penalty
401756921,2025,7,regular,Texas Tech,Kansas,home,canon,interceptions,1,0,-1,1,no_play_penalty
401756921,2025,7,regular,Texas Tech,Kansas,home,canon,third_down_attempts,14,13,-1,1,no_play_penalty
401756921,2025,7,regular,Kansas,Texas Tech,away,canon,total_plays,77,74,-3,3,fumble_or_safety_swallows_scrimmage_type
401756921,2025,7,regular,Kansas,Texas Tech,away,canon,total_yards,319,311.0,-8.0,8.0,fumble_or_safety_swallows_scrimmage_type
401756921,2025,7,regular,Kansas,Texas Tech,away,canon,rush_attempts,38,35,-3,3,fumble_or_safety_swallows_scrimmage_type
401756921,2025,7,regular,Kansas,Texas Tech,away,canon,rush_yards,74,66.0,-8.0,8.0,fumble_or_safety_swallows_scrimmage_type
401756921,2025,7,regular,Kansas,Texas Tech,away,canon,third_down_attempts,18,17,-1,1,no_play_penalty
401752868,2025,7,regular,USC,Michigan,home,canon,total_yards,490,488.0,-2.0,2.0,fumble_or_safety_swallows_scrimmage_type
401752868,2025,7,regular,USC,Michigan,home,canon,pass_attempts,32,31,-1,1,fumble_or_safety_swallows_scrimmage_type
401752868,2025,7,regular,USC,Michigan,home,canon,net_pass_yards,265,250.0,-15.0,15.0,fumble_or_safety_swallows_scrimmage_type
401752868,2025,7,regular,USC,Michigan,home,canon,rush_attempts,35,36,1,1,fumble_or_safety_swallows_scrimmage_type
401752868,2025,7,regular,USC,Michigan,home,canon,rush_yards,225,238.0,13.0,13.0,fumble_or_safety_swallows_scrimmage_type
401752868,2025,7,regular,USC,Michigan,home,canon,turnovers,2,1,-1,1,no_play_penalty
401752868,2025,7,regular,USC,Michigan,home,canon,fumbles_lost,1,0,-1,1,no_play_penalty
401752868,2025,7,regular,USC,Michigan,home,canon,third_down_attempts,12,10,-2,2,no_play_penalty
401752868,2025,7,regular,Michigan,USC,away,canon,total_plays,57,56,-1,1,duplicate_plays
401752868,2025,7,regular,Michigan,USC,away,canon,pass_attempts,26,25,-1,1,duplicate_plays
401752868,2025,7,regular,Michigan,USC,away,canon,third_down_attempts,9,8,-1,1,no_play_penalty
401752732,2025,7,regular,LSU,South Carolina,home,canon,total_plays,61,59,-2,2,sack_accounting
401752732,2025,7,regular,LSU,South Carolina,home,canon,pass_attempts,33,31,-2,2,sack_accounting
401752732,2025,7,regular,LSU,South Carolina,home,canon,turnovers,3,2,-1,1,kneel_accounting
401752732,2025,7,regular,LSU,South Carolina,home,canon,interceptions,2,1,-1,1,kneel_accounting
401752732,2025,7,regular,LSU,South Carolina,home,canon,third_down_attempts,11,10,-1,1,kneel_accounting
401752732,2025,7,regular,South Carolina,LSU,away,canon,total_plays,72,68,-4,4,sack_accounting
401752732,2025,7,regular,South Carolina,LSU,away,canon,total_yards,317,350.0,33.0,33.0,sack_accounting
401752732,2025,7,regular,South Carolina,LSU,away,canon,pass_attempts,27,26,-1,1,sack_accounting
401752732,2025,7,regular,South Carolina,LSU,away,canon,rush_attempts,45,42,-3,3,sack_accounting
401752732,2025,7,regular,South Carolina,LSU,away,canon,rush_yards,193,226.0,33.0,33.0,sack_accounting
401752732,2025,7,regular,South Carolina,LSU,away,canon,turnovers,2,0,-2,2,kneel_accounting
401752732,2025,7,regular,South Carolina,LSU,away,canon,interceptions,1,0,-1,1,kneel_accounting
401752732,2025,7,regular,South Carolina,LSU,away,canon,fumbles_lost,1,0,-1,1,kneel_accounting
401752732,2025,7,regular,South Carolina,LSU,away,canon,third_down_attempts,16,14,-2,2,kneel_accounting
401756916,2025,7,regular,Arizona,BYU,home,canon,total_yards,384,388.0,4.0,4.0,sack_accounting
401756916,2025,7,regular,Arizona,BYU,home,canon,pass_attempts,45,44,-1,1,sack_accounting
401756916,2025,7,regular,Arizona,BYU,home,canon,completions,25,26,1,1,no_play_penalty
401756916,2025,7,regular,Arizona,BYU,home,canon,net_pass_yards,219,224.0,5.0,5.0,sack_accounting
401756916,2025,7,regular,Arizona,BYU,home,canon,rush_attempts,33,34,1,1,sack_accounting
401756916,2025,7,regular,Arizona,BYU,home,canon,rush_yards,165,164.0,-1.0,1.0,sack_accounting
401756916,2025,7,regular,Arizona,BYU,home,canon,turnovers,1,0,-1,1,no_play_penalty
401756916,2025,7,regular,Arizona,BYU,home,canon,interceptions,1,0,-1,1,no_play_penalty
401756916,2025,7,regular,Arizona,BYU,home,canon,fourth_down_attempts,6,5,-1,1,no_play_penalty
401756916,2025,7,regular,BYU,Arizona,away,canon,total_plays,80,79,-1,1,sack_accounting
401756916,2025,7,regular,BYU,Arizona,away,canon,total_yards,430,435.0,5.0,5.0,sack_accounting
401756916,2025,7,regular,BYU,Arizona,away,canon,pass_attempts,29,28,-1,1,sack_accounting
401756916,2025,7,regular,BYU,Arizona,away,canon,completions,12,13,1,1,no_play_penalty
401756916,2025,7,regular,BYU,Arizona,away,canon,rush_yards,258,263.0,5.0,5.0,sack_accounting
401756916,2025,7,regular,BYU,Arizona,away,canon,third_down_attempts,16,15,-1,1,no_play_penalty
401756916,2025,7,regular,BYU,Arizona,away,canon,third_down_conversions,8,7,-1,1,no_play_penalty
401761627,2025,7,regular,Texas State,Troy,home,canon,total_plays,75,74,-1,1,duplicate_plays
401761627,2025,7,regular,Texas State,Troy,home,canon,total_yards,574,563.0,-11.0,11.0,duplicate_plays
401761627,2025,7,regular,Texas State,Troy,home,canon,net_pass_yards,248,238.0,-10.0,10.0,duplicate_plays
401761627,2025,7,regular,Texas State,Troy,home,canon,rush_attempts,53,52,-1,1,duplicate_plays
401761627,2025,7,regular,Texas State,Troy,home,canon,rush_yards,326,325.0,-1.0,1.0,duplicate_plays
401761627,2025,7,regular,Texas State,Troy,home,canon,third_down_attempts,17,18,1,1,no_play_penalty
401761627,2025,7,regular,Troy,Texas State,away,canon,total_yards,458,460.0,2.0,2.0,sack_accounting
401761627,2025,7,regular,Troy,Texas State,away,canon,pass_attempts,40,41,1,1,sack_accounting
401761627,2025,7,regular,Troy,Texas State,away,canon,net_pass_yards,415,419.0,4.0,4.0,sack_accounting
401761627,2025,7,regular,Troy,Texas State,away,canon,rush_attempts,32,31,-1,1,sack_accounting
401761627,2025,7,regular,Troy,Texas State,away,canon,rush_yards,43,41.0,-2.0,2.0,sack_accounting
401760387,2025,7,regular,Boise State,New Mexico,home,canon,total_yards,399,428.0,29.0,29.0,fumble_or_safety_swallows_scrimmage_type
401760387,2025,7,regular,Boise State,New Mexico,home,canon,net_pass_yards,236,246.0,10.0,10.0,fumble_or_safety_swallows_scrimmage_type
401760387,2025,7,regular,Boise State,New Mexico,home,canon,rush_yards,163,182.0,19.0,19.0,fumble_or_safety_swallows_scrimmage_type
401760387,2025,7,regular,Boise State,New Mexico,home,canon,fourth_down_attempts,7,6,-1,1,kneel_accounting
401760387,2025,7,regular,New Mexico,Boise State,away,canon,total_plays,53,50,-3,3,duplicate_plays
401760387,2025,7,regular,New Mexico,Boise State,away,canon,total_yards,232,223.0,-9.0,9.0,duplicate_plays
401760387,2025,7,regular,New Mexico,Boise State,away,canon,pass_attempts,30,29,-1,1,duplicate_plays
401760387,2025,7,regular,New Mexico,Boise State,away,canon,rush_attempts,23,21,-2,2,duplicate_plays
401760387,2025,7,regular,New Mexico,Boise State,away,canon,rush_yards,50,41.0,-9.0,9.0,duplicate_plays
401760387,2025,7,regular,New Mexico,Boise State,away,canon,turnovers,3,1,-2,2,kneel_accounting
401760387,2025,7,regular,New Mexico,Boise State,away,canon,interceptions,2,1,-1,1,kneel_accounting
401760387,2025,7,regular,New Mexico,Boise State,away,canon,fumbles_lost,1,0,-1,1,kneel_accounting
401760387,2025,7,regular,New Mexico,Boise State,away,canon,third_down_attempts,13,10,-3,3,kneel_accounting
401760387,2025,7,regular,New Mexico,Boise State,away,canon,fourth_down_attempts,3,4,1,1,kneel_accounting
401756922,2025,7,regular,Utah,Arizona State,home,canon,total_plays,53,56,3,3,sack_accounting
401756922,2025,7,regular,Utah,Arizona State,home,canon,total_yards,415,429.0,14.0,14.0,sack_accounting
401756922,2025,7,regular,Utah,Arizona State,home,canon,pass_attempts,13,14,1,1,sack_accounting
401756922,2025,7,regular,Utah,Arizona State,home,canon,net_pass_yards,136,141.0,5.0,5.0,sack_accounting
401756922,2025,7,regular,Utah,Arizona State,home,canon,rush_attempts,40,42,2,2,sack_accounting
401756922,2025,7,regular,Utah,Arizona State,home,canon,rush_yards,279,288.0,9.0,9.0,sack_accounting
401756922,2025,7,regular,Utah,Arizona State,home,canon,third_down_attempts,8,9,1,1,accepted_or_declined_penalty
401756922,2025,7,regular,Utah,Arizona State,home,canon,third_down_conversions,4,5,1,1,accepted_or_declined_penalty
401756922,2025,7,regular,Arizona State,Utah,away,canon,total_plays,78,83,5,5,sack_accounting
401756922,2025,7,regular,Arizona State,Utah,away,canon,total_yards,259,280.0,21.0,21.0,sack_accounting
401756922,2025,7,regular,Arizona State,Utah,away,canon,pass_attempts,38,40,2,2,sack_accounting
401756922,2025,7,regular,Arizona State,Utah,away,canon,net_pass_yards,124,150.0,26.0,26.0,sack_accounting
401756922,2025,7,regular,Arizona State,Utah,away,canon,rush_attempts,40,43,3,3,sack_accounting
401756922,2025,7,regular,Arizona State,Utah,away,canon,rush_yards,135,130.0,-5.0,5.0,sack_accounting
401756922,2025,7,regular,Arizona State,Utah,away,canon,third_down_attempts,18,20,2,2,accepted_or_declined_penalty
401756922,2025,7,regular,Arizona State,Utah,away,canon,third_down_conversions,7,8,1,1,accepted_or_declined_penalty
401760390,2025,7,regular,Nevada,San Diego State,home,canon,total_plays,63,61,-2,2,duplicate_plays
401760390,2025,7,regular,Nevada,San Diego State,home,canon,total_yards,254,292.0,38.0,38.0,duplicate_plays
401760390,2025,7,regular,Nevada,San Diego State,home,canon,pass_attempts,32,31,-1,1,duplicate_plays
401760390,2025,7,regular,Nevada,San Diego State,home,canon,net_pass_yards,177,205.0,28.0,28.0,duplicate_plays
401760390,2025,7,regular,Nevada,San Diego State,home,canon,rush_attempts,31,30,-1,1,duplicate_plays
401760390,2025,7,regular,Nevada,San Diego State,home,canon,rush_yards,77,87.0,10.0,10.0,duplicate_plays
401760390,2025,7,regular,Nevada,San Diego State,home,canon,third_down_attempts,15,14,-1,1,no_play_penalty
401760390,2025,7,regular,Nevada,San Diego State,home,canon,fourth_down_attempts,2,3,1,1,no_play_penalty
401760390,2025,7,regular,San Diego State,Nevada,away,canon,total_plays,58,57,-1,1,fumble_or_safety_swallows_scrimmage_type
401760390,2025,7,regular,San Diego State,Nevada,away,canon,pass_attempts,18,17,-1,1,fumble_or_safety_swallows_scrimmage_type
401760390,2025,7,regular,San Diego State,Nevada,away,canon,third_down_attempts,10,9,-1,1,no_play_penalty
401760389,2025,7,regular,Hawai'i,Utah State,home,canon,total_plays,80,82,2,2,fumble_or_safety_swallows_scrimmage_type
401760389,2025,7,regular,Hawai'i,Utah State,home,canon,total_yards,549,546.0,-3.0,3.0,fumble_or_safety_swallows_scrimmage_type
401760389,2025,7,regular,Hawai'i,Utah State,home,canon,pass_attempts,54,53,-1,1,fumble_or_safety_swallows_scrimmage_type
401760389,2025,7,regular,Hawai'i,Utah State,home,canon,rush_attempts,26,29,3,3,fumble_or_safety_swallows_scrimmage_type
401760389,2025,7,regular,Hawai'i,Utah State,home,canon,rush_yards,136,133.0,-3.0,3.0,fumble_or_safety_swallows_scrimmage_type
401760389,2025,7,regular,Hawai'i,Utah State,home,canon,turnovers,1,0,-1,1,no_play_penalty
401760389,2025,7,regular,Hawai'i,Utah State,home,canon,interceptions,1,0,-1,1,no_play_penalty
401760389,2025,7,regular,Hawai'i,Utah State,home,canon,third_down_attempts,16,15,-1,1,no_play_penalty
401760389,2025,7,regular,Utah State,Hawai'i,away,canon,total_plays,66,64,-2,2,duplicate_plays
401760389,2025,7,regular,Utah State,Hawai'i,away,canon,total_yards,435,406.0,-29.0,29.0,duplicate_plays
401760389,2025,7,regular,Utah State,Hawai'i,away,canon,pass_attempts,37,35,-2,2,duplicate_plays
401760389,2025,7,regular,Utah State,Hawai'i,away,canon,completions,19,17,-2,2,duplicate_plays
401760389,2025,7,regular,Utah State,Hawai'i,away,canon,net_pass_yards,269,250.0,-19.0,19.0,duplicate_plays
401760389,2025,7,regular,Utah State,Hawai'i,away,canon,rush_yards,166,156.0,-10.0,10.0,duplicate_plays
401760389,2025,7,regular,Utah State,Hawai'i,away,canon,turnovers,2,0,-2,2,no_play_penalty
401760389,2025,7,regular,Utah State,Hawai'i,away,canon,interceptions,1,0,-1,1,no_play_penalty
401760389,2025,7,regular,Utah State,Hawai'i,away,canon,fumbles_lost,1,0,-1,1,no_play_penalty
401760389,2025,7,regular,Utah State,Hawai'i,away,canon,third_down_attempts,12,11,-1,1,no_play_penalty
401760389,2025,7,regular,Utah State,Hawai'i,away,canon,third_down_conversions,2,1,-1,1,no_play_penalty
401760389,2025,7,regular,Utah State,Hawai'i,away,canon,fourth_down_attempts,2,3,1,1,no_play_penalty
401757282,2025,8,regular,Liberty,New Mexico State,home,canon,total_plays,60,59,-1,1,fumble_or_safety_swallows_scrimmage_type
401757282,2025,8,regular,Liberty,New Mexico State,home,canon,pass_attempts,30,29,-1,1,fumble_or_safety_swallows_scrimmage_type
401757282,2025,8,regular,Liberty,New Mexico State,home,canon,turnovers,3,2,-1,1,kneel_accounting
401757282,2025,8,regular,Liberty,New Mexico State,home,canon,fumbles_lost,1,0,-1,1,kneel_accounting
401757282,2025,8,regular,Liberty,New Mexico State,home,canon,third_down_attempts,10,9,-1,1,kneel_accounting
401757282,2025,8,regular,New Mexico State,Liberty,away,canon,turnovers,2,0,-2,2,kneel_accounting
401757282,2025,8,regular,New Mexico State,Liberty,away,canon,fumbles_lost,2,0,-2,2,kneel_accounting
401761628,2025,8,regular,South Alabama,Arkansas State,home,canon,total_plays,59,67,8,8,fumble_or_safety_swallows_scrimmage_type
401761628,2025,8,regular,South Alabama,Arkansas State,home,canon,total_yards,293,266.0,-27.0,27.0,fumble_or_safety_swallows_scrimmage_type
401761628,2025,8,regular,South Alabama,Arkansas State,home,canon,pass_attempts,23,28,5,5,fumble_or_safety_swallows_scrimmage_type
401761628,2025,8,regular,South Alabama,Arkansas State,home,canon,completions,18,20,2,2,accepted_or_declined_penalty
401761628,2025,8,regular,South Alabama,Arkansas State,home,canon,net_pass_yards,118,121.0,3.0,3.0,fumble_or_safety_swallows_scrimmage_type
401761628,2025,8,regular,South Alabama,Arkansas State,home,canon,rush_attempts,36,39,3,3,fumble_or_safety_swallows_scrimmage_type
401761628,2025,8,regular,South Alabama,Arkansas State,home,canon,rush_yards,175,145.0,-30.0,30.0,fumble_or_safety_swallows_scrimmage_type
401761628,2025,8,regular,South Alabama,Arkansas State,home,canon,third_down_attempts,14,15,1,1,accepted_or_declined_penalty
401761628,2025,8,regular,South Alabama,Arkansas State,home,canon,fourth_down_attempts,1,2,1,1,accepted_or_declined_penalty
401761628,2025,8,regular,Arkansas State,South Alabama,away,canon,total_plays,77,79,2,2,fumble_or_safety_swallows_scrimmage_type
401761628,2025,8,regular,Arkansas State,South Alabama,away,canon,total_yards,367,319.0,-48.0,48.0,fumble_or_safety_swallows_scrimmage_type
401761628,2025,8,regular,Arkansas State,South Alabama,away,canon,pass_attempts,45,47,2,2,fumble_or_safety_swallows_scrimmage_type
401761628,2025,8,regular,Arkansas State,South Alabama,away,canon,completions,29,30,1,1,accepted_or_declined_penalty
401761628,2025,8,regular,Arkansas State,South Alabama,away,canon,net_pass_yards,209,167.0,-42.0,42.0,fumble_or_safety_swallows_scrimmage_type
401761628,2025,8,regular,Arkansas State,South Alabama,away,canon,rush_yards,158,152.0,-6.0,6.0,fumble_or_safety_swallows_scrimmage_type
401761628,2025,8,regular,Arkansas State,South Alabama,away,canon,turnovers,1,0,-1,1,accepted_or_declined_penalty
401761628,2025,8,regular,Arkansas State,South Alabama,away,canon,interceptions,1,0,-1,1,accepted_or_declined_penalty
401761628,2025,8,regular,Arkansas State,South Alabama,away,canon,third_down_conversions,4,5,1,1,accepted_or_declined_penalty
401761628,2025,8,regular,Arkansas State,South Alabama,away,canon,fourth_down_attempts,3,4,1,1,accepted_or_declined_penalty
401757281,2025,8,regular,Western Kentucky,Florida International,home,canon,total_plays,64,60,-4,4,fumble_or_safety_swallows_scrimmage_type
401757281,2025,8,regular,Western Kentucky,Florida International,home,canon,total_yards,341,353.0,12.0,12.0,fumble_or_safety_swallows_scrimmage_type
401757281,2025,8,regular,Western Kentucky,Florida International,home,canon,pass_attempts,41,37,-4,4,fumble_or_safety_swallows_scrimmage_type
401757281,2025,8,regular,Western Kentucky,Florida International,home,canon,completions,27,26,-1,1,no_play_penalty
401757281,2025,8,regular,Western Kentucky,Florida International,home,canon,net_pass_yards,225,237.0,12.0,12.0,fumble_or_safety_swallows_scrimmage_type
401757281,2025,8,regular,Western Kentucky,Florida International,home,canon,turnovers,3,2,-1,1,no_play_penalty
401757281,2025,8,regular,Western Kentucky,Florida International,home,canon,interceptions,3,2,-1,1,no_play_penalty
401757281,2025,8,regular,Western Kentucky,Florida International,home,canon,third_down_attempts,15,12,-3,3,no_play_penalty
401757281,2025,8,regular,Florida International,Western Kentucky,away,canon,total_yards,453,436.0,-17.0,17.0,fumble_or_safety_swallows_scrimmage_type
401757281,2025,8,regular,Florida International,Western Kentucky,away,canon,pass_attempts,31,32,1,1,fumble_or_safety_swallows_scrimmage_type
401757281,2025,8,regular,Florida International,Western Kentucky,away,canon,rush_attempts,39,38,-1,1,fumble_or_safety_swallows_scrimmage_type
401757281,2025,8,regular,Florida International,Western Kentucky,away,canon,rush_yards,249,232.0,-17.0,17.0,fumble_or_safety_swallows_scrimmage_type
401757281,2025,8,regular,Florida International,Western Kentucky,away,canon,fourth_down_attempts,0,1,1,1,no_play_penalty
401757284,2025,8,regular,Sam Houston,UTEP,home,canon,total_plays,76,80,4,4,sack_accounting
401757284,2025,8,regular,Sam Houston,UTEP,home,canon,total_yards,398,409.0,11.0,11.0,sack_accounting
401757284,2025,8,regular,Sam Houston,UTEP,home,canon,pass_attempts,36,38,2,2,sack_accounting
401757284,2025,8,regular,Sam Houston,UTEP,home,canon,completions,22,23,1,1,kneel_accounting
401757284,2025,8,regular,Sam Houston,UTEP,home,canon,net_pass_yards,239,245.0,6.0,6.0,sack_accounting
401757284,2025,8,regular,Sam Houston,UTEP,home,canon,rush_attempts,40,42,2,2,sack_accounting
401757284,2025,8,regular,Sam Houston,UTEP,home,canon,rush_yards,159,164.0,5.0,5.0,sack_accounting
401757284,2025,8,regular,Sam Houston,UTEP,home,canon,turnovers,1,0,-1,1,kneel_accounting
401757284,2025,8,regular,Sam Houston,UTEP,home,canon,fumbles_lost,1,0,-1,1,kneel_accounting
401757284,2025,8,regular,Sam Houston,UTEP,home,canon,third_down_attempts,18,19,1,1,kneel_accounting
401757284,2025,8,regular,UTEP,Sam Houston,away,canon,total_yards,411,377.0,-34.0,34.0,sack_accounting
401757284,2025,8,regular,UTEP,Sam Houston,away,canon,rush_yards,175,141.0,-34.0,34.0,sack_accounting
401757284,2025,8,regular,UTEP,Sam Houston,away,canon,turnovers,2,1,-1,1,kneel_accounting
401757284,2025,8,regular,UTEP,Sam Houston,away,canon,fumbles_lost,1,0,-1,1,kneel_accounting
401757283,2025,8,regular,Jacksonville State,Delaware,home,canon,total_plays,74,73,-1,1,fumble_or_safety_swallows_scrimmage_type
401757283,2025,8,regular,Jacksonville State,Delaware,home,canon,total_yards,388,405.0,17.0,17.0,fumble_or_safety_swallows_scrimmage_type
401757283,2025,8,regular,Jacksonville State,Delaware,home,canon,net_pass_yards,133,155.0,22.0,22.0,fumble_or_safety_swallows_scrimmage_type
401757283,2025,8,regular,Jacksonville State,Delaware,home,canon,rush_attempts,50,49,-1,1,fumble_or_safety_swallows_scrimmage_type
401757283,2025,8,regular,Jacksonville State,Delaware,home,canon,rush_yards,255,250.0,-5.0,5.0,fumble_or_safety_swallows_scrimmage_type
401757283,2025,8,regular,Delaware,Jacksonville State,away,canon,total_plays,72,69,-3,3,fumble_or_safety_swallows_scrimmage_type
401757283,2025,8,regular,Delaware,Jacksonville State,away,canon,total_yards,456,441.0,-15.0,15.0,fumble_or_safety_swallows_scrimmage_type
401757283,2025,8,regular,Delaware,Jacksonville State,away,canon,pass_attempts,50,49,-1,1,fumble_or_safety_swallows_scrimmage_type
401757283,2025,8,regular,Delaware,Jacksonville State,away,canon,completions,32,31,-1,1,kneel_accounting
401757283,2025,8,regular,Delaware,Jacksonville State,away,canon,net_pass_yards,422,410.0,-12.0,12.0,fumble_or_safety_swallows_scrimmage_type
401757283,2025,8,regular,Delaware,Jacksonville State,away,canon,rush_attempts,22,20,-2,2,fumble_or_safety_swallows_scrimmage_type
401757283,2025,8,regular,Delaware,Jacksonville State,away,canon,rush_yards,34,31.0,-3.0,3.0,fumble_or_safety_swallows_scrimmage_type
401757283,2025,8,regular,Delaware,Jacksonville State,away,canon,turnovers,2,1,-1,1,kneel_accounting
401757283,2025,8,regular,Delaware,Jacksonville State,away,canon,fumbles_lost,2,1,-1,1,kneel_accounting
401757283,2025,8,regular,Delaware,Jacksonville State,away,canon,fourth_down_attempts,5,4,-1,1,kneel_accounting
401762486,2025,8,regular,East Carolina,Tulsa,home,canon,total_yards,568,571.0,3.0,3.0,sack_accounting
401762486,2025,8,regular,East Carolina,Tulsa,home,canon,net_pass_yards,300,315.0,15.0,15.0,sack_accounting
401762486,2025,8,regular,East Carolina,Tulsa,home,canon,rush_yards,268,256.0,-12.0,12.0,sack_accounting
401762486,2025,8,regular,East Carolina,Tulsa,home,canon,third_down_attempts,18,19,1,1,no_play_penalty
401762486,2025,8,regular,Tulsa,East Carolina,away,canon,total_plays,83,82,-1,1,sack_accounting
401762486,2025,8,regular,Tulsa,East Carolina,away,canon,total_yards,398,388.0,-10.0,10.0,sack_accounting
401762486,2025,8,regular,Tulsa,East Carolina,away,canon,rush_attempts,42,41,-1,1,sack_accounting
401762486,2025,8,regular,Tulsa,East Carolina,away,canon,rush_yards,147,137.0,-10.0,10.0,sack_accounting
401754564,2025,8,regular,Miami,Louisville,home,canon,total_plays,59,53,-6,6,sack_accounting
401754564,2025,8,regular,Miami,Louisville,home,canon,total_yards,334,343.0,9.0,9.0,sack_accounting
401754564,2025,8,regular,Miami,Louisville,home,canon,pass_attempts,35,30,-5,5,sack_accounting
401754564,2025,8,regular,Miami,Louisville,home,canon,completions,25,24,-1,1,kneel_accounting
401754564,2025,8,regular,Miami,Louisville,home,canon,net_pass_yards,271,281.0,10.0,10.0,sack_accounting
401754564,2025,8,regular,Miami,Louisville,home,canon,rush_attempts,24,23,-1,1,sack_accounting
401754564,2025,8,regular,Miami,Louisville,home,canon,rush_yards,63,62.0,-1.0,1.0,sack_accounting
401754564,2025,8,regular,Miami,Louisville,home,canon,turnovers,4,0,-4,4,kneel_accounting
401754564,2025,8,regular,Miami,Louisville,home,canon,interceptions,4,0,-4,4,kneel_accounting
401754564,2025,8,regular,Miami,Louisville,home,canon,fourth_down_attempts,2,1,-1,1,kneel_accounting
401754564,2025,8,regular,Louisville,Miami,away,canon,total_plays,68,66,-2,2,sack_accounting
401754564,2025,8,regular,Louisville,Miami,away,canon,total_yards,367,354.0,-13.0,13.0,sack_accounting
401754564,2025,8,regular,Louisville,Miami,away,canon,pass_attempts,37,36,-1,1,sack_accounting
401754564,2025,8,regular,Louisville,Miami,away,canon,rush_attempts,31,30,-1,1,sack_accounting
401754564,2025,8,regular,Louisville,Miami,away,canon,rush_yards,119,106.0,-13.0,13.0,sack_accounting
401754564,2025,8,regular,Louisville,Miami,away,canon,interceptions,0,1,1,1,kneel_accounting
401754564,2025,8,regular,Louisville,Miami,away,canon,fumbles_lost,1,0,-1,1,kneel_accounting
401754564,2025,8,regular,Louisville,Miami,away,canon,third_down_attempts,14,13,-1,1,kneel_accounting
401754564,2025,8,regular,Louisville,Miami,away,canon,third_down_conversions,5,4,-1,1,kneel_accounting
401752872,2025,8,regular,Minnesota,Nebraska,home,canon,total_yards,339,354.0,15.0,15.0,sack_accounting
401752872,2025,8,regular,Minnesota,Nebraska,home,canon,rush_yards,186,201.0,15.0,15.0,sack_accounting
401752872,2025,8,regular,Nebraska,Minnesota,away,canon,total_plays,54,53,-1,1,sack_accounting
401752872,2025,8,regular,Nebraska,Minnesota,away,canon,total_yards,213,209.0,-4.0,4.0,sack_accounting
401752872,2025,8,regular,Nebraska,Minnesota,away,canon,pass_attempts,25,24,-1,1,sack_accounting
401752872,2025,8,regular,Nebraska,Minnesota,away,canon,completions,17,16,-1,1,no_play_penalty
401752872,2025,8,regular,Nebraska,Minnesota,away,canon,net_pass_yards,177,173.0,-4.0,4.0,sack_accounting
401760396,2025,8,regular,Utah State,San José State,home,canon,points,30,33,3,3,accepted_or_declined_penalty
401760396,2025,8,regular,Utah State,San José State,home,canon,total_plays,70,74,4,4,fumble_or_safety_swallows_scrimmage_type
401760396,2025,8,regular,Utah State,San José State,home,canon,total_yards,461,471.0,10.0,10.0,fumble_or_safety_swallows_scrimmage_type
401760396,2025,8,regular,Utah State,San José State,home,canon,pass_attempts,32,35,3,3,fumble_or_safety_swallows_scrimmage_type
401760396,2025,8,regular,Utah State,San José State,home,canon,net_pass_yards,331,346.0,15.0,15.0,fumble_or_safety_swallows_scrimmage_type
401760396,2025,8,regular,Utah State,San José State,home,canon,rush_attempts,38,39,1,1,fumble_or_safety_swallows_scrimmage_type
401760396,2025,8,regular,Utah State,San José State,home,canon,rush_yards,130,125.0,-5.0,5.0,fumble_or_safety_swallows_scrimmage_type
401760396,2025,8,regular,Utah State,San José State,home,canon,third_down_attempts,16,19,3,3,accepted_or_declined_penalty
401760396,2025,8,regular,Utah State,San José State,home,canon,third_down_conversions,5,7,2,2,accepted_or_declined_penalty
401760396,2025,8,regular,San José State,Utah State,away,canon,total_plays,77,80,3,3,fumble_or_safety_swallows_scrimmage_type
401760396,2025,8,regular,San José State,Utah State,away,canon,total_yards,534,482.0,-52.0,52.0,fumble_or_safety_swallows_scrimmage_type
401760396,2025,8,regular,San José State,Utah State,away,canon,pass_attempts,50,52,2,2,fumble_or_safety_swallows_scrimmage_type
401760396,2025,8,regular,San José State,Utah State,away,canon,net_pass_yards,340,298.0,-42.0,42.0,fumble_or_safety_swallows_scrimmage_type
401760396,2025,8,regular,San José State,Utah State,away,canon,rush_attempts,27,28,1,1,fumble_or_safety_swallows_scrimmage_type
401760396,2025,8,regular,San José State,Utah State,away,canon,rush_yards,194,184.0,-10.0,10.0,fumble_or_safety_swallows_scrimmage_type
401760396,2025,8,regular,San José State,Utah State,away,canon,turnovers,1,0,-1,1,accepted_or_declined_penalty
401760396,2025,8,regular,San José State,Utah State,away,canon,fumbles_lost,1,0,-1,1,accepted_or_declined_penalty
401760396,2025,8,regular,San José State,Utah State,away,canon,third_down_attempts,17,18,1,1,accepted_or_declined_penalty
401760396,2025,8,regular,San José State,Utah State,away,canon,third_down_conversions,9,10,1,1,accepted_or_declined_penalty
401754371,2025,8,regular,California,North Carolina,home,canon,total_yards,294,306.0,12.0,12.0,fumble_or_safety_swallows_scrimmage_type
401754371,2025,8,regular,California,North Carolina,home,canon,rush_yards,80,92.0,12.0,12.0,fumble_or_safety_swallows_scrimmage_type
401754371,2025,8,regular,North Carolina,California,away,canon,total_yards,287,312.0,25.0,25.0,fumble_or_safety_swallows_scrimmage_type
401754371,2025,8,regular,North Carolina,California,away,canon,net_pass_yards,167,177.0,10.0,10.0,fumble_or_safety_swallows_scrimmage_type
401754371,2025,8,regular,North Carolina,California,away,canon,rush_yards,120,135.0,15.0,15.0,fumble_or_safety_swallows_scrimmage_type
401754371,2025,8,regular,North Carolina,California,away,canon,turnovers,3,0,-3,3,no_play_penalty
401754371,2025,8,regular,North Carolina,California,away,canon,fumbles_lost,3,0,-3,3,no_play_penalty
401752745,2025,8,regular,Vanderbilt,LSU,home,canon,total_yards,399,389.0,-10.0,10.0,sack_accounting
401752745,2025,8,regular,Vanderbilt,LSU,home,canon,rush_yards,239,229.0,-10.0,10.0,sack_accounting
401752745,2025,8,regular,LSU,Vanderbilt,away,canon,total_yards,325,315.0,-10.0,10.0,sack_accounting
401752745,2025,8,regular,LSU,Vanderbilt,away,canon,net_pass_yards,225,215.0,-10.0,10.0,sack_accounting
401762841,2025,8,regular,Miami (OH),Eastern Michigan,home,canon,total_plays,77,76,-1,1,safety_accounting
401762841,2025,8,regular,Miami (OH),Eastern Michigan,home,canon,total_yards,454,439.0,-15.0,15.0,safety_accounting
401762841,2025,8,regular,Miami (OH),Eastern Michigan,home,canon,rush_attempts,55,54,-1,1,safety_accounting
401762841,2025,8,regular,Miami (OH),Eastern Michigan,home,canon,rush_yards,295,280.0,-15.0,15.0,safety_accounting
401762841,2025,8,regular,Eastern Michigan,Miami (OH),away,canon,total_plays,58,55,-3,3,safety_accounting
401762841,2025,8,regular,Eastern Michigan,Miami (OH),away,canon,total_yards,369,381.0,12.0,12.0,safety_accounting
401762841,2025,8,regular,Eastern Michigan,Miami (OH),away,canon,pass_attempts,36,34,-2,2,safety_accounting
401762841,2025,8,regular,Eastern Michigan,Miami (OH),away,canon,rush_attempts,22,21,-1,1,safety_accounting
401762841,2025,8,regular,Eastern Michigan,Miami (OH),away,canon,rush_yards,60,72.0,12.0,12.0,safety_accounting
401762841,2025,8,regular,Eastern Michigan,Miami (OH),away,canon,fourth_down_attempts,3,2,-1,1,no_play_penalty
401756925,2025,8,regular,Houston,Arizona,home,canon,total_plays,68,70,2,2,sack_accounting
401756925,2025,8,regular,Houston,Arizona,home,canon,total_yards,396,441.0,45.0,45.0,sack_accounting
401756925,2025,8,regular,Houston,Arizona,home,canon,pass_attempts,23,25,2,2,sack_accounting
401756925,2025,8,regular,Houston,Arizona,home,canon,net_pass_yards,164,209.0,45.0,45.0,sack_accounting
401756925,2025,8,regular,Arizona,Houston,away,canon,total_plays,57,62,5,5,sack_accounting
401756925,2025,8,regular,Arizona,Houston,away,canon,total_yards,381,385.0,4.0,4.0,sack_accounting
401756925,2025,8,regular,Arizona,Houston,away,canon,pass_attempts,26,29,3,3,sack_accounting
401756925,2025,8,regular,Arizona,Houston,away,canon,net_pass_yards,269,293.0,24.0,24.0,sack_accounting
401756925,2025,8,regular,Arizona,Houston,away,canon,rush_attempts,31,33,2,2,sack_accounting
401756925,2025,8,regular,Arizona,Houston,away,canon,rush_yards,112,92.0,-20.0,20.0,sack_accounting
401756925,2025,8,regular,Arizona,Houston,away,canon,third_down_attempts,9,10,1,1,accepted_or_declined_penalty
401752873,2025,8,regular,Michigan,Washington,home,canon,turnovers,0,1,1,1,no_play_penalty
401752873,2025,8,regular,Michigan,Washington,home,canon,interceptions,0,1,1,1,no_play_penalty
401752873,2025,8,regular,Washington,Michigan,away,canon,total_plays,55,52,-3,3,fumble_or_safety_swallows_scrimmage_type
401752873,2025,8,regular,Washington,Michigan,away,canon,total_yards,249,255.0,6.0,6.0,fumble_or_safety_swallows_scrimmage_type
401752873,2025,8,regular,Washington,Michigan,away,canon,pass_attempts,32,29,-3,3,fumble_or_safety_swallows_scrimmage_type
401752873,2025,8,regular,Washington,Michigan,away,canon,net_pass_yards,209,215.0,6.0,6.0,fumble_or_safety_swallows_scrimmage_type
401752873,2025,8,regular,Washington,Michigan,away,canon,turnovers,3,1,-2,2,no_play_penalty
401752873,2025,8,regular,Washington,Michigan,away,canon,interceptions,3,1,-2,2,no_play_penalty
401752873,2025,8,regular,Washington,Michigan,away,canon,fourth_down_attempts,2,1,-1,1,no_play_penalty
401754566,2025,8,regular,Duke,Georgia Tech,home,canon,total_plays,76,73,-3,3,sack_accounting
401754566,2025,8,regular,Duke,Georgia Tech,home,canon,total_yards,441,448.0,7.0,7.0,sack_accounting
401754566,2025,8,regular,Duke,Georgia Tech,home,canon,pass_attempts,44,43,-1,1,sack_accounting
401754566,2025,8,regular,Duke,Georgia Tech,home,canon,completions,32,31,-1,1,kneel_accounting
401754566,2025,8,regular,Duke,Georgia Tech,home,canon,net_pass_yards,373,369.0,-4.0,4.0,sack_accounting
401754566,2025,8,regular,Duke,Georgia Tech,home,canon,rush_attempts,32,30,-2,2,sack_accounting
401754566,2025,8,regular,Duke,Georgia Tech,home,canon,rush_yards,68,79.0,11.0,11.0,sack_accounting
401754566,2025,8,regular,Duke,Georgia Tech,home,canon,third_down_attempts,15,14,-1,1,kneel_accounting
401754566,2025,8,regular,Georgia Tech,Duke,away,canon,total_yards,376,395.0,19.0,19.0,sack_accounting
401754566,2025,8,regular,Georgia Tech,Duke,away,canon,net_pass_yards,205,209.0,4.0,4.0,sack_accounting
401754566,2025,8,regular,Georgia Tech,Duke,away,canon,rush_yards,171,186.0,15.0,15.0,sack_accounting
401754569,2025,8,regular,Boston College,UConn,home,canon,total_plays,77,79,2,2,sack_accounting
401754569,2025,8,regular,Boston College,UConn,home,canon,total_yards,395,407.0,12.0,12.0,sack_accounting
401754569,2025,8,regular,Boston College,UConn,home,canon,pass_attempts,28,30,2,2,sack_accounting
401754569,2025,8,regular,Boston College,UConn,home,canon,completions,16,17,1,1,accepted_or_declined_penalty
401754569,2025,8,regular,Boston College,UConn,home,canon,net_pass_yards,204,201.0,-3.0,3.0,sack_accounting
401754569,2025,8,regular,Boston College,UConn,home,canon,rush_yards,191,206.0,15.0,15.0,sack_accounting
401754569,2025,8,regular,Boston College,UConn,home,canon,third_down_attempts,15,16,1,1,accepted_or_declined_penalty
401754569,2025,8,regular,Boston College,UConn,home,canon,third_down_conversions,4,5,1,1,accepted_or_declined_penalty
401754569,2025,8,regular,UConn,Boston College,away,canon,total_plays,58,62,4,4,sack_accounting
401754569,2025,8,regular,UConn,Boston College,away,canon,total_yards,455,435.0,-20.0,20.0,sack_accounting
401754569,2025,8,regular,UConn,Boston College,away,canon,pass_attempts,31,34,3,3,sack_accounting
401754569,2025,8,regular,UConn,Boston College,away,canon,completions,23,24,1,1,accepted_or_declined_penalty
401754569,2025,8,regular,UConn,Boston College,away,canon,net_pass_yards,362,347.0,-15.0,15.0,sack_accounting
401754569,2025,8,regular,UConn,Boston College,away,canon,rush_attempts,27,28,1,1,sack_accounting
401754569,2025,8,regular,UConn,Boston College,away,canon,rush_yards,93,88.0,-5.0,5.0,sack_accounting
401754569,2025,8,regular,UConn,Boston College,away,canon,third_down_attempts,10,11,1,1,accepted_or_declined_penalty
401762839,2025,8,regular,Bowling Green,Central Michigan,home,canon,total_plays,61,59,-2,2,duplicate_plays
401762839,2025,8,regular,Bowling Green,Central Michigan,home,canon,total_yards,310,311.0,1.0,1.0,duplicate_plays
401762839,2025,8,regular,Bowling Green,Central Michigan,home,canon,pass_attempts,25,23,-2,2,duplicate_plays
401762839,2025,8,regular,Bowling Green,Central Michigan,home,canon,rush_yards,157,158.0,1.0,1.0,duplicate_plays
401762839,2025,8,regular,Bowling Green,Central Michigan,home,canon,fourth_down_attempts,4,6,2,2,no_play_penalty
401762839,2025,8,regular,Central Michigan,Bowling Green,away,canon,total_plays,51,50,-1,1,fumble_or_safety_swallows_scrimmage_type
401762839,2025,8,regular,Central Michigan,Bowling Green,away,canon,total_yards,276,271.0,-5.0,5.0,fumble_or_safety_swallows_scrimmage_type
401762839,2025,8,regular,Central Michigan,Bowling Green,away,canon,rush_attempts,46,45,-1,1,fumble_or_safety_swallows_scrimmage_type
401762839,2025,8,regular,Central Michigan,Bowling Green,away,canon,rush_yards,203,198.0,-5.0,5.0,fumble_or_safety_swallows_scrimmage_type
401762488,2025,8,regular,Tulane,Army,home,canon,total_plays,58,56,-2,2,sack_accounting
401762488,2025,8,regular,Tulane,Army,home,canon,pass_attempts,29,28,-1,1,sack_accounting
401762488,2025,8,regular,Tulane,Army,home,canon,rush_attempts,29,28,-1,1,sack_accounting
401762488,2025,8,regular,Tulane,Army,home,canon,third_down_attempts,11,10,-1,1,no_play_penalty
401762488,2025,8,regular,Army,Tulane,away,canon,total_plays,73,71,-2,2,duplicate_plays
401762488,2025,8,regular,Army,Tulane,away,canon,total_yards,358,366.0,8.0,8.0,duplicate_plays
401762488,2025,8,regular,Army,Tulane,away,canon,rush_attempts,63,61,-2,2,duplicate_plays
401762488,2025,8,regular,Army,Tulane,away,canon,rush_yards,233,241.0,8.0,8.0,duplicate_plays
401756927,2025,8,regular,TCU,Baylor,home,canon,total_plays,69,71,2,2,sack_accounting
401756927,2025,8,regular,TCU,Baylor,home,canon,total_yards,427,418.0,-9.0,9.0,sack_accounting
401756927,2025,8,regular,TCU,Baylor,home,canon,pass_attempts,31,32,1,1,sack_accounting
401756927,2025,8,regular,TCU,Baylor,home,canon,net_pass_yards,231,245.0,14.0,14.0,sack_accounting
401756927,2025,8,regular,TCU,Baylor,home,canon,rush_attempts,38,39,1,1,sack_accounting
401756927,2025,8,regular,TCU,Baylor,home,canon,rush_yards,196,173.0,-23.0,23.0,sack_accounting
401756927,2025,8,regular,TCU,Baylor,home,canon,turnovers,1,2,1,1,accepted_or_declined_penalty
401756927,2025,8,regular,TCU,Baylor,home,canon,interceptions,0,1,1,1,accepted_or_declined_penalty
401756927,2025,8,regular,TCU,Baylor,home,canon,third_down_attempts,13,15,2,2,accepted_or_declined_penalty
401756927,2025,8,regular,Baylor,TCU,away,canon,total_plays,89,90,1,1,sack_accounting
401756927,2025,8,regular,Baylor,TCU,away,canon,total_yards,439,390.0,-49.0,49.0,sack_accounting
401756927,2025,8,regular,Baylor,TCU,away,canon,pass_attempts,52,53,1,1,sack_accounting
401756927,2025,8,regular,Baylor,TCU,away,canon,completions,25,26,1,1,accepted_or_declined_penalty
401756927,2025,8,regular,Baylor,TCU,away,canon,net_pass_yards,318,276.0,-42.0,42.0,sack_accounting
401756927,2025,8,regular,Baylor,TCU,away,canon,rush_yards,121,114.0,-7.0,7.0,sack_accounting
401756927,2025,8,regular,Baylor,TCU,away,canon,turnovers,4,1,-3,3,accepted_or_declined_penalty
401756927,2025,8,regular,Baylor,TCU,away,canon,interceptions,3,1,-2,2,accepted_or_declined_penalty
401756927,2025,8,regular,Baylor,TCU,away,canon,fumbles_lost,1,0,-1,1,accepted_or_declined_penalty
401756927,2025,8,regular,Baylor,TCU,away,canon,fourth_down_attempts,4,5,1,1,accepted_or_declined_penalty
401756927,2025,8,regular,Baylor,TCU,away,canon,fourth_down_conversions,2,3,1,1,accepted_or_declined_penalty
401752744,2025,8,regular,South Carolina,Oklahoma,home,canon,total_plays,67,63,-4,4,safety_accounting
401752744,2025,8,regular,South Carolina,Oklahoma,home,canon,total_yards,224,234.0,10.0,10.0,safety_accounting
401752744,2025,8,regular,South Carolina,Oklahoma,home,canon,pass_attempts,33,30,-3,3,safety_accounting
401752744,2025,8,regular,South Carolina,Oklahoma,home,canon,completions,21,20,-1,1,kneel_accounting
401752744,2025,8,regular,South Carolina,Oklahoma,home,canon,net_pass_yards,170,179.0,9.0,9.0,safety_accounting
401752744,2025,8,regular,South Carolina,Oklahoma,home,canon,rush_attempts,34,33,-1,1,safety_accounting
401752744,2025,8,regular,South Carolina,Oklahoma,home,canon,rush_yards,54,55.0,1.0,1.0,safety_accounting
401752744,2025,8,regular,South Carolina,Oklahoma,home,canon,turnovers,2,1,-1,1,kneel_accounting
401752744,2025,8,regular,South Carolina,Oklahoma,home,canon,interceptions,2,1,-1,1,kneel_accounting
401752744,2025,8,regular,South Carolina,Oklahoma,home,canon,fourth_down_attempts,7,6,-1,1,kneel_accounting
401752744,2025,8,regular,Oklahoma,South Carolina,away,canon,total_plays,67,66,-1,1,duplicate_plays
401752744,2025,8,regular,Oklahoma,South Carolina,away,canon,total_yards,319,338.0,19.0,19.0,duplicate_plays
401752744,2025,8,regular,Oklahoma,South Carolina,away,canon,pass_attempts,27,26,-1,1,duplicate_plays
401752744,2025,8,regular,Oklahoma,South Carolina,away,canon,net_pass_yards,148,167.0,19.0,19.0,duplicate_plays
401756928,2025,8,regular,UCF,West Virginia,home,canon,total_plays,75,72,-3,3,fumble_or_safety_swallows_scrimmage_type
401756928,2025,8,regular,UCF,West Virginia,home,canon,total_yards,578,594.0,16.0,16.0,fumble_or_safety_swallows_scrimmage_type
401756928,2025,8,regular,UCF,West Virginia,home,canon,pass_attempts,40,38,-2,2,fumble_or_safety_swallows_scrimmage_type
401756928,2025,8,regular,UCF,West Virginia,home,canon,net_pass_yards,323,339.0,16.0,16.0,fumble_or_safety_swallows_scrimmage_type
401756928,2025,8,regular,UCF,West Virginia,home,canon,rush_attempts,35,34,-1,1,fumble_or_safety_swallows_scrimmage_type
401756928,2025,8,regular,UCF,West Virginia,home,canon,third_down_attempts,16,14,-2,2,kneel_accounting
401756928,2025,8,regular,West Virginia,UCF,away,canon,total_plays,77,74,-3,3,fumble_or_safety_swallows_scrimmage_type
401756928,2025,8,regular,West Virginia,UCF,away,canon,total_yards,210,250.0,40.0,40.0,fumble_or_safety_swallows_scrimmage_type
401756928,2025,8,regular,West Virginia,UCF,away,canon,pass_attempts,28,27,-1,1,fumble_or_safety_swallows_scrimmage_type
401756928,2025,8,regular,West Virginia,UCF,away,canon,net_pass_yards,79,95.0,16.0,16.0,fumble_or_safety_swallows_scrimmage_type
401756928,2025,8,regular,West Virginia,UCF,away,canon,rush_attempts,49,47,-2,2,fumble_or_safety_swallows_scrimmage_type
401756928,2025,8,regular,West Virginia,UCF,away,canon,rush_yards,131,155.0,24.0,24.0,fumble_or_safety_swallows_scrimmage_type
401756928,2025,8,regular,West Virginia,UCF,away,canon,third_down_attempts,18,16,-2,2,kneel_accounting
401762842,2025,8,regular,Toledo,Kent State,home,canon,total_plays,72,70,-2,2,sack_accounting
401762842,2025,8,regular,Toledo,Kent State,home,canon,total_yards,552,550.0,-2.0,2.0,sack_accounting
401762842,2025,8,regular,Toledo,Kent State,home,canon,net_pass_yards,374,380.0,6.0,6.0,sack_accounting
401762842,2025,8,regular,Toledo,Kent State,home,canon,rush_attempts,40,38,-2,2,sack_accounting
401762842,2025,8,regular,Toledo,Kent State,home,canon,rush_yards,178,170.0,-8.0,8.0,sack_accounting
401762842,2025,8,regular,Toledo,Kent State,home,canon,third_down_attempts,13,12,-1,1,no_play_penalty
401762842,2025,8,regular,Kent State,Toledo,away,canon,total_plays,50,47,-3,3,sack_accounting
401762842,2025,8,regular,Kent State,Toledo,away,canon,total_yards,224,244.0,20.0,20.0,sack_accounting
401762842,2025,8,regular,Kent State,Toledo,away,canon,pass_attempts,24,22,-2,2,sack_accounting
401762842,2025,8,regular,Kent State,Toledo,away,canon,net_pass_yards,159,167.0,8.0,8.0,sack_accounting
401762842,2025,8,regular,Kent State,Toledo,away,canon,rush_attempts,26,25,-1,1,sack_accounting
401762842,2025,8,regular,Kent State,Toledo,away,canon,rush_yards,65,77.0,12.0,12.0,sack_accounting
401762842,2025,8,regular,Kent State,Toledo,away,canon,third_down_attempts,13,12,-1,1,no_play_penalty
401762840,2025,8,regular,Massachusetts,Buffalo,home,canon,total_plays,58,60,2,2,sack_accounting
401762840,2025,8,regular,Massachusetts,Buffalo,home,canon,pass_attempts,14,16,2,2,sack_accounting
401762840,2025,8,regular,Massachusetts,Buffalo,home,canon,completions,6,7,1,1,accepted_or_declined_penalty
401762840,2025,8,regular,Massachusetts,Buffalo,home,canon,third_down_attempts,17,18,1,1,accepted_or_declined_penalty
401762840,2025,8,regular,Buffalo,Massachusetts,away,canon,total_plays,85,90,5,5,sack_accounting
401762840,2025,8,regular,Buffalo,Massachusetts,away,canon,total_yards,475,406.0,-69.0,69.0,sack_accounting
401762840,2025,8,regular,Buffalo,Massachusetts,away,canon,pass_attempts,55,60,5,5,sack_accounting
401762840,2025,8,regular,Buffalo,Massachusetts,away,canon,completions,36,39,3,3,accepted_or_declined_penalty
401762840,2025,8,regular,Buffalo,Massachusetts,away,canon,net_pass_yards,403,334.0,-69.0,69.0,sack_accounting
401761633,2025,8,regular,UL Monroe,Troy,home,canon,total_plays,70,67,-3,3,fumble_or_safety_swallows_scrimmage_type
401761633,2025,8,regular,UL Monroe,Troy,home,canon,total_yards,326,336.0,10.0,10.0,fumble_or_safety_swallows_scrimmage_type
401761633,2025,8,regular,UL Monroe,Troy,home,canon,pass_attempts,41,38,-3,3,fumble_or_safety_swallows_scrimmage_type
401761633,2025,8,regular,UL Monroe,Troy,home,canon,net_pass_yards,228,238.0,10.0,10.0,fumble_or_safety_swallows_scrimmage_type
401761633,2025,8,regular,UL Monroe,Troy,home,canon,turnovers,4,2,-2,2,no_play_penalty
401761633,2025,8,regular,UL Monroe,Troy,home,canon,fumbles_lost,2,0,-2,2,no_play_penalty
401761633,2025,8,regular,UL Monroe,Troy,home,canon,third_down_attempts,13,12,-1,1,no_play_penalty
401761633,2025,8,regular,UL Monroe,Troy,home,canon,fourth_down_attempts,4,5,1,1,no_play_penalty
401761633,2025,8,regular,Troy,UL Monroe,away,canon,total_plays,53,51,-2,2,fumble_or_safety_swallows_scrimmage_type
401761633,2025,8,regular,Troy,UL Monroe,away,canon,total_yards,314,298.0,-16.0,16.0,fumble_or_safety_swallows_scrimmage_type
401761633,2025,8,regular,Troy,UL Monroe,away,canon,pass_attempts,21,20,-1,1,fumble_or_safety_swallows_scrimmage_type
401761633,2025,8,regular,Troy,UL Monroe,away,canon,completions,13,12,-1,1,no_play_penalty
401761633,2025,8,regular,Troy,UL Monroe,away,canon,net_pass_yards,223,218.0,-5.0,5.0,fumble_or_safety_swallows_scrimmage_type
401761633,2025,8,regular,Troy,UL Monroe,away,canon,rush_attempts,32,31,-1,1,fumble_or_safety_swallows_scrimmage_type
401761633,2025,8,regular,Troy,UL Monroe,away,canon,rush_yards,91,80.0,-11.0,11.0,fumble_or_safety_swallows_scrimmage_type
401752874,2025,8,regular,Northwestern,Purdue,home,canon,total_plays,76,73,-3,3,fumble_or_safety_swallows_scrimmage_type
401752874,2025,8,regular,Northwestern,Purdue,home,canon,total_yards,364,355.0,-9.0,9.0,fumble_or_safety_swallows_scrimmage_type
401752874,2025,8,regular,Northwestern,Purdue,home,canon,pass_attempts,26,25,-1,1,fumble_or_safety_swallows_scrimmage_type
401752874,2025,8,regular,Northwestern,Purdue,home,canon,net_pass_yards,132,147.0,15.0,15.0,fumble_or_safety_swallows_scrimmage_type
401752874,2025,8,regular,Northwestern,Purdue,home,canon,rush_attempts,50,48,-2,2,fumble_or_safety_swallows_scrimmage_type
401752874,2025,8,regular,Northwestern,Purdue,home,canon,rush_yards,232,208.0,-24.0,24.0,fumble_or_safety_swallows_scrimmage_type
401752874,2025,8,regular,Northwestern,Purdue,home,canon,third_down_attempts,16,14,-2,2,kneel_accounting
401752874,2025,8,regular,Northwestern,Purdue,home,canon,third_down_conversions,7,6,-1,1,kneel_accounting
401752874,2025,8,regular,Purdue,Northwestern,away,canon,total_plays,56,55,-1,1,fumble_or_safety_swallows_scrimmage_type
401752874,2025,8,regular,Purdue,Northwestern,away,canon,pass_attempts,30,29,-1,1,fumble_or_safety_swallows_scrimmage_type
401752874,2025,8,regular,Purdue,Northwestern,away,canon,turnovers,3,1,-2,2,kneel_accounting
401752874,2025,8,regular,Purdue,Northwestern,away,canon,fumbles_lost,2,0,-2,2,kneel_accounting
401752874,2025,8,regular,Purdue,Northwestern,away,canon,third_down_attempts,14,13,-1,1,kneel_accounting
401760392,2025,8,regular,Air Force,Wyoming,home,canon,total_plays,64,65,1,1,fumble_or_safety_swallows_scrimmage_type
401760392,2025,8,regular,Air Force,Wyoming,home,canon,total_yards,363,301.0,-62.0,62.0,fumble_or_safety_swallows_scrimmage_type
401760392,2025,8,regular,Air Force,Wyoming,home,canon,pass_attempts,8,9,1,1,fumble_or_safety_swallows_scrimmage_type
401760392,2025,8,regular,Air Force,Wyoming,home,canon,completions,3,4,1,1,accepted_or_declined_penalty
401760392,2025,8,regular,Air Force,Wyoming,home,canon,net_pass_yards,33,-29.0,-62.0,62.0,fumble_or_safety_swallows_scrimmage_type
401760392,2025,8,regular,Wyoming,Air Force,away,canon,total_plays,66,64,-2,2,fumble_or_safety_swallows_scrimmage_type
401760392,2025,8,regular,Wyoming,Air Force,away,canon,total_yards,409,406.0,-3.0,3.0,fumble_or_safety_swallows_scrimmage_type
401760392,2025,8,regular,Wyoming,Air Force,away,canon,pass_attempts,30,29,-1,1,fumble_or_safety_swallows_scrimmage_type
401760392,2025,8,regular,Wyoming,Air Force,away,canon,completions,23,24,1,1,accepted_or_declined_penalty
401760392,2025,8,regular,Wyoming,Air Force,away,canon,net_pass_yards,211,221.0,10.0,10.0,fumble_or_safety_swallows_scrimmage_type
401760392,2025,8,regular,Wyoming,Air Force,away,canon,rush_attempts,36,35,-1,1,fumble_or_safety_swallows_scrimmage_type
401760392,2025,8,regular,Wyoming,Air Force,away,canon,rush_yards,198,185.0,-13.0,13.0,fumble_or_safety_swallows_scrimmage_type
401760392,2025,8,regular,Wyoming,Air Force,away,canon,turnovers,2,1,-1,1,accepted_or_declined_penalty
401760392,2025,8,regular,Wyoming,Air Force,away,canon,interceptions,2,1,-1,1,accepted_or_declined_penalty
401760392,2025,8,regular,Wyoming,Air Force,away,canon,third_down_attempts,12,10,-2,2,accepted_or_declined_penalty
401761632,2025,8,regular,Marshall,Texas State,home,canon,points,40,19,-21,21,no_play_penalty
401761632,2025,8,regular,Marshall,Texas State,home,canon,total_plays,81,110,29,29,duplicate_plays
401761632,2025,8,regular,Marshall,Texas State,home,canon,total_yards,466,640.0,174.0,174.0,duplicate_plays
401761632,2025,8,regular,Marshall,Texas State,home,canon,pass_attempts,33,42,9,9,duplicate_plays
401761632,2025,8,regular,Marshall,Texas State,home,canon,completions,23,31,8,8,duplicate_plays
401761632,2025,8,regular,Marshall,Texas State,home,canon,net_pass_yards,280,383.0,103.0,103.0,duplicate_plays
401761632,2025,8,regular,Marshall,Texas State,home,canon,rush_attempts,48,68,20,20,duplicate_plays
401761632,2025,8,regular,Marshall,Texas State,home,canon,rush_yards,186,257.0,71.0,71.0,duplicate_plays
401761632,2025,8,regular,Marshall,Texas State,home,canon,third_down_attempts,14,19,5,5,no_play_penalty
401761632,2025,8,regular,Marshall,Texas State,home,canon,third_down_conversions,6,7,1,1,no_play_penalty
401761632,2025,8,regular,Marshall,Texas State,home,canon,fourth_down_attempts,1,2,1,1,no_play_penalty
401761632,2025,8,regular,Texas State,Marshall,away,canon,points,37,24,-13,13,no_play_penalty
401761632,2025,8,regular,Texas State,Marshall,away,canon,total_plays,83,118,35,35,duplicate_plays
401761632,2025,8,regular,Texas State,Marshall,away,canon,total_yards,558,879.0,321.0,321.0,duplicate_plays
401761632,2025,8,regular,Texas State,Marshall,away,canon,pass_attempts,39,56,17,17,duplicate_plays
401761632,2025,8,regular,Texas State,Marshall,away,canon,completions,26,39,13,13,duplicate_plays
401761632,2025,8,regular,Texas State,Marshall,away,canon,net_pass_yards,444,714.0,270.0,270.0,duplicate_plays
401761632,2025,8,regular,Texas State,Marshall,away,canon,rush_attempts,44,62,18,18,duplicate_plays
401761632,2025,8,regular,Texas State,Marshall,away,canon,rush_yards,114,165.0,51.0,51.0,duplicate_plays
401761632,2025,8,regular,Texas State,Marshall,away,canon,turnovers,3,2,-1,1,no_play_penalty
401761632,2025,8,regular,Texas State,Marshall,away,canon,fumbles_lost,2,1,-1,1,no_play_penalty
401761632,2025,8,regular,Texas State,Marshall,away,canon,third_down_attempts,19,24,5,5,no_play_penalty
401761632,2025,8,regular,Texas State,Marshall,away,canon,third_down_conversions,9,11,2,2,no_play_penalty
401761632,2025,8,regular,Texas State,Marshall,away,canon,fourth_down_attempts,3,2,-1,1,no_play_penalty
401761631,2025,8,regular,James Madison,Old Dominion,home,canon,total_plays,79,78,-1,1,sack_accounting
401761631,2025,8,regular,James Madison,Old Dominion,home,canon,total_yards,624,626.0,2.0,2.0,sack_accounting
401761631,2025,8,regular,James Madison,Old Dominion,home,canon,net_pass_yards,313,316.0,3.0,3.0,sack_accounting
401761631,2025,8,regular,James Madison,Old Dominion,home,canon,rush_attempts,53,52,-1,1,sack_accounting
401761631,2025,8,regular,James Madison,Old Dominion,home,canon,rush_yards,311,310.0,-1.0,1.0,sack_accounting
401761631,2025,8,regular,James Madison,Old Dominion,home,canon,turnovers,1,2,1,1,no_play_penalty
401761631,2025,8,regular,James Madison,Old Dominion,home,canon,interceptions,0,1,1,1,no_play_penalty
401761631,2025,8,regular,Old Dominion,James Madison,away,canon,total_plays,50,46,-4,4,sack_accounting
401761631,2025,8,regular,Old Dominion,James Madison,away,canon,total_yards,285,276.0,-9.0,9.0,sack_accounting
401761631,2025,8,regular,Old Dominion,James Madison,away,canon,pass_attempts,21,18,-3,3,sack_accounting
401761631,2025,8,regular,Old Dominion,James Madison,away,canon,completions,13,12,-1,1,no_play_penalty
401761631,2025,8,regular,Old Dominion,James Madison,away,canon,net_pass_yards,209,204.0,-5.0,5.0,sack_accounting
401761631,2025,8,regular,Old Dominion,James Madison,away,canon,rush_attempts,29,28,-1,1,sack_accounting
401761631,2025,8,regular,Old Dominion,James Madison,away,canon,rush_yards,76,72.0,-4.0,4.0,sack_accounting
401761631,2025,8,regular,Old Dominion,James Madison,away,canon,turnovers,3,1,-2,2,no_play_penalty
401761631,2025,8,regular,Old Dominion,James Madison,away,canon,interceptions,2,1,-1,1,no_play_penalty
401761631,2025,8,regular,Old Dominion,James Madison,away,canon,fumbles_lost,1,0,-1,1,no_play_penalty
401761629,2025,8,regular,App State,Coastal Carolina,home,canon,total_plays,76,75,-1,1,fumble_or_safety_swallows_scrimmage_type
401761629,2025,8,regular,App State,Coastal Carolina,home,canon,total_yards,410,408.0,-2.0,2.0,fumble_or_safety_swallows_scrimmage_type
401761629,2025,8,regular,App State,Coastal Carolina,home,canon,pass_attempts,41,40,-1,1,fumble_or_safety_swallows_scrimmage_type
401761629,2025,8,regular,App State,Coastal Carolina,home,canon,completions,27,26,-1,1,no_play_penalty
401761629,2025,8,regular,App State,Coastal Carolina,home,canon,net_pass_yards,278,276.0,-2.0,2.0,fumble_or_safety_swallows_scrimmage_type
401761629,2025,8,regular,App State,Coastal Carolina,home,canon,interceptions,0,1,1,1,no_play_penalty
401761629,2025,8,regular,App State,Coastal Carolina,home,canon,fumbles_lost,1,0,-1,1,no_play_penalty
401761629,2025,8,regular,App State,Coastal Carolina,home,canon,third_down_attempts,15,14,-1,1,no_play_penalty
401761629,2025,8,regular,Coastal Carolina,App State,away,canon,total_plays,63,62,-1,1,fumble_or_safety_swallows_scrimmage_type
401761629,2025,8,regular,Coastal Carolina,App State,away,canon,pass_attempts,22,21,-1,1,fumble_or_safety_swallows_scrimmage_type
401761629,2025,8,regular,Coastal Carolina,App State,away,canon,turnovers,1,0,-1,1,no_play_penalty
401761629,2025,8,regular,Coastal Carolina,App State,away,canon,interceptions,1,0,-1,1,no_play_penalty
401762491,2025,8,regular,North Texas,UTSA,home,canon,total_yards,584,598.0,14.0,14.0,fumble_or_safety_swallows_scrimmage_type
401762491,2025,8,regular,North Texas,UTSA,home,canon,net_pass_yards,314,328.0,14.0,14.0,fumble_or_safety_swallows_scrimmage_type
401762491,2025,8,regular,UTSA,North Texas,away,canon,total_plays,57,56,-1,1,duplicate_plays
401762491,2025,8,regular,UTSA,North Texas,away,canon,total_yards,329,328.0,-1.0,1.0,duplicate_plays
401762491,2025,8,regular,UTSA,North Texas,away,canon,net_pass_yards,115,119.0,4.0,4.0,duplicate_plays
401762491,2025,8,regular,UTSA,North Texas,away,canon,rush_attempts,32,31,-1,1,duplicate_plays
401762491,2025,8,regular,UTSA,North Texas,away,canon,rush_yards,214,209.0,-5.0,5.0,duplicate_plays
401762491,2025,8,regular,UTSA,North Texas,away,canon,turnovers,3,0,-3,3,no_play_penalty
401762491,2025,8,regular,UTSA,North Texas,away,canon,fumbles_lost,3,0,-3,3,no_play_penalty
401754565,2025,8,regular,Clemson,SMU,home,canon,total_plays,72,70,-2,2,duplicate_plays
401754565,2025,8,regular,Clemson,SMU,home,canon,total_yards,352,385.0,33.0,33.0,duplicate_plays
401754565,2025,8,regular,Clemson,SMU,home,canon,pass_attempts,42,43,1,1,duplicate_plays
401754565,2025,8,regular,Clemson,SMU,home,canon,net_pass_yards,317,342.0,25.0,25.0,duplicate_plays
401754565,2025,8,regular,Clemson,SMU,home,canon,rush_attempts,30,27,-3,3,duplicate_plays
401754565,2025,8,regular,Clemson,SMU,home,canon,rush_yards,35,43.0,8.0,8.0,duplicate_plays
401754565,2025,8,regular,Clemson,SMU,home,canon,turnovers,1,0,-1,1,no_play_penalty
401754565,2025,8,regular,Clemson,SMU,home,canon,fumbles_lost,1,0,-1,1,no_play_penalty
401754565,2025,8,regular,SMU,Clemson,away,canon,total_plays,71,70,-1,1,sack_accounting
401754565,2025,8,regular,SMU,Clemson,away,canon,total_yards,429,439.0,10.0,10.0,sack_accounting
401754565,2025,8,regular,SMU,Clemson,away,canon,pass_attempts,43,42,-1,1,sack_accounting
401754565,2025,8,regular,SMU,Clemson,away,canon,net_pass_yards,290,300.0,10.0,10.0,sack_accounting
401754565,2025,8,regular,SMU,Clemson,away,canon,third_down_attempts,17,15,-2,2,no_play_penalty
401754565,2025,8,regular,SMU,Clemson,away,canon,fourth_down_attempts,0,1,1,1,no_play_penalty
401752878,2025,8,regular,Indiana,Michigan State,home,canon,total_yards,464,468.0,4.0,4.0,sack_accounting
401752878,2025,8,regular,Indiana,Michigan State,home,canon,net_pass_yards,332,336.0,4.0,4.0,sack_accounting
401752878,2025,8,regular,Michigan State,Indiana,away,canon,total_plays,62,60,-2,2,sack_accounting
401752878,2025,8,regular,Michigan State,Indiana,away,canon,total_yards,367,314.0,-53.0,53.0,sack_accounting
401752878,2025,8,regular,Michigan State,Indiana,away,canon,rush_attempts,24,22,-2,2,sack_accounting
401752878,2025,8,regular,Michigan State,Indiana,away,canon,rush_yards,74,21.0,-53.0,53.0,sack_accounting
401752878,2025,8,regular,Michigan State,Indiana,away,canon,third_down_attempts,14,13,-1,1,no_play_penalty
401752878,2025,8,regular,Michigan State,Indiana,away,canon,third_down_conversions,5,4,-1,1,no_play_penalty
401752877,2025,8,regular,Wisconsin,Ohio State,home,canon,total_plays,46,45,-1,1,duplicate_plays
401752877,2025,8,regular,Wisconsin,Ohio State,home,canon,total_yards,144,158.0,14.0,14.0,duplicate_plays
401752877,2025,8,regular,Wisconsin,Ohio State,home,canon,pass_attempts,15,14,-1,1,duplicate_plays
401752877,2025,8,regular,Wisconsin,Ohio State,home,canon,net_pass_yards,49,63.0,14.0,14.0,duplicate_plays
401752877,2025,8,regular,Wisconsin,Ohio State,home,canon,fourth_down_conversions,1,2,1,1,no_play_penalty
401752877,2025,8,regular,Ohio State,Wisconsin,away,canon,total_plays,70,69,-1,1,sack_accounting
401752877,2025,8,regular,Ohio State,Wisconsin,away,canon,total_yards,491,486.0,-5.0,5.0,sack_accounting
401752877,2025,8,regular,Ohio State,Wisconsin,away,canon,pass_attempts,42,41,-1,1,sack_accounting
401752877,2025,8,regular,Ohio State,Wisconsin,away,canon,completions,36,35,-1,1,no_play_penalty
401752877,2025,8,regular,Ohio State,Wisconsin,away,canon,net_pass_yards,393,388.0,-5.0,5.0,sack_accounting
401752877,2025,8,regular,Ohio State,Wisconsin,away,canon,third_down_attempts,11,10,-1,1,no_play_penalty
401762838,2025,8,regular,Ball State,Akron,home,canon,points,42,49,7,7,no_play_penalty
401762838,2025,8,regular,Ball State,Akron,home,canon,total_plays,65,63,-2,2,fumble_or_safety_swallows_scrimmage_type
401762838,2025,8,regular,Ball State,Akron,home,canon,total_yards,374,378.0,4.0,4.0,fumble_or_safety_swallows_scrimmage_type
401762838,2025,8,regular,Ball State,Akron,home,canon,pass_attempts,20,19,-1,1,fumble_or_safety_swallows_scrimmage_type
401762838,2025,8,regular,Ball State,Akron,home,canon,net_pass_yards,158,164.0,6.0,6.0,fumble_or_safety_swallows_scrimmage_type
401762838,2025,8,regular,Ball State,Akron,home,canon,rush_attempts,45,44,-1,1,fumble_or_safety_swallows_scrimmage_type
401762838,2025,8,regular,Ball State,Akron,home,canon,rush_yards,216,214.0,-2.0,2.0,fumble_or_safety_swallows_scrimmage_type
401762838,2025,8,regular,Ball State,Akron,home,canon,turnovers,2,1,-1,1,no_play_penalty
401762838,2025,8,regular,Ball State,Akron,home,canon,fumbles_lost,1,0,-1,1,no_play_penalty
401762838,2025,8,regular,Ball State,Akron,home,canon,third_down_attempts,13,10,-3,3,no_play_penalty
401762838,2025,8,regular,Ball State,Akron,home,canon,third_down_conversions,4,3,-1,1,no_play_penalty
401762838,2025,8,regular,Akron,Ball State,away,canon,total_plays,75,71,-4,4,fumble_or_safety_swallows_scrimmage_type
401762838,2025,8,regular,Akron,Ball State,away,canon,pass_attempts,40,37,-3,3,fumble_or_safety_swallows_scrimmage_type
401762838,2025,8,regular,Akron,Ball State,away,canon,rush_attempts,35,34,-1,1,fumble_or_safety_swallows_scrimmage_type
401752742,2025,8,regular,Georgia,Ole Miss,home,canon,total_yards,510,524.0,14.0,14.0,sack_accounting
401752742,2025,8,regular,Georgia,Ole Miss,home,canon,net_pass_yards,289,303.0,14.0,14.0,sack_accounting
401752742,2025,8,regular,Ole Miss,Georgia,away,canon,total_plays,60,59,-1,1,sack_accounting
401752742,2025,8,regular,Ole Miss,Georgia,away,canon,total_yards,351,353.0,2.0,2.0,sack_accounting
401752742,2025,8,regular,Ole Miss,Georgia,away,canon,rush_attempts,24,23,-1,1,sack_accounting
401752742,2025,8,regular,Ole Miss,Georgia,away,canon,rush_yards,88,90.0,2.0,2.0,sack_accounting
401752739,2025,8,regular,Arkansas,Texas A&M,home,canon,total_plays,65,64,-1,1,sack_accounting
401752739,2025,8,regular,Arkansas,Texas A&M,home,canon,total_yards,527,537.0,10.0,10.0,sack_accounting
401752739,2025,8,regular,Arkansas,Texas A&M,home,canon,net_pass_yards,259,272.0,13.0,13.0,sack_accounting
401752739,2025,8,regular,Arkansas,Texas A&M,home,canon,rush_attempts,32,31,-1,1,sack_accounting
401752739,2025,8,regular,Arkansas,Texas A&M,home,canon,rush_yards,268,265.0,-3.0,3.0,sack_accounting
401752739,2025,8,regular,Texas A&M,Arkansas,away,canon,total_yards,497,488.0,-9.0,9.0,sack_accounting
401752739,2025,8,regular,Texas A&M,Arkansas,away,canon,rush_yards,217,208.0,-9.0,9.0,sack_accounting
401752739,2025,8,regular,Texas A&M,Arkansas,away,canon,third_down_conversions,5,6,1,1,kneel_accounting
401762843,2025,8,regular,Ohio,Northern Illinois,home,canon,total_plays,75,73,-2,2,duplicate_plays
401762843,2025,8,regular,Ohio,Northern Illinois,home,canon,total_yards,538,523.0,-15.0,15.0,duplicate_plays
401762843,2025,8,regular,Ohio,Northern Illinois,home,canon,pass_attempts,23,22,-1,1,duplicate_plays
401762843,2025,8,regular,Ohio,Northern Illinois,home,canon,rush_attempts,52,51,-1,1,duplicate_plays
401762843,2025,8,regular,Ohio,Northern Illinois,home,canon,rush_yards,333,318.0,-15.0,15.0,duplicate_plays
401762843,2025,8,regular,Ohio,Northern Illinois,home,canon,turnovers,1,0,-1,1,no_play_penalty
401762843,2025,8,regular,Ohio,Northern Illinois,home,canon,interceptions,1,0,-1,1,no_play_penalty
401762843,2025,8,regular,Ohio,Northern Illinois,home,canon,third_down_attempts,13,11,-2,2,no_play_penalty
401762843,2025,8,regular,Ohio,Northern Illinois,home,canon,third_down_conversions,9,8,-1,1,no_play_penalty
401762843,2025,8,regular,Northern Illinois,Ohio,away,canon,total_plays,56,55,-1,1,fumble_or_safety_swallows_scrimmage_type
401762843,2025,8,regular,Northern Illinois,Ohio,away,canon,total_yards,293,289.0,-4.0,4.0,fumble_or_safety_swallows_scrimmage_type
401762843,2025,8,regular,Northern Illinois,Ohio,away,canon,rush_attempts,26,25,-1,1,fumble_or_safety_swallows_scrimmage_type
401762843,2025,8,regular,Northern Illinois,Ohio,away,canon,rush_yards,132,128.0,-4.0,4.0,fumble_or_safety_swallows_scrimmage_type
401762843,2025,8,regular,Northern Illinois,Ohio,away,canon,fourth_down_attempts,2,1,-1,1,no_play_penalty
401762489,2025,8,regular,Charlotte,Temple,home,canon,points,14,7,-7,7,no_play_penalty
401762489,2025,8,regular,Charlotte,Temple,home,canon,total_plays,76,46,-30,30,duplicate_plays
401762489,2025,8,regular,Charlotte,Temple,home,canon,total_yards,357,231.0,-126.0,126.0,duplicate_plays
401762489,2025,8,regular,Charlotte,Temple,home,canon,pass_attempts,29,16,-13,13,duplicate_plays
401762489,2025,8,regular,Charlotte,Temple,home,canon,completions,15,8,-7,7,duplicate_plays
401762489,2025,8,regular,Charlotte,Temple,home,canon,net_pass_yards,158,107.0,-51.0,51.0,duplicate_plays
401762489,2025,8,regular,Charlotte,Temple,home,canon,rush_attempts,47,30,-17,17,duplicate_plays
401762489,2025,8,regular,Charlotte,Temple,home,canon,rush_yards,199,124.0,-75.0,75.0,duplicate_plays
401762489,2025,8,regular,Charlotte,Temple,home,canon,turnovers,3,1,-2,2,no_play_penalty
401762489,2025,8,regular,Charlotte,Temple,home,canon,fumbles_lost,2,0,-2,2,no_play_penalty
401762489,2025,8,regular,Charlotte,Temple,home,canon,third_down_attempts,16,12,-4,4,no_play_penalty
401762489,2025,8,regular,Charlotte,Temple,home,canon,third_down_conversions,6,5,-1,1,no_play_penalty
401762489,2025,8,regular,Charlotte,Temple,home,canon,fourth_down_attempts,4,3,-1,1,no_play_penalty
401762489,2025,8,regular,Charlotte,Temple,home,canon,fourth_down_conversions,3,2,-1,1,no_play_penalty
401762489,2025,8,regular,Temple,Charlotte,away,canon,total_plays,53,37,-16,16,duplicate_plays
401762489,2025,8,regular,Temple,Charlotte,away,canon,total_yards,384,280.0,-104.0,104.0,duplicate_plays
401762489,2025,8,regular,Temple,Charlotte,away,canon,pass_attempts,23,14,-9,9,duplicate_plays
401762489,2025,8,regular,Temple,Charlotte,away,canon,completions,16,9,-7,7,duplicate_plays
401762489,2025,8,regular,Temple,Charlotte,away,canon,net_pass_yards,212,119.0,-93.0,93.0,duplicate_plays
401762489,2025,8,regular,Temple,Charlotte,away,canon,rush_attempts,30,23,-7,7,duplicate_plays
401762489,2025,8,regular,Temple,Charlotte,away,canon,rush_yards,172,161.0,-11.0,11.0,duplicate_plays
401762489,2025,8,regular,Temple,Charlotte,away,canon,third_down_attempts,9,6,-3,3,no_play_penalty
401762489,2025,8,regular,Temple,Charlotte,away,canon,third_down_conversions,2,1,-1,1,no_play_penalty
401762489,2025,8,regular,Temple,Charlotte,away,canon,fourth_down_attempts,2,1,-1,1,no_play_penalty
401762489,2025,8,regular,Temple,Charlotte,away,canon,fourth_down_conversions,2,1,-1,1,no_play_penalty
401760393,2025,8,regular,Boise State,UNLV,home,canon,total_plays,57,56,-1,1,sack_accounting
401760393,2025,8,regular,Boise State,UNLV,home,canon,pass_attempts,24,23,-1,1,sack_accounting
401760393,2025,8,regular,Boise State,UNLV,home,canon,turnovers,2,1,-1,1,kneel_accounting
401760393,2025,8,regular,Boise State,UNLV,home,canon,fumbles_lost,1,0,-1,1,kneel_accounting
401760393,2025,8,regular,Boise State,UNLV,home,canon,third_down_attempts,11,10,-1,1,kneel_accounting
401760393,2025,8,regular,UNLV,Boise State,away,canon,total_plays,70,69,-1,1,duplicate_plays
401760393,2025,8,regular,UNLV,Boise State,away,canon,total_yards,476,488.0,12.0,12.0,duplicate_plays
401760393,2025,8,regular,UNLV,Boise State,away,canon,pass_attempts,30,29,-1,1,duplicate_plays
401760393,2025,8,regular,UNLV,Boise State,away,canon,rush_yards,261,273.0,12.0,12.0,duplicate_plays
401760393,2025,8,regular,UNLV,Boise State,away,canon,fourth_down_attempts,1,2,1,1,kneel_accounting
401756923,2025,8,regular,Arizona State,Texas Tech,home,canon,total_plays,83,82,-1,1,duplicate_plays
401756923,2025,8,regular,Arizona State,Texas Tech,home,canon,total_yards,394,392.0,-2.0,2.0,duplicate_plays
401756923,2025,8,regular,Arizona State,Texas Tech,home,canon,pass_attempts,47,48,1,1,duplicate_plays
401756923,2025,8,regular,Arizona State,Texas Tech,home,canon,net_pass_yards,319,323.0,4.0,4.0,duplicate_plays
401756923,2025,8,regular,Arizona State,Texas Tech,home,canon,rush_attempts,36,34,-2,2,duplicate_plays
401756923,2025,8,regular,Arizona State,Texas Tech,home,canon,rush_yards,75,69.0,-6.0,6.0,duplicate_plays
401756923,2025,8,regular,Arizona State,Texas Tech,home,canon,third_down_attempts,21,19,-2,2,no_play_penalty
401756923,2025,8,regular,Arizona State,Texas Tech,home,canon,third_down_conversions,9,7,-2,2,no_play_penalty
401756923,2025,8,regular,Arizona State,Texas Tech,home,canon,fourth_down_attempts,2,3,1,1,no_play_penalty
401756923,2025,8,regular,Texas Tech,Arizona State,away,canon,total_plays,65,63,-2,2,fumble_or_safety_swallows_scrimmage_type
401756923,2025,8,regular,Texas Tech,Arizona State,away,canon,total_yards,276,273.0,-3.0,3.0,fumble_or_safety_swallows_scrimmage_type
401756923,2025,8,regular,Texas Tech,Arizona State,away,canon,pass_attempts,38,36,-2,2,fumble_or_safety_swallows_scrimmage_type
401756923,2025,8,regular,Texas Tech,Arizona State,away,canon,completions,22,21,-1,1,no_play_penalty
401756923,2025,8,regular,Texas Tech,Arizona State,away,canon,net_pass_yards,167,164.0,-3.0,3.0,fumble_or_safety_swallows_scrimmage_type
401756923,2025,8,regular,Texas Tech,Arizona State,away,canon,third_down_attempts,16,15,-1,1,no_play_penalty
401762487,2025,8,regular,UAB,Memphis,home,canon,total_plays,68,66,-2,2,sack_accounting
401762487,2025,8,regular,UAB,Memphis,home,canon,total_yards,470,460.0,-10.0,10.0,sack_accounting
401762487,2025,8,regular,UAB,Memphis,home,canon,pass_attempts,27,26,-1,1,sack_accounting
401762487,2025,8,regular,UAB,Memphis,home,canon,rush_attempts,41,40,-1,1,sack_accounting
401762487,2025,8,regular,UAB,Memphis,home,canon,rush_yards,219,209.0,-10.0,10.0,sack_accounting
401762487,2025,8,regular,UAB,Memphis,home,canon,turnovers,2,1,-1,1,kneel_accounting
401762487,2025,8,regular,UAB,Memphis,home,canon,interceptions,1,0,-1,1,kneel_accounting
401762487,2025,8,regular,UAB,Memphis,home,canon,third_down_attempts,13,12,-1,1,kneel_accounting
401762487,2025,8,regular,Memphis,UAB,away,canon,total_plays,60,58,-2,2,sack_accounting
401762487,2025,8,regular,Memphis,UAB,away,canon,total_yards,362,364.0,2.0,2.0,sack_accounting
401762487,2025,8,regular,Memphis,UAB,away,canon,pass_attempts,35,34,-1,1,sack_accounting
401762487,2025,8,regular,Memphis,UAB,away,canon,net_pass_yards,243,249.0,6.0,6.0,sack_accounting
401762487,2025,8,regular,Memphis,UAB,away,canon,rush_attempts,25,24,-1,1,sack_accounting
401762487,2025,8,regular,Memphis,UAB,away,canon,rush_yards,119,115.0,-4.0,4.0,sack_accounting
401752741,2025,8,regular,Florida,Mississippi State,home,canon,total_plays,68,66,-2,2,sack_accounting
401752741,2025,8,regular,Florida,Mississippi State,home,canon,total_yards,452,442.0,-10.0,10.0,sack_accounting
401752741,2025,8,regular,Florida,Mississippi State,home,canon,pass_attempts,34,32,-2,2,sack_accounting
401752741,2025,8,regular,Florida,Mississippi State,home,canon,rush_yards,172,162.0,-10.0,10.0,sack_accounting
401752741,2025,8,regular,Florida,Mississippi State,home,canon,third_down_attempts,11,10,-1,1,no_play_penalty
401752741,2025,8,regular,Mississippi State,Florida,away,canon,total_plays,80,78,-2,2,duplicate_plays
401752741,2025,8,regular,Mississippi State,Florida,away,canon,total_yards,468,477.0,9.0,9.0,duplicate_plays
401752741,2025,8,regular,Mississippi State,Florida,away,canon,pass_attempts,36,35,-1,1,duplicate_plays
401752741,2025,8,regular,Mississippi State,Florida,away,canon,net_pass_yards,324,342.0,18.0,18.0,duplicate_plays
401752741,2025,8,regular,Mississippi State,Florida,away,canon,rush_attempts,44,43,-1,1,duplicate_plays
401752741,2025,8,regular,Mississippi State,Florida,away,canon,rush_yards,144,135.0,-9.0,9.0,duplicate_plays
401752741,2025,8,regular,Mississippi State,Florida,away,canon,third_down_attempts,15,16,1,1,no_play_penalty
401761668,2025,8,regular,Louisiana,Southern Miss,home,canon,total_plays,75,59,-16,16,fumble_or_safety_swallows_scrimmage_type
401761668,2025,8,regular,Louisiana,Southern Miss,home,canon,total_yards,352,324.0,-28.0,28.0,fumble_or_safety_swallows_scrimmage_type
401761668,2025,8,regular,Louisiana,Southern Miss,home,canon,pass_attempts,27,19,-8,8,fumble_or_safety_swallows_scrimmage_type
401761668,2025,8,regular,Louisiana,Southern Miss,home,canon,completions,14,12,-2,2,kneel_accounting
401761668,2025,8,regular,Louisiana,Southern Miss,home,canon,net_pass_yards,135,112.0,-23.0,23.0,fumble_or_safety_swallows_scrimmage_type
401761668,2025,8,regular,Louisiana,Southern Miss,home,canon,rush_attempts,48,40,-8,8,fumble_or_safety_swallows_scrimmage_type
401761668,2025,8,regular,Louisiana,Southern Miss,home,canon,rush_yards,217,212.0,-5.0,5.0,fumble_or_safety_swallows_scrimmage_type
401761668,2025,8,regular,Louisiana,Southern Miss,home,canon,turnovers,3,0,-3,3,kneel_accounting
401761668,2025,8,regular,Louisiana,Southern Miss,home,canon,interceptions,2,0,-2,2,kneel_accounting
401761668,2025,8,regular,Louisiana,Southern Miss,home,canon,fumbles_lost,1,0,-1,1,kneel_accounting
401761668,2025,8,regular,Louisiana,Southern Miss,home,canon,third_down_attempts,16,13,-3,3,kneel_accounting
401761668,2025,8,regular,Louisiana,Southern Miss,home,canon,fourth_down_attempts,4,3,-1,1,kneel_accounting
401761668,2025,8,regular,Southern Miss,Louisiana,away,canon,total_plays,59,38,-21,21,fumble_or_safety_swallows_scrimmage_type
401761668,2025,8,regular,Southern Miss,Louisiana,away,canon,total_yards,370,228.0,-142.0,142.0,fumble_or_safety_swallows_scrimmage_type
401761668,2025,8,regular,Southern Miss,Louisiana,away,canon,pass_attempts,18,10,-8,8,fumble_or_safety_swallows_scrimmage_type
401761668,2025,8,regular,Southern Miss,Louisiana,away,canon,completions,13,7,-6,6,kneel_accounting
401761668,2025,8,regular,Southern Miss,Louisiana,away,canon,net_pass_yards,237,147.0,-90.0,90.0,fumble_or_safety_swallows_scrimmage_type
401761668,2025,8,regular,Southern Miss,Louisiana,away,canon,rush_attempts,41,28,-13,13,fumble_or_safety_swallows_scrimmage_type
401761668,2025,8,regular,Southern Miss,Louisiana,away,canon,rush_yards,133,81.0,-52.0,52.0,fumble_or_safety_swallows_scrimmage_type
401761668,2025,8,regular,Southern Miss,Louisiana,away,canon,turnovers,2,1,-1,1,kneel_accounting
401761668,2025,8,regular,Southern Miss,Louisiana,away,canon,interceptions,1,0,-1,1,kneel_accounting
401761668,2025,8,regular,Southern Miss,Louisiana,away,canon,third_down_attempts,13,9,-4,4,kneel_accounting
401761668,2025,8,regular,Southern Miss,Louisiana,away,canon,third_down_conversions,2,1,-1,1,kneel_accounting
401752876,2025,8,regular,Rutgers,Oregon,home,canon,total_plays,69,66,-3,3,fumble_or_safety_swallows_scrimmage_type
401752876,2025,8,regular,Rutgers,Oregon,home,canon,total_yards,202,194.0,-8.0,8.0,fumble_or_safety_swallows_scrimmage_type
401752876,2025,8,regular,Rutgers,Oregon,home,canon,pass_attempts,27,25,-2,2,fumble_or_safety_swallows_scrimmage_type
401752876,2025,8,regular,Rutgers,Oregon,home,canon,rush_attempts,42,41,-1,1,fumble_or_safety_swallows_scrimmage_type
401752876,2025,8,regular,Rutgers,Oregon,home,canon,rush_yards,123,115.0,-8.0,8.0,fumble_or_safety_swallows_scrimmage_type
401752876,2025,8,regular,Rutgers,Oregon,home,canon,turnovers,3,2,-1,1,no_play_penalty
401752876,2025,8,regular,Rutgers,Oregon,home,canon,interceptions,2,1,-1,1,no_play_penalty
401752876,2025,8,regular,Rutgers,Oregon,home,canon,third_down_attempts,18,17,-1,1,no_play_penalty
401752876,2025,8,regular,Oregon,Rutgers,away,canon,total_plays,60,58,-2,2,fumble_or_safety_swallows_scrimmage_type
401752876,2025,8,regular,Oregon,Rutgers,away,canon,total_yards,750,745.0,-5.0,5.0,fumble_or_safety_swallows_scrimmage_type
401752876,2025,8,regular,Oregon,Rutgers,away,canon,pass_attempts,24,23,-1,1,fumble_or_safety_swallows_scrimmage_type
401752876,2025,8,regular,Oregon,Rutgers,away,canon,rush_attempts,36,35,-1,1,fumble_or_safety_swallows_scrimmage_type
401752876,2025,8,regular,Oregon,Rutgers,away,canon,rush_yards,415,410.0,-5.0,5.0,fumble_or_safety_swallows_scrimmage_type
401752876,2025,8,regular,Oregon,Rutgers,away,canon,turnovers,3,0,-3,3,no_play_penalty
401752876,2025,8,regular,Oregon,Rutgers,away,canon,interceptions,1,0,-1,1,no_play_penalty
401752876,2025,8,regular,Oregon,Rutgers,away,canon,fumbles_lost,2,0,-2,2,no_play_penalty
401752876,2025,8,regular,Oregon,Rutgers,away,canon,third_down_attempts,11,10,-1,1,no_play_penalty
401752951,2025,8,regular,Virginia,Washington State,home,canon,total_plays,57,56,-1,1,safety_accounting
401752951,2025,8,regular,Virginia,Washington State,home,canon,total_yards,301,297.0,-4.0,4.0,safety_accounting
401752951,2025,8,regular,Virginia,Washington State,home,canon,rush_attempts,32,31,-1,1,safety_accounting
401752951,2025,8,regular,Virginia,Washington State,home,canon,rush_yards,122,118.0,-4.0,4.0,safety_accounting
401752951,2025,8,regular,Virginia,Washington State,home,canon,turnovers,0,1,1,1,kneel_accounting
401752951,2025,8,regular,Virginia,Washington State,home,canon,interceptions,0,1,1,1,kneel_accounting
401752951,2025,8,regular,Washington State,Virginia,away,canon,total_plays,62,58,-4,4,safety_accounting
401752951,2025,8,regular,Washington State,Virginia,away,canon,total_yards,326,320.0,-6.0,6.0,safety_accounting
401752951,2025,8,regular,Washington State,Virginia,away,canon,pass_attempts,27,25,-2,2,safety_accounting
401752951,2025,8,regular,Washington State,Virginia,away,canon,net_pass_yards,183,184.0,1.0,1.0,safety_accounting
401752951,2025,8,regular,Washington State,Virginia,away,canon,rush_attempts,35,33,-2,2,safety_accounting
401752951,2025,8,regular,Washington State,Virginia,away,canon,rush_yards,143,136.0,-7.0,7.0,safety_accounting
401752951,2025,8,regular,Washington State,Virginia,away,canon,turnovers,2,0,-2,2,kneel_accounting
401752951,2025,8,regular,Washington State,Virginia,away,canon,interceptions,2,0,-2,2,kneel_accounting
401752951,2025,8,regular,Washington State,Virginia,away,canon,third_down_attempts,12,10,-2,2,kneel_accounting
401761630,2025,8,regular,Georgia Southern,Georgia State,home,canon,total_plays,69,67,-2,2,fumble_or_safety_swallows_scrimmage_type
401761630,2025,8,regular,Georgia Southern,Georgia State,home,canon,total_yards,420,414.0,-6.0,6.0,fumble_or_safety_swallows_scrimmage_type
401761630,2025,8,regular,Georgia Southern,Georgia State,home,canon,pass_attempts,27,26,-1,1,fumble_or_safety_swallows_scrimmage_type
401761630,2025,8,regular,Georgia Southern,Georgia State,home,canon,completions,18,17,-1,1,no_play_penalty
401761630,2025,8,regular,Georgia Southern,Georgia State,home,canon,net_pass_yards,212,204.0,-8.0,8.0,fumble_or_safety_swallows_scrimmage_type
401761630,2025,8,regular,Georgia Southern,Georgia State,home,canon,rush_attempts,42,41,-1,1,fumble_or_safety_swallows_scrimmage_type
401761630,2025,8,regular,Georgia Southern,Georgia State,home,canon,rush_yards,208,210.0,2.0,2.0,fumble_or_safety_swallows_scrimmage_type
401761630,2025,8,regular,Georgia Southern,Georgia State,home,canon,third_down_attempts,13,12,-1,1,no_play_penalty
401761630,2025,8,regular,Georgia State,Georgia Southern,away,canon,total_yards,444,454.0,10.0,10.0,duplicate_plays
401761630,2025,8,regular,Georgia State,Georgia Southern,away,canon,pass_attempts,38,39,1,1,duplicate_plays
401761630,2025,8,regular,Georgia State,Georgia Southern,away,canon,net_pass_yards,280,288.0,8.0,8.0,duplicate_plays
401761630,2025,8,regular,Georgia State,Georgia Southern,away,canon,rush_attempts,34,33,-1,1,duplicate_plays
401761630,2025,8,regular,Georgia State,Georgia Southern,away,canon,rush_yards,164,166.0,2.0,2.0,duplicate_plays
401761630,2025,8,regular,Georgia State,Georgia Southern,away,canon,turnovers,1,0,-1,1,no_play_penalty
401761630,2025,8,regular,Georgia State,Georgia Southern,away,canon,fumbles_lost,1,0,-1,1,no_play_penalty
401761630,2025,8,regular,Georgia State,Georgia Southern,away,canon,fourth_down_attempts,2,3,1,1,no_play_penalty
401760394,2025,8,regular,Colorado State,Hawai'i,home,canon,total_yards,261,264.0,3.0,3.0,fumble_or_safety_swallows_scrimmage_type
401760394,2025,8,regular,Colorado State,Hawai'i,home,canon,rush_yards,85,88.0,3.0,3.0,fumble_or_safety_swallows_scrimmage_type
401760394,2025,8,regular,Colorado State,Hawai'i,home,canon,turnovers,1,0,-1,1,no_play_penalty
401760394,2025,8,regular,Colorado State,Hawai'i,home,canon,fumbles_lost,1,0,-1,1,no_play_penalty
401760394,2025,8,regular,Colorado State,Hawai'i,home,canon,third_down_attempts,15,13,-2,2,no_play_penalty
401760394,2025,8,regular,Hawai'i,Colorado State,away,canon,total_plays,66,65,-1,1,fumble_or_safety_swallows_scrimmage_type
401760394,2025,8,regular,Hawai'i,Colorado State,away,canon,pass_attempts,38,37,-1,1,fumble_or_safety_swallows_scrimmage_type
401760394,2025,8,regular,Hawai'i,Colorado State,away,canon,third_down_attempts,14,13,-1,1,no_play_penalty
401752743,2025,8,regular,Kentucky,Texas,home,canon,total_plays,86,84,-2,2,fumble_or_safety_swallows_scrimmage_type
401752743,2025,8,regular,Kentucky,Texas,home,canon,total_yards,395,420.0,25.0,25.0,fumble_or_safety_swallows_scrimmage_type
401752743,2025,8,regular,Kentucky,Texas,home,canon,pass_attempts,40,39,-1,1,fumble_or_safety_swallows_scrimmage_type
401752743,2025,8,regular,Kentucky,Texas,home,canon,net_pass_yards,258,286.0,28.0,28.0,fumble_or_safety_swallows_scrimmage_type
401752743,2025,8,regular,Kentucky,Texas,home,canon,rush_attempts,46,45,-1,1,fumble_or_safety_swallows_scrimmage_type
401752743,2025,8,regular,Kentucky,Texas,home,canon,rush_yards,137,134.0,-3.0,3.0,fumble_or_safety_swallows_scrimmage_type
401752743,2025,8,regular,Kentucky,Texas,home,canon,third_down_attempts,18,17,-1,1,no_play_penalty
401752743,2025,8,regular,Texas,Kentucky,away,canon,total_yards,179,185.0,6.0,6.0,fumble_or_safety_swallows_scrimmage_type
401752743,2025,8,regular,Texas,Kentucky,away,canon,net_pass_yards,132,138.0,6.0,6.0,fumble_or_safety_swallows_scrimmage_type
401752879,2025,8,regular,UCLA,Maryland,home,canon,total_plays,70,72,2,2,fumble_or_safety_swallows_scrimmage_type
401752879,2025,8,regular,UCLA,Maryland,home,canon,total_yards,414,437.0,23.0,23.0,fumble_or_safety_swallows_scrimmage_type
401752879,2025,8,regular,UCLA,Maryland,home,canon,pass_attempts,35,36,1,1,fumble_or_safety_swallows_scrimmage_type
401752879,2025,8,regular,UCLA,Maryland,home,canon,completions,21,22,1,1,accepted_or_declined_penalty
401752879,2025,8,regular,UCLA,Maryland,home,canon,net_pass_yards,221,266.0,45.0,45.0,fumble_or_safety_swallows_scrimmage_type
401752879,2025,8,regular,UCLA,Maryland,home,canon,rush_attempts,35,36,1,1,fumble_or_safety_swallows_scrimmage_type
401752879,2025,8,regular,UCLA,Maryland,home,canon,rush_yards,193,171.0,-22.0,22.0,fumble_or_safety_swallows_scrimmage_type
401752879,2025,8,regular,UCLA,Maryland,home,canon,turnovers,3,2,-1,1,accepted_or_declined_penalty
401752879,2025,8,regular,UCLA,Maryland,home,canon,fumbles_lost,1,0,-1,1,accepted_or_declined_penalty
401752879,2025,8,regular,UCLA,Maryland,home,canon,third_down_attempts,17,18,1,1,accepted_or_declined_penalty
401752879,2025,8,regular,Maryland,UCLA,away,canon,total_plays,74,76,2,2,fumble_or_safety_swallows_scrimmage_type
401752879,2025,8,regular,Maryland,UCLA,away,canon,total_yards,337,375.0,38.0,38.0,fumble_or_safety_swallows_scrimmage_type
401752879,2025,8,regular,Maryland,UCLA,away,canon,pass_attempts,48,50,2,2,fumble_or_safety_swallows_scrimmage_type
401752879,2025,8,regular,Maryland,UCLA,away,canon,net_pass_yards,210,248.0,38.0,38.0,fumble_or_safety_swallows_scrimmage_type
401752879,2025,8,regular,Maryland,UCLA,away,canon,turnovers,2,0,-2,2,accepted_or_declined_penalty
401752879,2025,8,regular,Maryland,UCLA,away,canon,interceptions,1,0,-1,1,accepted_or_declined_penalty
401752879,2025,8,regular,Maryland,UCLA,away,canon,fumbles_lost,1,0,-1,1,accepted_or_declined_penalty
401752879,2025,8,regular,Maryland,UCLA,away,canon,third_down_attempts,17,20,3,3,accepted_or_declined_penalty
401752879,2025,8,regular,Maryland,UCLA,away,canon,third_down_conversions,6,9,3,3,accepted_or_declined_penalty
401752875,2025,8,regular,Iowa,Penn State,home,canon,total_plays,49,47,-2,2,no_play_penalty
401752875,2025,8,regular,Iowa,Penn State,home,canon,total_yards,313,311.0,-2.0,2.0,no_play_penalty
401752875,2025,8,regular,Iowa,Penn State,home,canon,pass_attempts,16,15,-1,1,no_play_penalty
401752875,2025,8,regular,Iowa,Penn State,home,canon,rush_attempts,33,32,-1,1,no_play_penalty
401752875,2025,8,regular,Iowa,Penn State,home,canon,rush_yards,245,243.0,-2.0,2.0,no_play_penalty
401752875,2025,8,regular,Iowa,Penn State,home,canon,third_down_attempts,10,9,-1,1,no_play_penalty
401752875,2025,8,regular,Penn State,Iowa,away,canon,total_plays,74,69,-5,5,no_play_penalty
401752875,2025,8,regular,Penn State,Iowa,away,canon,total_yards,266,277.0,11.0,11.0,no_play_penalty
401752875,2025,8,regular,Penn State,Iowa,away,canon,pass_attempts,28,26,-2,2,no_play_penalty
401752875,2025,8,regular,Penn State,Iowa,away,canon,net_pass_yards,93,97.0,4.0,4.0,no_play_penalty
401752875,2025,8,regular,Penn State,Iowa,away,canon,rush_attempts,46,43,-3,3,no_play_penalty
401752875,2025,8,regular,Penn State,Iowa,away,canon,rush_yards,173,180.0,7.0,7.0,no_play_penalty
401752875,2025,8,regular,Penn State,Iowa,away,canon,third_down_attempts,16,13,-3,3,no_play_penalty
401754568,2025,8,regular,Syracuse,Pittsburgh,home,canon,total_plays,64,61,-3,3,duplicate_plays
401754568,2025,8,regular,Syracuse,Pittsburgh,home,canon,total_yards,212,213.0,1.0,1.0,duplicate_plays
401754568,2025,8,regular,Syracuse,Pittsburgh,home,canon,pass_attempts,34,32,-2,2,duplicate_plays
401754568,2025,8,regular,Syracuse,Pittsburgh,home,canon,net_pass_yards,136,142.0,6.0,6.0,duplicate_plays
401754568,2025,8,regular,Syracuse,Pittsburgh,home,canon,rush_attempts,30,29,-1,1,duplicate_plays
401754568,2025,8,regular,Syracuse,Pittsburgh,home,canon,rush_yards,76,71.0,-5.0,5.0,duplicate_plays
401754568,2025,8,regular,Syracuse,Pittsburgh,home,canon,turnovers,3,2,-1,1,no_play_penalty
401754568,2025,8,regular,Syracuse,Pittsburgh,home,canon,interceptions,3,2,-1,1,no_play_penalty
401754568,2025,8,regular,Syracuse,Pittsburgh,home,canon,third_down_attempts,15,14,-1,1,no_play_penalty
401754568,2025,8,regular,Syracuse,Pittsburgh,home,canon,fourth_down_attempts,3,4,1,1,no_play_penalty
401754568,2025,8,regular,Pittsburgh,Syracuse,away,canon,total_plays,67,63,-4,4,sack_accounting
401754568,2025,8,regular,Pittsburgh,Syracuse,away,canon,total_yards,260,236.0,-24.0,24.0,sack_accounting
401754568,2025,8,regular,Pittsburgh,Syracuse,away,canon,pass_attempts,24,21,-3,3,sack_accounting
401754568,2025,8,regular,Pittsburgh,Syracuse,away,canon,completions,13,11,-2,2,no_play_penalty
401754568,2025,8,regular,Pittsburgh,Syracuse,away,canon,net_pass_yards,143,124.0,-19.0,19.0,sack_accounting
401754568,2025,8,regular,Pittsburgh,Syracuse,away,canon,rush_attempts,43,42,-1,1,sack_accounting
401754568,2025,8,regular,Pittsburgh,Syracuse,away,canon,rush_yards,117,112.0,-5.0,5.0,sack_accounting
401754568,2025,8,regular,Pittsburgh,Syracuse,away,canon,turnovers,1,0,-1,1,no_play_penalty
401754568,2025,8,regular,Pittsburgh,Syracuse,away,canon,interceptions,1,0,-1,1,no_play_penalty
401754568,2025,8,regular,Pittsburgh,Syracuse,away,canon,third_down_attempts,15,13,-2,2,no_play_penalty
401752738,2025,8,regular,Alabama,Tennessee,home,canon,total_plays,61,60,-1,1,fumble_or_safety_swallows_scrimmage_type
401752738,2025,8,regular,Alabama,Tennessee,home,canon,total_yards,373,384.0,11.0,11.0,fumble_or_safety_swallows_scrimmage_type
401752738,2025,8,regular,Alabama,Tennessee,home,canon,rush_attempts,32,31,-1,1,fumble_or_safety_swallows_scrimmage_type
401752738,2025,8,regular,Alabama,Tennessee,home,canon,rush_yards,120,131.0,11.0,11.0,fumble_or_safety_swallows_scrimmage_type
401752738,2025,8,regular,Alabama,Tennessee,home,canon,third_down_attempts,11,10,-1,1,no_play_penalty
401752738,2025,8,regular,Tennessee,Alabama,away,canon,total_yards,410,426.0,16.0,16.0,fumble_or_safety_swallows_scrimmage_type
401752738,2025,8,regular,Tennessee,Alabama,away,canon,pass_attempts,44,43,-1,1,fumble_or_safety_swallows_scrimmage_type
401752738,2025,8,regular,Tennessee,Alabama,away,canon,rush_attempts,33,34,1,1,fumble_or_safety_swallows_scrimmage_type
401752738,2025,8,regular,Tennessee,Alabama,away,canon,rush_yards,142,158.0,16.0,16.0,fumble_or_safety_swallows_scrimmage_type
401752738,2025,8,regular,Tennessee,Alabama,away,canon,third_down_attempts,13,14,1,1,no_play_penalty
401762490,2025,8,regular,Florida Atlantic,South Florida,away,canon,total_plays,88,85,-3,3,fumble_or_safety_swallows_scrimmage_type
401762490,2025,8,regular,Florida Atlantic,South Florida,away,canon,total_yards,312,327.0,15.0,15.0,fumble_or_safety_swallows_scrimmage_type
401762490,2025,8,regular,Florida Atlantic,South Florida,away,canon,pass_attempts,58,56,-2,2,fumble_or_safety_swallows_scrimmage_type
401762490,2025,8,regular,Florida Atlantic,South Florida,away,canon,net_pass_yards,289,297.0,8.0,8.0,fumble_or_safety_swallows_scrimmage_type
401762490,2025,8,regular,Florida Atlantic,South Florida,away,canon,rush_attempts,30,29,-1,1,fumble_or_safety_swallows_scrimmage_type
401762490,2025,8,regular,Florida Atlantic,South Florida,away,canon,rush_yards,23,30.0,7.0,7.0,fumble_or_safety_swallows_scrimmage_type
401762490,2025,8,regular,Florida Atlantic,South Florida,away,canon,turnovers,1,0,-1,1,no_play_penalty
401762490,2025,8,regular,Florida Atlantic,South Florida,away,canon,interceptions,1,0,-1,1,no_play_penalty
401752871,2025,8,regular,Notre Dame,USC,home,canon,third_down_attempts,11,10,-1,1,no_play_penalty
401752871,2025,8,regular,Notre Dame,USC,home,canon,fourth_down_attempts,2,3,1,1,no_play_penalty
401752871,2025,8,regular,USC,Notre Dame,away,canon,total_plays,71,65,-6,6,sack_accounting
401752871,2025,8,regular,USC,Notre Dame,away,canon,total_yards,396,416.0,20.0,20.0,sack_accounting
401752871,2025,8,regular,USC,Notre Dame,away,canon,pass_attempts,42,38,-4,4,sack_accounting
401752871,2025,8,regular,USC,Notre Dame,away,canon,rush_attempts,29,27,-2,2,sack_accounting
401752871,2025,8,regular,USC,Notre Dame,away,canon,rush_yards,68,88.0,20.0,20.0,sack_accounting
401752871,2025,8,regular,USC,Notre Dame,away,canon,third_down_attempts,14,12,-2,2,no_play_penalty
401752740,2025,8,regular,Auburn,Missouri,home,canon,total_plays,71,70,-1,1,sack_accounting
401752740,2025,8,regular,Auburn,Missouri,home,canon,total_yards,357,387.0,30.0,30.0,sack_accounting
401752740,2025,8,regular,Auburn,Missouri,home,canon,pass_attempts,30,29,-1,1,sack_accounting
401752740,2025,8,regular,Auburn,Missouri,home,canon,completions,18,17,-1,1,no_play_penalty
401752740,2025,8,regular,Auburn,Missouri,home,canon,net_pass_yards,207,222.0,15.0,15.0,sack_accounting
401752740,2025,8,regular,Auburn,Missouri,home,canon,rush_yards,150,165.0,15.0,15.0,sack_accounting
401752740,2025,8,regular,Missouri,Auburn,away,canon,total_plays,84,82,-2,2,sack_accounting
401752740,2025,8,regular,Missouri,Auburn,away,canon,total_yards,343,355.0,12.0,12.0,sack_accounting
401752740,2025,8,regular,Missouri,Auburn,away,canon,pass_attempts,40,39,-1,1,sack_accounting
401752740,2025,8,regular,Missouri,Auburn,away,canon,completions,23,25,2,2,no_play_penalty
401752740,2025,8,regular,Missouri,Auburn,away,canon,net_pass_yards,252,265.0,13.0,13.0,sack_accounting
401752740,2025,8,regular,Missouri,Auburn,away,canon,rush_attempts,44,43,-1,1,sack_accounting
401752740,2025,8,regular,Missouri,Auburn,away,canon,rush_yards,91,90.0,-1.0,1.0,sack_accounting
401752740,2025,8,regular,Missouri,Auburn,away,canon,turnovers,2,0,-2,2,no_play_penalty
401752740,2025,8,regular,Missouri,Auburn,away,canon,interceptions,2,0,-2,2,no_play_penalty
401752740,2025,8,regular,Missouri,Auburn,away,canon,third_down_attempts,17,14,-3,3,no_play_penalty
401756926,2025,8,regular,Oklahoma State,Cincinnati,home,canon,total_plays,67,68,1,1,sack_accounting
401756926,2025,8,regular,Oklahoma State,Cincinnati,home,canon,total_yards,377,402.0,25.0,25.0,sack_accounting
401756926,2025,8,regular,Oklahoma State,Cincinnati,home,canon,pass_attempts,19,21,2,2,sack_accounting
401756926,2025,8,regular,Oklahoma State,Cincinnati,home,canon,completions,11,12,1,1,accepted_or_declined_penalty
401756926,2025,8,regular,Oklahoma State,Cincinnati,home,canon,net_pass_yards,149,155.0,6.0,6.0,sack_accounting
401756926,2025,8,regular,Oklahoma State,Cincinnati,home,canon,rush_attempts,48,47,-1,1,sack_accounting
401756926,2025,8,regular,Oklahoma State,Cincinnati,home,canon,rush_yards,228,247.0,19.0,19.0,sack_accounting
401756926,2025,8,regular,Oklahoma State,Cincinnati,home,canon,fourth_down_attempts,3,5,2,2,accepted_or_declined_penalty
401756926,2025,8,regular,Oklahoma State,Cincinnati,home,canon,fourth_down_conversions,1,2,1,1,accepted_or_declined_penalty
401756926,2025,8,regular,Cincinnati,Oklahoma State,away,canon,total_plays,60,63,3,3,sack_accounting
401756926,2025,8,regular,Cincinnati,Oklahoma State,away,canon,total_yards,427,467.0,40.0,40.0,sack_accounting
401756926,2025,8,regular,Cincinnati,Oklahoma State,away,canon,pass_attempts,29,32,3,3,sack_accounting
401756926,2025,8,regular,Cincinnati,Oklahoma State,away,canon,net_pass_yards,270,310.0,40.0,40.0,sack_accounting
401756924,2025,8,regular,BYU,Utah,home,canon,total_plays,66,67,1,1,duplicate_plays
401756924,2025,8,regular,BYU,Utah,home,canon,total_yards,368,378.0,10.0,10.0,duplicate_plays
401756924,2025,8,regular,BYU,Utah,home,canon,pass_attempts,24,25,1,1,duplicate_plays
401756924,2025,8,regular,BYU,Utah,home,canon,net_pass_yards,166,176.0,10.0,10.0,duplicate_plays
401756924,2025,8,regular,BYU,Utah,home,canon,fourth_down_attempts,3,4,1,1,kneel_accounting
401756924,2025,8,regular,Utah,BYU,away,canon,total_plays,73,71,-2,2,fumble_or_safety_swallows_scrimmage_type
401756924,2025,8,regular,Utah,BYU,away,canon,total_yards,470,494.0,24.0,24.0,fumble_or_safety_swallows_scrimmage_type
401756924,2025,8,regular,Utah,BYU,away,canon,pass_attempts,36,35,-1,1,fumble_or_safety_swallows_scrimmage_type
401756924,2025,8,regular,Utah,BYU,away,canon,net_pass_yards,244,258.0,14.0,14.0,fumble_or_safety_swallows_scrimmage_type
401756924,2025,8,regular,Utah,BYU,away,canon,rush_attempts,37,36,-1,1,fumble_or_safety_swallows_scrimmage_type
401756924,2025,8,regular,Utah,BYU,away,canon,rush_yards,226,236.0,10.0,10.0,fumble_or_safety_swallows_scrimmage_type
401756924,2025,8,regular,Utah,BYU,away,canon,turnovers,2,1,-1,1,kneel_accounting
401756924,2025,8,regular,Utah,BYU,away,canon,fumbles_lost,1,0,-1,1,kneel_accounting
401756924,2025,8,regular,Utah,BYU,away,canon,third_down_attempts,12,11,-1,1,kneel_accounting
401756924,2025,8,regular,Utah,BYU,away,canon,third_down_conversions,5,4,-1,1,kneel_accounting
401760395,2025,8,regular,New Mexico,Nevada,home,canon,total_plays,64,63,-1,1,sack_accounting
401760395,2025,8,regular,New Mexico,Nevada,home,canon,total_yards,348,378.0,30.0,30.0,sack_accounting
401760395,2025,8,regular,New Mexico,Nevada,home,canon,pass_attempts,22,23,1,1,sack_accounting
401760395,2025,8,regular,New Mexico,Nevada,home,canon,net_pass_yards,138,164.0,26.0,26.0,sack_accounting
401760395,2025,8,regular,New Mexico,Nevada,home,canon,rush_attempts,42,40,-2,2,sack_accounting
401760395,2025,8,regular,New Mexico,Nevada,home,canon,rush_yards,210,214.0,4.0,4.0,sack_accounting
401760395,2025,8,regular,New Mexico,Nevada,home,canon,turnovers,2,0,-2,2,kneel_accounting
401760395,2025,8,regular,New Mexico,Nevada,home,canon,fumbles_lost,2,0,-2,2,kneel_accounting
401760395,2025,8,regular,New Mexico,Nevada,home,canon,third_down_attempts,13,12,-1,1,kneel_accounting
401760395,2025,8,regular,Nevada,New Mexico,away,canon,total_yards,257,261.0,4.0,4.0,sack_accounting
401760395,2025,8,regular,Nevada,New Mexico,away,canon,net_pass_yards,202,206.0,4.0,4.0,sack_accounting
401754567,2025,8,regular,Stanford,Florida State,home,canon,total_plays,67,65,-2,2,sack_accounting
401754567,2025,8,regular,Stanford,Florida State,home,canon,total_yards,293,287.0,-6.0,6.0,sack_accounting
401754567,2025,8,regular,Stanford,Florida State,home,canon,pass_attempts,25,24,-1,1,sack_accounting
401754567,2025,8,regular,Stanford,Florida State,home,canon,rush_attempts,42,41,-1,1,sack_accounting
401754567,2025,8,regular,Stanford,Florida State,home,canon,rush_yards,132,126.0,-6.0,6.0,sack_accounting
401754567,2025,8,regular,Stanford,Florida State,home,canon,third_down_attempts,16,15,-1,1,no_play_penalty
401754567,2025,8,regular,Florida State,Stanford,away,canon,total_plays,78,77,-1,1,sack_accounting
401754567,2025,8,regular,Florida State,Stanford,away,canon,total_yards,444,447.0,3.0,3.0,sack_accounting
401754567,2025,8,regular,Florida State,Stanford,away,canon,rush_attempts,43,42,-1,1,sack_accounting
401754567,2025,8,regular,Florida State,Stanford,away,canon,rush_yards,133,136.0,3.0,3.0,sack_accounting
401762868,2025,14,regular,Bowling Green,Massachusetts,away,canon,total_plays,57,56,-1,1,fumble_or_safety_swallows_scrimmage_type
401762868,2025,14,regular,Bowling Green,Massachusetts,away,canon,total_yards,406,396.0,-10.0,10.0,fumble_or_safety_swallows_scrimmage_type
401762868,2025,14,regular,Bowling Green,Massachusetts,away,canon,pass_attempts,9,8,-1,1,fumble_or_safety_swallows_scrimmage_type
401762868,2025,14,regular,Bowling Green,Massachusetts,away,canon,completions,7,6,-1,1,kneel_accounting
401762868,2025,14,regular,Bowling Green,Massachusetts,away,canon,net_pass_yards,128,118.0,-10.0,10.0,fumble_or_safety_swallows_scrimmage_type
401762869,2025,14,regular,Eastern Michigan,Western Michigan,home,canon,total_plays,64,62,-2,2,fumble_or_safety_swallows_scrimmage_type
401762869,2025,14,regular,Eastern Michigan,Western Michigan,home,canon,total_yards,461,494.0,33.0,33.0,fumble_or_safety_swallows_scrimmage_type
401762869,2025,14,regular,Eastern Michigan,Western Michigan,home,canon,pass_attempts,41,39,-2,2,fumble_or_safety_swallows_scrimmage_type
401762869,2025,14,regular,Eastern Michigan,Western Michigan,home,canon,rush_yards,134,167.0,33.0,33.0,fumble_or_safety_swallows_scrimmage_type
401762869,2025,14,regular,Eastern Michigan,Western Michigan,home,canon,turnovers,5,2,-3,3,kneel_accounting
401762869,2025,14,regular,Eastern Michigan,Western Michigan,home,canon,interceptions,3,1,-2,2,kneel_accounting
401762869,2025,14,regular,Eastern Michigan,Western Michigan,home,canon,fumbles_lost,2,1,-1,1,kneel_accounting
401762869,2025,14,regular,Eastern Michigan,Western Michigan,home,canon,third_down_attempts,12,9,-3,3,kneel_accounting
401762869,2025,14,regular,Western Michigan,Eastern Michigan,away,canon,total_plays,64,63,-1,1,fumble_or_safety_swallows_scrimmage_type
401762869,2025,14,regular,Western Michigan,Eastern Michigan,away,canon,total_yards,378,368.0,-10.0,10.0,fumble_or_safety_swallows_scrimmage_type
401762869,2025,14,regular,Western Michigan,Eastern Michigan,away,canon,pass_attempts,15,14,-1,1,fumble_or_safety_swallows_scrimmage_type
401762869,2025,14,regular,Western Michigan,Eastern Michigan,away,canon,completions,7,6,-1,1,kneel_accounting
401762869,2025,14,regular,Western Michigan,Eastern Michigan,away,canon,net_pass_yards,100,90.0,-10.0,10.0,fumble_or_safety_swallows_scrimmage_type
401762516,2025,14,regular,Navy,Memphis,away,canon,turnovers,1,0,-1,1,kneel_accounting
401762516,2025,14,regular,Navy,Memphis,away,canon,fumbles_lost,1,0,-1,1,kneel_accounting
401762516,2025,14,regular,Navy,Memphis,away,canon,third_down_attempts,15,13,-2,2,kneel_accounting
401762871,2025,14,regular,Northern Illinois,Kent State,home,canon,turnovers,1,2,1,1,kneel_accounting
401762871,2025,14,regular,Northern Illinois,Kent State,home,canon,fumbles_lost,1,2,1,1,kneel_accounting
401762871,2025,14,regular,Kent State,Northern Illinois,away,canon,total_yards,438,472.0,34.0,34.0,fumble_or_safety_swallows_scrimmage_type
401762871,2025,14,regular,Kent State,Northern Illinois,away,canon,net_pass_yards,207,241.0,34.0,34.0,fumble_or_safety_swallows_scrimmage_type
401762871,2025,14,regular,Kent State,Northern Illinois,away,canon,turnovers,2,1,-1,1,kneel_accounting
401762871,2025,14,regular,Kent State,Northern Illinois,away,canon,fumbles_lost,1,0,-1,1,kneel_accounting
401762871,2025,14,regular,Kent State,Northern Illinois,away,canon,third_down_attempts,9,8,-1,1,kneel_accounting
401762870,2025,14,regular,Buffalo,Ohio,home,canon,total_plays,60,59,-1,1,fumble_or_safety_swallows_scrimmage_type
401762870,2025,14,regular,Buffalo,Ohio,home,canon,pass_attempts,28,27,-1,1,fumble_or_safety_swallows_scrimmage_type
401762870,2025,14,regular,Buffalo,Ohio,home,canon,third_down_attempts,12,11,-1,1,spike_accounting
401762870,2025,14,regular,Ohio,Buffalo,away,canon,total_yards,506,504.0,-2.0,2.0,fumble_or_safety_swallows_scrimmage_type
401762870,2025,14,regular,Ohio,Buffalo,away,canon,net_pass_yards,147,143.0,-4.0,4.0,fumble_or_safety_swallows_scrimmage_type
401762870,2025,14,regular,Ohio,Buffalo,away,canon,rush_yards,359,361.0,2.0,2.0,fumble_or_safety_swallows_scrimmage_type
401762870,2025,14,regular,Ohio,Buffalo,away,canon,turnovers,3,2,-1,1,spike_accounting
401762870,2025,14,regular,Ohio,Buffalo,away,canon,fumbles_lost,2,1,-1,1,spike_accounting
401762870,2025,14,regular,Ohio,Buffalo,away,canon,third_down_attempts,17,15,-2,2,spike_accounting
401756964,2025,14,regular,Kansas,Utah,home,canon,total_plays,78,76,-2,2,fumble_or_safety_swallows_scrimmage_type
401756964,2025,14,regular,Kansas,Utah,home,canon,total_yards,477,481.0,4.0,4.0,fumble_or_safety_swallows_scrimmage_type
401756964,2025,14,regular,Kansas,Utah,home,canon,pass_attempts,27,25,-2,2,fumble_or_safety_swallows_scrimmage_type
401756964,2025,14,regular,Kansas,Utah,home,canon,rush_yards,290,294.0,4.0,4.0,fumble_or_safety_swallows_scrimmage_type
401756964,2025,14,regular,Kansas,Utah,home,canon,turnovers,3,4,1,1,kneel_accounting
401756964,2025,14,regular,Kansas,Utah,home,canon,fumbles_lost,0,1,1,1,kneel_accounting
401756964,2025,14,regular,Kansas,Utah,home,canon,third_down_attempts,15,13,-2,2,kneel_accounting
401756964,2025,14,regular,Utah,Kansas,away,canon,turnovers,1,0,-1,1,kneel_accounting
401756964,2025,14,regular,Utah,Kansas,away,canon,fumbles_lost,1,0,-1,1,kneel_accounting
401756964,2025,14,regular,Utah,Kansas,away,canon,third_down_attempts,13,12,-1,1,kneel_accounting
401752788,2025,14,regular,Mississippi State,Ole Miss,home,canon,total_plays,74,73,-1,1,fumble_or_safety_swallows_scrimmage_type
401752788,2025,14,regular,Mississippi State,Ole Miss,home,canon,pass_attempts,31,30,-1,1,fumble_or_safety_swallows_scrimmage_type
401752788,2025,14,regular,Ole Miss,Mississippi State,away,canon,total_plays,75,76,1,1,fumble_or_safety_swallows_scrimmage_type
401752788,2025,14,regular,Ole Miss,Mississippi State,away,canon,total_yards,545,549.0,4.0,4.0,fumble_or_safety_swallows_scrimmage_type
401752788,2025,14,regular,Ole Miss,Mississippi State,away,canon,pass_attempts,34,35,1,1,fumble_or_safety_swallows_scrimmage_type
401752788,2025,14,regular,Ole Miss,Mississippi State,away,canon,completions,23,24,1,1,kneel_accounting
401752788,2025,14,regular,Ole Miss,Mississippi State,away,canon,net_pass_yards,359,363.0,4.0,4.0,fumble_or_safety_swallows_scrimmage_type
401752916,2025,14,regular,Nebraska,Iowa,home,canon,turnovers,1,0,-1,1,kneel_accounting
401752916,2025,14,regular,Nebraska,Iowa,home,canon,fumbles_lost,1,0,-1,1,kneel_accounting
401752916,2025,14,regular,Iowa,Nebraska,away,canon,turnovers,1,0,-1,1,kneel_accounting
401752916,2025,14,regular,Iowa,Nebraska,away,canon,fumbles_lost,1,0,-1,1,kneel_accounting
401760421,2025,14,regular,Colorado State,Air Force,home,canon,total_yards,335,337.0,2.0,2.0,sack_accounting
401760421,2025,14,regular,Colorado State,Air Force,home,canon,net_pass_yards,323,325.0,2.0,2.0,sack_accounting
401760421,2025,14,regular,Colorado State,Air Force,home,canon,third_down_attempts,8,9,1,1,no_play_penalty
401752786,2025,14,regular,Georgia,Georgia Tech,away,canon,total_plays,67,66,-1,1,sack_accounting
401752786,2025,14,regular,Georgia,Georgia Tech,away,canon,pass_attempts,21,20,-1,1,sack_accounting
401752786,2025,14,regular,Georgia,Georgia Tech,away,canon,third_down_attempts,14,13,-1,1,kneel_accounting
401760426,2025,14,regular,New Mexico,San Diego State,home,canon,total_plays,60,59,-1,1,fumble_or_safety_swallows_scrimmage_type
401760426,2025,14,regular,New Mexico,San Diego State,home,canon,total_yards,308,283.0,-25.0,25.0,fumble_or_safety_swallows_scrimmage_type
401760426,2025,14,regular,New Mexico,San Diego State,home,canon,pass_attempts,25,24,-1,1,fumble_or_safety_swallows_scrimmage_type
401760426,2025,14,regular,New Mexico,San Diego State,home,canon,completions,14,13,-1,1,no_play_penalty
401760426,2025,14,regular,New Mexico,San Diego State,home,canon,net_pass_yards,127,102.0,-25.0,25.0,fumble_or_safety_swallows_scrimmage_type
401760426,2025,14,regular,New Mexico,San Diego State,home,canon,turnovers,1,2,1,1,no_play_penalty
401760426,2025,14,regular,New Mexico,San Diego State,home,canon,interceptions,0,1,1,1,no_play_penalty
401760426,2025,14,regular,San Diego State,New Mexico,away,canon,total_plays,66,65,-1,1,fumble_or_safety_swallows_scrimmage_type
401760426,2025,14,regular,San Diego State,New Mexico,away,canon,pass_attempts,24,23,-1,1,fumble_or_safety_swallows_scrimmage_type
401760426,2025,14,regular,San Diego State,New Mexico,away,canon,turnovers,2,0,-2,2,no_play_penalty
401760426,2025,14,regular,San Diego State,New Mexico,away,canon,interceptions,1,0,-1,1,no_play_penalty
401760426,2025,14,regular,San Diego State,New Mexico,away,canon,fumbles_lost,1,0,-1,1,no_play_penalty
401762442,2025,14,regular,North Texas,Temple,home,canon,total_plays,64,63,-1,1,fumble_or_safety_swallows_scrimmage_type
401762442,2025,14,regular,North Texas,Temple,home,canon,total_yards,605,608.0,3.0,3.0,fumble_or_safety_swallows_scrimmage_type
401762442,2025,14,regular,North Texas,Temple,home,canon,rush_attempts,40,39,-1,1,fumble_or_safety_swallows_scrimmage_type
401762442,2025,14,regular,North Texas,Temple,home,canon,rush_yards,239,242.0,3.0,3.0,fumble_or_safety_swallows_scrimmage_type
401762442,2025,14,regular,North Texas,Temple,home,canon,third_down_attempts,9,8,-1,1,kneel_accounting
401762442,2025,14,regular,Temple,North Texas,away,canon,total_plays,70,69,-1,1,fumble_or_safety_swallows_scrimmage_type
401762442,2025,14,regular,Temple,North Texas,away,canon,pass_attempts,33,32,-1,1,fumble_or_safety_swallows_scrimmage_type
401762442,2025,14,regular,Temple,North Texas,away,canon,third_down_attempts,15,14,-1,1,kneel_accounting
401760422,2025,14,regular,Utah State,Boise State,home,canon,turnovers,1,0,-1,1,kneel_accounting
401760422,2025,14,regular,Utah State,Boise State,home,canon,fumbles_lost,1,0,-1,1,kneel_accounting
401760422,2025,14,regular,Boise State,Utah State,away,canon,total_yards,512,513.0,1.0,1.0,fumble_or_safety_swallows_scrimmage_type
401760422,2025,14,regular,Boise State,Utah State,away,canon,rush_yards,171,172.0,1.0,1.0,fumble_or_safety_swallows_scrimmage_type
401760422,2025,14,regular,Boise State,Utah State,away,canon,turnovers,1,2,1,1,kneel_accounting
401760422,2025,14,regular,Boise State,Utah State,away,canon,fumbles_lost,1,2,1,1,kneel_accounting
401752792,2025,14,regular,Texas,Texas A&M,home,canon,total_plays,66,67,1,1,sack_accounting
401752792,2025,14,regular,Texas,Texas A&M,home,canon,total_yards,397,404.0,7.0,7.0,sack_accounting
401752792,2025,14,regular,Texas,Texas A&M,home,canon,rush_attempts,35,36,1,1,sack_accounting
401752792,2025,14,regular,Texas,Texas A&M,home,canon,rush_yards,218,225.0,7.0,7.0,sack_accounting
401752792,2025,14,regular,Texas A&M,Texas,away,canon,total_plays,66,65,-1,1,sack_accounting
401752792,2025,14,regular,Texas A&M,Texas,away,canon,pass_attempts,32,31,-1,1,sack_accounting
401752792,2025,14,regular,Texas A&M,Texas,away,canon,turnovers,2,1,-1,1,kneel_accounting
401752792,2025,14,regular,Texas A&M,Texas,away,canon,interceptions,2,1,-1,1,kneel_accounting
401752924,2025,14,regular,Purdue,Indiana,home,canon,turnovers,2,1,-1,1,no_play_penalty
401752924,2025,14,regular,Purdue,Indiana,home,canon,fumbles_lost,1,0,-1,1,no_play_penalty
401752924,2025,14,regular,Purdue,Indiana,home,canon,third_down_attempts,19,18,-1,1,no_play_penalty
401756961,2025,14,regular,Arizona State,Arizona,home,canon,total_plays,52,51,-1,1,fumble_or_safety_swallows_scrimmage_type
401756961,2025,14,regular,Arizona State,Arizona,home,canon,pass_attempts,25,24,-1,1,fumble_or_safety_swallows_scrimmage_type
401756961,2025,14,regular,Arizona State,Arizona,home,canon,third_down_attempts,11,9,-2,2,kneel_accounting
401756961,2025,14,regular,Arizona,Arizona State,away,canon,total_plays,89,88,-1,1,fumble_or_safety_swallows_scrimmage_type
401756961,2025,14,regular,Arizona,Arizona State,away,canon,total_yards,374,373.0,-1.0,1.0,fumble_or_safety_swallows_scrimmage_type
401756961,2025,14,regular,Arizona,Arizona State,away,canon,rush_attempts,44,43,-1,1,fumble_or_safety_swallows_scrimmage_type
401756961,2025,14,regular,Arizona,Arizona State,away,canon,rush_yards,88,87.0,-1.0,1.0,fumble_or_safety_swallows_scrimmage_type
401756965,2025,14,regular,Colorado,Kansas State,away,canon,total_plays,72,71,-1,1,sack_accounting
401756965,2025,14,regular,Colorado,Kansas State,away,canon,pass_attempts,25,24,-1,1,sack_accounting
401756965,2025,14,regular,Colorado,Kansas State,away,canon,third_down_attempts,17,16,-1,1,kneel_accounting
401762872,2025,14,regular,Central Michigan,Toledo,home,canon,total_yards,323,226.0,-97.0,97.0,fumble_or_safety_swallows_scrimmage_type
401762872,2025,14,regular,Central Michigan,Toledo,home,canon,net_pass_yards,242,145.0,-97.0,97.0,fumble_or_safety_swallows_scrimmage_type
401754611,2025,14,regular,Miami,Pittsburgh,away,canon,total_yards,416,424.0,8.0,8.0,fumble_or_safety_swallows_scrimmage_type
401754611,2025,14,regular,Miami,Pittsburgh,away,canon,net_pass_yards,276,284.0,8.0,8.0,fumble_or_safety_swallows_scrimmage_type
401754611,2025,14,regular,Miami,Pittsburgh,away,canon,third_down_conversions,5,4,-1,1,kneel_accounting
401762875,2025,14,regular,Miami (OH),Ball State,home,canon,total_plays,66,65,-1,1,fumble_or_safety_swallows_scrimmage_type
401762875,2025,14,regular,Miami (OH),Ball State,home,canon,total_yards,458,456.0,-2.0,2.0,fumble_or_safety_swallows_scrimmage_type
401762875,2025,14,regular,Miami (OH),Ball State,home,canon,rush_attempts,42,41,-1,1,fumble_or_safety_swallows_scrimmage_type
401762875,2025,14,regular,Miami (OH),Ball State,home,canon,rush_yards,232,230.0,-2.0,2.0,fumble_or_safety_swallows_scrimmage_type
401762875,2025,14,regular,Ball State,Miami (OH),away,canon,total_yards,280,299.0,19.0,19.0,fumble_or_safety_swallows_scrimmage_type
401762875,2025,14,regular,Ball State,Miami (OH),away,canon,rush_yards,103,122.0,19.0,19.0,fumble_or_safety_swallows_scrimmage_type
401762875,2025,14,regular,Ball State,Miami (OH),away,canon,third_down_attempts,13,12,-1,1,kneel_accounting
401752790,2025,14,regular,South Carolina,Clemson,home,canon,total_plays,61,60,-1,1,fumble_or_safety_swallows_scrimmage_type
401752790,2025,14,regular,South Carolina,Clemson,home,canon,total_yards,422,425.0,3.0,3.0,fumble_or_safety_swallows_scrimmage_type
401752790,2025,14,regular,South Carolina,Clemson,home,canon,pass_attempts,42,41,-1,1,fumble_or_safety_swallows_scrimmage_type
401752790,2025,14,regular,South Carolina,Clemson,home,canon,rush_yards,41,44.0,3.0,3.0,fumble_or_safety_swallows_scrimmage_type
401752790,2025,14,regular,South Carolina,Clemson,home,canon,turnovers,4,3,-1,1,no_play_penalty
401752790,2025,14,regular,South Carolina,Clemson,home,canon,interceptions,2,1,-1,1,no_play_penalty
401752790,2025,14,regular,South Carolina,Clemson,home,canon,third_down_attempts,11,10,-1,1,no_play_penalty
401752787,2025,14,regular,Kentucky,Louisville,away,canon,total_yards,140,137.0,-3.0,3.0,fumble_or_safety_swallows_scrimmage_type
401752787,2025,14,regular,Kentucky,Louisville,away,canon,completions,13,14,1,1,spike_accounting
401752787,2025,14,regular,Kentucky,Louisville,away,canon,net_pass_yards,100,97.0,-3.0,3.0,fumble_or_safety_swallows_scrimmage_type
401752787,2025,14,regular,Kentucky,Louisville,away,canon,turnovers,2,0,-2,2,spike_accounting
401752787,2025,14,regular,Kentucky,Louisville,away,canon,interceptions,2,0,-2,2,spike_accounting
401752787,2025,14,regular,Kentucky,Louisville,away,canon,third_down_attempts,13,14,1,1,spike_accounting
401756962,2025,14,regular,Baylor,Houston,home,canon,total_yards,421,425.0,4.0,4.0,fumble_or_safety_swallows_scrimmage_type
401756962,2025,14,regular,Baylor,Houston,home,canon,rush_yards,112,116.0,4.0,4.0,fumble_or_safety_swallows_scrimmage_type
401756962,2025,14,regular,Baylor,Houston,home,canon,turnovers,2,1,-1,1,kneel_accounting
401756962,2025,14,regular,Baylor,Houston,home,canon,fumbles_lost,1,0,-1,1,kneel_accounting
401756962,2025,14,regular,Houston,Baylor,away,canon,total_plays,79,72,-7,7,fumble_or_safety_swallows_scrimmage_type
401756962,2025,14,regular,Houston,Baylor,away,canon,total_yards,417,363.0,-54.0,54.0,fumble_or_safety_swallows_scrimmage_type
401756962,2025,14,regular,Houston,Baylor,away,canon,pass_attempts,31,26,-5,5,fumble_or_safety_swallows_scrimmage_type
401756962,2025,14,regular,Houston,Baylor,away,canon,completions,21,18,-3,3,kneel_accounting
401756962,2025,14,regular,Houston,Baylor,away,canon,net_pass_yards,201,173.0,-28.0,28.0,fumble_or_safety_swallows_scrimmage_type
401756962,2025,14,regular,Houston,Baylor,away,canon,rush_attempts,48,46,-2,2,fumble_or_safety_swallows_scrimmage_type
401756962,2025,14,regular,Houston,Baylor,away,canon,rush_yards,216,190.0,-26.0,26.0,fumble_or_safety_swallows_scrimmage_type
401756962,2025,14,regular,Houston,Baylor,away,canon,third_down_attempts,14,13,-1,1,kneel_accounting
401756962,2025,14,regular,Houston,Baylor,away,canon,third_down_conversions,5,4,-1,1,kneel_accounting
401762519,2025,14,regular,Florida Atlantic,East Carolina,home,canon,total_plays,73,70,-3,3,fumble_or_safety_swallows_scrimmage_type
401762519,2025,14,regular,Florida Atlantic,East Carolina,home,canon,pass_attempts,51,48,-3,3,fumble_or_safety_swallows_scrimmage_type
401762519,2025,14,regular,Florida Atlantic,East Carolina,home,canon,turnovers,5,2,-3,3,kneel_accounting
401762519,2025,14,regular,Florida Atlantic,East Carolina,home,canon,interceptions,3,2,-1,1,kneel_accounting
401762519,2025,14,regular,Florida Atlantic,East Carolina,home,canon,fumbles_lost,2,0,-2,2,kneel_accounting
401762519,2025,14,regular,Florida Atlantic,East Carolina,home,canon,third_down_attempts,15,14,-1,1,kneel_accounting
401762519,2025,14,regular,Florida Atlantic,East Carolina,home,canon,third_down_conversions,3,4,1,1,kneel_accounting
401762519,2025,14,regular,East Carolina,Florida Atlantic,away,canon,total_yards,524,523.0,-1.0,1.0,fumble_or_safety_swallows_scrimmage_type
401762519,2025,14,regular,East Carolina,Florida Atlantic,away,canon,rush_yards,266,265.0,-1.0,1.0,fumble_or_safety_swallows_scrimmage_type
401762519,2025,14,regular,East Carolina,Florida Atlantic,away,canon,third_down_attempts,17,18,1,1,kneel_accounting
401762519,2025,14,regular,East Carolina,Florida Atlantic,away,canon,third_down_conversions,12,13,1,1,kneel_accounting
401752921,2025,14,regular,Michigan,Ohio State,home,canon,total_plays,42,41,-1,1,sack_accounting
401752921,2025,14,regular,Michigan,Ohio State,home,canon,pass_attempts,18,17,-1,1,sack_accounting
401752921,2025,14,regular,Michigan,Ohio State,home,canon,turnovers,1,0,-1,1,kneel_accounting
401752921,2025,14,regular,Michigan,Ohio State,home,canon,interceptions,1,0,-1,1,kneel_accounting
401752921,2025,14,regular,Michigan,Ohio State,home,canon,fourth_down_attempts,1,0,-1,1,kneel_accounting
401752921,2025,14,regular,Ohio State,Michigan,away,canon,total_plays,73,72,-1,1,sack_accounting
401752921,2025,14,regular,Ohio State,Michigan,away,canon,pass_attempts,26,25,-1,1,sack_accounting
401752921,2025,14,regular,Ohio State,Michigan,away,canon,third_down_conversions,10,12,2,2,kneel_accounting
401756968,2025,14,regular,West Virginia,Texas Tech,home,canon,total_plays,54,53,-1,1,fumble_or_safety_swallows_scrimmage_type
401756968,2025,14,regular,West Virginia,Texas Tech,home,canon,total_yards,180,181.0,1.0,1.0,fumble_or_safety_swallows_scrimmage_type
401756968,2025,14,regular,West Virginia,Texas Tech,home,canon,pass_attempts,32,31,-1,1,fumble_or_safety_swallows_scrimmage_type
401756968,2025,14,regular,West Virginia,Texas Tech,home,canon,rush_yards,37,38.0,1.0,1.0,fumble_or_safety_swallows_scrimmage_type
401756968,2025,14,regular,West Virginia,Texas Tech,home,canon,turnovers,2,0,-2,2,kneel_accounting
401756968,2025,14,regular,West Virginia,Texas Tech,home,canon,interceptions,2,0,-2,2,kneel_accounting
401756968,2025,14,regular,West Virginia,Texas Tech,home,canon,third_down_attempts,13,11,-2,2,kneel_accounting
401756968,2025,14,regular,Texas Tech,West Virginia,away,canon,total_yards,572,583.0,11.0,11.0,fumble_or_safety_swallows_scrimmage_type
401756968,2025,14,regular,Texas Tech,West Virginia,away,canon,rush_yards,188,199.0,11.0,11.0,fumble_or_safety_swallows_scrimmage_type
401756968,2025,14,regular,Texas Tech,West Virginia,away,canon,turnovers,2,0,-2,2,kneel_accounting
401756968,2025,14,regular,Texas Tech,West Virginia,away,canon,interceptions,1,0,-1,1,kneel_accounting
401756968,2025,14,regular,Texas Tech,West Virginia,away,canon,fumbles_lost,1,0,-1,1,kneel_accounting
401756966,2025,14,regular,Oklahoma State,Iowa State,home,canon,turnovers,2,1,-1,1,no_play_penalty
401756966,2025,14,regular,Oklahoma State,Iowa State,home,canon,interceptions,1,0,-1,1,no_play_penalty
401756966,2025,14,regular,Oklahoma State,Iowa State,home,canon,third_down_attempts,13,12,-1,1,no_play_penalty
401756966,2025,14,regular,Iowa State,Oklahoma State,away,canon,total_plays,66,59,-7,7,fumble_or_safety_swallows_scrimmage_type
401756966,2025,14,regular,Iowa State,Oklahoma State,away,canon,total_yards,344,307.0,-37.0,37.0,fumble_or_safety_swallows_scrimmage_type
401756966,2025,14,regular,Iowa State,Oklahoma State,away,canon,pass_attempts,18,16,-2,2,fumble_or_safety_swallows_scrimmage_type
401756966,2025,14,regular,Iowa State,Oklahoma State,away,canon,completions,9,7,-2,2,no_play_penalty
401756966,2025,14,regular,Iowa State,Oklahoma State,away,canon,net_pass_yards,113,89.0,-24.0,24.0,fumble_or_safety_swallows_scrimmage_type
401756966,2025,14,regular,Iowa State,Oklahoma State,away,canon,rush_attempts,48,43,-5,5,fumble_or_safety_swallows_scrimmage_type
401756966,2025,14,regular,Iowa State,Oklahoma State,away,canon,rush_yards,231,218.0,-13.0,13.0,fumble_or_safety_swallows_scrimmage_type
401756966,2025,14,regular,Iowa State,Oklahoma State,away,canon,turnovers,1,0,-1,1,no_play_penalty
401756966,2025,14,regular,Iowa State,Oklahoma State,away,canon,fumbles_lost,1,0,-1,1,no_play_penalty
401756966,2025,14,regular,Iowa State,Oklahoma State,away,canon,third_down_attempts,14,13,-1,1,no_play_penalty
401756966,2025,14,regular,Iowa State,Oklahoma State,away,canon,fourth_down_attempts,2,1,-1,1,no_play_penalty
401756966,2025,14,regular,Iowa State,Oklahoma State,away,canon,fourth_down_conversions,2,1,-1,1,no_play_penalty
401757311,2025,14,regular,Sam Houston,Florida International,home,canon,total_plays,71,69,-2,2,fumble_or_safety_swallows_scrimmage_type
401757311,2025,14,regular,Sam Houston,Florida International,home,canon,total_yards,359,363.0,4.0,4.0,fumble_or_safety_swallows_scrimmage_type
401757311,2025,14,regular,Sam Houston,Florida International,home,canon,pass_attempts,33,31,-2,2,fumble_or_safety_swallows_scrimmage_type
401757311,2025,14,regular,Sam Houston,Florida International,home,canon,rush_yards,196,200.0,4.0,4.0,fumble_or_safety_swallows_scrimmage_type
401757311,2025,14,regular,Sam Houston,Florida International,home,canon,turnovers,4,2,-2,2,no_play_penalty
401757311,2025,14,regular,Sam Houston,Florida International,home,canon,fumbles_lost,2,0,-2,2,no_play_penalty
401757311,2025,14,regular,Florida International,Sam Houston,away,canon,total_plays,64,62,-2,2,fumble_or_safety_swallows_scrimmage_type
401757311,2025,14,regular,Florida International,Sam Houston,away,canon,total_yards,594,559.0,-35.0,35.0,fumble_or_safety_swallows_scrimmage_type
401757311,2025,14,regular,Florida International,Sam Houston,away,canon,pass_attempts,24,22,-2,2,fumble_or_safety_swallows_scrimmage_type
401757311,2025,14,regular,Florida International,Sam Houston,away,canon,completions,15,14,-1,1,no_play_penalty
401757311,2025,14,regular,Florida International,Sam Houston,away,canon,net_pass_yards,291,256.0,-35.0,35.0,fumble_or_safety_swallows_scrimmage_type
401757311,2025,14,regular,Florida International,Sam Houston,away,canon,turnovers,1,0,-1,1,no_play_penalty
401757311,2025,14,regular,Florida International,Sam Houston,away,canon,interceptions,1,0,-1,1,no_play_penalty
401757311,2025,14,regular,Florida International,Sam Houston,away,canon,third_down_attempts,12,10,-2,2,no_play_penalty
401757311,2025,14,regular,Florida International,Sam Houston,away,canon,third_down_conversions,4,3,-1,1,no_play_penalty
401757310,2025,14,regular,Delaware,UTEP,home,canon,total_plays,74,75,1,1,fumble_or_safety_swallows_scrimmage_type
401757310,2025,14,regular,Delaware,UTEP,home,canon,total_yards,527,541.0,14.0,14.0,fumble_or_safety_swallows_scrimmage_type
401757310,2025,14,regular,Delaware,UTEP,home,canon,pass_attempts,37,38,1,1,fumble_or_safety_swallows_scrimmage_type
401757310,2025,14,regular,Delaware,UTEP,home,canon,net_pass_yards,311,326.0,15.0,15.0,fumble_or_safety_swallows_scrimmage_type
401757310,2025,14,regular,Delaware,UTEP,home,canon,rush_yards,216,215.0,-1.0,1.0,fumble_or_safety_swallows_scrimmage_type
401757310,2025,14,regular,Delaware,UTEP,home,canon,turnovers,1,0,-1,1,kneel_accounting
401757310,2025,14,regular,Delaware,UTEP,home,canon,fumbles_lost,1,0,-1,1,kneel_accounting
401757310,2025,14,regular,Delaware,UTEP,home,canon,third_down_conversions,2,3,1,1,kneel_accounting
401757310,2025,14,regular,UTEP,Delaware,away,canon,total_plays,74,73,-1,1,fumble_or_safety_swallows_scrimmage_type
401757310,2025,14,regular,UTEP,Delaware,away,canon,total_yards,370,442.0,72.0,72.0,fumble_or_safety_swallows_scrimmage_type
401757310,2025,14,regular,UTEP,Delaware,away,canon,pass_attempts,41,40,-1,1,fumble_or_safety_swallows_scrimmage_type
401757310,2025,14,regular,UTEP,Delaware,away,canon,completions,23,24,1,1,kneel_accounting
401757310,2025,14,regular,UTEP,Delaware,away,canon,net_pass_yards,344,395.0,51.0,51.0,fumble_or_safety_swallows_scrimmage_type
401757310,2025,14,regular,UTEP,Delaware,away,canon,rush_yards,26,47.0,21.0,21.0,fumble_or_safety_swallows_scrimmage_type
401757310,2025,14,regular,UTEP,Delaware,away,canon,turnovers,6,3,-3,3,kneel_accounting
401757310,2025,14,regular,UTEP,Delaware,away,canon,interceptions,5,2,-3,3,kneel_accounting
401757310,2025,14,regular,UTEP,Delaware,away,canon,third_down_conversions,5,6,1,1,kneel_accounting
401757310,2025,14,regular,UTEP,Delaware,away,canon,fourth_down_attempts,4,3,-1,1,kneel_accounting
401756963,2025,14,regular,UCF,BYU,away,canon,total_plays,60,59,-1,1,fumble_or_safety_swallows_scrimmage_type
401756963,2025,14,regular,UCF,BYU,away,canon,total_yards,296,268.0,-28.0,28.0,fumble_or_safety_swallows_scrimmage_type
401756963,2025,14,regular,UCF,BYU,away,canon,pass_attempts,41,40,-1,1,fumble_or_safety_swallows_scrimmage_type
401756963,2025,14,regular,UCF,BYU,away,canon,completions,24,23,-1,1,kneel_accounting
401756963,2025,14,regular,UCF,BYU,away,canon,net_pass_yards,254,226.0,-28.0,28.0,fumble_or_safety_swallows_scrimmage_type
401756963,2025,14,regular,UCF,BYU,away,canon,turnovers,2,1,-1,1,kneel_accounting
401756963,2025,14,regular,UCF,BYU,away,canon,fumbles_lost,1,0,-1,1,kneel_accounting
401756963,2025,14,regular,UCF,BYU,away,canon,third_down_attempts,13,12,-1,1,kneel_accounting
401756963,2025,14,regular,UCF,BYU,away,canon,third_down_conversions,6,5,-1,1,kneel_accounting
401761663,2025,14,regular,Marshall,Georgia Southern,home,canon,total_plays,51,50,-1,1,fumble_or_safety_swallows_scrimmage_type
401761663,2025,14,regular,Marshall,Georgia Southern,home,canon,pass_attempts,35,34,-1,1,fumble_or_safety_swallows_scrimmage_type
401761663,2025,14,regular,Marshall,Georgia Southern,home,canon,turnovers,1,0,-1,1,kneel_accounting
401761663,2025,14,regular,Marshall,Georgia Southern,home,canon,interceptions,1,0,-1,1,kneel_accounting
401761663,2025,14,regular,Marshall,Georgia Southern,home,canon,third_down_attempts,10,9,-1,1,kneel_accounting
401757314,2025,14,regular,Missouri State,Louisiana Tech,home,canon,turnovers,1,0,-1,1,kneel_accounting
401757314,2025,14,regular,Missouri State,Louisiana Tech,home,canon,interceptions,1,0,-1,1,kneel_accounting
401757314,2025,14,regular,Louisiana Tech,Missouri State,away,canon,third_down_attempts,13,14,1,1,kneel_accounting
401761664,2025,14,regular,Old Dominion,Georgia State,home,canon,total_plays,76,74,-2,2,fumble_or_safety_swallows_scrimmage_type
401761664,2025,14,regular,Old Dominion,Georgia State,home,canon,total_yards,409,395.0,-14.0,14.0,fumble_or_safety_swallows_scrimmage_type
401761664,2025,14,regular,Old Dominion,Georgia State,home,canon,pass_attempts,22,21,-1,1,fumble_or_safety_swallows_scrimmage_type
401761664,2025,14,regular,Old Dominion,Georgia State,home,canon,rush_attempts,54,53,-1,1,fumble_or_safety_swallows_scrimmage_type
401761664,2025,14,regular,Old Dominion,Georgia State,home,canon,rush_yards,303,289.0,-14.0,14.0,fumble_or_safety_swallows_scrimmage_type
401761664,2025,14,regular,Old Dominion,Georgia State,home,canon,turnovers,2,0,-2,2,kneel_accounting
401761664,2025,14,regular,Old Dominion,Georgia State,home,canon,interceptions,1,0,-1,1,kneel_accounting
401761664,2025,14,regular,Old Dominion,Georgia State,home,canon,fumbles_lost,1,0,-1,1,kneel_accounting
401761664,2025,14,regular,Old Dominion,Georgia State,home,canon,third_down_attempts,15,14,-1,1,kneel_accounting
401761664,2025,14,regular,Georgia State,Old Dominion,away,canon,total_plays,67,66,-1,1,fumble_or_safety_swallows_scrimmage_type
401761664,2025,14,regular,Georgia State,Old Dominion,away,canon,pass_attempts,37,36,-1,1,fumble_or_safety_swallows_scrimmage_type
401761664,2025,14,regular,Georgia State,Old Dominion,away,canon,turnovers,1,2,1,1,kneel_accounting
401761664,2025,14,regular,Georgia State,Old Dominion,away,canon,interceptions,1,2,1,1,kneel_accounting
401757312,2025,14,regular,Jacksonville State,Western Kentucky,home,canon,turnovers,1,2,1,1,kneel_accounting
401757312,2025,14,regular,Jacksonville State,Western Kentucky,home,canon,fumbles_lost,1,2,1,1,kneel_accounting
401757312,2025,14,regular,Western Kentucky,Jacksonville State,away,canon,total_plays,61,60,-1,1,fumble_or_safety_swallows_scrimmage_type
401757312,2025,14,regular,Western Kentucky,Jacksonville State,away,canon,pass_attempts,25,24,-1,1,fumble_or_safety_swallows_scrimmage_type
401757312,2025,14,regular,Western Kentucky,Jacksonville State,away,canon,turnovers,2,1,-1,1,kneel_accounting
401757312,2025,14,regular,Western Kentucky,Jacksonville State,away,canon,fumbles_lost,1,0,-1,1,kneel_accounting
401761661,2025,14,regular,App State,Arkansas State,home,canon,turnovers,1,0,-1,1,no_play_penalty
401761661,2025,14,regular,App State,Arkansas State,home,canon,fumbles_lost,1,0,-1,1,no_play_penalty
401761661,2025,14,regular,Arkansas State,App State,away,canon,total_plays,81,80,-1,1,fumble_or_safety_swallows_scrimmage_type
401761661,2025,14,regular,Arkansas State,App State,away,canon,pass_attempts,47,46,-1,1,fumble_or_safety_swallows_scrimmage_type
401761661,2025,14,regular,Arkansas State,App State,away,canon,turnovers,3,2,-1,1,no_play_penalty
401761661,2025,14,regular,Arkansas State,App State,away,canon,fumbles_lost,2,1,-1,1,no_play_penalty
401761661,2025,14,regular,Arkansas State,App State,away,canon,third_down_attempts,17,16,-1,1,no_play_penalty
401761661,2025,14,regular,Arkansas State,App State,away,canon,fourth_down_attempts,1,0,-1,1,no_play_penalty
401762517,2025,14,regular,Tulsa,UAB,home,canon,total_plays,64,63,-1,1,fumble_or_safety_swallows_scrimmage_type
401762517,2025,14,regular,Tulsa,UAB,home,canon,pass_attempts,22,21,-1,1,fumble_or_safety_swallows_scrimmage_type
401762517,2025,14,regular,Tulsa,UAB,home,canon,turnovers,2,1,-1,1,kneel_accounting
401762517,2025,14,regular,Tulsa,UAB,home,canon,fumbles_lost,1,0,-1,1,kneel_accounting
401762517,2025,14,regular,Tulsa,UAB,home,canon,third_down_attempts,13,12,-1,1,kneel_accounting
401762517,2025,14,regular,UAB,Tulsa,away,canon,total_plays,73,72,-1,1,fumble_or_safety_swallows_scrimmage_type
401762517,2025,14,regular,UAB,Tulsa,away,canon,pass_attempts,18,17,-1,1,fumble_or_safety_swallows_scrimmage_type
401757315,2025,14,regular,New Mexico State,Middle Tennessee,home,canon,total_plays,74,72,-2,2,fumble_or_safety_swallows_scrimmage_type
401757315,2025,14,regular,New Mexico State,Middle Tennessee,home,canon,pass_attempts,47,45,-2,2,fumble_or_safety_swallows_scrimmage_type
401757315,2025,14,regular,New Mexico State,Middle Tennessee,home,canon,turnovers,3,2,-1,1,kneel_accounting
401757315,2025,14,regular,New Mexico State,Middle Tennessee,home,canon,interceptions,2,1,-1,1,kneel_accounting
401757315,2025,14,regular,New Mexico State,Middle Tennessee,home,canon,third_down_attempts,15,14,-1,1,kneel_accounting
401757315,2025,14,regular,Middle Tennessee,New Mexico State,away,canon,total_plays,76,75,-1,1,fumble_or_safety_swallows_scrimmage_type
401757315,2025,14,regular,Middle Tennessee,New Mexico State,away,canon,total_yards,459,440.0,-19.0,19.0,fumble_or_safety_swallows_scrimmage_type
401757315,2025,14,regular,Middle Tennessee,New Mexico State,away,canon,pass_attempts,43,42,-1,1,fumble_or_safety_swallows_scrimmage_type
401757315,2025,14,regular,Middle Tennessee,New Mexico State,away,canon,completions,24,23,-1,1,kneel_accounting
401757315,2025,14,regular,Middle Tennessee,New Mexico State,away,canon,net_pass_yards,260,241.0,-19.0,19.0,fumble_or_safety_swallows_scrimmage_type
401757315,2025,14,regular,Middle Tennessee,New Mexico State,away,canon,third_down_attempts,18,16,-2,2,kneel_accounting
401757315,2025,14,regular,Middle Tennessee,New Mexico State,away,canon,third_down_conversions,8,7,-1,1,kneel_accounting
401761667,2025,14,regular,Texas State,South Alabama,home,canon,total_plays,70,69,-1,1,sack_accounting
401761667,2025,14,regular,Texas State,South Alabama,home,canon,total_yards,544,542.0,-2.0,2.0,sack_accounting
401761667,2025,14,regular,Texas State,South Alabama,home,canon,pass_attempts,26,25,-1,1,sack_accounting
401761667,2025,14,regular,Texas State,South Alabama,home,canon,completions,20,19,-1,1,kneel_accounting
401761667,2025,14,regular,Texas State,South Alabama,home,canon,net_pass_yards,280,278.0,-2.0,2.0,sack_accounting
401761667,2025,14,regular,Texas State,South Alabama,home,canon,turnovers,2,0,-2,2,kneel_accounting
401761667,2025,14,regular,Texas State,South Alabama,home,canon,fumbles_lost,2,0,-2,2,kneel_accounting
401761667,2025,14,regular,South Alabama,Texas State,away,canon,total_plays,70,71,1,1,sack_accounting
401761667,2025,14,regular,South Alabama,Texas State,away,canon,total_yards,364,370.0,6.0,6.0,sack_accounting
401761667,2025,14,regular,South Alabama,Texas State,away,canon,completions,20,21,1,1,kneel_accounting
401761667,2025,14,regular,South Alabama,Texas State,away,canon,net_pass_yards,156,160.0,4.0,4.0,sack_accounting
401761667,2025,14,regular,South Alabama,Texas State,away,canon,rush_attempts,38,39,1,1,sack_accounting
401761667,2025,14,regular,South Alabama,Texas State,away,canon,rush_yards,208,210.0,2.0,2.0,sack_accounting
401761667,2025,14,regular,South Alabama,Texas State,away,canon,turnovers,1,2,1,1,kneel_accounting
401761667,2025,14,regular,South Alabama,Texas State,away,canon,fumbles_lost,0,1,1,1,kneel_accounting
401754608,2025,14,regular,Boston College,Syracuse,away,canon,third_down_attempts,12,13,1,1,kneel_accounting
401761665,2025,14,regular,UL Monroe,Louisiana,away,canon,turnovers,2,0,-2,2,no_play_penalty
401761665,2025,14,regular,UL Monroe,Louisiana,away,canon,interceptions,1,0,-1,1,no_play_penalty
401761665,2025,14,regular,UL Monroe,Louisiana,away,canon,fumbles_lost,1,0,-1,1,no_play_penalty
401752920,2025,14,regular,Rutgers,Penn State,home,canon,total_plays,64,65,1,1,fumble_or_safety_swallows_scrimmage_type
401752920,2025,14,regular,Rutgers,Penn State,home,canon,total_yards,533,540.0,7.0,7.0,fumble_or_safety_swallows_scrimmage_type
401752920,2025,14,regular,Rutgers,Penn State,home,canon,pass_attempts,22,23,1,1,fumble_or_safety_swallows_scrimmage_type
401752920,2025,14,regular,Rutgers,Penn State,home,canon,rush_yards,195,202.0,7.0,7.0,fumble_or_safety_swallows_scrimmage_type
401752920,2025,14,regular,Rutgers,Penn State,home,canon,third_down_attempts,10,11,1,1,kneel_accounting
401752920,2025,14,regular,Penn State,Rutgers,away,canon,total_plays,54,53,-1,1,fumble_or_safety_swallows_scrimmage_type
401752920,2025,14,regular,Penn State,Rutgers,away,canon,total_yards,509,466.0,-43.0,43.0,fumble_or_safety_swallows_scrimmage_type
401752920,2025,14,regular,Penn State,Rutgers,away,canon,rush_attempts,33,32,-1,1,fumble_or_safety_swallows_scrimmage_type
401752920,2025,14,regular,Penn State,Rutgers,away,canon,rush_yards,300,257.0,-43.0,43.0,fumble_or_safety_swallows_scrimmage_type
401756967,2025,14,regular,TCU,Cincinnati,home,canon,total_plays,74,73,-1,1,sack_accounting
401756967,2025,14,regular,TCU,Cincinnati,home,canon,total_yards,544,500.0,-44.0,44.0,sack_accounting
401756967,2025,14,regular,TCU,Cincinnati,home,canon,pass_attempts,22,21,-1,1,sack_accounting
401756967,2025,14,regular,TCU,Cincinnati,home,canon,completions,19,18,-1,1,no_play_penalty
401756967,2025,14,regular,TCU,Cincinnati,home,canon,net_pass_yards,306,262.0,-44.0,44.0,sack_accounting
401756967,2025,14,regular,TCU,Cincinnati,home,canon,third_down_attempts,14,13,-1,1,no_play_penalty
401756967,2025,14,regular,TCU,Cincinnati,home,canon,third_down_conversions,6,5,-1,1,no_play_penalty
401756967,2025,14,regular,Cincinnati,TCU,away,canon,turnovers,1,0,-1,1,no_play_penalty
401756967,2025,14,regular,Cincinnati,TCU,away,canon,fumbles_lost,1,0,-1,1,no_play_penalty
401757313,2025,14,regular,Liberty,Kennesaw State,home,canon,fourth_down_attempts,2,1,-1,1,kneel_accounting
401762441,2025,14,regular,UTSA,Army,home,canon,total_plays,66,65,-1,1,sack_accounting
401762441,2025,14,regular,UTSA,Army,home,canon,pass_attempts,42,41,-1,1,sack_accounting
401762441,2025,14,regular,UTSA,Army,home,canon,third_down_attempts,14,13,-1,1,kneel_accounting
401752789,2025,14,regular,Oklahoma,LSU,home,canon,total_yards,393,402.0,9.0,9.0,fumble_or_safety_swallows_scrimmage_type
401752789,2025,14,regular,Oklahoma,LSU,home,canon,pass_attempts,38,37,-1,1,fumble_or_safety_swallows_scrimmage_type
401752789,2025,14,regular,Oklahoma,LSU,home,canon,completions,23,25,2,2,kneel_accounting
401752789,2025,14,regular,Oklahoma,LSU,home,canon,net_pass_yards,318,328.0,10.0,10.0,fumble_or_safety_swallows_scrimmage_type
401752789,2025,14,regular,Oklahoma,LSU,home,canon,rush_attempts,28,29,1,1,fumble_or_safety_swallows_scrimmage_type
401752789,2025,14,regular,Oklahoma,LSU,home,canon,rush_yards,75,74.0,-1.0,1.0,fumble_or_safety_swallows_scrimmage_type
401752789,2025,14,regular,Oklahoma,LSU,home,canon,turnovers,3,2,-1,1,kneel_accounting
401752789,2025,14,regular,Oklahoma,LSU,home,canon,interceptions,3,2,-1,1,kneel_accounting
401752789,2025,14,regular,Oklahoma,LSU,home,canon,third_down_attempts,15,14,-1,1,kneel_accounting
401752918,2025,14,regular,Minnesota,Wisconsin,home,canon,total_plays,56,53,-3,3,fumble_or_safety_swallows_scrimmage_type
401752918,2025,14,regular,Minnesota,Wisconsin,home,canon,total_yards,218,210.0,-8.0,8.0,fumble_or_safety_swallows_scrimmage_type
401752918,2025,14,regular,Minnesota,Wisconsin,home,canon,pass_attempts,24,23,-1,1,fumble_or_safety_swallows_scrimmage_type
401752918,2025,14,regular,Minnesota,Wisconsin,home,canon,completions,18,17,-1,1,kneel_accounting
401752918,2025,14,regular,Minnesota,Wisconsin,home,canon,net_pass_yards,90,87.0,-3.0,3.0,fumble_or_safety_swallows_scrimmage_type
401752918,2025,14,regular,Minnesota,Wisconsin,home,canon,rush_attempts,32,30,-2,2,fumble_or_safety_swallows_scrimmage_type
401752918,2025,14,regular,Minnesota,Wisconsin,home,canon,rush_yards,128,123.0,-5.0,5.0,fumble_or_safety_swallows_scrimmage_type
401752918,2025,14,regular,Minnesota,Wisconsin,home,canon,third_down_attempts,14,13,-1,1,kneel_accounting
401752918,2025,14,regular,Wisconsin,Minnesota,away,canon,total_plays,55,53,-2,2,fumble_or_safety_swallows_scrimmage_type
401752918,2025,14,regular,Wisconsin,Minnesota,away,canon,pass_attempts,27,25,-2,2,fumble_or_safety_swallows_scrimmage_type
401752918,2025,14,regular,Wisconsin,Minnesota,away,canon,third_down_attempts,13,12,-1,1,kneel_accounting
401754610,2025,14,regular,Wake Forest,Duke,away,canon,total_yards,466,472.0,6.0,6.0,fumble_or_safety_swallows_scrimmage_type
401754610,2025,14,regular,Wake Forest,Duke,away,canon,rush_yards,124,130.0,6.0,6.0,fumble_or_safety_swallows_scrimmage_type
401754610,2025,14,regular,Wake Forest,Duke,away,canon,turnovers,4,3,-1,1,no_play_penalty
401754610,2025,14,regular,Wake Forest,Duke,away,canon,fumbles_lost,3,2,-1,1,no_play_penalty
401752783,2025,14,regular,Arkansas,Missouri,home,canon,fourth_down_attempts,1,0,-1,1,kneel_accounting
401752783,2025,14,regular,Arkansas,Missouri,home,canon,fourth_down_conversions,1,0,-1,1,kneel_accounting
401752783,2025,14,regular,Missouri,Arkansas,away,canon,total_plays,65,64,-1,1,fumble_or_safety_swallows_scrimmage_type
401752783,2025,14,regular,Missouri,Arkansas,away,canon,total_yards,347,392.0,45.0,45.0,fumble_or_safety_swallows_scrimmage_type
401752783,2025,14,regular,Missouri,Arkansas,away,canon,rush_attempts,58,57,-1,1,fumble_or_safety_swallows_scrimmage_type
401752783,2025,14,regular,Missouri,Arkansas,away,canon,rush_yards,322,367.0,45.0,45.0,fumble_or_safety_swallows_scrimmage_type
401752783,2025,14,regular,Missouri,Arkansas,away,canon,fourth_down_attempts,2,1,-1,1,kneel_accounting
401752791,2025,14,regular,Tennessee,Vanderbilt,home,canon,total_plays,75,74,-1,1,fumble_or_safety_swallows_scrimmage_type
401752791,2025,14,regular,Tennessee,Vanderbilt,home,canon,total_yards,382,376.0,-6.0,6.0,fumble_or_safety_swallows_scrimmage_type
401752791,2025,14,regular,Tennessee,Vanderbilt,home,canon,rush_attempts,31,30,-1,1,fumble_or_safety_swallows_scrimmage_type
401752791,2025,14,regular,Tennessee,Vanderbilt,home,canon,rush_yards,83,77.0,-6.0,6.0,fumble_or_safety_swallows_scrimmage_type
401752791,2025,14,regular,Tennessee,Vanderbilt,home,canon,turnovers,0,1,1,1,kneel_accounting
401752791,2025,14,regular,Tennessee,Vanderbilt,home,canon,interceptions,0,1,1,1,kneel_accounting
401752791,2025,14,regular,Vanderbilt,Tennessee,away,canon,total_yards,579,607.0,28.0,28.0,fumble_or_safety_swallows_scrimmage_type
401752791,2025,14,regular,Vanderbilt,Tennessee,away,canon,pass_attempts,28,27,-1,1,fumble_or_safety_swallows_scrimmage_type
401752791,2025,14,regular,Vanderbilt,Tennessee,away,canon,completions,18,19,1,1,kneel_accounting
401752791,2025,14,regular,Vanderbilt,Tennessee,away,canon,net_pass_yards,265,292.0,27.0,27.0,fumble_or_safety_swallows_scrimmage_type
401752791,2025,14,regular,Vanderbilt,Tennessee,away,canon,rush_attempts,37,38,1,1,fumble_or_safety_swallows_scrimmage_type
401752791,2025,14,regular,Vanderbilt,Tennessee,away,canon,rush_yards,314,315.0,1.0,1.0,fumble_or_safety_swallows_scrimmage_type
401752791,2025,14,regular,Vanderbilt,Tennessee,away,canon,turnovers,2,0,-2,2,kneel_accounting
401752791,2025,14,regular,Vanderbilt,Tennessee,away,canon,interceptions,2,0,-2,2,kneel_accounting
401752791,2025,14,regular,Vanderbilt,Tennessee,away,canon,third_down_attempts,10,9,-1,1,kneel_accounting
401761666,2025,14,regular,Southern Miss,Troy,home,canon,total_plays,66,65,-1,1,sack_accounting
401761666,2025,14,regular,Southern Miss,Troy,home,canon,total_yards,304,309.0,5.0,5.0,sack_accounting
401761666,2025,14,regular,Southern Miss,Troy,home,canon,rush_attempts,31,30,-1,1,sack_accounting
401761666,2025,14,regular,Southern Miss,Troy,home,canon,rush_yards,95,100.0,5.0,5.0,sack_accounting
401761666,2025,14,regular,Southern Miss,Troy,home,canon,turnovers,1,0,-1,1,kneel_accounting
401761666,2025,14,regular,Southern Miss,Troy,home,canon,interceptions,1,0,-1,1,kneel_accounting
401761666,2025,14,regular,Troy,Southern Miss,away,canon,total_plays,73,72,-1,1,sack_accounting
401761666,2025,14,regular,Troy,Southern Miss,away,canon,pass_attempts,35,34,-1,1,sack_accounting
401761666,2025,14,regular,Troy,Southern Miss,away,canon,third_down_attempts,15,14,-1,1,kneel_accounting
401752917,2025,14,regular,Washington,Oregon,home,canon,total_plays,63,62,-1,1,sack_accounting
401752917,2025,14,regular,Washington,Oregon,home,canon,total_yards,283,284.0,1.0,1.0,sack_accounting
401752917,2025,14,regular,Washington,Oregon,home,canon,pass_attempts,30,29,-1,1,sack_accounting
401752917,2025,14,regular,Washington,Oregon,home,canon,rush_yards,154,155.0,1.0,1.0,sack_accounting
401752917,2025,14,regular,Washington,Oregon,home,canon,turnovers,2,1,-1,1,kneel_accounting
401752917,2025,14,regular,Washington,Oregon,home,canon,interceptions,2,1,-1,1,kneel_accounting
401761662,2025,14,regular,Coastal Carolina,James Madison,home,canon,total_plays,62,63,1,1,fumble_or_safety_swallows_scrimmage_type
401761662,2025,14,regular,Coastal Carolina,James Madison,home,canon,pass_attempts,40,39,-1,1,fumble_or_safety_swallows_scrimmage_type
401761662,2025,14,regular,Coastal Carolina,James Madison,home,canon,rush_attempts,22,24,2,2,fumble_or_safety_swallows_scrimmage_type
401761662,2025,14,regular,Coastal Carolina,James Madison,home,canon,third_down_attempts,16,15,-1,1,kneel_accounting
401752785,2025,14,regular,Florida,Florida State,home,canon,total_plays,69,60,-9,9,fumble_or_safety_swallows_scrimmage_type
401752785,2025,14,regular,Florida,Florida State,home,canon,total_yards,440,409.0,-31.0,31.0,fumble_or_safety_swallows_scrimmage_type
401752785,2025,14,regular,Florida,Florida State,home,canon,pass_attempts,24,17,-7,7,fumble_or_safety_swallows_scrimmage_type
401752785,2025,14,regular,Florida,Florida State,home,canon,completions,15,12,-3,3,no_play_penalty
401752785,2025,14,regular,Florida,Florida State,home,canon,net_pass_yards,168,146.0,-22.0,22.0,fumble_or_safety_swallows_scrimmage_type
401752785,2025,14,regular,Florida,Florida State,home,canon,rush_attempts,45,43,-2,2,fumble_or_safety_swallows_scrimmage_type
401752785,2025,14,regular,Florida,Florida State,home,canon,rush_yards,272,263.0,-9.0,9.0,fumble_or_safety_swallows_scrimmage_type
401752785,2025,14,regular,Florida,Florida State,home,canon,turnovers,1,0,-1,1,no_play_penalty
401752785,2025,14,regular,Florida,Florida State,home,canon,interceptions,1,0,-1,1,no_play_penalty
401752785,2025,14,regular,Florida,Florida State,home,canon,third_down_attempts,13,11,-2,2,no_play_penalty
401752785,2025,14,regular,Florida,Florida State,home,canon,third_down_conversions,6,5,-1,1,no_play_penalty
401752785,2025,14,regular,Florida State,Florida,away,canon,total_plays,65,56,-9,9,fumble_or_safety_swallows_scrimmage_type
401752785,2025,14,regular,Florida State,Florida,away,canon,total_yards,407,378.0,-29.0,29.0,fumble_or_safety_swallows_scrimmage_type
401752785,2025,14,regular,Florida State,Florida,away,canon,pass_attempts,28,24,-4,4,fumble_or_safety_swallows_scrimmage_type
401752785,2025,14,regular,Florida State,Florida,away,canon,completions,17,15,-2,2,no_play_penalty
401752785,2025,14,regular,Florida State,Florida,away,canon,net_pass_yards,240,235.0,-5.0,5.0,fumble_or_safety_swallows_scrimmage_type
401752785,2025,14,regular,Florida State,Florida,away,canon,rush_attempts,37,32,-5,5,fumble_or_safety_swallows_scrimmage_type
401752785,2025,14,regular,Florida State,Florida,away,canon,rush_yards,167,143.0,-24.0,24.0,fumble_or_safety_swallows_scrimmage_type
401752785,2025,14,regular,Florida State,Florida,away,canon,turnovers,2,1,-1,1,no_play_penalty
401752785,2025,14,regular,Florida State,Florida,away,canon,fumbles_lost,1,0,-1,1,no_play_penalty
401752785,2025,14,regular,Florida State,Florida,away,canon,third_down_attempts,12,10,-2,2,no_play_penalty
401752785,2025,14,regular,Florida State,Florida,away,canon,third_down_conversions,5,3,-2,2,no_play_penalty
401752946,2025,14,regular,Washington State,Oregon State,home,canon,total_plays,62,60,-2,2,fumble_or_safety_swallows_scrimmage_type
401752946,2025,14,regular,Washington State,Oregon State,home,canon,total_yards,383,375.0,-8.0,8.0,fumble_or_safety_swallows_scrimmage_type
401752946,2025,14,regular,Washington State,Oregon State,home,canon,pass_attempts,28,27,-1,1,fumble_or_safety_swallows_scrimmage_type
401752946,2025,14,regular,Washington State,Oregon State,home,canon,completions,17,16,-1,1,no_play_penalty
401752946,2025,14,regular,Washington State,Oregon State,home,canon,net_pass_yards,197,195.0,-2.0,2.0,fumble_or_safety_swallows_scrimmage_type
401752946,2025,14,regular,Washington State,Oregon State,home,canon,rush_attempts,34,33,-1,1,fumble_or_safety_swallows_scrimmage_type
401752946,2025,14,regular,Washington State,Oregon State,home,canon,rush_yards,186,180.0,-6.0,6.0,fumble_or_safety_swallows_scrimmage_type
401752946,2025,14,regular,Washington State,Oregon State,home,canon,turnovers,2,0,-2,2,no_play_penalty
401752946,2025,14,regular,Washington State,Oregon State,home,canon,fumbles_lost,2,0,-2,2,no_play_penalty
401752946,2025,14,regular,Washington State,Oregon State,home,canon,third_down_attempts,14,13,-1,1,no_play_penalty
401752946,2025,14,regular,Oregon State,Washington State,away,canon,total_plays,70,68,-2,2,fumble_or_safety_swallows_scrimmage_type
401752946,2025,14,regular,Oregon State,Washington State,away,canon,total_yards,280,261.0,-19.0,19.0,fumble_or_safety_swallows_scrimmage_type
401752946,2025,14,regular,Oregon State,Washington State,away,canon,pass_attempts,41,40,-1,1,fumble_or_safety_swallows_scrimmage_type
401752946,2025,14,regular,Oregon State,Washington State,away,canon,net_pass_yards,240,228.0,-12.0,12.0,fumble_or_safety_swallows_scrimmage_type
401752946,2025,14,regular,Oregon State,Washington State,away,canon,rush_attempts,29,28,-1,1,fumble_or_safety_swallows_scrimmage_type
401752946,2025,14,regular,Oregon State,Washington State,away,canon,rush_yards,40,33.0,-7.0,7.0,fumble_or_safety_swallows_scrimmage_type
401752946,2025,14,regular,Oregon State,Washington State,away,canon,turnovers,3,4,1,1,no_play_penalty
401752946,2025,14,regular,Oregon State,Washington State,away,canon,fumbles_lost,1,2,1,1,no_play_penalty
401752946,2025,14,regular,Oregon State,Washington State,away,canon,fourth_down_attempts,2,3,1,1,no_play_penalty
401762520,2025,14,regular,Rice,South Florida,away,canon,turnovers,1,0,-1,1,kneel_accounting
401762520,2025,14,regular,Rice,South Florida,away,canon,fumbles_lost,1,0,-1,1,kneel_accounting
401752923,2025,14,regular,Michigan State,Maryland,home,canon,total_plays,70,68,-2,2,sack_accounting
401752923,2025,14,regular,Michigan State,Maryland,home,canon,total_yards,453,448.0,-5.0,5.0,sack_accounting
401752923,2025,14,regular,Michigan State,Maryland,home,canon,pass_attempts,39,37,-2,2,sack_accounting
401752923,2025,14,regular,Michigan State,Maryland,home,canon,completions,27,26,-1,1,kneel_accounting
401752923,2025,14,regular,Michigan State,Maryland,home,canon,net_pass_yards,292,287.0,-5.0,5.0,sack_accounting
401752923,2025,14,regular,Michigan State,Maryland,home,canon,third_down_attempts,14,12,-2,2,kneel_accounting
401752923,2025,14,regular,Maryland,Michigan State,away,canon,total_plays,77,76,-1,1,sack_accounting
401752923,2025,14,regular,Maryland,Michigan State,away,canon,total_yards,534,542.0,8.0,8.0,sack_accounting
401752923,2025,14,regular,Maryland,Michigan State,away,canon,pass_attempts,61,60,-1,1,sack_accounting
401752923,2025,14,regular,Maryland,Michigan State,away,canon,completions,38,37,-1,1,kneel_accounting
401752923,2025,14,regular,Maryland,Michigan State,away,canon,net_pass_yards,459,454.0,-5.0,5.0,sack_accounting
401752923,2025,14,regular,Maryland,Michigan State,away,canon,rush_yards,75,88.0,13.0,13.0,sack_accounting
401754613,2025,14,regular,Virginia,Virginia Tech,home,canon,total_plays,83,82,-1,1,sack_accounting
401754613,2025,14,regular,Virginia,Virginia Tech,home,canon,total_yards,380,376.0,-4.0,4.0,sack_accounting
401754613,2025,14,regular,Virginia,Virginia Tech,home,canon,pass_attempts,36,35,-1,1,sack_accounting
401754613,2025,14,regular,Virginia,Virginia Tech,home,canon,completions,22,21,-1,1,kneel_accounting
401754613,2025,14,regular,Virginia,Virginia Tech,home,canon,net_pass_yards,183,179.0,-4.0,4.0,sack_accounting
401754613,2025,14,regular,Virginia Tech,Virginia,away,canon,total_plays,47,45,-2,2,sack_accounting
401754613,2025,14,regular,Virginia Tech,Virginia,away,canon,total_yards,197,198.0,1.0,1.0,sack_accounting
401754613,2025,14,regular,Virginia Tech,Virginia,away,canon,pass_attempts,16,14,-2,2,sack_accounting
401754613,2025,14,regular,Virginia Tech,Virginia,away,canon,rush_yards,119,120.0,1.0,1.0,sack_accounting
401754613,2025,14,regular,Virginia Tech,Virginia,away,canon,third_down_attempts,14,12,-2,2,kneel_accounting
401762518,2025,14,regular,Tulane,Charlotte,home,canon,total_plays,74,72,-2,2,fumble_or_safety_swallows_scrimmage_type
401762518,2025,14,regular,Tulane,Charlotte,home,canon,total_yards,463,495.0,32.0,32.0,fumble_or_safety_swallows_scrimmage_type
401762518,2025,14,regular,Tulane,Charlotte,home,canon,pass_attempts,39,37,-2,2,fumble_or_safety_swallows_scrimmage_type
401762518,2025,14,regular,Tulane,Charlotte,home,canon,rush_yards,151,183.0,32.0,32.0,fumble_or_safety_swallows_scrimmage_type
401762518,2025,14,regular,Tulane,Charlotte,home,canon,turnovers,3,2,-1,1,no_play_penalty
401762518,2025,14,regular,Tulane,Charlotte,home,canon,interceptions,2,1,-1,1,no_play_penalty
401762518,2025,14,regular,Tulane,Charlotte,home,canon,third_down_attempts,12,11,-1,1,no_play_penalty
401762518,2025,14,regular,Charlotte,Tulane,away,canon,total_plays,49,48,-1,1,fumble_or_safety_swallows_scrimmage_type
401762518,2025,14,regular,Charlotte,Tulane,away,canon,pass_attempts,28,27,-1,1,fumble_or_safety_swallows_scrimmage_type
401752919,2025,14,regular,UCLA,USC,away,canon,total_yards,308,309.0,1.0,1.0,fumble_or_safety_swallows_scrimmage_type
401752919,2025,14,regular,UCLA,USC,away,canon,rush_yards,108,109.0,1.0,1.0,fumble_or_safety_swallows_scrimmage_type
401752784,2025,14,regular,Auburn,Alabama,home,canon,total_plays,75,74,-1,1,fumble_or_safety_swallows_scrimmage_type
401752784,2025,14,regular,Auburn,Alabama,home,canon,pass_attempts,39,38,-1,1,fumble_or_safety_swallows_scrimmage_type
401752784,2025,14,regular,Auburn,Alabama,home,canon,turnovers,2,1,-1,1,no_play_penalty
401752784,2025,14,regular,Auburn,Alabama,home,canon,fumbles_lost,1,0,-1,1,no_play_penalty
401752784,2025,14,regular,Alabama,Auburn,away,canon,total_plays,73,71,-2,2,fumble_or_safety_swallows_scrimmage_type
401752784,2025,14,regular,Alabama,Auburn,away,canon,total_yards,280,269.0,-11.0,11.0,fumble_or_safety_swallows_scrimmage_type
401752784,2025,14,regular,Alabama,Auburn,away,canon,rush_attempts,38,36,-2,2,fumble_or_safety_swallows_scrimmage_type
401752784,2025,14,regular,Alabama,Auburn,away,canon,rush_yards,158,147.0,-11.0,11.0,fumble_or_safety_swallows_scrimmage_type
401752922,2025,14,regular,Illinois,Northwestern,home,canon,total_yards,284,294.0,10.0,10.0,fumble_or_safety_swallows_scrimmage_type
401752922,2025,14,regular,Illinois,Northwestern,home,canon,rush_yards,120,130.0,10.0,10.0,fumble_or_safety_swallows_scrimmage_type
401752922,2025,14,regular,Illinois,Northwestern,home,canon,turnovers,1,0,-1,1,kneel_accounting
401752922,2025,14,regular,Illinois,Northwestern,home,canon,fumbles_lost,1,0,-1,1,kneel_accounting
401752922,2025,14,regular,Illinois,Northwestern,home,canon,third_down_attempts,10,9,-1,1,kneel_accounting
401752922,2025,14,regular,Northwestern,Illinois,away,canon,total_yards,254,255.0,1.0,1.0,fumble_or_safety_swallows_scrimmage_type
401752922,2025,14,regular,Northwestern,Illinois,away,canon,pass_attempts,36,35,-1,1,fumble_or_safety_swallows_scrimmage_type
401752922,2025,14,regular,Northwestern,Illinois,away,canon,rush_attempts,29,30,1,1,fumble_or_safety_swallows_scrimmage_type
401752922,2025,14,regular,Northwestern,Illinois,away,canon,rush_yards,91,92.0,1.0,1.0,fumble_or_safety_swallows_scrimmage_type
401752922,2025,14,regular,Northwestern,Illinois,away,canon,turnovers,4,2,-2,2,kneel_accounting
401752922,2025,14,regular,Northwestern,Illinois,away,canon,interceptions,3,2,-1,1,kneel_accounting
401752922,2025,14,regular,Northwestern,Illinois,away,canon,fumbles_lost,1,0,-1,1,kneel_accounting
401752922,2025,14,regular,Northwestern,Illinois,away,canon,fourth_down_attempts,4,3,-1,1,kneel_accounting
401754612,2025,14,regular,North Carolina,NC State,away,canon,turnovers,1,0,-1,1,kneel_accounting
401754612,2025,14,regular,North Carolina,NC State,away,canon,fumbles_lost,1,0,-1,1,kneel_accounting
401754612,2025,14,regular,North Carolina,NC State,away,canon,third_down_attempts,13,12,-1,1,kneel_accounting
401754609,2025,14,regular,California,SMU,home,canon,total_plays,77,76,-1,1,sack_accounting
401754609,2025,14,regular,California,SMU,home,canon,total_yards,452,448.0,-4.0,4.0,sack_accounting
401754609,2025,14,regular,California,SMU,home,canon,pass_attempts,40,39,-1,1,sack_accounting
401754609,2025,14,regular,California,SMU,home,canon,completions,31,30,-1,1,kneel_accounting
401754609,2025,14,regular,California,SMU,home,canon,net_pass_yards,330,326.0,-4.0,4.0,sack_accounting
401754609,2025,14,regular,SMU,California,away,canon,total_plays,67,66,-1,1,sack_accounting
401754609,2025,14,regular,SMU,California,away,canon,pass_attempts,36,35,-1,1,sack_accounting
401760425,2025,14,regular,Nevada,UNLV,home,canon,total_yards,341,345.0,4.0,4.0,fumble_or_safety_swallows_scrimmage_type
401760425,2025,14,regular,Nevada,UNLV,home,canon,rush_yards,193,197.0,4.0,4.0,fumble_or_safety_swallows_scrimmage_type
401760425,2025,14,regular,Nevada,UNLV,home,canon,turnovers,2,0,-2,2,kneel_accounting
401760425,2025,14,regular,Nevada,UNLV,home,canon,fumbles_lost,2,0,-2,2,kneel_accounting
401760425,2025,14,regular,Nevada,UNLV,home,canon,third_down_attempts,13,12,-1,1,kneel_accounting
401760425,2025,14,regular,Nevada,UNLV,home,canon,fourth_down_attempts,3,2,-1,1,kneel_accounting
401760425,2025,14,regular,UNLV,Nevada,away,canon,total_plays,55,54,-1,1,fumble_or_safety_swallows_scrimmage_type
401760425,2025,14,regular,UNLV,Nevada,away,canon,pass_attempts,22,21,-1,1,fumble_or_safety_swallows_scrimmage_type
401760425,2025,14,regular,UNLV,Nevada,away,canon,turnovers,2,1,-1,1,kneel_accounting
401760425,2025,14,regular,UNLV,Nevada,away,canon,interceptions,2,1,-1,1,kneel_accounting
401760423,2025,14,regular,San José State,Fresno State,home,canon,total_plays,60,59,-1,1,fumble_or_safety_swallows_scrimmage_type
401760423,2025,14,regular,San José State,Fresno State,home,canon,pass_attempts,34,32,-2,2,fumble_or_safety_swallows_scrimmage_type
401760423,2025,14,regular,San José State,Fresno State,home,canon,rush_attempts,26,27,1,1,fumble_or_safety_swallows_scrimmage_type
401760423,2025,14,regular,San José State,Fresno State,home,canon,turnovers,5,4,-1,1,no_play_penalty
401760423,2025,14,regular,San José State,Fresno State,home,canon,interceptions,5,4,-1,1,no_play_penalty
401760423,2025,14,regular,San José State,Fresno State,home,canon,third_down_attempts,12,11,-1,1,no_play_penalty
401760423,2025,14,regular,San José State,Fresno State,home,canon,fourth_down_attempts,2,3,1,1,no_play_penalty
401760423,2025,14,regular,Fresno State,San José State,away,canon,total_plays,73,72,-1,1,fumble_or_safety_swallows_scrimmage_type
401760423,2025,14,regular,Fresno State,San José State,away,canon,pass_attempts,20,19,-1,1,fumble_or_safety_swallows_scrimmage_type
401760423,2025,14,regular,Fresno State,San José State,away,canon,third_down_attempts,16,14,-2,2,no_play_penalty
401754614,2025,14,regular,Stanford,Notre Dame,home,canon,total_plays,70,69,-1,1,fumble_or_safety_swallows_scrimmage_type
401754614,2025,14,regular,Stanford,Notre Dame,home,canon,pass_attempts,40,39,-1,1,fumble_or_safety_swallows_scrimmage_type
401754614,2025,14,regular,Notre Dame,Stanford,away,canon,third_down_attempts,18,17,-1,1,no_play_penalty
401760424,2025,14,regular,Hawai'i,Wyoming,home,canon,total_plays,58,56,-2,2,sack_accounting
401760424,2025,14,regular,Hawai'i,Wyoming,home,canon,total_yards,417,411.0,-6.0,6.0,sack_accounting
401760424,2025,14,regular,Hawai'i,Wyoming,home,canon,pass_attempts,25,23,-2,2,sack_accounting
401760424,2025,14,regular,Hawai'i,Wyoming,home,canon,completions,17,16,-1,1,kneel_accounting
401760424,2025,14,regular,Hawai'i,Wyoming,home,canon,net_pass_yards,289,283.0,-6.0,6.0,sack_accounting
401760424,2025,14,regular,Hawai'i,Wyoming,home,canon,turnovers,1,0,-1,1,kneel_accounting
401760424,2025,14,regular,Hawai'i,Wyoming,home,canon,interceptions,1,0,-1,1,kneel_accounting
401760424,2025,14,regular,Hawai'i,Wyoming,home,canon,third_down_attempts,14,13,-1,1,kneel_accounting
401760424,2025,14,regular,Wyoming,Hawai'i,away,canon,turnovers,1,0,-1,1,kneel_accounting
401760424,2025,14,regular,Wyoming,Hawai'i,away,canon,interceptions,1,0,-1,1,kneel_accounting
401777352,2025,15,regular,James Madison,Troy,home,canon,total_plays,67,66,-1,1,fumble_or_safety_swallows_scrimmage_type
401777352,2025,15,regular,James Madison,Troy,home,canon,pass_attempts,25,24,-1,1,fumble_or_safety_swallows_scrimmage_type
401777352,2025,15,regular,James Madison,Troy,home,canon,third_down_attempts,14,13,-1,1,kneel_accounting
401777352,2025,15,regular,Troy,James Madison,away,canon,total_yards,177,211.0,34.0,34.0,fumble_or_safety_swallows_scrimmage_type
401777352,2025,15,regular,Troy,James Madison,away,canon,rush_yards,-26,8.0,34.0,34.0,fumble_or_safety_swallows_scrimmage_type
401777352,2025,15,regular,Troy,James Madison,away,canon,turnovers,1,0,-1,1,kneel_accounting
401777352,2025,15,regular,Troy,James Madison,away,canon,fumbles_lost,1,0,-1,1,kneel_accounting
401777352,2025,15,regular,Troy,James Madison,away,canon,third_down_conversions,4,3,-1,1,kneel_accounting
401777352,2025,15,regular,Troy,James Madison,away,canon,fourth_down_attempts,2,1,-1,1,kneel_accounting
401777325,2025,15,regular,Jacksonville State,Kennesaw State,home,canon,total_plays,62,61,-1,1,fumble_or_safety_swallows_scrimmage_type
401777325,2025,15,regular,Jacksonville State,Kennesaw State,home,canon,total_yards,306,307.0,1.0,1.0,fumble_or_safety_swallows_scrimmage_type
401777325,2025,15,regular,Jacksonville State,Kennesaw State,home,canon,rush_attempts,40,39,-1,1,fumble_or_safety_swallows_scrimmage_type
401777325,2025,15,regular,Jacksonville State,Kennesaw State,home,canon,rush_yards,210,211.0,1.0,1.0,fumble_or_safety_swallows_scrimmage_type
401777325,2025,15,regular,Jacksonville State,Kennesaw State,home,canon,turnovers,1,2,1,1,no_play_penalty
401777325,2025,15,regular,Jacksonville State,Kennesaw State,home,canon,fumbles_lost,0,1,1,1,no_play_penalty
401777325,2025,15,regular,Kennesaw State,Jacksonville State,away,canon,total_plays,68,66,-2,2,fumble_or_safety_swallows_scrimmage_type
401777325,2025,15,regular,Kennesaw State,Jacksonville State,away,canon,total_yards,318,330.0,12.0,12.0,fumble_or_safety_swallows_scrimmage_type
401777325,2025,15,regular,Kennesaw State,Jacksonville State,away,canon,rush_attempts,36,34,-2,2,fumble_or_safety_swallows_scrimmage_type
401777325,2025,15,regular,Kennesaw State,Jacksonville State,away,canon,rush_yards,72,84.0,12.0,12.0,fumble_or_safety_swallows_scrimmage_type
401777325,2025,15,regular,Kennesaw State,Jacksonville State,away,canon,turnovers,1,0,-1,1,no_play_penalty
401777325,2025,15,regular,Kennesaw State,Jacksonville State,away,canon,fumbles_lost,1,0,-1,1,no_play_penalty
401777326,2025,15,regular,UNLV,Boise State,away,canon,turnovers,1,0,-1,1,kneel_accounting
401777326,2025,15,regular,UNLV,Boise State,away,canon,fumbles_lost,1,0,-1,1,kneel_accounting
401777326,2025,15,regular,UNLV,Boise State,away,canon,third_down_attempts,14,13,-1,1,kneel_accounting
401777324,2025,15,regular,Tulane,North Texas,home,canon,total_yards,344,354.0,10.0,10.0,fumble_or_safety_swallows_scrimmage_type
401777324,2025,15,regular,Tulane,North Texas,home,canon,pass_attempts,22,23,1,1,fumble_or_safety_swallows_scrimmage_type
401777324,2025,15,regular,Tulane,North Texas,home,canon,completions,13,14,1,1,kneel_accounting
401777324,2025,15,regular,Tulane,North Texas,home,canon,net_pass_yards,145,166.0,21.0,21.0,fumble_or_safety_swallows_scrimmage_type
401777324,2025,15,regular,Tulane,North Texas,home,canon,rush_attempts,52,51,-1,1,fumble_or_safety_swallows_scrimmage_type
401777324,2025,15,regular,Tulane,North Texas,home,canon,rush_yards,199,188.0,-11.0,11.0,fumble_or_safety_swallows_scrimmage_type
401777324,2025,15,regular,Tulane,North Texas,home,canon,third_down_attempts,14,15,1,1,kneel_accounting
401777324,2025,15,regular,North Texas,Tulane,away,canon,total_plays,68,66,-2,2,fumble_or_safety_swallows_scrimmage_type
401777324,2025,15,regular,North Texas,Tulane,away,canon,total_yards,415,438.0,23.0,23.0,fumble_or_safety_swallows_scrimmage_type
401777324,2025,15,regular,North Texas,Tulane,away,canon,pass_attempts,34,32,-2,2,fumble_or_safety_swallows_scrimmage_type
401777324,2025,15,regular,North Texas,Tulane,away,canon,net_pass_yards,294,317.0,23.0,23.0,fumble_or_safety_swallows_scrimmage_type
401777324,2025,15,regular,North Texas,Tulane,away,canon,turnovers,5,2,-3,3,kneel_accounting
401777324,2025,15,regular,North Texas,Tulane,away,canon,interceptions,3,2,-1,1,kneel_accounting
401777324,2025,15,regular,North Texas,Tulane,away,canon,fumbles_lost,2,0,-2,2,kneel_accounting
401777324,2025,15,regular,North Texas,Tulane,away,canon,third_down_attempts,12,11,-1,1,kneel_accounting
401777324,2025,15,regular,North Texas,Tulane,away,canon,fourth_down_attempts,4,3,-1,1,kneel_accounting
401777327,2025,15,regular,Texas Tech,BYU,home,canon,total_yards,374,364.0,-10.0,10.0,fumble_or_safety_swallows_scrimmage_type
401777327,2025,15,regular,Texas Tech,BYU,home,canon,rush_yards,159,149.0,-10.0,10.0,fumble_or_safety_swallows_scrimmage_type
401777327,2025,15,regular,Texas Tech,BYU,home,canon,turnovers,0,2,2,2,kneel_accounting
401777327,2025,15,regular,Texas Tech,BYU,home,canon,interceptions,0,1,1,1,kneel_accounting
401777327,2025,15,regular,Texas Tech,BYU,home,canon,fumbles_lost,0,1,1,1,kneel_accounting
401777327,2025,15,regular,Texas Tech,BYU,home,canon,third_down_attempts,19,18,-1,1,kneel_accounting
401777327,2025,15,regular,Texas Tech,BYU,home,canon,third_down_conversions,8,7,-1,1,kneel_accounting
401777327,2025,15,regular,BYU,Texas Tech,away,canon,total_plays,59,57,-2,2,fumble_or_safety_swallows_scrimmage_type
401777327,2025,15,regular,BYU,Texas Tech,away,canon,pass_attempts,29,27,-2,2,fumble_or_safety_swallows_scrimmage_type
401777327,2025,15,regular,BYU,Texas Tech,away,canon,turnovers,4,1,-3,3,kneel_accounting
401777327,2025,15,regular,BYU,Texas Tech,away,canon,interceptions,2,1,-1,1,kneel_accounting
401777327,2025,15,regular,BYU,Texas Tech,away,canon,fumbles_lost,2,0,-2,2,kneel_accounting
401777327,2025,15,regular,BYU,Texas Tech,away,canon,third_down_attempts,14,12,-2,2,kneel_accounting
401777329,2025,15,regular,Western Michigan,Miami (OH),home,canon,total_yards,397,401.0,4.0,4.0,fumble_or_safety_swallows_scrimmage_type
401777329,2025,15,regular,Western Michigan,Miami (OH),home,canon,rush_yards,286,290.0,4.0,4.0,fumble_or_safety_swallows_scrimmage_type
401777329,2025,15,regular,Miami (OH),Western Michigan,away,canon,total_yards,272,275.0,3.0,3.0,fumble_or_safety_swallows_scrimmage_type
401777329,2025,15,regular,Miami (OH),Western Michigan,away,canon,rush_yards,73,76.0,3.0,3.0,fumble_or_safety_swallows_scrimmage_type
401777351,2025,15,regular,Alabama,Georgia,home,canon,total_plays,55,54,-1,1,sack_accounting
401777351,2025,15,regular,Alabama,Georgia,home,canon,total_yards,209,213.0,4.0,4.0,sack_accounting
401777351,2025,15,regular,Alabama,Georgia,home,canon,pass_attempts,39,38,-1,1,sack_accounting
401777351,2025,15,regular,Alabama,Georgia,home,canon,rush_yards,-3,1.0,4.0,4.0,sack_accounting
401777351,2025,15,regular,Alabama,Georgia,home,canon,third_down_attempts,14,13,-1,1,kneel_accounting
401777328,2025,15,regular,Virginia,Duke,home,canon,points,20,27,7,7,kneel_accounting
401777328,2025,15,regular,Virginia,Duke,home,canon,total_plays,69,68,-1,1,fumble_or_safety_swallows_scrimmage_type
401777328,2025,15,regular,Virginia,Duke,home,canon,pass_attempts,40,39,-1,1,fumble_or_safety_swallows_scrimmage_type
401777328,2025,15,regular,Virginia,Duke,home,canon,turnovers,2,1,-1,1,kneel_accounting
401777328,2025,15,regular,Virginia,Duke,home,canon,interceptions,2,1,-1,1,kneel_accounting
401777328,2025,15,regular,Duke,Virginia,away,canon,total_plays,69,68,-1,1,fumble_or_safety_swallows_scrimmage_type
401777328,2025,15,regular,Duke,Virginia,away,canon,pass_attempts,25,24,-1,1,fumble_or_safety_swallows_scrimmage_type
401777353,2025,15,regular,Ohio State,Indiana,home,canon,total_plays,56,55,-1,1,sack_accounting
401777353,2025,15,regular,Ohio State,Indiana,home,canon,pass_attempts,30,29,-1,1,sack_accounting
401777353,2025,15,regular,Ohio State,Indiana,home,canon,third_down_attempts,12,11,-1,1,no_play_penalty
401777353,2025,15,regular,Indiana,Ohio State,away,canon,total_plays,57,56,-1,1,sack_accounting
401777353,2025,15,regular,Indiana,Ohio State,away,canon,pass_attempts,23,22,-1,1,sack_accounting
