game_id,season,week,season_type,team,opponent,home_away,classification,opponent_classification,box_score_available,box_points,box_total_plays,box_total_yards,box_pass_attempts,box_completions,box_net_pass_yards,box_rush_attempts,box_rush_yards,box_turnovers,box_interceptions,box_fumbles_lost,box_third_down_attempts,box_third_down_conversions,box_fourth_down_attempts,box_fourth_down_conversions,raw_points,raw_total_plays,raw_total_yards,raw_pass_attempts,raw_completions,raw_net_pass_yards,raw_rush_attempts,raw_rush_yards,raw_turnovers,raw_interceptions,raw_fumbles_lost,raw_third_down_attempts,raw_third_down_conversions,raw_fourth_down_attempts,raw_fourth_down_conversions,canon_points,canon_total_plays,canon_total_yards,canon_pass_attempts,canon_completions,canon_net_pass_yards,canon_rush_attempts,canon_rush_yards,canon_turnovers,canon_interceptions,canon_fumbles_lost,canon_third_down_attempts,canon_third_down_conversions,canon_fourth_down_attempts,canon_fourth_down_conversions,canonfix_interceptions,canonfix_fumbles_lost,canonfix_turnovers,canondedup_rush_attempts,canondedup_rush_yards,canondedup_pass_attempts,canondedup_net_pass_yards,canondedup_total_plays,canondedup_total_yards
401778302,2025,1,postseason,Washington,Boise State,home,fbs,fbs,True,38,62,355,28,17,228,34,127,1,0,1,13,6,0,0,38,61,345.0,27,16,218.0,34,127.0,1,0,1,13,6,0,0,38,62,355.0,28,17,228.0,34,127.0,0,0,0,13,6,0,0,0,0,0,34,127.0,28,228.0,62,355.0
401778302,2025,1,postseason,Boise State,Washington,away,fbs,fbs,True,10,71,311,43,22,253,28,58,5,5,0,16,5,4,2,10,68,313.0,40,22,253.0,28,60.0,1,1,0,15,5,4,2,10,68,311.0,40,22,253.0,28,58.0,1,1,0,15,5,4,2,4,0,4,28,58.0,40,253.0,68,311.0
401778303,2025,1,postseason,Jacksonville State,Troy,home,fbs,fbs,True,17,65,273,22,14,173,43,100,1,0,1,17,8,1,0,17,64,286.0,22,14,173.0,42,113.0,0,0,0,17,8,1,0,17,64,286.0,22,14,173.0,42,113.0,0,0,0,17,8,1,0,0,0,0,42,113.0,22,173.0,64,286.0
401778303,2025,1,postseason,Troy,Jacksonville State,away,fbs,fbs,True,13,62,217,30,15,129,32,88,2,2,0,12,2,3,1,13,62,222.0,30,15,129.0,32,93.0,2,2,0,12,2,3,1,13,62,217.0,30,15,129.0,32,88.0,2,2,0,12,2,3,1,2,1,3,32,88.0,30,129.0,62,217.0
401778304,2025,1,postseason,South Florida,Old Dominion,home,fbs,fbs,True,10,75,333,40,26,281,35,52,5,4,1,16,5,1,0,10,73,336.0,38,27,281.0,35,55.0,3,3,0,15,5,0,0,10,73,333.0,38,27,281.0,35,52.0,3,3,0,15,5,0,0,3,0,3,35,52.0,38,281.0,73,333.0
401778304,2025,1,postseason,Old Dominion,South Florida,away,fbs,fbs,True,24,81,382,26,11,127,55,255,1,0,1,20,9,2,0,24,80,416.0,26,11,127.0,54,289.0,0,0,0,19,9,2,0,24,82,426.0,26,11,127.0,56,299.0,0,0,0,19,9,2,0,0,0,0,56,299.0,26,127.0,82,426.0
401778305,2025,1,postseason,Delaware,Louisiana,home,fbs,fbs,True,20,60,334,30,19,176,30,158,0,0,0,14,6,2,0,20,60,334.0,30,19,176.0,30,158.0,0,0,0,14,6,2,0,20,60,334.0,30,19,176.0,30,158.0,0,0,0,14,6,2,0,0,0,0,30,158.0,30,176.0,60,334.0
401778305,2025,1,postseason,Louisiana,Delaware,away,fbs,fbs,True,13,77,335,38,21,231,39,104,3,1,2,17,6,5,3,13,76,339.0,38,21,231.0,38,108.0,1,0,1,17,6,4,3,13,77,335.0,38,21,231.0,39,104.0,1,0,1,17,6,4,3,1,1,2,39,104.0,38,231.0,77,335.0
401838053,2025,1,postseason,Arkansas State,Missouri State,home,fbs,fbs,True,34,56,359,31,17,288,25,71,0,0,0,11,2,0,0,34,55,352.0,31,17,288.0,24,64.0,0,0,0,12,2,0,0,34,55,352.0,31,17,288.0,24,64.0,0,0,0,12,2,0,0,0,0,0,24,64.0,31,288.0,55,352.0
401838053,2025,1,postseason,Missouri State,Arkansas State,away,fbs,fbs,True,28,72,396,35,25,349,37,47,2,0,2,15,8,0,0,28,70,420.0,35,25,349.0,35,71.0,0,0,0,15,8,0,0,28,72,397.0,35,25,349.0,37,48.0,0,0,0,15,8,0,0,0,0,0,37,48.0,35,349.0,72,397.0
401778306,2025,1,postseason,Western Michigan,Kennesaw State,home,fbs,fbs,True,41,62,423,19,12,120,43,303,2,1,1,13,5,1,1,41,60,411.0,18,12,120.0,42,291.0,1,1,0,12,5,1,1,41,61,423.0,18,12,120.0,43,303.0,1,1,0,12,5,1,1,1,0,1,43,303.0,18,120.0,61,423.0
401778306,2025,1,postseason,Kennesaw State,Western Michigan,away,fbs,fbs,True,6,70,378,36,18,209,34,169,4,2,2,14,4,0,0,6,66,395.0,34,18,209.0,32,186.0,3,2,1,13,4,0,0,6,67,392.0,34,18,209.0,33,183.0,3,2,1,13,4,0,0,2,2,4,33,183.0,34,209.0,67,392.0
401778307,2025,1,postseason,NC State,Memphis,home,fbs,fbs,True,31,59,337,26,14,221,33,116,0,0,0,13,5,2,0,31,59,346.0,26,14,221.0,33,125.0,0,0,0,13,5,2,0,31,60,337.0,26,14,221.0,34,116.0,1,0,1,13,5,2,0,0,1,1,34,116.0,26,221.0,60,337.0
401778307,2025,1,postseason,Memphis,NC State,away,fbs,fbs,True,7,70,303,34,20,154,36,149,2,1,1,17,8,3,0,7,69,312.0,35,21,154.0,34,158.0,1,1,0,17,8,3,0,7,71,303.0,35,21,154.0,36,149.0,1,1,0,17,8,3,0,1,0,1,36,149.0,35,154.0,71,303.0
401779840,2025,1,postseason,Oklahoma,Alabama,home,fbs,fbs,True,24,75,362,42,26,307,33,55,1,1,0,18,7,1,1,24,74,365.0,41,26,307.0,33,58.0,1,1,0,18,7,1,1,24,74,362.0,41,26,307.0,33,55.0,1,1,0,18,7,1,1,1,0,1,33,55.0,41,307.0,74,362.0
401779840,2025,1,postseason,Alabama,Oklahoma,away,fbs,fbs,True,34,54,260,29,18,232,25,28,0,0,0,12,2,1,1,34,54,258.0,29,18,232.0,25,26.0,0,0,0,12,2,1,1,34,55,257.0,29,18,232.0,26,25.0,0,0,0,12,2,1,1,0,0,0,26,25.0,29,232.0,55,257.0
401779841,2025,1,postseason,Texas A&M,Miami,home,fbs,fbs,True,3,75,326,40,25,237,35,89,3,2,1,18,8,1,0,3,73,334.0,39,25,237.0,34,97.0,2,2,0,17,8,1,0,3,74,332.0,39,25,237.0,35,95.0,2,2,0,17,8,1,0,2,0,2,35,95.0,39,237.0,74,332.0
401779841,2025,1,postseason,Miami,Texas A&M,away,fbs,fbs,True,10,49,278,21,14,103,28,175,1,0,1,12,3,0,0,10,46,248.0,20,13,91.0,26,157.0,0,0,0,11,3,0,0,10,49,278.0,21,14,103.0,28,175.0,0,0,0,11,3,0,0,0,1,1,28,175.0,21,103.0,49,278.0
401779842,2025,1,postseason,Ole Miss,Tulane,home,fbs,fbs,True,41,68,497,34,27,346,34,151,1,0,1,10,3,2,2,41,67,508.0,34,27,346.0,33,162.0,0,0,0,10,3,2,2,41,68,497.0,34,27,346.0,34,151.0,0,0,0,10,3,2,2,0,0,0,34,151.0,34,346.0,68,497.0
401779842,2025,1,postseason,Tulane,Ole Miss,away,fbs,fbs,True,10,71,421,37,20,306,34,115,3,1,2,13,5,4,0,10,69,424.0,36,20,306.0,33,118.0,2,1,1,13,5,3,0,10,70,419.0,36,20,306.0,34,113.0,2,1,1,13,5,3,0,1,1,2,34,113.0,36,306.0,70,419.0
401779843,2025,1,postseason,Oregon,James Madison,home,fbs,fbs,True,51,53,514,27,19,313,26,201,2,2,0,7,3,0,0,51,50,506.0,25,19,313.0,25,193.0,1,1,0,6,3,0,0,51,51,514.0,25,19,313.0,26,201.0,1,1,0,6,3,0,0,2,0,2,26,201.0,25,313.0,51,514.0
401779843,2025,1,postseason,James Madison,Oregon,away,fbs,fbs,True,34,84,509,49,24,323,35,186,0,0,0,22,9,4,4,34,83,510.0,49,24,323.0,34,187.0,0,0,0,22,9,4,4,34,84,510.0,49,24,323.0,35,187.0,0,0,0,22,9,4,4,0,0,0,35,187.0,49,323.0,84,510.0
401778308,2025,1,postseason,Utah State,Washington State,home,fbs,fbs,True,21,53,254,27,14,194,26,60,1,1,0,13,3,0,0,21,53,254.0,27,14,194.0,26,60.0,1,1,0,13,3,0,0,21,53,254.0,27,14,194.0,26,60.0,1,1,0,13,3,0,0,2,0,2,26,60.0,27,194.0,53,254.0
401778308,2025,1,postseason,Washington State,Utah State,away,fbs,fbs,True,34,88,628,47,28,373,41,255,3,3,0,18,9,2,1,34,85,635.0,44,28,373.0,41,262.0,3,3,0,15,9,2,1,34,85,628.0,44,28,373.0,41,255.0,3,3,0,15,9,2,1,3,0,3,41,255.0,44,373.0,85,628.0
401778309,2025,1,postseason,Louisville,Toledo,home,fbs,fbs,True,27,60,333,24,16,153,36,180,1,0,1,9,1,3,3,27,58,321.0,24,16,153.0,34,168.0,0,0,0,9,1,3,3,27,60,333.0,24,16,153.0,36,180.0,0,0,0,9,1,3,3,0,0,0,36,180.0,24,153.0,60,333.0
401778309,2025,1,postseason,Toledo,Louisville,away,fbs,fbs,True,22,68,336,28,17,167,40,169,1,0,1,13,4,1,1,22,67,349.0,29,17,167.0,38,182.0,1,0,1,12,4,1,1,22,69,339.0,29,17,167.0,40,172.0,1,0,1,12,4,1,1,0,2,2,40,172.0,29,167.0,69,339.0
401778310,2025,1,postseason,Southern Miss,Western Kentucky,home,fbs,fbs,True,16,84,377,48,24,258,36,119,1,1,0,20,7,3,1,16,84,385.0,48,24,258.0,36,127.0,1,1,0,20,7,3,1,16,85,384.0,48,24,258.0,37,126.0,1,1,0,20,7,3,1,1,0,1,37,126.0,48,258.0,85,384.0
401778310,2025,1,postseason,Western Kentucky,Southern Miss,away,fbs,fbs,True,27,73,422,40,22,267,33,155,3,2,1,17,9,0,0,27,71,358.0,37,21,205.0,34,153.0,2,1,1,17,9,0,0,27,72,417.0,38,22,267.0,34,150.0,2,1,1,17,9,0,0,2,1,3,34,150.0,38,267.0,72,417.0
401778311,2025,1,postseason,Ohio,UNLV,home,fbs,fbs,True,17,58,350,15,11,143,43,207,3,1,2,11,4,1,1,17,57,352.0,15,11,143.0,42,209.0,2,1,1,10,4,1,1,17,58,350.0,15,11,143.0,43,207.0,2,1,1,10,4,1,1,1,1,2,43,207.0,15,143.0,58,350.0
401778311,2025,1,postseason,UNLV,Ohio,away,fbs,fbs,True,10,59,281,30,19,184,29,97,2,1,1,11,4,2,1,10,58,290.0,30,19,184.0,28,106.0,0,0,0,11,4,2,1,10,59,281.0,30,19,184.0,29,97.0,0,0,0,11,4,2,1,1,0,1,29,97.0,30,184.0,59,281.0
401778312,2025,1,postseason,Hawai'i,California,home,fbs,fbs,True,35,72,395,49,34,302,23,93,0,0,0,17,8,3,3,35,72,395.0,49,34,302.0,23,93.0,0,0,0,17,8,3,3,35,72,395.0,49,34,302.0,23,93.0,0,0,0,17,8,3,3,0,0,0,23,93.0,49,302.0,72,395.0
401778312,2025,1,postseason,California,Hawai'i,away,fbs,fbs,True,31,67,481,39,28,337,28,144,1,0,1,9,5,1,0,31,67,487.0,39,28,343.0,28,144.0,0,0,0,9,5,1,0,31,67,487.0,39,28,343.0,28,144.0,0,0,0,9,5,1,0,0,0,0,28,144.0,39,343.0,67,487.0
401778313,2025,1,postseason,Northwestern,Central Michigan,home,fbs,fbs,True,34,61,313,35,20,236,26,77,1,1,0,13,4,5,2,34,59,347.0,34,20,273.0,25,74.0,1,1,0,13,5,4,2,34,60,350.0,34,20,273.0,26,77.0,2,1,1,13,5,4,2,1,1,2,26,77.0,34,273.0,60,350.0
401778313,2025,1,postseason,Central Michigan,Northwestern,away,fbs,fbs,True,7,60,269,26,21,178,34,91,4,1,3,11,3,1,0,7,56,276.0,26,21,178.0,30,98.0,2,1,1,9,3,1,0,7,60,313.0,26,21,178.0,34,135.0,2,1,1,9,3,1,0,1,1,2,34,135.0,26,178.0,60,313.0
401778314,2025,1,postseason,Minnesota,New Mexico,home,fbs,fbs,True,20,60,252,28,18,147,32,105,1,0,1,15,7,2,1,20,59,257.0,28,17,147.0,31,110.0,0,0,0,15,7,1,1,20,60,252.0,28,17,147.0,32,105.0,0,0,0,15,7,1,1,0,1,1,32,105.0,28,147.0,60,252.0
401778314,2025,1,postseason,New Mexico,Minnesota,away,fbs,fbs,True,17,66,204,28,15,88,38,116,1,1,0,18,8,2,1,17,66,207.0,28,14,91.0,38,116.0,0,0,0,18,8,2,1,17,66,207.0,28,14,91.0,38,116.0,0,0,0,18,8,2,1,1,0,1,38,116.0,28,91.0,66,207.0
401778315,2025,1,postseason,UTSA,Florida International,home,fbs,fbs,True,57,71,481,31,18,295,40,186,0,0,0,12,4,2,2,57,70,479.0,31,18,295.0,39,184.0,0,0,0,12,4,2,2,57,72,480.0,31,18,295.0,41,185.0,0,0,0,12,4,2,2,0,0,0,41,185.0,31,295.0,72,480.0
401778315,2025,1,postseason,Florida International,UTSA,away,fbs,fbs,True,20,78,255,49,21,176,29,79,2,2,0,18,6,10,1,20,77,256.0,49,21,176.0,28,80.0,2,2,0,18,6,10,1,20,78,255.0,49,21,176.0,29,79.0,2,2,0,18,6,10,1,2,0,2,29,79.0,49,176.0,78,255.0
401778316,2025,1,postseason,East Carolina,Pittsburgh,home,fbs,fbs,True,23,59,249,17,8,177,42,72,1,0,1,15,2,3,2,23,58,262.0,17,8,177.0,41,85.0,1,0,1,15,2,3,2,23,58,262.0,17,8,177.0,41,85.0,2,0,2,15,2,3,2,0,3,3,41,85.0,17,177.0,58,262.0
401778316,2025,1,postseason,Pittsburgh,East Carolina,away,fbs,fbs,True,17,80,376,40,25,256,40,120,5,1,4,15,5,5,3,17,76,388.0,39,25,256.0,37,132.0,1,0,1,14,5,5,3,17,79,376.0,39,25,256.0,40,120.0,1,0,1,14,5,5,3,1,1,2,40,120.0,39,256.0,79,376.0
401778317,2025,1,postseason,Clemson,Penn State,home,fbs,fbs,True,10,65,236,40,22,193,25,43,0,0,0,15,5,3,1,10,65,246.0,40,22,193.0,25,53.0,0,0,0,15,5,3,1,10,65,246.0,40,22,193.0,25,53.0,0,0,0,15,5,3,1,0,0,0,25,53.0,40,193.0,65,246.0
401778317,2025,1,postseason,Penn State,Clemson,away,fbs,fbs,True,22,76,397,35,23,260,41,137,0,0,0,19,11,2,0,22,76,402.0,35,23,262.0,41,140.0,0,0,0,19,11,2,0,22,76,397.0,35,23,262.0,41,135.0,0,0,0,19,11,2,0,0,0,0,41,135.0,35,262.0,76,397.0
401778318,2025,1,postseason,Army,UConn,home,fbs,fbs,True,41,65,476,9,7,108,56,368,1,0,1,12,8,3,2,41,63,478.0,9,7,108.0,54,370.0,1,0,1,11,8,3,2,41,65,476.0,9,7,108.0,56,368.0,1,0,1,11,8,3,2,0,1,1,56,368.0,9,108.0,65,476.0
401778318,2025,1,postseason,UConn,Army,away,fbs,fbs,True,16,47,267,17,11,84,30,183,0,0,0,9,1,3,2,16,46,266.0,17,11,84.0,29,182.0,0,0,0,9,1,3,2,16,47,267.0,17,11,84.0,30,183.0,0,0,0,9,1,3,2,0,0,0,30,183.0,17,84.0,47,267.0
401778319,2025,1,postseason,BYU,Georgia Tech,home,fbs,fbs,True,25,63,425,39,27,325,24,100,2,1,1,10,5,1,0,25,62,425.0,38,27,325.0,24,100.0,0,0,0,9,5,1,0,25,62,425.0,38,27,325.0,24,100.0,0,0,0,9,5,1,0,1,0,1,24,100.0,38,325.0,62,425.0
401778319,2025,1,postseason,Georgia Tech,BYU,away,fbs,fbs,True,21,68,385,40,22,254,28,131,2,1,1,12,4,3,2,21,66,410.0,39,21,274.0,27,136.0,1,1,0,12,5,3,2,21,67,405.0,39,21,274.0,28,131.0,1,1,0,12,5,3,2,1,0,1,28,131.0,39,274.0,67,405.0
401778320,2025,1,postseason,Fresno State,Miami (OH),home,fbs,fbs,True,18,71,396,22,15,219,49,177,0,0,0,16,6,1,1,18,70,371.0,21,14,194.0,49,177.0,0,0,0,16,6,1,1,18,71,396.0,22,15,219.0,49,177.0,0,0,0,16,6,1,1,0,0,0,49,177.0,22,219.0,71,396.0
401778320,2025,1,postseason,Miami (OH),Fresno State,away,fbs,fbs,True,3,48,192,22,6,72,26,120,2,1,1,12,4,2,0,3,47,189.0,22,6,72.0,25,117.0,1,1,0,12,4,2,0,3,48,192.0,22,6,72.0,26,120.0,1,1,0,12,4,2,0,1,1,2,26,120.0,22,72.0,48,192.0
401778321,2025,1,postseason,San Diego State,North Texas,home,fbs,fbs,True,47,82,532,36,18,206,46,326,3,2,1,14,4,5,3,47,79,541.0,35,18,206.0,44,335.0,3,2,1,14,4,4,3,47,81,532.0,35,18,206.0,46,326.0,3,2,1,14,4,4,3,2,1,3,46,326.0,35,206.0,81,532.0
401778321,2025,1,postseason,North Texas,San Diego State,away,fbs,fbs,True,49,98,618,49,27,250,49,368,2,2,0,20,9,7,5,49,96,616.0,46,26,243.0,50,373.0,2,2,0,21,10,7,5,49,97,623.0,47,27,250.0,50,373.0,2,2,0,21,10,7,5,2,0,2,50,373.0,47,250.0,97,623.0
401778322,2025,1,postseason,Missouri,Virginia,home,fbs,fbs,True,7,55,260,23,12,101,32,159,1,1,0,12,3,3,0,7,55,260.0,23,12,101.0,32,159.0,0,0,0,12,3,3,0,7,55,260.0,23,12,101.0,32,159.0,0,0,0,12,3,3,0,1,0,1,32,159.0,23,101.0,55,260.0
401778322,2025,1,postseason,Virginia,Missouri,away,fbs,fbs,True,13,79,308,38,25,198,41,110,1,0,1,23,13,4,2,13,79,308.0,38,25,198.0,41,110.0,0,0,0,23,13,4,2,13,79,308.0,38,25,198.0,41,110.0,0,0,0,23,13,4,2,0,0,0,41,110.0,38,198.0,79,308.0
401778323,2025,1,postseason,Houston,LSU,home,fbs,fbs,True,38,82,437,37,28,230,45,207,0,0,0,15,7,3,2,38,82,437.0,36,27,236.0,46,201.0,0,0,0,15,7,3,2,38,82,437.0,36,27,236.0,46,201.0,0,0,0,15,7,3,2,0,0,0,46,201.0,36,236.0,82,437.0
401778323,2025,1,postseason,LSU,Houston,away,fbs,fbs,True,35,50,344,26,16,267,24,77,1,0,1,12,7,1,1,35,48,337.0,26,16,267.0,22,70.0,1,0,1,11,6,1,1,35,49,341.0,26,16,267.0,23,74.0,1,0,1,11,6,1,1,0,1,1,23,74.0,26,267.0,49,341.0
401778324,2025,1,postseason,App State,Georgia Southern,home,fbs,fbs,True,10,62,379,29,16,192,33,187,4,4,0,10,3,0,0,10,60,379.0,27,16,192.0,33,187.0,3,3,0,10,3,0,0,10,60,379.0,27,16,192.0,33,187.0,3,3,0,10,3,0,0,4,0,4,33,187.0,27,192.0,60,379.0
401778324,2025,1,postseason,Georgia Southern,App State,away,fbs,fbs,True,29,65,413,27,18,171,38,242,1,1,0,11,5,1,1,29,65,414.0,27,18,171.0,38,243.0,1,1,0,11,5,1,1,29,65,414.0,27,18,171.0,38,243.0,1,1,0,11,5,1,1,1,0,1,38,243.0,27,171.0,65,414.0
401778325,2025,1,postseason,Louisiana Tech,Coastal Carolina,home,fbs,fbs,True,23,66,295,19,9,114,47,181,4,1,3,16,4,0,0,23,66,307.0,18,9,114.0,48,193.0,1,1,0,15,4,0,0,23,66,307.0,18,9,114.0,48,193.0,2,1,1,15,4,0,0,1,1,2,48,193.0,18,114.0,66,307.0
401778325,2025,1,postseason,Coastal Carolina,Louisiana Tech,away,fbs,fbs,True,14,74,356,49,25,311,25,45,3,2,1,14,2,1,0,14,71,345.0,46,24,292.0,25,53.0,2,2,0,13,2,1,0,14,72,350.0,47,25,297.0,25,53.0,2,2,0,13,2,1,0,2,0,2,25,53.0,47,297.0,72,350.0
401778326,2025,1,postseason,Illinois,Tennessee,home,fbs,fbs,True,30,73,417,34,20,196,39,221,0,0,0,13,6,3,1,30,73,419.0,34,20,196.0,39,223.0,0,0,0,13,6,3,1,30,73,417.0,34,20,196.0,39,221.0,1,0,1,13,6,3,1,0,1,1,39,221.0,34,196.0,73,417.0
401778326,2025,1,postseason,Tennessee,Illinois,away,fbs,fbs,True,28,55,278,18,14,121,37,157,1,0,1,10,5,2,2,28,54,302.0,18,14,121.0,36,181.0,0,0,0,10,5,2,2,28,55,298.0,18,14,121.0,37,177.0,0,0,0,10,5,2,2,0,0,0,37,177.0,18,121.0,55,298.0
401778327,2025,1,postseason,TCU,USC,home,fbs,fbs,True,30,71,375,40,29,258,31,117,1,1,0,15,8,1,1,30,70,376.0,40,29,258.0,30,118.0,1,1,0,15,8,1,1,30,71,375.0,40,29,258.0,31,117.0,1,1,0,15,8,1,1,1,0,1,31,117.0,40,258.0,71,375.0
401778327,2025,1,postseason,USC,TCU,away,fbs,fbs,True,27,63,392,30,18,280,33,112,2,2,0,12,5,0,0,27,62,390.0,30,18,280.0,32,110.0,1,1,0,12,5,0,0,27,62,390.0,30,18,280.0,32,110.0,1,1,0,12,5,0,0,2,0,2,32,110.0,30,280.0,62,390.0
401778328,2025,1,postseason,Vanderbilt,Iowa,home,fbs,fbs,True,27,60,398,38,25,347,22,51,0,0,0,9,2,1,0,27,60,404.0,38,25,347.0,22,57.0,0,0,0,9,2,1,0,27,60,404.0,38,25,347.0,22,57.0,0,0,0,9,2,1,0,0,0,0,22,57.0,38,347.0,60,404.0
401778328,2025,1,postseason,Iowa,Vanderbilt,away,fbs,fbs,True,34,59,379,22,16,212,37,167,1,1,0,12,6,0,0,34,59,389.0,23,16,212.0,36,177.0,0,0,0,12,6,0,0,34,60,379.0,23,16,212.0,37,167.0,0,0,0,12,6,0,0,1,0,1,37,167.0,23,212.0,60,379.0
401778329,2025,1,postseason,Duke,Arizona State,home,fbs,fbs,True,42,87,539,51,29,327,36,212,1,1,0,17,6,5,3,42,86,541.0,51,29,327.0,35,214.0,1,1,0,17,6,5,3,42,87,539.0,51,29,327.0,36,212.0,2,1,1,17,6,5,3,1,1,2,36,212.0,51,327.0,87,539.0
401778329,2025,1,postseason,Arizona State,Duke,away,fbs,fbs,True,39,75,619,38,27,375,37,244,3,1,2,10,3,4,1,39,78,548.0,39,27,358.0,39,190.0,2,1,1,11,3,5,1,39,80,575.0,40,28,371.0,40,204.0,2,1,1,11,3,5,1,1,1,2,40,204.0,40,371.0,80,575.0
401778330,2025,1,postseason,Texas,Michigan,home,fbs,fbs,True,41,67,456,34,21,221,33,235,1,0,1,11,3,2,2,41,67,456.0,34,21,221.0,33,235.0,0,0,0,12,4,2,2,41,67,456.0,34,21,221.0,33,235.0,0,0,0,12,4,2,2,0,0,0,33,235.0,34,221.0,67,456.0
401778330,2025,1,postseason,Michigan,Texas,away,fbs,fbs,True,27,81,373,43,23,199,38,174,3,3,0,18,4,6,5,27,78,371.0,40,23,199.0,38,172.0,2,1,1,15,4,6,5,27,78,371.0,40,23,199.0,38,172.0,2,1,1,15,4,6,5,3,1,4,38,172.0,40,199.0,78,371.0
401778331,2025,1,postseason,Utah,Nebraska,home,fbs,fbs,True,44,76,535,31,19,310,45,225,0,0,0,14,7,3,2,44,74,552.0,31,19,310.0,43,242.0,0,0,0,14,7,3,2,44,76,536.0,31,19,310.0,45,226.0,0,0,0,14,7,3,2,0,0,0,45,226.0,31,310.0,76,536.0
401778331,2025,1,postseason,Nebraska,Utah,away,fbs,fbs,True,22,65,343,28,15,182,37,161,1,1,0,16,8,3,1,22,65,343.0,28,15,182.0,37,161.0,0,0,0,16,8,3,1,22,65,343.0,28,15,182.0,37,161.0,0,0,0,16,8,3,1,1,0,1,37,161.0,28,182.0,65,343.0
401769070,2025,1,postseason,Ohio State,Miami,home,fbs,fbs,True,14,59,332,35,22,287,24,45,2,2,0,10,3,1,1,14,57,332.0,33,22,287.0,24,45.0,2,2,0,10,3,1,1,14,57,332.0,33,22,287.0,24,45.0,2,2,0,10,3,1,1,2,0,2,24,45.0,33,287.0,57,332.0
401769070,2025,1,postseason,Miami,Ohio State,away,fbs,fbs,True,24,63,291,26,19,138,37,153,1,0,1,14,7,1,1,24,60,279.0,24,17,126.0,36,153.0,1,0,1,12,7,1,1,24,63,291.0,26,19,138.0,37,153.0,1,0,1,12,7,1,1,0,1,1,37,153.0,26,138.0,63,291.0
401769071,2025,1,postseason,Texas Tech,Oregon,home,fbs,fbs,True,0,62,215,32,18,137,30,78,4,2,2,16,6,3,0,0,59,221.0,31,18,137.0,28,84.0,2,1,1,15,6,3,0,0,61,240.0,31,18,137.0,30,103.0,2,1,1,15,6,3,0,2,1,3,30,103.0,31,137.0,61,240.0
401769071,2025,1,postseason,Oregon,Texas Tech,away,fbs,fbs,True,23,81,309,34,27,245,47,64,1,1,0,19,4,8,4,23,78,333.0,33,27,245.0,45,88.0,1,1,0,18,3,7,4,23,80,309.0,33,27,245.0,47,64.0,1,1,0,18,3,7,4,1,0,1,47,64.0,33,245.0,80,309.0
401769072,2025,1,postseason,Indiana,Alabama,home,fbs,fbs,True,38,66,407,16,14,192,50,215,0,0,0,14,9,0,0,38,66,408.0,16,14,192.0,50,216.0,0,0,0,14,9,0,0,38,66,408.0,16,14,192.0,50,216.0,0,0,0,14,9,0,0,0,0,0,50,216.0,16,192.0,66,408.0
401769072,2025,1,postseason,Alabama,Indiana,away,fbs,fbs,True,3,50,193,33,24,170,17,23,1,0,1,11,3,2,0,3,48,191.0,33,24,170.0,15,21.0,1,0,1,10,3,1,0,3,50,193.0,33,24,170.0,17,23.0,1,0,1,10,3,1,0,0,1,1,17,23.0,33,170.0,50,193.0
401769073,2025,1,postseason,Georgia,Ole Miss,home,fbs,fbs,True,34,70,343,33,19,219,37,124,1,0,1,13,3,3,2,34,70,361.0,33,19,237.0,37,124.0,0,0,0,13,3,3,2,34,70,361.0,33,19,237.0,37,124.0,0,0,0,13,3,3,2,0,0,0,37,124.0,33,237.0,70,361.0
401769073,2025,1,postseason,Ole Miss,Georgia,away,fbs,fbs,True,39,73,473,46,30,362,27,111,1,0,1,14,5,2,1,39,72,490.0,46,30,385.0,26,105.0,1,0,1,14,5,2,1,39,72,490.0,46,30,385.0,26,105.0,1,0,1,14,5,2,1,0,1,1,26,105.0,46,385.0,72,490.0
401778332,2025,1,postseason,Texas State,Rice,home,fbs,fbs,True,41,67,437,26,18,196,41,241,1,0,1,11,2,3,2,41,66,437.0,25,17,194.0,41,243.0,0,0,0,11,2,3,2,41,67,436.0,26,18,195.0,41,241.0,1,0,1,11,2,3,2,0,1,1,41,241.0,26,195.0,67,436.0
401778332,2025,1,postseason,Rice,Texas State,away,fbs,fbs,True,10,65,196,21,13,94,44,102,3,1,2,17,3,5,3,10,59,215.0,20,13,94.0,39,121.0,1,1,0,15,3,5,3,10,64,195.0,20,13,94.0,44,101.0,2,1,1,15,3,5,3,1,1,2,44,101.0,20,94.0,64,195.0
401778333,2025,1,postseason,Cincinnati,Navy,home,fbs,fbs,True,13,58,239,20,12,97,38,142,2,1,1,13,4,3,2,13,54,253.0,18,11,93.0,36,160.0,1,0,1,12,4,3,2,13,56,235.0,18,11,93.0,38,142.0,1,0,1,12,4,3,2,0,1,1,38,142.0,18,93.0,56,235.0
401778333,2025,1,postseason,Navy,Cincinnati,away,fbs,fbs,True,35,66,349,15,9,108,51,241,1,0,1,15,9,1,1,35,63,333.0,14,8,95.0,49,238.0,0,0,0,15,9,1,1,35,65,336.0,14,8,95.0,51,241.0,1,1,0,15,9,1,1,1,0,1,51,241.0,14,95.0,65,336.0
401778334,2025,1,postseason,Mississippi State,Wake Forest,home,fbs,fbs,True,29,69,408,27,16,294,42,114,0,0,0,14,3,2,0,29,69,418.0,27,16,294.0,42,124.0,0,0,0,14,3,2,0,29,69,418.0,27,16,294.0,42,124.0,0,0,0,14,3,2,0,0,0,0,42,124.0,27,294.0,69,418.0
401778334,2025,1,postseason,Wake Forest,Mississippi State,away,fbs,fbs,True,43,68,451,33,20,303,35,148,1,1,0,15,9,0,0,43,67,451.0,32,20,303.0,35,148.0,1,1,0,15,9,0,0,43,67,451.0,32,20,303.0,35,148.0,1,1,0,15,9,0,0,1,0,1,35,148.0,32,303.0,67,451.0
401831583,2025,1,postseason,SMU,Arizona,home,fbs,fbs,True,24,64,392,32,21,278,32,114,3,3,0,10,3,1,1,24,64,392.0,32,21,278.0,32,114.0,3,3,0,10,3,1,1,24,64,392.0,32,21,278.0,32,114.0,3,3,0,10,3,1,1,3,0,3,32,114.0,32,278.0,64,392.0
401831583,2025,1,postseason,Arizona,SMU,away,fbs,fbs,True,19,79,441,43,28,265,36,176,1,1,0,16,8,5,2,19,80,413.0,44,27,237.0,36,176.0,0,0,0,16,8,6,2,19,80,413.0,44,27,237.0,36,176.0,0,0,0,16,8,6,2,1,0,1,36,176.0,44,237.0,80,413.0
401769075,2025,1,postseason,Ole Miss,Miami,home,fbs,fbs,True,27,60,398,39,23,277,21,121,0,0,0,10,2,0,0,27,60,398.0,39,23,277.0,21,121.0,0,0,0,10,2,0,0,27,60,398.0,39,23,277.0,21,121.0,0,0,0,10,2,0,0,0,0,0,21,121.0,39,277.0,60,398.0
401769075,2025,1,postseason,Miami,Ole Miss,away,fbs,fbs,True,31,88,459,37,23,268,51,191,1,1,0,19,11,2,2,31,87,457.0,37,23,268.0,50,189.0,0,0,0,19,11,2,2,31,88,451.0,37,23,268.0,51,183.0,0,0,0,19,11,2,2,1,0,1,51,183.0,37,268.0,88,451.0
401769074,2025,1,postseason,Indiana,Oregon,home,fbs,fbs,True,56,60,362,20,17,177,40,185,0,0,0,14,11,0,0,56,58,364.0,20,17,177.0,38,187.0,0,0,0,12,10,0,0,56,60,378.0,20,17,177.0,40,201.0,1,0,1,12,10,0,0,0,1,1,40,201.0,20,177.0,60,378.0
401769074,2025,1,postseason,Oregon,Indiana,away,fbs,fbs,True,22,66,378,40,24,285,26,93,3,1,2,13,8,2,0,22,64,388.0,39,24,285.0,25,103.0,0,0,0,13,8,2,0,22,65,378.0,39,24,285.0,26,93.0,0,0,0,13,8,2,0,0,0,0,26,93.0,39,285.0,65,378.0
401769076,2025,1,postseason,Indiana,Miami,home,fbs,fbs,True,27,72,317,27,16,186,45,131,0,0,0,16,6,2,2,27,72,317.0,27,16,186.0,45,131.0,0,0,0,16,6,2,2,27,72,317.0,27,16,186.0,45,131.0,0,0,0,16,6,2,2,0,0,0,45,131.0,27,186.0,72,317.0
401769076,2025,1,postseason,Miami,Indiana,away,fbs,fbs,True,21,53,342,32,19,232,21,110,1,1,0,11,3,1,1,21,53,342.0,31,19,232.0,22,110.0,0,0,0,11,3,1,1,21,53,342.0,31,19,232.0,22,110.0,0,0,0,11,3,1,1,0,0,0,22,110.0,31,232.0,53,342.0
401756846,2025,1,regular,Kansas State,Iowa State,home,fbs,fbs,True,21,57,383,30,21,273,27,110,2,0,2,13,5,4,1,21,56,356.0,30,21,273.0,26,83.0,1,0,1,13,5,4,1,21,56,356.0,30,21,273.0,26,83.0,1,0,1,13,5,4,1,0,1,1,26,83.0,30,273.0,56,356.0
401756846,2025,1,regular,Iowa State,Kansas State,away,fbs,fbs,True,24,74,313,28,14,183,46,130,2,0,2,14,3,3,3,24,73,319.0,28,14,183.0,45,136.0,0,0,0,14,3,3,3,24,73,319.0,28,14,183.0,45,136.0,0,0,0,14,3,3,3,0,1,1,45,136.0,28,183.0,73,319.0
401756847,2025,1,regular,Kansas,Fresno State,home,fbs,fbs,True,31,58,383,20,18,176,38,207,0,0,0,10,2,3,2,31,63,456.0,22,18,216.0,41,240.0,1,0,1,10,2,3,2,31,64,458.0,22,18,216.0,42,242.0,1,0,1,10,2,3,2,0,1,1,42,242.0,22,216.0,64,458.0
401756847,2025,1,regular,Fresno State,Kansas,away,fbs,fbs,True,7,58,216,29,18,179,29,37,3,2,1,15,7,2,1,7,57,234.0,29,18,179.0,28,55.0,2,2,0,14,7,2,1,7,58,216.0,29,18,179.0,29,37.0,2,2,0,14,7,2,1,2,0,2,29,37.0,29,179.0,58,216.0
401757218,2025,1,regular,Western Kentucky,Sam Houston,home,fbs,fbs,True,41,86,506,51,33,401,35,105,2,0,2,19,11,1,0,41,84,515.0,51,32,405.0,33,110.0,1,0,1,18,11,2,0,41,84,515.0,51,32,405.0,33,110.0,1,0,1,18,11,2,0,0,1,1,33,110.0,50,405.0,83,515.0
401757218,2025,1,regular,Sam Houston,Western Kentucky,away,fbs,fbs,True,24,61,382,30,19,209,31,173,1,1,0,14,2,3,0,24,61,394.0,30,19,219.0,31,175.0,1,1,0,13,2,4,0,24,61,394.0,30,19,219.0,31,175.0,1,1,0,13,2,4,0,1,0,1,31,175.0,29,219.0,60,394.0
401754516,2025,1,regular,Hawai'i,Stanford,home,fbs,fbs,True,23,64,306,40,27,210,24,96,1,0,1,10,3,1,0,23,64,347.0,40,27,240.0,24,107.0,0,0,0,10,3,1,0,23,64,347.0,40,27,240.0,24,107.0,0,0,0,10,3,1,0,0,0,0,24,107.0,40,240.0,64,347.0
401754516,2025,1,regular,Stanford,Hawai'i,away,fbs,fbs,True,20,73,286,30,15,109,43,177,1,1,0,17,8,2,2,20,76,326.0,32,15,119.0,44,207.0,1,1,0,19,9,2,2,20,76,326.0,32,15,119.0,44,207.0,2,1,1,19,9,2,2,1,1,2,44,207.0,32,119.0,76,326.0
401762522,2025,1,regular,South Florida,Boise State,home,fbs,fbs,True,34,53,372,25,17,255,28,117,0,0,0,14,5,2,1,34,52,363.0,24,16,231.0,28,132.0,0,0,0,14,6,2,1,34,53,387.0,25,17,255.0,28,132.0,0,0,0,14,6,2,1,0,0,0,28,132.0,25,255.0,53,387.0
401762522,2025,1,regular,Boise State,South Florida,away,fbs,fbs,True,7,86,378,48,27,256,38,122,3,0,3,17,6,6,2,7,82,400.0,47,26,267.0,35,133.0,3,0,3,16,6,5,2,7,83,400.0,48,27,267.0,35,133.0,3,0,3,16,6,5,2,0,3,3,35,133.0,48,267.0,83,400.0
401752794,2025,1,regular,Rutgers,Ohio,home,fbs,fbs,True,34,60,399,23,18,252,37,147,0,0,0,10,1,5,5,37,80,527.0,34,24,331.0,46,196.0,0,0,0,13,2,7,7,37,80,527.0,34,24,331.0,46,196.0,0,0,0,13,2,7,7,0,0,0,46,196.0,34,331.0,80,527.0
401752794,2025,1,regular,Ohio,Rutgers,away,fbs,fbs,True,31,62,440,31,21,239,31,201,0,0,0,10,5,1,1,31,83,541.0,44,27,309.0,39,232.0,0,0,0,16,7,1,1,31,83,541.0,44,27,309.0,39,232.0,0,0,0,16,7,1,1,0,0,0,39,232.0,44,309.0,83,541.0
401754373,2025,1,regular,NC State,East Carolina,home,fbs,fbs,True,24,70,423,34,24,318,36,105,1,1,0,15,7,0,0,24,68,413.0,33,24,318.0,35,95.0,1,1,0,15,7,0,0,24,68,413.0,33,24,318.0,35,95.0,1,1,0,15,7,0,0,1,0,1,35,95.0,33,318.0,68,413.0
401754373,2025,1,regular,East Carolina,NC State,away,fbs,fbs,True,17,74,413,45,31,383,29,30,0,0,0,16,6,4,1,17,74,446.0,45,31,416.0,29,30.0,0,0,0,16,6,4,1,17,74,446.0,45,31,416.0,29,30.0,0,0,0,16,6,4,1,0,0,0,29,30.0,45,416.0,74,446.0
401762789,2025,1,regular,Akron,Wyoming,home,fbs,fbs,True,0,66,228,38,16,139,28,89,1,1,0,15,3,3,2,0,68,213.0,39,17,134.0,29,79.0,1,1,0,16,3,3,2,0,68,213.0,39,17,134.0,29,79.0,1,1,0,16,3,3,2,1,0,1,29,79.0,39,134.0,68,213.0
401762789,2025,1,regular,Wyoming,Akron,away,fbs,fbs,True,10,75,426,36,19,260,39,166,1,1,0,20,9,3,1,10,77,430.0,37,20,255.0,40,175.0,0,0,0,20,9,3,1,10,77,430.0,37,20,255.0,40,175.0,0,0,0,20,9,3,1,0,0,0,40,175.0,37,255.0,77,430.0
401756848,2025,1,regular,UCF,Jacksonville State,home,fbs,fbs,True,17,69,424,33,22,314,36,110,1,0,1,15,7,2,2,17,67,469.0,33,22,322.0,34,147.0,1,0,1,15,7,2,2,17,67,469.0,33,22,322.0,34,147.0,1,0,1,15,7,2,2,0,1,1,34,147.0,33,322.0,67,469.0
401756848,2025,1,regular,Jacksonville State,UCF,away,fbs,fbs,True,10,69,322,30,16,157,39,165,1,1,0,15,3,6,4,10,67,320.0,29,16,157.0,38,163.0,0,0,0,15,3,5,4,10,67,320.0,29,16,157.0,38,163.0,0,0,0,15,3,5,4,1,0,1,38,163.0,29,157.0,67,320.0
401752793,2025,1,regular,Minnesota,Buffalo,home,fbs,fbs,True,23,79,443,35,19,290,44,153,1,1,0,16,9,2,1,23,77,474.0,34,21,324.0,43,150.0,1,1,0,16,12,2,1,23,77,474.0,34,21,324.0,43,150.0,1,1,0,16,12,2,1,1,0,1,43,150.0,34,324.0,77,474.0
401752793,2025,1,regular,Buffalo,Minnesota,away,fbs,fbs,True,10,44,151,20,12,107,24,44,1,0,1,11,1,1,1,10,43,164.0,20,12,117.0,23,47.0,0,0,0,10,1,1,1,10,43,164.0,20,12,117.0,23,47.0,0,0,0,10,1,1,1,0,0,0,23,47.0,20,117.0,43,164.0
401752796,2025,1,regular,Cincinnati,Nebraska,home,fbs,fbs,True,17,54,271,25,13,69,29,202,2,1,1,10,3,2,2,17,55,285.0,25,13,83.0,30,202.0,0,0,0,10,3,2,2,17,55,285.0,25,13,83.0,30,202.0,0,0,0,10,3,2,2,1,0,1,30,202.0,25,83.0,55,285.0
401752796,2025,1,regular,Nebraska,Cincinnati,away,fbs,fbs,True,20,77,356,42,33,243,35,113,0,0,0,18,10,2,1,20,75,356.0,42,33,247.0,33,109.0,0,0,0,17,10,2,1,20,76,354.0,42,33,247.0,34,107.0,0,0,0,17,10,2,1,0,0,0,34,107.0,42,247.0,76,354.0
401762791,2025,1,regular,Wisconsin,Miami (OH),home,fbs,fbs,True,17,75,353,32,18,188,43,165,1,1,0,16,8,2,1,17,75,353.0,32,18,188.0,43,165.0,1,1,0,16,8,2,1,17,75,353.0,32,18,188.0,43,165.0,1,1,0,16,8,2,1,2,0,2,43,165.0,31,188.0,74,353.0
401762791,2025,1,regular,Miami (OH),Wisconsin,away,fbs,fbs,True,0,40,117,18,9,83,22,34,2,2,0,9,0,0,0,0,38,117.0,17,9,83.0,21,34.0,0,0,0,9,0,0,0,0,38,117.0,17,9,83.0,21,34.0,0,0,0,9,0,0,0,1,0,1,21,34.0,17,83.0,38,117.0
401754374,2025,1,regular,Wake Forest,Kennesaw State,home,fbs,fbs,True,10,75,348,28,20,218,47,130,0,0,0,17,6,2,1,10,73,353.0,27,19,226.0,46,127.0,0,0,0,16,6,2,1,10,73,353.0,27,19,226.0,46,127.0,0,0,0,16,6,2,1,0,0,0,46,127.0,27,226.0,73,353.0
401754374,2025,1,regular,Kennesaw State,Wake Forest,away,fbs,fbs,True,9,76,307,33,12,149,43,158,0,0,0,19,9,2,0,9,73,309.0,34,12,149.0,39,160.0,0,0,0,19,9,3,0,9,73,309.0,34,12,149.0,39,160.0,0,0,0,19,9,3,0,0,0,0,39,160.0,33,149.0,72,309.0
401761589,2025,1,regular,Charlotte,App State,home,fbs,fbs,True,11,54,218,25,13,142,29,76,2,1,1,14,4,2,2,11,58,177.0,29,16,96.0,29,81.0,1,1,0,14,4,3,3,11,60,180.0,29,16,96.0,31,84.0,1,1,0,14,4,3,3,1,0,1,31,84.0,29,96.0,60,180.0
401761589,2025,1,regular,App State,Charlotte,away,fbs,fbs,True,34,88,586,50,33,404,38,182,1,0,1,15,7,2,2,34,89,477.0,49,30,315.0,40,162.0,1,0,1,17,8,1,1,34,90,536.0,50,31,374.0,40,162.0,1,0,1,17,8,1,1,0,1,1,40,162.0,49,374.0,89,536.0
401752802,2025,1,regular,Michigan State,Western Michigan,home,fbs,fbs,True,23,68,336,24,17,155,44,181,2,1,1,13,4,1,1,23,67,379.0,25,17,171.0,42,208.0,1,1,0,13,5,1,1,23,69,352.0,25,17,171.0,44,181.0,1,1,0,13,5,1,1,1,0,1,44,181.0,25,171.0,69,352.0
401752802,2025,1,regular,Western Michigan,Michigan State,away,fbs,fbs,True,6,57,217,33,16,188,24,29,1,1,0,14,4,3,0,6,56,160.0,34,16,126.0,22,34.0,1,1,0,13,4,3,0,6,57,156.0,34,16,126.0,23,30.0,1,1,0,13,4,3,0,1,0,1,23,30.0,34,126.0,57,156.0
401754375,2025,1,regular,Colorado,Georgia Tech,home,fbs,fbs,True,20,60,305,29,17,159,31,146,0,0,0,13,5,1,1,20,59,311.0,29,17,175.0,30,136.0,0,0,0,13,5,1,1,20,59,311.0,29,17,175.0,30,136.0,0,0,0,13,5,1,1,0,0,0,30,136.0,29,175.0,59,311.0
401754375,2025,1,regular,Georgia Tech,Colorado,away,fbs,fbs,True,27,68,463,21,13,143,47,320,3,1,2,11,6,1,1,27,65,466.0,20,13,144.0,45,322.0,2,0,2,11,7,1,1,27,65,466.0,20,13,144.0,45,322.0,2,0,2,11,7,1,1,0,2,2,45,322.0,20,144.0,65,466.0
401752667,2025,1,regular,Baylor,Auburn,home,fbs,fbs,True,24,72,483,48,27,419,24,64,0,0,0,15,5,6,3,24,71,482.0,48,27,420.0,23,62.0,0,0,0,15,6,6,3,24,71,482.0,48,27,420.0,23,62.0,0,0,0,15,6,6,3,0,0,0,23,62.0,48,420.0,71,482.0
401752667,2025,1,regular,Auburn,Baylor,away,fbs,fbs,True,38,69,415,17,11,108,52,307,0,0,0,10,5,1,1,38,69,421.0,17,11,111.0,52,310.0,0,0,0,10,5,1,1,38,70,407.0,17,11,111.0,53,296.0,0,0,0,10,5,1,1,0,0,0,52,297.0,17,111.0,69,408.0
401757224,2025,1,regular,Sam Houston,UNLV,home,fbs,fbs,True,21,70,332,35,19,187,35,145,1,1,0,12,1,6,3,21,77,193.0,41,21,172.0,36,21.0,2,2,0,14,3,6,3,21,78,193.0,41,21,172.0,37,21.0,2,2,0,14,3,6,3,2,0,2,36,78.0,41,172.0,77,250.0
401757224,2025,1,regular,UNLV,Sam Houston,away,fbs,fbs,True,38,56,404,23,19,249,33,155,1,1,0,9,5,1,1,42,55,392.0,23,18,242.0,32,150.0,1,1,0,8,4,1,1,42,56,390.0,24,19,240.0,32,150.0,1,1,0,8,4,1,1,1,0,1,32,150.0,24,240.0,56,390.0
401760358,2025,1,regular,San José State,Central Michigan,home,fbs,fbs,True,14,67,383,43,24,308,24,75,3,2,1,16,8,0,0,14,67,383.0,45,24,308.0,22,75.0,1,1,0,16,8,0,0,14,68,376.0,45,24,308.0,23,68.0,1,1,0,16,8,0,0,2,0,2,23,68.0,45,308.0,68,376.0
401760358,2025,1,regular,Central Michigan,San José State,away,fbs,fbs,True,16,63,362,13,8,115,50,247,0,0,0,13,2,2,1,16,63,371.0,13,8,115.0,50,256.0,0,0,0,13,2,2,1,16,63,371.0,13,8,115.0,50,256.0,0,0,0,13,2,2,1,0,0,0,50,256.0,13,115.0,63,371.0
401752677,2025,1,regular,Ohio State,Texas,home,fbs,fbs,True,14,54,203,20,13,126,34,77,0,0,0,12,3,2,1,14,54,203.0,20,13,126.0,34,77.0,0,0,0,12,3,2,1,14,54,203.0,20,13,126.0,34,77.0,0,0,0,12,3,2,1,0,0,0,34,77.0,20,126.0,54,203.0
401752677,2025,1,regular,Texas,Ohio State,away,fbs,fbs,True,7,67,336,30,17,170,37,166,1,1,0,14,5,5,1,7,66,337.0,30,17,176.0,36,161.0,2,2,0,14,5,6,1,7,66,337.0,30,17,176.0,36,161.0,2,2,0,14,5,6,1,2,0,2,36,161.0,29,176.0,65,337.0
401752676,2025,1,regular,Tennessee,Syracuse,home,fbs,fbs,True,45,68,493,28,16,247,40,246,1,0,1,12,7,0,0,45,68,478.0,28,16,247.0,40,231.0,0,0,0,12,7,0,0,45,68,478.0,28,16,247.0,40,231.0,1,0,1,12,7,0,0,0,1,1,40,231.0,28,247.0,68,478.0
401752676,2025,1,regular,Syracuse,Tennessee,away,fbs,fbs,True,26,84,377,40,23,274,44,103,2,1,1,14,5,4,3,26,81,394.0,39,23,274.0,42,120.0,1,1,0,14,5,4,3,26,82,383.0,39,23,274.0,43,109.0,1,1,0,14,5,4,3,1,0,1,43,109.0,39,274.0,82,383.0
401752673,2025,1,regular,Southern Miss,Mississippi State,home,fbs,fbs,True,17,74,301,39,26,199,35,102,1,1,0,19,10,3,1,17,72,296.0,37,24,194.0,35,102.0,1,1,0,18,10,3,1,17,72,296.0,37,24,194.0,35,102.0,1,1,0,18,10,3,1,1,0,1,35,102.0,37,194.0,72,296.0
401752673,2025,1,regular,Mississippi State,Southern Miss,away,fbs,fbs,True,34,79,465,37,27,277,42,188,1,1,0,17,11,0,0,34,74,456.0,35,26,261.0,39,195.0,1,1,0,17,11,0,0,34,75,450.0,35,26,261.0,40,189.0,1,1,0,17,11,0,0,1,0,1,40,189.0,35,261.0,75,450.0
401752803,2025,1,regular,Tulane,Northwestern,home,fbs,fbs,True,23,74,421,32,18,152,42,269,0,0,0,15,6,1,1,23,74,421.0,32,18,152.0,42,269.0,0,0,0,15,6,1,1,23,74,421.0,32,18,152.0,42,269.0,0,0,0,15,6,1,1,0,0,0,42,269.0,32,152.0,74,421.0
401752803,2025,1,regular,Northwestern,Tulane,away,fbs,fbs,True,3,63,237,36,19,161,27,76,5,4,1,12,5,2,0,3,60,271.0,35,19,176.0,25,95.0,2,2,0,11,5,3,0,3,61,264.0,35,19,176.0,26,88.0,2,2,0,11,5,3,0,3,1,4,26,88.0,35,176.0,61,264.0
401752801,2025,1,regular,Purdue,Ball State,home,fbs,fbs,True,31,59,433,29,20,340,30,93,0,0,0,11,4,2,2,31,57,434.0,28,20,340.0,29,94.0,0,0,0,11,4,2,2,31,57,434.0,28,20,340.0,29,94.0,0,0,0,11,4,2,2,0,0,0,29,94.0,28,340.0,57,434.0
401752801,2025,1,regular,Ball State,Purdue,away,fbs,fbs,True,0,52,203,16,10,87,36,116,0,0,0,13,4,2,1,0,51,209.0,15,10,93.0,36,116.0,0,0,0,12,4,2,1,0,51,209.0,15,10,93.0,36,116.0,0,0,0,12,4,2,1,0,0,0,36,116.0,15,93.0,51,209.0
401752797,2025,1,regular,Maryland,Florida Atlantic,home,fbs,fbs,True,39,77,380,47,28,268,30,112,0,0,0,17,5,2,0,41,77,394.0,48,28,272.0,29,122.0,0,0,0,17,5,3,0,41,77,394.0,48,28,272.0,29,122.0,1,1,0,17,5,3,0,1,0,1,29,122.0,47,272.0,76,394.0
401752797,2025,1,regular,Florida Atlantic,Maryland,away,fbs,fbs,True,7,94,354,62,36,277,32,77,6,6,0,20,7,9,3,7,88,355.0,57,34,273.0,31,82.0,4,4,0,18,7,9,3,7,88,355.0,57,34,273.0,31,82.0,4,4,0,18,7,9,3,5,0,5,31,82.0,57,273.0,88,355.0
401752670,2025,1,regular,Kentucky,Toledo,home,fbs,fbs,True,24,66,305,23,10,85,43,220,2,1,1,15,8,0,0,24,62,292.0,21,9,72.0,41,220.0,1,1,0,14,8,0,0,24,63,315.0,22,10,95.0,41,220.0,1,1,0,14,8,0,0,1,0,1,41,220.0,22,95.0,63,315.0
401752670,2025,1,regular,Toledo,Kentucky,away,fbs,fbs,True,16,69,329,40,23,270,29,59,1,1,0,17,7,4,1,16,66,343.0,39,22,264.0,27,79.0,1,1,0,14,6,4,1,16,68,323.0,39,22,264.0,29,59.0,1,1,0,14,6,4,1,1,0,1,29,59.0,39,264.0,68,323.0
401752806,2025,1,regular,Indiana,Old Dominion,home,fbs,fbs,True,27,89,502,32,18,193,57,309,1,0,1,17,10,2,0,27,88,510.0,32,18,193.0,56,317.0,1,0,1,17,10,2,0,27,88,510.0,32,18,193.0,56,317.0,1,0,1,17,10,2,0,0,1,1,56,317.0,32,193.0,88,510.0
401752806,2025,1,regular,Old Dominion,Indiana,away,fbs,fbs,True,14,45,314,22,11,96,23,218,3,3,0,10,4,0,0,14,43,324.0,20,11,106.0,23,218.0,1,1,0,10,5,0,0,14,43,324.0,20,11,106.0,23,218.0,1,1,0,10,5,0,0,1,0,1,23,218.0,20,106.0,43,324.0
401752669,2025,1,regular,Georgia,Marshall,home,fbs,fbs,True,45,76,488,32,19,249,44,239,0,0,0,16,6,3,3,45,75,477.0,32,21,256.0,43,221.0,0,0,0,16,7,3,3,45,75,477.0,32,21,256.0,43,221.0,0,0,0,16,7,3,3,0,0,0,43,221.0,32,256.0,75,477.0
401752669,2025,1,regular,Marshall,Georgia,away,fbs,fbs,True,7,52,207,21,11,129,31,78,0,0,0,15,3,0,0,7,51,201.0,20,10,123.0,31,78.0,0,0,0,14,3,0,0,7,51,201.0,20,10,123.0,31,78.0,0,0,0,14,3,0,0,0,0,0,31,78.0,20,123.0,51,201.0
401752665,2025,1,regular,Florida State,Alabama,home,fbs,fbs,True,31,63,382,14,9,152,49,230,1,0,1,12,5,2,2,31,63,397.0,14,9,152.0,49,245.0,0,0,0,12,5,2,2,31,63,397.0,14,9,152.0,49,245.0,0,0,0,12,5,2,2,0,0,0,49,245.0,14,152.0,63,397.0
401752665,2025,1,regular,Alabama,Florida State,away,fbs,fbs,True,17,72,341,43,23,254,29,87,0,0,0,17,6,5,2,17,71,343.0,43,23,254.0,28,89.0,0,0,0,16,6,5,2,17,72,356.0,43,23,254.0,29,102.0,0,0,0,16,6,5,2,0,0,0,29,102.0,43,254.0,72,356.0
401752807,2025,1,regular,Penn State,Nevada,home,fbs,fbs,True,46,71,438,35,29,303,36,135,0,0,0,13,6,3,2,46,70,437.0,35,29,293.0,35,144.0,0,0,0,12,6,3,2,46,70,437.0,35,29,293.0,35,144.0,1,1,0,12,6,3,2,1,0,1,35,144.0,35,293.0,70,437.0
401752807,2025,1,regular,Nevada,Penn State,away,fbs,fbs,True,11,52,203,21,11,125,31,78,3,1,2,11,4,2,1,11,47,204.0,19,11,125.0,28,79.0,2,0,2,9,4,2,1,11,47,204.0,19,11,125.0,28,79.0,2,0,2,9,4,2,1,0,2,2,28,79.0,19,125.0,47,204.0
401762456,2025,1,regular,Massachusetts,Temple,home,fbs,fbs,True,10,62,302,40,25,199,22,103,2,1,1,11,3,3,1,10,60,299.0,39,24,206.0,21,93.0,1,0,1,11,3,3,1,10,60,299.0,39,24,206.0,21,93.0,1,0,1,11,3,3,1,1,1,2,21,93.0,39,206.0,60,299.0
401762456,2025,1,regular,Temple,Massachusetts,away,fbs,fbs,True,42,66,467,29,22,276,37,191,0,0,0,12,9,0,0,42,65,467.0,29,22,276.0,36,191.0,0,0,0,12,9,0,0,42,65,467.0,29,22,276.0,36,191.0,0,0,0,12,9,0,0,0,0,0,36,191.0,29,276.0,65,467.0
401754616,2025,1,regular,Virginia,Coastal Carolina,home,fbs,fbs,True,48,78,467,36,22,290,42,177,0,0,0,18,9,3,1,48,77,470.0,35,21,293.0,42,177.0,0,0,0,18,9,2,1,48,77,470.0,35,21,293.0,42,177.0,0,0,0,18,9,2,1,0,0,0,42,177.0,35,293.0,77,470.0
401754616,2025,1,regular,Coastal Carolina,Virginia,away,fbs,fbs,True,7,66,261,37,20,163,29,98,2,1,1,14,1,2,1,7,62,260.0,35,19,161.0,27,99.0,1,0,1,12,1,2,1,7,62,260.0,35,19,161.0,27,99.0,2,1,1,12,1,2,1,1,2,3,27,99.0,35,161.0,62,260.0
401752678,2025,1,regular,Texas A&M,UTSA,home,fbs,fbs,True,42,59,399,36,23,291,23,108,0,0,0,11,3,1,1,42,59,389.0,36,23,281.0,23,108.0,0,0,0,11,3,1,1,42,59,389.0,36,23,281.0,23,108.0,0,0,0,11,3,1,1,0,0,0,23,108.0,36,281.0,59,389.0
401752678,2025,1,regular,UTSA,Texas A&M,away,fbs,fbs,True,24,67,373,34,21,170,33,203,0,0,0,16,5,1,1,25,63,358.0,32,19,152.0,31,206.0,0,0,0,15,5,1,1,25,63,358.0,32,19,152.0,31,206.0,0,0,0,15,5,1,1,0,0,0,31,206.0,32,152.0,63,358.0
401757225,2025,1,regular,Utah State,UTEP,home,fbs,fbs,True,28,59,362,28,19,233,31,129,0,0,0,12,2,0,0,28,64,355.0,30,20,238.0,34,117.0,0,0,0,12,2,0,0,28,64,355.0,30,20,238.0,34,117.0,0,0,0,12,2,0,0,0,0,0,34,117.0,30,238.0,64,355.0
401757225,2025,1,regular,UTEP,Utah State,away,fbs,fbs,True,16,71,284,36,23,181,35,103,1,1,0,15,4,2,2,16,76,230.0,40,24,142.0,36,88.0,1,1,0,17,5,2,2,16,76,230.0,40,24,142.0,36,88.0,1,1,0,17,5,2,2,1,0,1,36,88.0,40,142.0,76,230.0
401752671,2025,1,regular,Clemson,LSU,home,fbs,fbs,True,10,58,261,38,19,230,20,31,1,1,0,13,3,4,2,10,57,261.0,37,19,230.0,20,31.0,1,1,0,13,3,4,2,10,57,261.0,37,19,230.0,20,31.0,1,1,0,13,3,4,2,1,0,1,20,31.0,37,230.0,57,261.0
401752671,2025,1,regular,LSU,Clemson,away,fbs,fbs,True,17,70,354,39,29,248,31,108,2,0,2,11,4,1,0,17,69,361.0,38,28,253.0,31,108.0,1,0,1,11,4,1,0,17,70,369.0,39,29,261.0,31,108.0,1,0,1,11,4,1,0,0,1,1,31,108.0,39,261.0,70,369.0
401752808,2025,1,regular,Michigan,New Mexico,home,fbs,fbs,True,34,63,452,31,21,251,32,201,1,0,1,13,6,1,0,34,62,453.0,31,21,255.0,31,198.0,0,0,0,13,6,1,0,34,62,453.0,31,21,255.0,31,198.0,1,1,0,13,6,1,0,1,0,1,31,198.0,31,255.0,62,453.0
401752808,2025,1,regular,New Mexico,Michigan,away,fbs,fbs,True,17,76,267,48,32,217,28,50,3,3,0,14,5,4,2,17,75,271.0,47,32,221.0,28,50.0,2,2,0,14,5,4,2,17,75,271.0,47,32,221.0,28,50.0,2,2,0,14,5,4,2,2,0,2,28,50.0,47,221.0,75,271.0
401752798,2025,1,regular,USC,Missouri State,home,fbs,fbs,True,73,57,597,27,24,364,30,233,1,0,1,7,6,0,0,73,56,641.0,27,24,388.0,29,253.0,0,0,0,7,6,0,0,73,58,631.0,27,24,388.0,31,243.0,0,0,0,7,6,0,0,0,0,0,31,243.0,27,388.0,58,631.0
401752798,2025,1,regular,Missouri State,USC,away,fbs,fbs,True,13,57,224,28,20,159,29,65,3,2,1,14,3,2,2,13,52,241.0,25,19,171.0,27,70.0,0,0,0,13,3,2,2,13,53,247.0,26,20,177.0,27,70.0,0,0,0,13,3,2,2,1,0,1,27,70.0,26,177.0,53,247.0
401752672,2025,1,regular,Ole Miss,Georgia State,home,fbs,fbs,True,63,81,695,37,24,400,44,295,2,2,0,13,8,1,1,63,79,699.0,36,24,400.0,43,299.0,0,0,0,12,8,1,1,63,79,699.0,36,24,400.0,43,299.0,0,0,0,12,8,1,1,1,0,1,43,299.0,36,400.0,79,699.0
401752672,2025,1,regular,Georgia State,Ole Miss,away,fbs,fbs,True,7,60,260,25,12,69,35,191,1,1,0,15,2,4,2,7,57,269.0,22,11,78.0,35,191.0,0,0,0,14,2,4,2,7,57,269.0,22,11,78.0,35,191.0,1,1,0,14,2,4,2,2,0,2,35,191.0,22,78.0,57,269.0
401761592,2025,1,regular,Louisiana,Rice,home,fbs,fbs,True,12,59,239,28,10,88,31,151,2,1,1,15,7,2,0,12,57,258.0,28,10,88.0,29,170.0,1,1,0,14,7,2,0,12,58,251.0,28,10,88.0,30,163.0,1,1,0,14,7,2,0,1,0,1,30,163.0,28,88.0,58,251.0
401761592,2025,1,regular,Rice,Louisiana,away,fbs,fbs,True,14,64,251,9,7,45,55,206,0,0,0,12,5,1,0,14,62,259.0,9,7,57.0,53,202.0,0,0,0,12,5,1,0,14,62,259.0,9,7,57.0,53,202.0,0,0,0,12,5,1,0,0,0,0,53,202.0,9,57.0,62,259.0
401761594,2025,1,regular,Texas State,Eastern Michigan,home,fbs,fbs,True,52,66,606,27,18,214,39,392,0,0,0,10,7,1,1,52,65,615.0,27,18,214.0,38,401.0,0,0,0,10,7,1,1,52,66,606.0,27,18,214.0,39,392.0,0,0,0,10,7,1,1,0,0,0,39,392.0,27,214.0,66,606.0
401761594,2025,1,regular,Eastern Michigan,Texas State,away,fbs,fbs,True,27,67,391,34,23,248,33,143,0,0,0,15,6,2,2,27,65,409.0,33,23,248.0,32,161.0,0,0,0,14,6,2,2,27,65,409.0,33,23,248.0,32,161.0,0,0,0,14,6,2,2,0,0,0,32,161.0,33,248.0,65,409.0
401760361,2025,1,regular,Fresno State,Georgia Southern,home,fbs,fbs,True,42,71,527,27,20,176,44,351,3,2,1,10,6,1,1,42,71,560.0,27,20,192.0,44,368.0,3,2,1,10,6,1,1,42,71,560.0,27,20,192.0,44,368.0,3,2,1,10,6,1,1,2,1,3,44,368.0,27,192.0,71,560.0
401760361,2025,1,regular,Georgia Southern,Fresno State,away,fbs,fbs,True,14,49,242,28,17,158,21,84,1,1,0,11,4,0,0,14,48,247.0,27,16,163.0,21,84.0,1,1,0,11,4,0,0,14,48,247.0,27,16,163.0,21,84.0,1,1,0,11,4,0,0,1,0,1,21,84.0,27,163.0,48,247.0
401756849,2025,1,regular,Arizona,Hawai'i,home,fbs,fbs,True,40,55,346,23,13,161,32,185,0,0,0,11,3,2,2,40,51,363.0,22,12,165.0,29,198.0,0,0,0,10,3,2,2,40,51,363.0,22,12,165.0,29,198.0,1,1,0,10,3,2,2,1,0,1,29,198.0,22,165.0,51,363.0
401756849,2025,1,regular,Hawai'i,Arizona,away,fbs,fbs,True,6,75,293,47,26,223,28,70,5,3,2,14,4,2,1,6,70,299.0,43,26,223.0,27,76.0,1,1,0,12,4,2,1,6,71,292.0,43,26,223.0,28,69.0,1,1,0,12,4,2,1,2,1,3,28,69.0,42,223.0,70,292.0
401752936,2025,1,regular,Oregon State,California,home,fbs,fbs,True,15,61,313,34,22,248,27,65,2,1,1,11,3,2,1,15,58,321.0,32,21,251.0,26,70.0,2,1,1,11,3,2,1,15,59,326.0,33,22,256.0,26,70.0,2,1,1,11,3,2,1,1,1,2,26,70.0,33,256.0,59,326.0
401752936,2025,1,regular,California,Oregon State,away,fbs,fbs,True,34,62,356,30,20,234,32,122,0,0,0,13,2,3,2,34,60,364.0,30,20,235.0,30,129.0,0,0,0,13,2,3,2,34,60,364.0,30,20,235.0,30,129.0,0,0,0,13,2,3,2,0,0,0,30,129.0,30,235.0,60,364.0
401752800,2025,1,regular,UCLA,Utah,home,fbs,fbs,True,10,50,220,22,11,136,28,84,1,1,0,11,2,4,3,10,51,210.0,23,11,126.0,28,84.0,1,1,0,11,2,4,3,10,51,210.0,23,11,126.0,28,84.0,1,1,0,11,2,4,3,1,0,1,28,84.0,23,126.0,51,210.0
401752800,2025,1,regular,Utah,UCLA,away,fbs,fbs,True,43,80,492,26,21,206,54,286,0,0,0,16,14,1,1,43,82,427.0,27,22,221.0,55,206.0,0,0,0,17,14,1,1,43,82,489.0,27,22,221.0,55,268.0,0,0,0,17,14,1,1,0,0,0,55,268.0,27,221.0,82,489.0
401752805,2025,1,regular,Washington,Colorado State,home,fbs,fbs,True,38,75,509,24,18,226,51,283,1,0,1,14,8,1,1,38,74,512.0,24,18,226.0,50,286.0,1,0,1,13,8,1,1,38,74,512.0,24,18,226.0,50,286.0,1,0,1,13,8,1,1,0,1,1,50,286.0,24,226.0,74,512.0
401752805,2025,1,regular,Colorado State,Washington,away,fbs,fbs,True,21,60,265,33,17,180,27,85,1,1,0,13,3,5,3,21,60,273.0,33,17,186.0,27,87.0,1,1,0,13,3,5,3,21,60,273.0,33,17,186.0,27,87.0,1,1,0,13,3,5,3,1,0,1,27,87.0,33,186.0,60,273.0
401752680,2025,1,regular,South Carolina,Virginia Tech,home,fbs,fbs,True,24,53,334,19,12,209,34,125,0,0,0,12,4,1,1,24,54,333.0,19,12,209.0,35,124.0,0,0,0,12,4,1,1,24,56,317.0,19,12,209.0,37,108.0,0,0,0,12,4,1,1,0,0,0,37,108.0,19,209.0,56,317.0
401752680,2025,1,regular,Virginia Tech,South Carolina,away,fbs,fbs,True,11,72,336,35,15,221,37,115,2,2,0,18,8,1,0,11,70,348.0,33,15,234.0,37,114.0,2,2,0,17,6,1,1,11,70,348.0,33,15,234.0,37,114.0,2,2,0,17,6,1,1,2,0,2,37,114.0,33,234.0,70,348.0
401754522,2025,1,regular,Miami,Notre Dame,home,fbs,fbs,True,27,68,332,31,20,205,37,127,0,0,0,14,5,2,1,27,67,334.0,30,20,205.0,37,129.0,0,0,0,14,5,1,1,27,67,334.0,30,20,205.0,37,129.0,1,0,1,14,5,1,1,0,1,1,37,129.0,30,205.0,67,334.0
401754522,2025,1,regular,Notre Dame,Miami,away,fbs,fbs,True,24,57,315,30,19,221,27,94,2,1,1,9,4,0,0,24,55,316.0,28,18,219.0,27,97.0,1,1,0,9,4,0,0,24,56,318.0,29,19,221.0,27,97.0,1,1,0,9,4,0,0,1,0,1,27,97.0,29,221.0,56,318.0
401754523,2025,1,regular,North Carolina,TCU,home,fbs,fbs,True,14,49,222,21,13,172,28,50,3,1,2,10,1,1,1,14,47,264.0,20,13,172.0,27,92.0,2,1,1,9,2,1,1,14,47,264.0,20,13,172.0,27,92.0,2,1,1,9,2,1,1,1,1,2,27,92.0,20,172.0,47,264.0
401754523,2025,1,regular,TCU,North Carolina,away,fbs,fbs,True,48,72,542,37,27,284,35,258,1,1,0,12,7,1,1,48,71,542.0,36,27,284.0,35,258.0,1,1,0,11,7,1,1,48,71,542.0,36,27,284.0,35,258.0,1,1,0,11,7,1,1,1,0,1,35,258.0,36,284.0,71,542.0
401754528,2025,2,regular,Louisville,James Madison,home,fbs,fbs,True,28,53,264,23,13,151,30,113,1,0,1,14,5,2,1,28,53,279.0,23,13,166.0,30,113.0,0,0,0,14,5,2,1,28,53,279.0,23,13,166.0,30,113.0,0,0,0,14,5,2,1,0,0,0,30,113.0,23,166.0,53,279.0
401754528,2025,2,regular,James Madison,Louisville,away,fbs,fbs,True,14,78,263,31,18,137,47,126,2,1,1,17,7,3,1,14,77,271.0,30,18,137.0,47,134.0,1,1,0,17,7,3,1,14,77,271.0,30,18,137.0,47,134.0,1,1,0,17,7,3,1,1,0,1,47,134.0,30,137.0,77,271.0
401752826,2025,2,regular,Maryland,Northern Illinois,home,fbs,fbs,True,20,64,340,36,19,254,28,86,1,0,1,12,3,2,1,20,64,360.0,37,19,269.0,27,91.0,0,0,0,12,4,3,1,20,64,360.0,37,19,269.0,27,91.0,0,0,0,12,4,3,1,0,1,1,27,91.0,37,269.0,64,360.0
401752826,2025,2,regular,Northern Illinois,Maryland,away,fbs,fbs,True,9,70,271,22,14,91,48,180,0,0,0,20,7,6,4,9,70,285.0,23,14,91.0,47,194.0,0,0,0,19,7,7,4,9,70,285.0,23,14,91.0,47,194.0,0,0,0,19,7,7,4,0,0,0,47,194.0,22,91.0,69,285.0
401752811,2025,2,regular,Penn State,Florida International,home,fbs,fbs,True,34,64,409,33,19,200,31,209,0,0,0,12,3,4,2,34,64,409.0,33,19,200.0,31,209.0,0,0,0,12,3,4,2,34,64,409.0,33,19,200.0,31,209.0,0,0,0,12,3,4,2,0,0,0,31,209.0,33,200.0,64,409.0
401752811,2025,2,regular,Florida International,Penn State,away,fbs,fbs,True,0,72,290,33,18,149,39,141,2,1,1,18,6,5,3,0,71,334.0,32,18,149.0,39,185.0,0,0,0,18,6,5,3,0,71,334.0,32,18,149.0,39,185.0,0,0,0,18,6,5,3,1,0,1,39,185.0,32,149.0,71,334.0
401757227,2025,2,regular,Jacksonville State,Liberty,home,fbs,fbs,True,34,60,395,12,6,52,48,343,0,0,0,14,8,0,0,34,62,390.0,12,6,52.0,50,338.0,0,0,0,14,8,0,0,34,62,390.0,12,6,52.0,50,338.0,0,0,0,14,8,0,0,0,0,0,50,338.0,11,52.0,61,390.0
401757227,2025,2,regular,Liberty,Jacksonville State,away,fbs,fbs,True,24,66,534,29,19,335,37,199,2,1,1,14,7,2,0,24,64,538.0,28,19,335.0,36,203.0,1,1,0,13,7,2,0,24,65,534.0,28,19,335.0,37,199.0,1,1,0,13,7,2,0,1,0,1,37,199.0,28,335.0,65,534.0
401754618,2025,2,regular,Syracuse,UConn,home,fbs,fbs,True,27,82,461,53,33,417,29,44,2,1,1,15,5,3,1,20,74,463.0,48,30,394.0,26,69.0,2,1,1,14,4,2,1,20,74,463.0,48,30,394.0,26,69.0,2,1,1,14,4,2,1,1,1,2,26,69.0,48,394.0,74,463.0
401754618,2025,2,regular,UConn,Syracuse,away,fbs,fbs,True,20,78,416,44,25,274,34,142,0,0,0,17,4,4,2,20,72,416.0,39,24,273.0,33,143.0,0,0,0,16,4,3,2,20,72,416.0,39,24,273.0,33,143.0,0,0,0,16,4,3,2,0,0,0,33,143.0,39,273.0,72,416.0
401752812,2025,2,regular,Indiana,Kennesaw State,home,fbs,fbs,True,56,66,596,28,21,280,38,316,0,0,0,9,5,2,1,56,67,607.0,28,21,280.0,39,327.0,0,0,0,9,5,2,1,56,67,607.0,28,21,280.0,39,327.0,0,0,0,9,5,2,1,0,0,0,39,327.0,28,280.0,67,607.0
401752812,2025,2,regular,Kennesaw State,Indiana,away,fbs,fbs,True,9,53,271,21,13,182,32,89,2,1,1,13,2,0,0,9,52,271.0,20,13,182.0,32,89.0,1,1,0,13,3,0,0,9,52,271.0,20,13,182.0,32,89.0,1,1,0,13,3,0,0,1,0,1,32,89.0,20,182.0,52,271.0
401752822,2025,2,regular,Iowa State,Iowa,home,fbs,fbs,True,16,57,238,27,18,134,30,104,1,0,1,15,8,0,0,16,56,246.0,27,18,144.0,29,102.0,0,0,0,15,8,0,0,16,56,246.0,27,18,144.0,29,102.0,0,0,0,15,8,0,0,0,0,0,29,102.0,27,144.0,56,246.0
401752822,2025,2,regular,Iowa,Iowa State,away,fbs,fbs,True,13,63,214,24,13,83,39,131,1,1,0,14,5,2,1,13,62,230.0,23,13,99.0,39,131.0,1,1,0,14,5,2,1,13,62,230.0,23,13,99.0,39,131.0,1,1,0,14,5,2,1,1,0,1,39,131.0,23,99.0,62,230.0
401752825,2025,2,regular,Duke,Illinois,home,fbs,fbs,True,19,63,438,39,25,356,24,82,5,1,4,10,4,2,1,19,61,414.0,37,24,332.0,24,82.0,2,1,1,10,5,2,1,19,62,438.0,38,25,356.0,24,82.0,2,1,1,10,5,2,1,1,1,2,24,82.0,38,356.0,62,438.0
401752825,2025,2,regular,Illinois,Duke,away,fbs,fbs,True,45,73,419,31,22,296,42,123,0,0,0,13,5,2,2,45,73,434.0,31,22,311.0,42,123.0,0,0,0,13,5,2,2,45,73,434.0,31,22,311.0,42,123.0,0,0,0,13,5,2,2,0,0,0,42,123.0,31,311.0,73,434.0
401754524,2025,2,regular,NC State,Virginia,home,fbs,fbs,True,35,56,420,23,16,200,33,220,0,0,0,7,1,2,2,35,58,416.0,23,16,200.0,35,216.0,0,0,0,7,1,2,2,35,58,416.0,23,16,200.0,35,216.0,0,0,0,7,1,2,2,0,0,0,35,216.0,23,200.0,58,416.0
401754524,2025,2,regular,Virginia,NC State,away,fbs,fbs,True,31,75,514,43,30,257,32,257,1,1,0,19,13,2,1,31,75,529.0,43,30,257.0,32,272.0,1,1,0,19,13,2,1,31,75,529.0,43,30,257.0,32,272.0,1,1,0,19,13,2,1,1,0,1,32,272.0,43,257.0,75,529.0
401756885,2025,2,regular,Texas Tech,Kent State,home,fbs,fbs,True,62,80,601,38,27,371,42,230,1,0,1,13,6,2,1,62,79,590.0,38,27,371.0,41,219.0,1,0,1,13,6,2,1,62,79,590.0,38,27,371.0,41,219.0,1,0,1,13,6,2,1,0,1,1,41,219.0,38,371.0,79,590.0
401756885,2025,2,regular,Kent State,Texas Tech,away,fbs,fbs,True,14,59,229,25,11,165,34,64,2,1,1,14,2,3,1,14,56,219.0,24,11,165.0,32,54.0,2,1,1,13,2,3,1,14,56,219.0,24,11,165.0,32,54.0,2,1,1,13,2,3,1,1,1,2,32,54.0,24,165.0,56,219.0
401754529,2025,2,regular,Pittsburgh,Central Michigan,home,fbs,fbs,True,45,58,464,32,24,340,26,124,1,1,0,9,6,1,0,45,56,461.0,31,24,345.0,25,116.0,1,1,0,9,6,1,0,45,56,461.0,31,24,345.0,25,116.0,1,1,0,9,6,1,0,1,0,1,25,116.0,31,345.0,56,461.0
401754529,2025,2,regular,Central Michigan,Pittsburgh,away,fbs,fbs,True,17,68,217,27,20,177,41,40,1,0,1,17,6,5,3,17,65,217.0,27,18,169.0,38,48.0,0,0,0,18,6,5,3,17,65,217.0,27,18,169.0,38,48.0,0,0,0,18,6,5,3,0,0,0,38,48.0,27,169.0,65,217.0
401754525,2025,2,regular,SMU,Baylor,home,fbs,fbs,True,45,66,458,22,16,295,44,163,1,1,0,13,5,1,1,45,63,500.0,24,18,307.0,39,193.0,2,2,0,9,2,2,2,45,63,500.0,24,18,307.0,39,193.0,2,2,0,9,2,2,2,2,0,2,39,193.0,24,307.0,63,500.0
401754525,2025,2,regular,Baylor,SMU,away,fbs,fbs,True,48,94,601,50,34,440,44,161,2,0,2,18,8,6,3,45,87,560.0,52,38,440.0,35,120.0,0,0,0,13,5,6,3,45,87,560.0,52,38,440.0,35,120.0,0,0,0,13,5,6,3,0,0,0,35,120.0,52,440.0,87,560.0
401752693,2025,2,regular,Texas,San José State,home,fbs,fbs,True,38,65,472,33,21,317,32,155,2,1,1,12,2,2,2,38,62,453.0,32,21,297.0,30,156.0,2,1,1,10,2,2,2,38,63,446.0,32,21,297.0,31,149.0,3,2,1,10,2,2,2,2,1,3,31,149.0,32,297.0,63,446.0
401752693,2025,2,regular,San José State,Texas,away,fbs,fbs,True,7,72,273,43,21,188,29,85,4,1,3,15,4,2,0,7,68,260.0,41,20,178.0,27,82.0,3,0,3,14,4,2,0,7,69,284.0,42,21,202.0,27,82.0,3,0,3,14,4,2,0,0,3,3,27,82.0,42,202.0,69,284.0
401752694,2025,2,regular,Texas A&M,Utah State,home,fbs,fbs,True,44,79,554,34,22,319,45,235,1,1,0,13,5,3,1,44,78,571.0,33,22,321.0,45,250.0,1,1,0,13,5,3,1,44,78,571.0,33,22,321.0,45,250.0,1,1,0,13,5,3,1,1,0,1,45,250.0,33,321.0,78,571.0
401752694,2025,2,regular,Utah State,Texas A&M,away,fbs,fbs,True,22,66,250,31,16,172,35,78,1,0,1,14,2,1,1,22,65,264.0,32,17,178.0,33,86.0,0,0,0,14,3,1,1,22,66,255.0,32,17,178.0,34,77.0,0,0,0,14,3,1,1,0,0,0,34,77.0,32,178.0,66,255.0
401752824,2025,2,regular,Oregon,Oklahoma State,home,fbs,fbs,True,69,62,631,25,18,319,37,312,0,0,0,12,7,2,1,69,61,626.0,24,17,314.0,37,312.0,0,0,0,12,7,2,1,69,61,626.0,24,17,314.0,37,312.0,1,1,0,12,7,2,1,1,0,1,37,312.0,24,314.0,61,626.0
401752824,2025,2,regular,Oklahoma State,Oregon,away,fbs,fbs,True,3,61,211,19,7,67,42,144,2,2,0,16,4,1,1,3,59,211.0,17,7,67.0,42,144.0,1,1,0,16,4,1,1,3,59,211.0,17,7,67.0,42,144.0,1,1,0,16,4,1,1,1,0,1,42,144.0,17,67.0,59,211.0
401752689,2025,2,regular,Missouri,Kansas,home,fbs,fbs,True,42,86,595,39,30,334,47,261,1,0,1,19,10,5,4,42,85,589.0,40,30,338.0,45,251.0,1,0,1,17,9,6,4,42,85,589.0,40,30,338.0,45,251.0,1,0,1,17,9,6,4,0,1,1,45,251.0,39,338.0,84,589.0
401752689,2025,2,regular,Kansas,Missouri,away,fbs,fbs,True,31,49,226,30,18,223,19,3,1,1,0,11,3,2,2,31,46,283.0,29,18,227.0,17,56.0,1,1,0,10,3,2,2,31,47,283.0,29,18,227.0,18,56.0,1,1,0,10,3,2,2,1,0,1,18,56.0,29,227.0,47,283.0
401761603,2025,2,regular,UTSA,Texas State,home,fbs,fbs,True,36,76,497,43,23,219,33,278,0,0,0,12,3,6,1,36,76,520.0,43,23,242.0,33,278.0,0,0,0,12,3,6,1,36,76,520.0,43,23,242.0,33,278.0,0,0,0,12,3,6,1,0,0,0,33,278.0,43,242.0,76,520.0
401761603,2025,2,regular,Texas State,UTSA,away,fbs,fbs,True,43,64,461,20,12,286,44,175,1,1,0,16,6,1,1,43,65,460.0,19,12,292.0,46,168.0,1,1,0,15,6,1,1,43,65,460.0,19,12,292.0,46,168.0,1,1,0,15,6,1,1,1,0,1,46,168.0,19,292.0,65,460.0
401754637,2025,2,regular,Clemson,Troy,home,fbs,fbs,True,27,55,316,24,18,196,31,120,2,1,1,12,5,1,0,27,53,328.0,23,18,215.0,30,113.0,1,0,1,12,6,0,0,27,53,328.0,23,18,215.0,30,113.0,1,0,1,12,6,0,0,0,1,1,30,113.0,23,215.0,53,328.0
401754637,2025,2,regular,Troy,Clemson,away,fbs,fbs,True,16,63,301,31,19,223,32,78,3,3,0,13,5,2,1,16,60,283.0,28,18,220.0,32,63.0,1,1,0,11,5,2,1,16,60,283.0,28,18,220.0,32,63.0,2,2,0,11,5,2,1,3,0,3,32,63.0,28,220.0,60,283.0
401756881,2025,2,regular,Colorado,Delaware,home,fbs,fbs,True,31,66,402,30,22,267,36,135,0,0,0,16,7,1,1,31,69,388.0,30,21,257.0,39,131.0,0,0,0,16,7,1,1,31,69,388.0,30,21,257.0,39,131.0,0,0,0,16,7,1,1,0,0,0,39,131.0,30,257.0,69,388.0
401756881,2025,2,regular,Delaware,Colorado,away,fbs,fbs,True,7,65,397,36,18,312,29,85,2,1,1,10,2,3,1,7,63,344.0,33,17,245.0,30,99.0,1,1,0,9,2,3,1,7,65,478.0,35,19,379.0,30,99.0,1,1,0,9,2,3,1,1,0,1,30,99.0,35,379.0,65,478.0
401762458,2025,2,regular,Navy,UAB,home,fbs,fbs,True,38,59,463,8,6,168,51,295,0,0,0,9,4,1,1,38,56,474.0,8,6,168.0,48,306.0,0,0,0,9,4,1,1,38,56,474.0,8,6,168.0,48,306.0,1,1,0,9,4,1,1,1,0,1,48,306.0,8,168.0,56,474.0
401762458,2025,2,regular,UAB,Navy,away,fbs,fbs,True,24,60,413,33,23,321,27,92,3,2,1,13,6,2,1,24,57,414.0,30,22,322.0,27,92.0,1,1,0,10,6,3,1,24,58,428.0,31,23,336.0,27,92.0,1,1,0,10,6,3,1,1,0,1,27,92.0,30,336.0,57,428.0
401762461,2025,2,regular,Western Michigan,North Texas,home,fbs,fbs,True,30,71,303,14,7,87,57,216,0,0,0,18,9,1,1,30,92,370.0,17,7,55.0,75,315.0,0,0,0,22,11,2,2,30,92,370.0,17,7,55.0,75,315.0,0,0,0,22,11,2,2,0,0,0,75,315.0,17,55.0,92,370.0
401762461,2025,2,regular,North Texas,Western Michigan,away,fbs,fbs,True,33,63,406,33,18,224,30,182,0,0,0,14,6,0,0,27,78,509.0,41,21,245.0,37,264.0,0,0,0,16,7,0,0,27,78,509.0,41,21,245.0,37,264.0,0,0,0,16,7,0,0,0,0,0,37,264.0,41,245.0,78,509.0
401756880,2025,2,regular,Cincinnati,Bowling Green,home,fbs,fbs,True,34,53,439,24,17,333,29,106,1,0,1,7,2,1,1,34,52,433.0,24,17,337.0,28,96.0,1,0,1,7,2,1,1,34,52,433.0,24,17,337.0,28,96.0,1,0,1,7,2,1,1,0,1,1,28,96.0,24,337.0,52,433.0
401756880,2025,2,regular,Bowling Green,Cincinnati,away,fbs,fbs,True,20,71,372,37,29,274,34,98,0,0,0,16,6,2,1,20,69,377.0,37,29,286.0,32,91.0,0,0,0,16,6,2,1,20,69,377.0,37,29,286.0,32,91.0,0,0,0,16,6,2,1,0,0,0,32,91.0,37,286.0,69,377.0
401752818,2025,2,regular,Rutgers,Miami (OH),home,fbs,fbs,True,45,77,421,36,26,259,41,162,0,0,0,10,7,1,0,45,77,421.0,36,26,259.0,41,162.0,0,0,0,10,7,1,0,45,77,421.0,36,26,259.0,41,162.0,0,0,0,10,7,1,0,0,0,0,41,162.0,36,259.0,77,421.0
401752818,2025,2,regular,Miami (OH),Rutgers,away,fbs,fbs,True,17,45,368,23,14,251,22,117,1,1,0,8,3,1,0,17,43,368.0,21,14,251.0,22,117.0,1,1,0,8,3,1,0,17,43,368.0,21,14,251.0,22,117.0,1,1,0,8,3,1,0,1,0,1,22,117.0,21,251.0,43,368.0
401752686,2025,2,regular,Kentucky,Ole Miss,home,fbs,fbs,True,23,70,359,33,16,187,37,172,0,0,0,16,5,3,1,23,70,375.0,33,16,193.0,37,182.0,0,0,0,16,5,3,1,23,70,375.0,33,16,193.0,37,182.0,0,0,0,16,5,3,1,0,0,0,37,182.0,33,193.0,70,375.0
401752686,2025,2,regular,Ole Miss,Kentucky,away,fbs,fbs,True,30,71,457,24,13,235,47,222,2,2,0,13,3,1,1,30,70,460.0,22,13,235.0,48,225.0,2,2,0,12,3,1,1,30,70,460.0,22,13,235.0,48,225.0,2,2,0,12,3,1,1,2,0,2,48,225.0,22,235.0,70,460.0
401752937,2025,2,regular,Oregon State,Fresno State,home,fbs,fbs,True,27,82,544,49,32,388,33,156,2,2,0,17,10,2,1,21,103,641.0,58,39,479.0,45,162.0,1,1,0,23,15,2,1,21,103,641.0,58,39,479.0,45,162.0,1,1,0,23,15,2,1,1,0,1,45,162.0,58,479.0,103,641.0
401752937,2025,2,regular,Fresno State,Oregon State,away,fbs,fbs,True,36,45,320,18,13,121,27,199,1,1,0,8,1,0,0,26,47,346.0,17,12,162.0,30,184.0,1,1,0,7,1,0,0,26,47,346.0,17,12,162.0,30,184.0,1,1,0,7,1,0,0,1,0,1,30,184.0,17,162.0,47,346.0
401752820,2025,2,regular,Wisconsin,Middle Tennessee,home,fbs,fbs,True,42,56,456,27,23,283,29,173,1,1,0,9,4,2,2,42,61,563.0,26,24,289.0,35,274.0,1,1,0,9,3,2,2,42,61,563.0,26,24,289.0,35,274.0,1,1,0,9,3,2,2,1,0,1,35,274.0,26,289.0,61,563.0
401752820,2025,2,regular,Middle Tennessee,Wisconsin,away,fbs,fbs,True,10,60,241,32,21,208,28,33,1,1,0,14,5,2,1,10,91,421.0,48,33,346.0,43,75.0,2,1,1,21,8,4,2,10,91,421.0,48,33,346.0,43,75.0,2,1,1,21,8,4,2,1,1,2,43,75.0,48,346.0,91,421.0
401756883,2025,2,regular,Ohio,West Virginia,home,fbs,fbs,True,17,78,429,31,22,247,47,182,3,3,0,14,5,3,1,17,76,439.0,29,22,248.0,47,191.0,1,1,0,13,5,3,1,17,77,440.0,30,23,249.0,47,191.0,1,1,0,13,5,3,1,2,0,2,47,191.0,29,247.0,76,438.0
401756883,2025,2,regular,West Virginia,Ohio,away,fbs,fbs,True,10,56,250,28,15,178,28,72,1,1,0,13,2,1,0,10,56,250.0,28,16,178.0,28,72.0,0,0,0,13,2,1,0,10,56,250.0,28,16,178.0,28,72.0,0,0,0,13,2,1,0,1,0,1,28,72.0,28,178.0,56,250.0
401752684,2025,2,regular,Florida,South Florida,home,fbs,fbs,True,16,64,355,33,23,222,31,133,1,1,0,12,4,0,0,16,64,357.0,34,23,226.0,30,131.0,1,1,0,12,4,0,0,16,64,357.0,34,23,226.0,30,131.0,1,1,0,12,4,0,0,1,0,1,30,131.0,33,226.0,63,357.0
401752684,2025,2,regular,South Florida,Florida,away,fbs,fbs,True,18,65,391,36,23,263,29,128,0,0,0,16,6,1,1,18,64,396.0,36,23,271.0,28,125.0,0,0,0,16,6,1,1,18,64,396.0,36,23,271.0,28,125.0,0,0,0,16,6,1,1,0,0,0,28,125.0,36,271.0,64,396.0
401752682,2025,2,regular,Arkansas,Arkansas State,home,fbs,fbs,True,56,58,630,29,20,309,29,321,2,2,0,6,5,0,0,56,57,630.0,28,20,309.0,29,321.0,1,1,0,6,5,0,0,56,57,630.0,28,20,309.0,29,321.0,1,1,0,6,5,0,0,1,0,1,29,321.0,27,309.0,56,630.0
401752682,2025,2,regular,Arkansas State,Arkansas,away,fbs,fbs,True,14,78,285,36,22,132,42,153,2,2,0,19,10,2,0,21,73,291.0,33,22,136.0,40,155.0,1,1,0,17,10,2,0,21,73,291.0,33,22,136.0,40,155.0,1,1,0,17,10,2,0,1,0,1,39,155.0,33,136.0,72,291.0
401757228,2025,2,regular,Marshall,Missouri State,home,fbs,fbs,True,20,57,274,24,13,83,33,191,1,1,0,15,3,3,1,20,52,317.0,18,9,188.0,34,129.0,0,0,0,14,2,1,0,20,52,317.0,18,9,188.0,34,129.0,0,0,0,14,2,1,0,0,0,0,34,129.0,18,188.0,52,317.0
401757228,2025,2,regular,Missouri State,Marshall,away,fbs,fbs,True,21,70,474,32,22,388,38,86,1,1,0,16,7,0,0,21,84,770.0,42,28,577.0,42,193.0,0,0,0,20,10,0,0,21,85,758.0,42,28,577.0,43,181.0,0,0,0,20,10,0,0,1,0,1,43,181.0,42,577.0,85,758.0
401754527,2025,2,regular,Charlotte,North Carolina,home,fbs,fbs,True,3,69,272,41,25,250,28,22,2,2,0,16,7,1,0,3,68,291.0,40,25,280.0,28,11.0,1,1,0,16,7,1,0,3,68,291.0,40,25,280.0,28,11.0,1,1,0,16,7,1,0,2,0,2,28,11.0,40,280.0,68,291.0
401754527,2025,2,regular,North Carolina,Charlotte,away,fbs,fbs,True,20,58,303,25,17,155,33,148,0,0,0,15,5,2,1,20,57,309.0,25,17,164.0,32,145.0,0,0,0,14,6,3,1,20,57,309.0,25,17,164.0,32,145.0,0,0,0,14,6,3,1,0,0,0,32,145.0,24,164.0,56,309.0
401756884,2025,2,regular,Rice,Houston,home,fbs,fbs,True,9,66,228,13,11,51,53,177,2,1,1,15,4,2,0,9,78,268.0,15,13,106.0,63,162.0,1,1,0,19,7,1,0,9,78,268.0,15,13,106.0,63,162.0,1,1,0,19,7,1,0,1,0,1,63,162.0,15,106.0,78,268.0
401756884,2025,2,regular,Houston,Rice,away,fbs,fbs,True,35,59,395,22,15,188,37,207,0,0,0,16,9,1,0,28,82,502.0,31,20,247.0,51,255.0,0,0,0,22,13,2,0,28,82,502.0,31,20,247.0,51,255.0,0,0,0,22,13,2,0,0,0,0,51,255.0,31,247.0,82,502.0
401756882,2025,2,regular,Kansas State,Army,home,fbs,fbs,True,21,43,246,25,15,172,18,74,1,1,0,9,2,2,2,21,42,237.0,24,15,172.0,18,65.0,1,1,0,9,2,2,2,21,42,237.0,24,15,172.0,18,65.0,1,1,0,9,2,2,2,1,0,1,18,65.0,24,172.0,42,237.0
401756882,2025,2,regular,Army,Kansas State,away,fbs,fbs,True,24,82,332,12,8,95,70,237,0,0,0,22,10,7,6,24,82,332.0,12,8,95.0,70,237.0,0,0,0,22,10,7,6,24,82,332.0,12,8,95.0,70,237.0,0,0,0,22,10,7,6,0,0,0,70,237.0,12,95.0,82,332.0
401757232,2025,2,regular,Toledo,Western Kentucky,home,fbs,fbs,True,45,63,508,21,12,201,42,307,1,1,0,12,5,1,0,45,63,508.0,21,12,201.0,42,307.0,0,0,0,12,5,1,0,45,63,508.0,21,12,201.0,42,307.0,0,0,0,12,5,1,0,1,0,1,42,307.0,21,201.0,63,508.0
401757232,2025,2,regular,Western Kentucky,Toledo,away,fbs,fbs,True,21,67,333,39,24,274,28,59,2,1,1,14,6,2,0,21,66,327.0,38,23,268.0,28,59.0,1,1,0,13,6,3,0,21,67,333.0,39,24,274.0,28,59.0,1,1,0,13,6,3,0,1,0,1,28,59.0,38,274.0,66,333.0
401761598,2025,2,regular,Georgia State,Memphis,home,fbs,fbs,True,16,68,389,41,29,340,27,49,1,1,0,15,6,3,1,16,82,565.0,45,38,464.0,37,101.0,0,0,0,19,10,2,0,16,82,565.0,45,38,464.0,37,101.0,0,0,0,19,10,2,0,0,0,0,37,101.0,45,464.0,82,565.0
401761598,2025,2,regular,Memphis,Georgia State,away,fbs,fbs,True,38,60,401,20,16,196,40,205,0,0,0,10,5,1,1,31,64,523.0,24,20,251.0,40,272.0,0,0,0,10,4,1,1,31,64,523.0,24,20,251.0,40,272.0,0,0,0,10,4,1,1,0,0,0,40,272.0,24,251.0,64,523.0
401761601,2025,2,regular,South Alabama,Tulane,home,fbs,fbs,True,31,65,421,24,17,231,41,190,2,0,2,12,4,4,2,31,64,441.0,24,16,232.0,40,209.0,1,0,1,12,4,4,2,31,65,444.0,25,17,235.0,40,209.0,1,0,1,12,4,4,2,0,1,1,40,209.0,24,235.0,64,444.0
401761601,2025,2,regular,Tulane,South Alabama,away,fbs,fbs,True,33,72,406,27,16,165,45,241,1,0,1,17,9,1,1,33,70,385.0,27,16,165.0,43,220.0,1,0,1,16,9,1,1,33,70,385.0,27,16,165.0,43,220.0,1,0,1,16,9,1,1,0,1,1,43,220.0,27,165.0,70,385.0
401752816,2025,2,regular,Michigan State,Boston College,home,fbs,fbs,True,42,64,380,29,19,231,35,149,1,0,1,12,5,2,1,34,69,381.0,32,20,222.0,37,159.0,0,0,0,15,7,3,2,34,69,381.0,32,20,222.0,37,159.0,0,0,0,15,7,3,2,0,0,0,37,159.0,32,222.0,69,381.0
401752816,2025,2,regular,Boston College,Michigan State,away,fbs,fbs,True,40,70,457,45,34,390,25,67,1,0,1,11,5,0,0,34,78,611.0,48,41,497.0,30,114.0,0,0,0,11,4,0,0,34,78,611.0,48,41,497.0,30,114.0,0,0,0,11,4,0,0,0,0,0,30,114.0,48,497.0,78,611.0
401752688,2025,2,regular,Mississippi State,Arizona State,home,fbs,fbs,True,24,63,345,33,19,279,30,66,0,0,0,14,6,2,0,24,63,345.0,33,19,279.0,30,66.0,0,0,0,14,6,2,0,24,63,345.0,33,19,279.0,30,66.0,1,1,0,14,6,2,0,1,0,1,30,66.0,33,279.0,63,345.0
401752688,2025,2,regular,Arizona State,Mississippi State,away,fbs,fbs,True,20,74,333,23,10,82,51,251,2,2,0,14,3,3,2,20,72,333.0,21,10,82.0,51,251.0,1,1,0,13,3,3,2,20,72,333.0,21,10,82.0,51,251.0,1,1,0,13,3,3,2,1,0,1,51,251.0,21,82.0,72,333.0
401752690,2025,2,regular,Oklahoma,Michigan,home,fbs,fbs,True,24,74,408,34,21,270,40,138,2,1,1,17,9,1,1,24,73,417.0,33,21,270.0,40,147.0,1,1,0,17,10,1,1,24,73,417.0,33,21,270.0,40,147.0,1,1,0,17,10,1,1,1,0,1,40,147.0,33,270.0,73,417.0
401752690,2025,2,regular,Michigan,Oklahoma,away,fbs,fbs,True,13,56,288,24,9,142,32,146,0,0,0,14,3,1,0,13,56,298.0,24,9,142.0,32,156.0,0,0,0,14,3,1,0,13,56,298.0,24,9,142.0,32,156.0,0,0,0,14,3,1,0,0,0,0,32,156.0,24,142.0,56,298.0
401752810,2025,2,regular,Nebraska,Akron,home,fbs,fbs,True,68,73,728,40,32,494,33,234,1,0,1,10,8,1,0,68,71,717.0,40,32,492.0,31,225.0,1,0,1,10,8,1,0,68,71,717.0,40,32,492.0,31,225.0,1,0,1,10,8,1,0,0,1,1,31,225.0,40,492.0,71,717.0
401752810,2025,2,regular,Akron,Nebraska,away,fbs,fbs,True,0,59,175,23,9,62,36,113,1,0,1,14,1,2,1,0,57,201.0,23,9,68.0,34,133.0,1,0,1,12,1,2,1,0,57,201.0,23,9,68.0,34,133.0,1,0,1,12,1,2,1,0,1,1,34,133.0,22,68.0,56,201.0
401752683,2025,2,regular,Auburn,Ball State,home,fbs,fbs,True,42,67,495,33,26,271,34,224,1,0,1,11,6,1,1,42,63,509.0,33,26,271.0,30,238.0,0,0,0,9,6,1,1,42,65,494.0,33,26,271.0,32,223.0,0,0,0,9,6,1,1,0,0,0,32,223.0,33,271.0,65,494.0
401752683,2025,2,regular,Ball State,Auburn,away,fbs,fbs,True,3,49,68,16,10,71,33,-3,1,0,1,14,1,1,1,3,47,69.0,15,9,66.0,32,3.0,0,0,0,13,1,1,1,3,48,63.0,15,9,66.0,33,-3.0,0,0,0,13,1,1,1,0,0,0,33,-3.0,15,66.0,48,63.0
401752687,2025,2,regular,LSU,Louisiana Tech,home,fbs,fbs,True,23,75,365,41,26,237,34,128,1,1,0,16,9,0,0,23,74,381.0,41,26,256.0,33,125.0,1,1,0,16,9,0,0,23,74,381.0,41,26,256.0,33,125.0,1,1,0,16,9,0,0,1,0,1,33,125.0,41,256.0,74,381.0
401752687,2025,2,regular,Louisiana Tech,LSU,away,fbs,fbs,True,7,53,154,26,15,96,27,58,0,0,0,13,3,1,1,7,53,154.0,26,15,96.0,27,58.0,0,0,0,13,3,1,1,7,53,154.0,26,15,96.0,27,58.0,0,0,0,13,3,1,1,0,0,0,27,58.0,26,96.0,53,154.0
401752695,2025,2,regular,Virginia Tech,Vanderbilt,home,fbs,fbs,True,20,60,248,29,17,134,31,114,1,0,1,14,6,2,1,20,57,254.0,27,17,138.0,30,116.0,0,0,0,13,7,1,1,20,57,254.0,27,17,138.0,30,116.0,1,0,1,13,7,1,1,0,2,2,30,116.0,27,138.0,57,254.0
401752695,2025,2,regular,Vanderbilt,Virginia Tech,away,fbs,fbs,True,44,57,490,20,14,228,37,262,2,1,1,7,5,1,1,44,53,498.0,17,12,237.0,36,261.0,1,1,0,7,5,1,1,44,53,498.0,17,12,237.0,36,261.0,1,1,0,7,5,1,1,1,0,1,36,261.0,17,237.0,53,498.0
401752814,2025,2,regular,USC,Georgia Southern,home,fbs,fbs,True,59,63,755,30,20,446,33,309,1,0,1,9,5,0,0,59,62,761.0,30,20,456.0,32,305.0,1,0,1,9,5,0,0,59,62,761.0,30,20,456.0,32,305.0,1,0,1,9,5,0,0,0,1,1,32,305.0,30,456.0,62,761.0
401752814,2025,2,regular,Georgia Southern,USC,away,fbs,fbs,True,20,78,377,45,24,235,33,142,1,1,0,15,4,3,2,20,75,384.0,44,24,251.0,31,133.0,1,1,0,15,4,3,2,20,75,384.0,44,24,251.0,31,133.0,1,1,0,15,4,3,2,1,0,1,31,133.0,44,251.0,75,384.0
401752681,2025,2,regular,Alabama,UL Monroe,home,fbs,fbs,True,73,69,583,33,29,371,36,212,0,0,0,12,9,2,2,73,69,584.0,33,29,372.0,36,212.0,0,0,0,12,9,2,2,73,69,584.0,33,29,372.0,36,212.0,0,0,0,12,9,2,2,0,0,0,36,212.0,33,372.0,69,584.0
401752681,2025,2,regular,UL Monroe,Alabama,away,fbs,fbs,True,0,50,148,18,10,55,32,93,3,1,2,14,6,1,0,0,49,176.0,18,10,86.0,31,90.0,2,1,1,15,7,1,0,0,50,178.0,19,11,88.0,31,90.0,2,1,1,15,7,1,0,1,1,2,31,90.0,18,88.0,49,178.0
401752823,2025,2,regular,UNLV,UCLA,home,fbs,fbs,True,30,51,354,21,15,203,30,151,0,0,0,10,5,1,1,30,51,318.0,20,14,185.0,31,133.0,0,0,0,10,5,1,1,30,51,318.0,20,14,185.0,31,133.0,0,0,0,10,5,1,1,0,0,0,31,133.0,20,185.0,51,318.0
401752823,2025,2,regular,UCLA,UNLV,away,fbs,fbs,True,23,71,428,41,29,255,30,173,2,1,1,13,3,5,4,23,69,424.0,40,28,249.0,29,175.0,2,1,1,12,3,4,4,23,69,424.0,40,28,249.0,29,175.0,2,1,1,12,3,4,4,1,1,2,29,175.0,40,249.0,69,424.0
401757229,2025,2,regular,New Mexico State,Tulsa,home,fbs,fbs,True,21,71,291,45,28,252,26,39,1,0,1,19,10,1,1,21,109,448.0,69,45,392.0,40,56.0,0,0,0,31,17,2,2,21,109,448.0,69,45,392.0,40,56.0,0,0,0,31,17,2,2,0,0,0,40,56.0,69,392.0,109,448.0
401757229,2025,2,regular,Tulsa,New Mexico State,away,fbs,fbs,True,14,77,376,40,27,235,37,141,2,2,0,15,6,4,2,14,103,465.0,49,31,266.0,54,199.0,1,1,0,20,7,6,2,14,103,465.0,49,31,266.0,54,199.0,1,1,0,20,7,6,2,1,0,1,54,199.0,49,266.0,103,465.0
401754526,2025,2,regular,BYU,Stanford,home,fbs,fbs,True,27,68,332,27,17,175,41,157,0,0,0,14,5,2,1,27,68,337.0,27,17,165.0,41,172.0,0,0,0,15,5,2,1,27,68,337.0,27,17,165.0,41,172.0,0,0,0,15,5,2,1,0,0,0,41,172.0,27,165.0,68,337.0
401754526,2025,2,regular,Stanford,BYU,away,fbs,fbs,True,3,56,161,32,17,142,24,19,3,2,1,13,2,3,2,3,53,170.0,30,17,142.0,23,28.0,2,2,0,12,2,2,2,3,54,161.0,30,17,142.0,24,19.0,2,2,0,12,2,2,2,2,0,2,24,19.0,30,142.0,54,161.0
401752948,2025,2,regular,Washington State,San Diego State,home,fbs,fbs,True,36,75,402,42,28,257,33,145,0,0,0,18,5,3,2,36,76,387.0,40,26,248.0,36,139.0,0,0,0,17,5,3,2,36,78,396.0,42,28,257.0,36,139.0,0,0,0,17,5,3,2,0,0,0,36,139.0,42,257.0,78,396.0
401752948,2025,2,regular,San Diego State,Washington State,away,fbs,fbs,True,13,60,215,30,15,133,30,82,0,0,0,13,2,4,1,13,60,272.0,31,16,182.0,29,90.0,0,0,0,13,3,5,1,13,60,272.0,31,16,182.0,29,90.0,0,0,0,13,3,5,1,0,0,0,29,90.0,30,182.0,59,272.0
401757230,2025,2,regular,Hawai'i,Sam Houston,home,fbs,fbs,True,37,77,417,43,27,294,34,123,2,1,1,17,6,3,3,37,74,410.0,42,27,294.0,32,116.0,2,1,1,14,7,3,3,37,74,410.0,42,27,294.0,32,116.0,2,1,1,14,7,3,3,1,1,2,32,116.0,42,294.0,74,410.0
401757230,2025,2,regular,Sam Houston,Hawai'i,away,fbs,fbs,True,20,59,248,28,18,159,31,89,1,1,0,11,2,1,0,20,56,274.0,28,18,159.0,28,115.0,0,0,0,9,2,2,0,20,56,274.0,28,18,159.0,28,115.0,0,0,0,9,2,2,0,1,0,1,28,115.0,27,159.0,55,274.0
401757278,2025,7,regular,Middle Tennessee,Missouri State,home,fbs,fbs,True,20,66,366,42,30,267,24,99,0,0,0,16,7,2,0,20,65,361.0,38,28,246.0,27,115.0,1,0,1,15,8,2,0,20,66,370.0,39,29,255.0,27,115.0,1,0,1,15,8,2,0,0,1,1,27,115.0,39,255.0,66,370.0
401757278,2025,7,regular,Missouri State,Middle Tennessee,away,fbs,fbs,True,22,63,361,31,16,278,32,83,0,0,0,15,4,1,0,22,49,331.0,23,12,259.0,26,72.0,0,0,0,11,3,0,0,22,51,331.0,24,13,279.0,27,52.0,0,0,0,11,3,0,0,0,0,0,27,52.0,24,279.0,51,331.0
401757277,2025,7,regular,UTEP,Liberty,home,fbs,fbs,True,8,52,167,27,13,111,25,56,2,2,0,15,3,2,1,8,42,102.0,22,11,61.0,20,41.0,1,1,0,11,2,1,0,8,42,102.0,22,11,61.0,20,41.0,1,1,0,11,2,1,0,1,0,1,20,41.0,22,61.0,42,102.0
401757277,2025,7,regular,Liberty,UTEP,away,fbs,fbs,True,19,80,408,33,19,243,47,165,0,0,0,18,3,5,4,19,80,410.0,32,18,243.0,48,167.0,0,0,0,16,3,5,4,19,80,410.0,32,18,243.0,48,167.0,0,0,0,16,3,5,4,0,0,0,48,167.0,32,243.0,80,410.0
401757280,2025,7,regular,Kennesaw State,Louisiana Tech,home,fbs,fbs,True,35,63,400,36,27,290,27,110,0,0,0,14,9,0,0,35,64,400.0,36,26,284.0,28,116.0,0,0,0,15,9,0,0,35,64,400.0,36,26,284.0,28,116.0,0,0,0,15,9,0,0,0,0,0,28,116.0,36,284.0,64,400.0
401757280,2025,7,regular,Louisiana Tech,Kennesaw State,away,fbs,fbs,True,7,75,305,35,18,169,40,136,2,2,0,17,8,2,0,7,73,320.0,33,18,168.0,40,152.0,2,2,0,16,8,2,0,7,73,320.0,33,18,168.0,40,152.0,2,2,0,16,8,2,0,2,0,2,40,152.0,33,168.0,73,320.0
401762480,2025,7,regular,Tulane,East Carolina,home,fbs,fbs,True,26,62,458,37,27,362,25,96,1,0,1,10,3,1,0,26,61,460.0,37,27,362.0,24,98.0,1,0,1,10,3,1,0,26,61,460.0,37,27,362.0,24,98.0,1,0,1,10,3,1,0,0,1,1,24,98.0,37,362.0,61,460.0
401762480,2025,7,regular,East Carolina,Tulane,away,fbs,fbs,True,19,73,340,30,19,180,43,160,0,0,0,19,10,1,0,19,72,352.0,29,19,192.0,43,160.0,0,0,0,18,10,1,0,19,72,352.0,29,19,192.0,43,160.0,0,0,0,18,10,1,0,0,0,0,43,160.0,29,192.0,72,352.0
401761622,2025,7,regular,Georgia Southern,Southern Miss,home,fbs,fbs,True,35,77,395,43,24,313,34,82,3,3,0,15,7,2,2,35,73,397.0,39,24,315.0,34,82.0,3,3,0,15,7,2,2,35,73,397.0,39,24,315.0,34,82.0,3,3,0,15,7,2,2,3,0,3,34,82.0,39,315.0,73,397.0
401761622,2025,7,regular,Southern Miss,Georgia Southern,away,fbs,fbs,True,38,76,421,28,19,237,48,184,1,0,1,15,6,0,0,38,73,423.0,27,18,227.0,46,196.0,0,0,0,14,6,0,0,38,75,451.0,29,20,255.0,46,196.0,0,0,0,14,6,0,0,0,0,0,46,196.0,28,241.0,74,437.0
401757279,2025,7,regular,Sam Houston,Jacksonville State,home,fbs,fbs,True,27,52,286,19,12,136,33,150,1,0,1,12,4,0,0,27,49,278.0,19,12,136.0,30,142.0,1,0,1,10,4,0,0,27,49,278.0,19,12,136.0,30,142.0,2,0,2,10,4,0,0,0,2,2,30,142.0,19,136.0,49,278.0
401757279,2025,7,regular,Jacksonville State,Sam Houston,away,fbs,fbs,True,29,80,499,17,13,129,63,370,1,0,1,15,4,4,3,29,77,486.0,17,13,136.0,60,350.0,0,0,0,13,4,4,3,29,77,486.0,17,13,136.0,60,350.0,0,0,0,13,4,4,3,0,0,0,60,350.0,17,136.0,77,486.0
401762481,2025,7,regular,North Texas,South Florida,home,fbs,fbs,True,36,78,423,49,30,326,29,97,5,3,2,18,9,4,2,36,74,458.0,45,29,360.0,29,98.0,3,3,0,17,9,4,2,36,74,458.0,45,29,360.0,29,98.0,4,4,0,17,9,4,2,4,1,5,29,98.0,45,360.0,74,458.0
401762481,2025,7,regular,South Florida,North Texas,away,fbs,fbs,True,63,84,582,29,23,274,55,308,3,1,2,11,7,1,1,63,81,571.0,28,23,274.0,53,297.0,1,0,1,11,7,1,1,63,82,559.0,28,23,274.0,54,285.0,1,0,1,11,7,1,1,0,1,1,54,285.0,28,274.0,82,559.0
401760388,2025,7,regular,Colorado State,Fresno State,home,fbs,fbs,True,49,53,334,18,12,144,35,190,0,0,0,12,4,1,1,49,52,340.0,17,11,140.0,35,200.0,0,0,0,12,4,1,1,49,52,340.0,17,11,140.0,35,200.0,0,0,0,12,4,1,1,0,1,1,35,200.0,17,140.0,52,340.0
401760388,2025,7,regular,Fresno State,Colorado State,away,fbs,fbs,True,21,80,469,49,28,350,31,119,4,3,1,12,4,4,1,21,76,473.0,47,28,365.0,29,108.0,1,1,0,11,4,5,1,21,76,473.0,47,28,365.0,29,108.0,1,1,0,11,4,5,1,3,0,3,29,108.0,47,365.0,76,473.0
401752862,2025,7,regular,Washington,Rutgers,home,fbs,fbs,True,38,56,590,27,21,402,29,188,1,0,1,9,4,1,1,38,57,550.0,26,20,389.0,31,161.0,1,0,1,9,4,1,1,38,58,563.0,27,21,402.0,31,161.0,1,0,1,9,4,1,1,0,1,1,31,161.0,27,402.0,58,563.0
401752862,2025,7,regular,Rutgers,Washington,away,fbs,fbs,True,19,77,493,50,31,386,27,107,1,1,0,15,5,5,3,19,76,481.0,50,31,369.0,26,112.0,0,0,0,15,5,5,3,19,76,481.0,50,31,369.0,26,112.0,0,0,0,15,5,5,3,1,0,1,26,112.0,50,369.0,76,481.0
401756920,2025,7,regular,Oklahoma State,Houston,home,fbs,fbs,True,17,51,225,20,9,180,31,45,1,1,0,14,5,2,1,17,51,248.0,21,9,204.0,30,44.0,1,1,0,14,6,2,1,17,52,238.0,21,9,204.0,31,34.0,1,1,0,14,6,2,1,1,0,1,31,34.0,21,204.0,52,238.0
401756920,2025,7,regular,Houston,Oklahoma State,away,fbs,fbs,True,39,78,487,34,24,319,44,168,0,0,0,15,6,3,2,39,85,442.0,38,24,281.0,47,161.0,0,0,0,16,5,3,2,39,85,442.0,38,24,281.0,47,161.0,0,0,0,16,5,3,2,0,0,0,47,161.0,38,281.0,85,442.0
401761625,2025,7,regular,James Madison,Louisiana,home,fbs,fbs,True,24,78,483,40,26,290,38,193,3,1,2,17,8,1,0,24,76,470.0,36,23,294.0,40,176.0,2,1,1,16,8,1,0,24,78,485.0,38,25,309.0,40,176.0,2,1,1,16,8,1,0,1,1,2,40,176.0,38,309.0,78,485.0
401761625,2025,7,regular,Louisiana,James Madison,away,fbs,fbs,True,14,56,288,28,14,243,28,45,1,1,0,14,3,0,0,14,55,285.0,28,14,243.0,27,42.0,0,0,0,13,3,0,0,14,55,285.0,28,14,243.0,27,42.0,0,0,0,13,3,0,0,1,0,1,27,42.0,28,243.0,55,285.0
401756917,2025,7,regular,Cincinnati,UCF,home,fbs,fbs,True,20,48,306,21,12,191,27,115,0,0,0,9,2,0,0,20,46,293.0,21,12,191.0,25,102.0,0,0,0,8,2,0,0,20,46,293.0,21,12,191.0,25,102.0,0,0,0,8,2,0,0,0,0,0,25,102.0,21,191.0,46,293.0
401756917,2025,7,regular,UCF,Cincinnati,away,fbs,fbs,True,11,90,413,49,28,222,41,191,1,0,1,18,7,6,3,11,90,397.0,49,27,206.0,41,191.0,0,0,0,18,7,7,3,11,91,417.0,50,28,226.0,41,191.0,0,0,0,18,7,7,3,0,0,0,41,191.0,50,226.0,91,417.0
401762483,2025,7,regular,Army,Charlotte,home,fbs,fbs,True,24,69,355,6,2,50,63,305,1,0,1,14,8,3,2,24,68,325.0,6,2,50.0,62,275.0,0,0,0,14,8,3,2,24,68,325.0,6,2,50.0,62,275.0,0,0,0,14,8,3,2,0,0,0,62,275.0,6,50.0,68,325.0
401762483,2025,7,regular,Charlotte,Army,away,fbs,fbs,True,7,55,178,26,16,110,29,68,1,0,1,14,5,5,2,7,53,173.0,25,15,115.0,28,58.0,1,0,1,14,5,5,2,7,54,174.0,26,16,116.0,28,58.0,2,0,2,14,5,5,2,0,2,2,28,58.0,26,116.0,54,174.0
401754561,2025,7,regular,SMU,Stanford,home,fbs,fbs,True,34,53,370,30,22,247,23,123,0,0,0,11,3,2,2,34,53,378.0,29,21,256.0,24,122.0,0,0,0,11,3,2,2,34,53,378.0,29,21,256.0,24,122.0,0,0,0,11,3,2,2,0,0,0,24,122.0,29,256.0,53,378.0
401754561,2025,7,regular,Stanford,SMU,away,fbs,fbs,True,10,74,353,41,22,278,33,75,2,1,1,16,5,3,2,10,70,333.0,38,21,268.0,32,65.0,0,0,0,14,4,3,2,10,71,343.0,39,22,278.0,32,65.0,0,0,0,14,4,3,2,1,0,1,32,65.0,39,278.0,71,343.0
401752863,2025,7,regular,Michigan State,UCLA,home,fbs,fbs,True,13,60,253,35,16,166,25,87,1,0,1,15,8,4,0,19,60,273.0,36,16,176.0,24,97.0,0,0,0,15,8,4,0,19,61,263.0,36,16,176.0,25,87.0,0,0,0,15,8,4,0,0,0,0,25,87.0,36,176.0,61,263.0
401752863,2025,7,regular,UCLA,Michigan State,away,fbs,fbs,True,38,67,418,24,16,180,43,238,0,0,0,13,6,3,3,38,69,380.0,25,16,175.0,44,205.0,0,0,0,13,6,3,3,38,69,380.0,25,16,175.0,44,205.0,0,0,0,13,6,3,3,0,0,0,44,205.0,25,175.0,69,380.0
401752865,2025,7,regular,Illinois,Ohio State,home,fbs,fbs,True,16,71,295,44,30,248,27,47,3,1,2,14,4,5,3,16,68,309.0,43,31,257.0,25,52.0,1,1,0,13,5,5,3,16,69,303.0,43,31,257.0,26,46.0,1,1,0,13,5,5,3,1,0,1,26,46.0,43,257.0,69,303.0
401752865,2025,7,regular,Ohio State,Illinois,away,fbs,fbs,True,34,62,275,27,19,166,35,109,0,0,0,15,8,1,1,34,64,304.0,27,20,198.0,37,106.0,0,0,0,15,9,1,1,34,64,304.0,27,20,198.0,37,106.0,1,0,1,15,9,1,1,0,1,1,37,106.0,27,198.0,64,304.0
401762833,2025,7,regular,Akron,Miami (OH),home,fbs,fbs,True,7,64,273,39,21,211,25,62,1,1,0,14,6,2,0,7,62,279.0,37,21,217.0,25,62.0,0,0,0,13,6,1,0,7,62,279.0,37,21,217.0,25,62.0,0,0,0,13,6,1,0,1,0,1,25,62.0,37,217.0,62,279.0
401762833,2025,7,regular,Miami (OH),Akron,away,fbs,fbs,True,20,65,353,26,14,203,39,150,1,1,0,12,4,2,1,20,65,375.0,25,14,218.0,40,157.0,1,1,0,12,4,2,1,20,65,375.0,25,14,218.0,40,157.0,1,1,0,12,4,2,1,1,0,1,40,157.0,25,218.0,65,375.0
401762835,2025,7,regular,Bowling Green,Toledo,home,fbs,fbs,True,28,53,226,17,10,165,36,61,1,1,0,12,2,1,0,28,51,255.0,16,10,171.0,35,84.0,0,0,0,12,2,0,0,28,51,255.0,16,10,171.0,35,84.0,0,0,0,12,2,0,0,0,0,0,35,84.0,16,171.0,51,255.0
401762835,2025,7,regular,Toledo,Bowling Green,away,fbs,fbs,True,23,72,429,30,19,264,42,165,2,1,1,13,3,2,0,23,69,421.0,28,19,264.0,41,157.0,0,0,0,12,3,2,0,23,70,416.0,28,19,264.0,42,152.0,1,1,0,12,3,2,0,2,0,2,42,152.0,28,264.0,70,416.0
401752734,2025,7,regular,Missouri,Alabama,home,fbs,fbs,True,24,56,330,28,16,167,28,163,2,2,0,10,1,3,2,24,53,330.0,26,16,167.0,27,163.0,2,2,0,7,1,3,2,24,53,330.0,26,16,167.0,27,163.0,2,2,0,7,1,3,2,2,0,2,27,163.0,26,167.0,53,330.0
401752734,2025,7,regular,Alabama,Missouri,away,fbs,fbs,True,27,74,326,31,23,200,43,126,1,0,1,15,6,3,3,27,75,340.0,31,23,215.0,44,125.0,0,0,0,15,6,3,3,27,75,340.0,31,23,215.0,44,125.0,0,0,0,15,6,3,3,0,0,0,44,125.0,31,215.0,75,340.0
401754559,2025,7,regular,Florida State,Pittsburgh,home,fbs,fbs,True,31,63,415,23,16,245,40,170,1,0,1,12,6,0,0,31,59,414.0,23,16,245.0,36,169.0,0,0,0,12,6,0,0,31,60,410.0,23,16,245.0,37,165.0,0,0,0,12,6,0,0,0,1,1,37,165.0,23,245.0,60,410.0
401754559,2025,7,regular,Pittsburgh,Florida State,away,fbs,fbs,True,34,70,479,29,21,321,41,158,2,2,0,14,5,3,3,34,64,458.0,27,21,321.0,37,137.0,2,2,0,12,5,3,3,34,64,458.0,27,21,321.0,37,137.0,2,2,0,12,5,3,3,2,0,2,37,137.0,27,321.0,64,458.0
401752733,2025,7,regular,Ole Miss,Washington State,home,fbs,fbs,True,24,70,439,29,20,253,41,186,1,0,1,15,7,2,1,24,68,425.0,29,20,238.0,39,187.0,0,0,0,14,7,2,1,24,69,416.0,29,20,238.0,40,178.0,0,0,0,14,7,2,1,0,0,0,40,178.0,29,238.0,69,416.0
401752733,2025,7,regular,Washington State,Ole Miss,away,fbs,fbs,True,21,59,345,31,24,218,28,127,0,0,0,10,2,1,1,21,56,346.0,32,24,208.0,24,138.0,0,0,0,8,2,2,1,21,57,342.0,32,24,208.0,25,134.0,0,0,0,8,2,2,1,0,0,0,25,134.0,32,208.0,57,342.0
401762836,2025,7,regular,Eastern Michigan,Northern Illinois,home,fbs,fbs,True,16,69,299,32,19,147,37,152,1,1,0,16,6,1,1,16,69,300.0,31,19,151.0,38,149.0,0,0,0,16,6,1,1,16,69,300.0,31,19,151.0,38,149.0,0,0,0,16,6,1,1,0,0,0,38,149.0,31,151.0,69,300.0
401762836,2025,7,regular,Northern Illinois,Eastern Michigan,away,fbs,fbs,True,10,65,310,26,11,94,39,216,1,1,0,16,4,5,3,10,64,315.0,25,11,99.0,39,216.0,1,1,0,16,4,5,3,10,64,315.0,25,11,99.0,39,216.0,1,1,0,16,4,5,3,1,0,1,39,216.0,25,99.0,64,315.0
401762837,2025,7,regular,Kent State,Massachusetts,home,fbs,fbs,True,42,59,337,20,12,179,39,158,0,0,0,12,3,2,1,42,55,353.0,21,12,205.0,34,148.0,1,0,1,12,4,2,1,42,56,358.0,21,12,205.0,35,153.0,1,0,1,12,4,2,1,0,1,1,35,153.0,21,205.0,56,358.0
401762837,2025,7,regular,Massachusetts,Kent State,away,fbs,fbs,True,6,82,271,49,26,227,33,44,2,2,0,20,6,3,0,6,74,233.0,41,22,183.0,33,50.0,1,1,0,18,5,2,0,6,75,207.0,41,22,183.0,34,24.0,1,1,0,18,5,2,0,1,0,1,34,24.0,41,183.0,75,207.0
401752870,2025,7,regular,Oregon,Indiana,home,fbs,fbs,True,20,64,267,34,21,186,30,81,2,2,0,14,3,4,3,20,59,274.0,32,21,186.0,27,88.0,0,0,0,14,3,4,3,20,59,274.0,32,21,186.0,27,88.0,0,0,0,14,3,4,3,0,0,0,27,88.0,32,186.0,59,274.0
401752870,2025,7,regular,Indiana,Oregon,away,fbs,fbs,True,30,64,343,31,20,215,33,128,1,1,0,14,5,1,0,30,66,324.0,30,20,215.0,36,109.0,1,1,0,13,5,1,0,30,66,324.0,30,20,215.0,36,109.0,1,1,0,13,5,1,0,3,0,3,36,109.0,30,215.0,66,324.0
401752867,2025,7,regular,Maryland,Nebraska,home,fbs,fbs,True,31,67,379,37,27,249,30,130,0,0,0,15,7,2,0,31,66,370.0,36,27,249.0,30,121.0,0,0,0,14,7,3,0,31,66,370.0,36,27,249.0,30,121.0,0,0,0,14,7,3,0,0,0,0,29,117.0,36,249.0,65,366.0
401752867,2025,7,regular,Nebraska,Maryland,away,fbs,fbs,True,34,58,454,29,20,260,29,194,3,3,0,7,3,1,0,34,55,447.0,26,20,260.0,29,187.0,2,2,0,7,3,1,0,34,55,447.0,26,20,260.0,29,187.0,2,2,0,7,3,1,0,3,0,3,29,187.0,26,260.0,55,447.0
401761626,2025,7,regular,Marshall,Old Dominion,home,fbs,fbs,True,48,74,449,26,18,222,48,227,0,0,0,15,4,1,1,48,81,407.0,29,19,212.0,52,195.0,0,0,0,17,4,1,1,48,81,407.0,29,19,212.0,52,195.0,1,1,0,17,4,1,1,1,0,1,52,195.0,29,212.0,81,407.0
401761626,2025,7,regular,Old Dominion,Marshall,away,fbs,fbs,True,24,66,439,28,15,266,38,173,5,2,3,14,4,4,1,24,65,446.0,28,15,281.0,37,165.0,2,1,1,13,4,4,1,24,65,446.0,28,15,281.0,37,165.0,2,1,1,13,4,4,1,1,1,2,37,165.0,28,281.0,65,446.0
401761624,2025,7,regular,Georgia State,App State,home,fbs,fbs,True,20,84,381,61,32,303,23,78,1,1,0,19,9,4,0,20,82,376.0,60,31,300.0,22,76.0,1,1,0,18,9,6,0,20,84,375.0,61,32,311.0,23,64.0,1,1,0,18,9,6,0,1,0,1,23,64.0,57,311.0,80,375.0
401761624,2025,7,regular,App State,Georgia State,away,fbs,fbs,True,41,71,445,38,23,311,33,134,0,0,0,15,5,2,1,41,75,435.0,39,23,311.0,36,124.0,0,0,0,15,5,3,1,41,75,435.0,39,23,311.0,36,124.0,0,0,0,15,5,3,1,0,0,0,36,124.0,38,311.0,74,435.0
401754560,2025,7,regular,Georgia Tech,Virginia Tech,home,fbs,fbs,True,35,65,483,24,20,213,41,270,0,0,0,12,7,1,1,35,66,497.0,24,20,229.0,42,268.0,0,0,0,12,7,1,1,35,66,497.0,24,20,229.0,42,268.0,0,0,0,12,7,1,1,0,0,0,42,268.0,24,229.0,66,497.0
401754560,2025,7,regular,Virginia Tech,Georgia Tech,away,fbs,fbs,True,20,54,369,21,13,181,33,188,1,1,0,8,0,4,3,20,53,367.0,20,13,181.0,33,186.0,1,1,0,8,0,4,3,20,53,367.0,20,13,181.0,33,186.0,1,1,0,8,0,4,3,1,0,1,33,186.0,20,181.0,53,367.0
401752866,2025,7,regular,Penn State,Northwestern,home,fbs,fbs,True,21,51,274,20,13,137,31,137,2,1,1,11,6,2,1,21,50,274.0,19,13,137.0,31,137.0,0,0,0,11,6,2,1,21,50,274.0,19,13,137.0,31,137.0,0,0,0,11,6,2,1,0,0,0,31,137.0,19,137.0,50,274.0
401752866,2025,7,regular,Northwestern,Penn State,away,fbs,fbs,True,22,65,292,26,17,163,39,129,1,0,1,12,5,0,0,22,72,279.0,27,17,193.0,45,86.0,0,0,0,13,6,0,0,22,72,279.0,27,17,193.0,45,86.0,0,0,0,13,6,0,0,0,0,0,45,86.0,26,193.0,71,279.0
401762834,2025,7,regular,Western Michigan,Ball State,home,fbs,fbs,True,42,72,462,29,24,242,43,220,2,1,1,14,8,2,1,42,71,464.0,28,24,242.0,43,222.0,0,0,0,14,8,2,1,42,71,464.0,28,24,242.0,43,222.0,0,0,0,14,8,2,1,0,0,0,43,222.0,28,242.0,71,464.0
401762834,2025,7,regular,Ball State,Western Michigan,away,fbs,fbs,True,0,50,88,23,13,68,27,20,2,0,2,13,1,1,0,0,48,102.0,23,13,72.0,25,30.0,1,0,1,13,1,1,0,0,48,102.0,23,13,72.0,25,30.0,2,1,1,13,1,1,0,1,2,3,25,30.0,23,72.0,48,102.0
401752736,2025,7,regular,Texas,Oklahoma,home,fbs,fbs,True,23,59,304,27,21,166,32,138,0,0,0,17,10,0,0,23,62,302.0,27,21,166.0,35,136.0,0,0,0,16,9,0,0,23,62,302.0,27,21,166.0,35,136.0,0,0,0,16,9,0,0,0,0,0,35,136.0,27,166.0,62,302.0
401752736,2025,7,regular,Oklahoma,Texas,away,fbs,fbs,True,6,69,258,39,21,210,30,48,3,3,0,17,6,4,2,6,66,248.0,36,21,210.0,30,38.0,3,3,0,15,6,4,2,6,66,248.0,36,21,210.0,30,38.0,3,3,0,15,6,4,2,3,0,3,30,38.0,36,210.0,66,248.0
401756919,2025,7,regular,Kansas State,TCU,home,fbs,fbs,True,41,69,347,26,16,198,43,149,0,0,0,16,7,2,2,41,69,341.0,26,16,198.0,43,143.0,0,0,0,14,6,2,2,41,69,341.0,26,16,198.0,43,143.0,0,0,0,14,6,2,2,0,0,0,43,143.0,26,198.0,69,341.0
401756919,2025,7,regular,TCU,Kansas State,away,fbs,fbs,True,28,69,448,47,26,376,22,72,3,2,1,13,6,4,1,28,65,460.0,45,26,376.0,20,84.0,2,2,0,13,6,4,1,28,65,460.0,45,26,376.0,20,84.0,2,2,0,13,6,4,1,2,1,3,20,84.0,45,376.0,65,460.0
401754562,2025,7,regular,Notre Dame,NC State,home,fbs,fbs,True,36,68,487,31,19,342,37,145,2,1,1,14,6,3,1,36,69,485.0,31,19,342.0,38,143.0,2,1,1,14,6,2,1,36,69,485.0,31,19,342.0,38,143.0,2,1,1,14,6,2,1,1,1,2,38,143.0,31,342.0,69,485.0
401754562,2025,7,regular,NC State,Notre Dame,away,fbs,fbs,True,7,59,233,31,18,182,28,51,3,3,0,16,5,3,1,7,54,243.0,27,18,190.0,27,53.0,2,2,0,15,5,1,1,7,54,243.0,27,18,190.0,27,53.0,2,2,0,15,5,1,1,3,0,3,27,53.0,27,190.0,54,243.0
401754563,2025,7,regular,Oregon State,Wake Forest,home,fbs,fbs,True,14,80,309,42,19,175,38,134,2,1,1,17,5,3,1,14,74,305.0,39,18,168.0,35,137.0,1,1,0,17,5,2,1,14,74,305.0,39,18,168.0,35,137.0,1,1,0,17,5,2,1,1,0,1,35,137.0,39,168.0,74,305.0
401754563,2025,7,regular,Wake Forest,Oregon State,away,fbs,fbs,True,39,54,468,28,14,270,26,198,0,0,0,9,1,1,0,39,52,466.0,28,14,270.0,24,196.0,0,0,0,9,1,1,0,39,52,466.0,28,14,270.0,24,196.0,1,0,1,9,1,1,0,0,1,1,24,196.0,28,270.0,52,466.0
401756918,2025,7,regular,Colorado,Iowa State,home,fbs,fbs,True,24,61,403,25,16,255,36,148,0,0,0,15,7,1,0,24,64,357.0,25,15,227.0,39,130.0,0,0,0,15,5,1,0,24,64,357.0,25,15,227.0,39,130.0,0,0,0,15,5,1,0,0,0,0,39,130.0,25,227.0,64,357.0
401756918,2025,7,regular,Iowa State,Colorado,away,fbs,fbs,True,17,70,441,33,18,205,37,236,1,1,0,12,2,1,0,17,67,439.0,31,17,211.0,36,228.0,0,0,0,10,2,1,0,17,67,439.0,31,17,211.0,36,228.0,0,0,0,10,2,1,0,1,0,1,36,228.0,31,211.0,67,439.0
401760386,2025,7,regular,UNLV,Air Force,home,fbs,fbs,True,51,60,597,33,21,377,27,220,0,0,0,11,5,1,0,51,57,595.0,32,21,381.0,25,214.0,0,0,0,10,5,1,0,51,57,595.0,32,21,381.0,25,214.0,0,0,0,10,5,1,0,0,0,0,25,214.0,32,381.0,57,595.0
401760386,2025,7,regular,Air Force,UNLV,away,fbs,fbs,True,48,83,603,17,10,175,66,428,1,0,1,10,4,4,3,48,81,607.0,17,10,175.0,64,432.0,0,0,0,10,4,4,3,48,81,607.0,17,10,175.0,64,432.0,1,0,1,10,4,4,3,0,1,1,64,432.0,17,175.0,81,607.0
401762484,2025,7,regular,Temple,Navy,home,fbs,fbs,True,31,75,520,36,25,345,39,175,1,0,1,12,6,2,2,31,75,528.0,36,25,345.0,39,183.0,0,0,0,11,6,2,2,31,76,518.0,36,25,345.0,40,173.0,0,0,0,11,6,2,2,0,0,0,40,173.0,36,345.0,76,518.0
401762484,2025,7,regular,Navy,Temple,away,fbs,fbs,True,32,54,384,17,6,141,37,243,0,0,0,11,3,3,3,32,53,388.0,17,6,141.0,36,247.0,0,0,0,11,3,3,3,32,53,388.0,17,6,141.0,36,247.0,0,0,0,11,3,3,3,0,0,0,36,247.0,17,141.0,53,388.0
401752735,2025,7,regular,Tennessee,Arkansas,home,fbs,fbs,True,34,63,494,25,16,221,38,273,0,0,0,9,2,0,0,34,65,485.0,25,16,221.0,40,264.0,0,0,0,9,2,0,0,34,65,485.0,25,16,221.0,40,264.0,0,0,0,9,2,0,0,0,0,0,40,264.0,25,221.0,65,485.0
401752735,2025,7,regular,Arkansas,Tennessee,away,fbs,fbs,True,31,75,497,31,21,256,44,241,3,0,3,13,7,2,1,31,70,523.0,30,21,256.0,40,267.0,1,0,1,12,7,1,1,31,72,505.0,30,21,256.0,42,249.0,1,0,1,12,7,1,1,0,2,2,42,249.0,30,256.0,72,505.0
401762482,2025,7,regular,Florida Atlantic,UAB,home,fbs,fbs,True,53,62,494,31,21,345,31,149,1,1,0,10,3,5,4,53,47,380.0,19,14,256.0,28,124.0,0,0,0,7,2,3,3,53,47,380.0,19,14,256.0,28,124.0,0,0,0,7,2,3,3,0,0,0,28,124.0,19,256.0,47,380.0
401762482,2025,7,regular,UAB,Florida Atlantic,away,fbs,fbs,True,33,69,329,41,29,261,28,68,0,0,0,17,7,3,2,33,53,184.0,30,21,138.0,23,46.0,0,0,0,14,6,3,1,33,53,184.0,30,21,138.0,23,46.0,0,0,0,14,6,3,1,1,0,1,23,46.0,30,138.0,53,184.0
401752737,2025,7,regular,Texas A&M,Florida,home,fbs,fbs,True,34,68,417,26,16,234,42,183,1,1,0,17,9,0,0,34,57,371.0,19,12,201.0,38,170.0,0,0,0,14,8,0,0,34,57,371.0,19,12,201.0,38,170.0,0,0,0,14,8,0,0,0,0,0,38,170.0,19,201.0,57,371.0
401752737,2025,7,regular,Florida,Texas A&M,away,fbs,fbs,True,17,61,319,37,21,245,24,74,2,0,2,10,1,1,0,17,55,289.0,35,21,220.0,20,69.0,1,0,1,8,1,1,0,17,58,283.0,36,22,225.0,22,58.0,1,0,1,8,1,1,0,0,1,1,22,58.0,36,225.0,58,283.0
401761623,2025,7,regular,Coastal Carolina,UL Monroe,home,fbs,fbs,True,23,69,377,19,8,92,50,285,1,0,1,16,5,2,1,23,63,296.0,16,6,50.0,47,246.0,0,0,0,13,5,2,1,23,65,323.0,17,7,87.0,48,236.0,1,1,0,13,5,2,1,1,0,1,48,236.0,17,87.0,65,323.0
401761623,2025,7,regular,UL Monroe,Coastal Carolina,away,fbs,fbs,True,8,61,316,29,14,176,32,140,2,2,0,13,1,4,1,8,56,344.0,26,13,180.0,30,164.0,1,1,0,13,1,4,1,8,56,344.0,26,13,180.0,30,164.0,1,1,0,13,1,4,1,1,0,1,30,164.0,26,180.0,56,344.0
401760391,2025,7,regular,Wyoming,San José State,home,fbs,fbs,True,35,64,413,39,23,304,25,109,3,2,1,12,4,3,1,35,62,412.0,38,23,304.0,24,108.0,2,2,0,12,4,3,1,35,63,411.0,38,23,304.0,25,107.0,2,2,0,12,4,3,1,2,0,2,25,107.0,38,304.0,63,411.0
401760391,2025,7,regular,San José State,Wyoming,away,fbs,fbs,True,28,82,383,55,31,340,27,43,2,1,1,19,6,2,1,28,79,411.0,54,31,340.0,25,71.0,1,1,0,17,6,1,1,28,80,397.0,54,31,340.0,26,57.0,1,1,0,17,6,1,1,1,0,1,26,57.0,54,340.0,80,397.0
401752869,2025,7,regular,Wisconsin,Iowa,home,fbs,fbs,True,0,57,209,21,8,82,36,127,3,2,1,13,5,2,0,0,53,221.0,20,8,82.0,33,139.0,3,2,1,13,5,3,0,0,53,221.0,20,8,82.0,33,139.0,4,3,1,13,5,3,0,3,1,4,33,139.0,19,82.0,52,221.0
401752869,2025,7,regular,Iowa,Wisconsin,away,fbs,fbs,True,37,61,319,25,18,109,36,210,1,1,0,12,5,1,1,37,59,319.0,23,18,109.0,36,210.0,0,0,0,11,5,1,1,37,59,319.0,23,18,109.0,36,210.0,0,0,0,11,5,1,1,0,0,0,36,210.0,23,109.0,59,319.0
401754558,2025,7,regular,Boston College,Clemson,home,fbs,fbs,True,10,61,221,29,15,136,32,85,2,1,1,12,3,4,1,10,60,237.0,29,15,154.0,31,83.0,1,1,0,13,4,3,1,10,61,229.0,29,15,154.0,32,75.0,1,1,0,13,4,3,1,1,0,1,32,75.0,29,154.0,61,229.0
401754558,2025,7,regular,Clemson,Boston College,away,fbs,fbs,True,41,76,504,33,23,278,43,226,3,2,1,12,6,4,3,41,72,493.0,29,22,267.0,43,226.0,1,1,0,12,6,3,3,41,72,493.0,29,22,267.0,43,226.0,1,1,0,12,6,3,3,1,0,1,43,226.0,29,267.0,72,493.0
401752864,2025,7,regular,Minnesota,Purdue,home,fbs,fbs,True,27,63,262,45,21,232,18,30,1,1,0,15,5,1,1,27,62,262.0,44,21,232.0,18,30.0,0,0,0,14,5,1,1,27,62,262.0,44,21,232.0,18,30.0,1,1,0,14,5,1,1,3,0,3,18,30.0,44,232.0,62,262.0
401752864,2025,7,regular,Purdue,Minnesota,away,fbs,fbs,True,20,82,456,42,21,203,40,253,4,3,1,16,6,3,2,20,77,444.0,37,20,191.0,40,253.0,1,1,0,13,6,3,2,20,78,456.0,38,21,203.0,40,253.0,1,1,0,13,6,3,2,1,0,1,40,253.0,38,203.0,78,456.0
401762485,2025,7,regular,UTSA,Rice,home,fbs,fbs,True,61,59,437,25,16,246,34,191,0,0,0,10,4,2,1,61,57,430.0,23,14,229.0,34,201.0,0,0,0,9,3,2,1,61,57,430.0,23,14,229.0,34,201.0,0,0,0,9,3,2,1,0,0,0,34,201.0,23,229.0,57,430.0
401762485,2025,7,regular,Rice,UTSA,away,fbs,fbs,True,13,69,269,19,10,79,50,190,2,1,1,18,6,4,1,13,63,275.0,18,9,67.0,45,208.0,2,1,1,16,6,4,0,13,64,295.0,19,10,87.0,45,208.0,2,1,1,16,6,4,0,1,1,2,45,208.0,18,87.0,63,295.0
401752731,2025,7,regular,Auburn,Georgia,home,fbs,fbs,True,10,66,278,31,19,137,35,141,1,0,1,17,8,3,1,10,66,267.0,31,19,137.0,35,130.0,0,0,0,16,8,3,1,10,66,267.0,31,19,137.0,35,130.0,0,0,0,16,8,3,1,0,1,1,35,130.0,31,137.0,66,267.0
401752731,2025,7,regular,Georgia,Auburn,away,fbs,fbs,True,20,67,296,38,24,217,29,79,0,0,0,14,5,3,2,20,69,296.0,38,24,217.0,31,79.0,0,0,0,15,5,3,2,20,69,296.0,38,24,217.0,31,79.0,0,0,0,15,5,3,2,0,0,0,31,79.0,38,217.0,69,296.0
401756921,2025,7,regular,Texas Tech,Kansas,home,fbs,fbs,True,42,68,505,28,14,133,40,372,1,1,0,14,6,0,0,42,66,504.0,27,14,133.0,39,371.0,0,0,0,13,6,0,0,42,66,504.0,27,14,133.0,39,371.0,0,0,0,13,6,0,0,1,0,1,39,371.0,27,133.0,66,504.0
401756921,2025,7,regular,Kansas,Texas Tech,away,fbs,fbs,True,17,77,319,39,30,245,38,74,1,0,1,18,7,2,1,17,72,320.0,38,29,239.0,34,81.0,0,0,0,17,7,2,1,17,74,311.0,39,30,245.0,35,66.0,1,0,1,17,7,2,1,0,1,1,35,66.0,39,245.0,74,311.0
401752868,2025,7,regular,USC,Michigan,home,fbs,fbs,True,31,67,490,32,25,265,35,225,2,1,1,12,6,1,1,31,66,467.0,30,24,229.0,36,238.0,1,1,0,10,6,1,1,31,67,488.0,31,25,250.0,36,238.0,1,1,0,10,6,1,1,1,0,1,36,238.0,31,250.0,67,488.0
401752868,2025,7,regular,Michigan,USC,away,fbs,fbs,True,13,57,316,26,15,207,31,109,2,2,0,9,2,2,0,13,55,322.0,25,15,207.0,30,115.0,2,2,0,8,2,2,0,13,56,316.0,25,15,207.0,31,109.0,2,2,0,8,2,2,0,2,0,2,31,109.0,24,207.0,55,316.0
401752732,2025,7,regular,LSU,South Carolina,home,fbs,fbs,True,20,61,422,33,20,254,28,168,3,2,1,11,4,0,0,20,59,422.0,31,20,254.0,28,168.0,2,1,1,10,4,0,0,20,59,422.0,31,20,254.0,28,168.0,2,1,1,10,4,0,0,2,2,4,28,168.0,31,254.0,59,422.0
401752732,2025,7,regular,South Carolina,LSU,away,fbs,fbs,True,10,72,317,27,15,124,45,193,2,1,1,16,6,2,0,10,68,350.0,26,15,124.0,42,226.0,0,0,0,14,6,2,0,10,68,350.0,26,15,124.0,42,226.0,0,0,0,14,6,2,0,1,0,1,42,226.0,26,124.0,68,350.0
401756916,2025,7,regular,Arizona,BYU,home,fbs,fbs,True,27,78,384,45,25,219,33,165,1,1,0,17,4,6,4,27,78,388.0,44,26,224.0,34,164.0,0,0,0,17,4,5,4,27,78,388.0,44,26,224.0,34,164.0,0,0,0,17,4,5,4,1,0,1,34,164.0,44,224.0,78,388.0
401756916,2025,7,regular,BYU,Arizona,away,fbs,fbs,True,33,80,430,29,12,172,51,258,2,2,0,16,8,3,2,33,79,435.0,28,13,172.0,51,263.0,2,2,0,15,7,3,2,33,79,435.0,28,13,172.0,51,263.0,2,2,0,15,7,3,2,2,0,2,51,263.0,28,172.0,79,435.0
401761627,2025,7,regular,Texas State,Troy,home,fbs,fbs,True,41,75,574,22,19,248,53,326,0,0,0,17,10,4,3,41,74,563.0,22,19,238.0,52,325.0,0,0,0,18,10,4,3,41,74,563.0,22,19,238.0,52,325.0,0,0,0,18,10,4,3,0,0,0,52,325.0,22,238.0,74,563.0
401761627,2025,7,regular,Troy,Texas State,away,fbs,fbs,True,48,72,458,40,30,415,32,43,0,0,0,14,5,3,3,48,72,460.0,41,30,419.0,31,41.0,0,0,0,14,5,3,3,48,72,460.0,41,30,419.0,31,41.0,0,0,0,14,5,3,3,0,0,0,31,41.0,41,419.0,72,460.0
401760387,2025,7,regular,Boise State,New Mexico,home,fbs,fbs,True,41,84,399,32,22,236,52,163,0,0,0,18,7,7,6,41,84,428.0,32,22,246.0,52,182.0,0,0,0,18,7,6,6,41,84,428.0,32,22,246.0,52,182.0,0,0,0,18,7,6,6,0,0,0,52,182.0,32,246.0,84,428.0
401760387,2025,7,regular,New Mexico,Boise State,away,fbs,fbs,True,25,53,232,30,15,182,23,50,3,2,1,13,4,3,2,25,49,225.0,29,15,182.0,20,43.0,1,1,0,10,4,4,2,25,50,223.0,29,15,182.0,21,41.0,1,1,0,10,4,4,2,2,0,2,21,41.0,28,182.0,49,223.0
401756922,2025,7,regular,Utah,Arizona State,home,fbs,fbs,True,42,53,415,13,8,136,40,279,0,0,0,8,4,2,2,42,56,429.0,14,8,141.0,42,288.0,0,0,0,9,5,2,2,42,56,429.0,14,8,141.0,42,288.0,0,0,0,9,5,2,2,0,0,0,42,288.0,14,141.0,56,429.0
401756922,2025,7,regular,Arizona State,Utah,away,fbs,fbs,True,10,78,259,38,18,124,40,135,0,0,0,18,7,5,4,10,83,280.0,40,18,150.0,43,130.0,0,0,0,20,8,5,4,10,83,280.0,40,18,150.0,43,130.0,0,0,0,20,8,5,4,0,0,0,43,130.0,40,150.0,83,280.0
401760390,2025,7,regular,Nevada,San Diego State,home,fbs,fbs,True,10,63,254,32,16,177,31,77,2,2,0,15,4,2,1,10,60,281.0,30,15,194.0,30,87.0,2,2,0,14,4,3,1,10,61,292.0,31,16,205.0,30,87.0,2,2,0,14,4,3,1,2,0,2,30,87.0,30,205.0,60,292.0
401760390,2025,7,regular,San Diego State,Nevada,away,fbs,fbs,True,44,58,411,18,14,205,40,206,0,0,0,10,3,1,0,44,57,411.0,17,14,205.0,40,206.0,0,0,0,9,3,1,0,44,57,411.0,17,14,205.0,40,206.0,0,0,0,9,3,1,0,0,0,0,40,206.0,17,205.0,57,411.0
401760389,2025,7,regular,Hawai'i,Utah State,home,fbs,fbs,True,44,80,549,54,34,413,26,136,1,1,0,16,5,2,1,44,82,546.0,53,34,413.0,29,133.0,0,0,0,15,5,2,1,44,82,546.0,53,34,413.0,29,133.0,0,0,0,15,5,2,1,1,0,1,29,133.0,53,413.0,82,546.0
401760389,2025,7,regular,Utah State,Hawai'i,away,fbs,fbs,True,26,66,435,37,19,269,29,166,2,1,1,12,2,2,1,26,62,378.0,33,15,222.0,29,156.0,0,0,0,11,1,3,1,26,64,406.0,35,17,250.0,29,156.0,0,0,0,11,1,3,1,0,0,0,29,156.0,34,250.0,63,406.0
401757282,2025,8,regular,Liberty,New Mexico State,home,fbs,fbs,True,30,60,293,30,20,179,30,114,3,2,1,10,3,0,0,30,58,301.0,29,20,179.0,29,122.0,2,2,0,9,3,0,0,30,59,293.0,29,20,179.0,30,114.0,2,2,0,9,3,0,0,2,0,2,30,114.0,29,179.0,59,293.0
401757282,2025,8,regular,New Mexico State,Liberty,away,fbs,fbs,True,27,75,388,37,20,242,38,146,2,0,2,17,10,1,1,27,75,460.0,37,20,264.0,38,196.0,0,0,0,17,10,1,1,27,75,388.0,37,20,242.0,38,146.0,0,0,0,17,10,1,1,0,0,0,38,146.0,37,242.0,75,388.0
401761628,2025,8,regular,South Alabama,Arkansas State,home,fbs,fbs,True,14,59,293,23,18,118,36,175,0,0,0,14,4,1,1,14,66,282.0,28,20,121.0,38,161.0,0,0,0,15,4,2,1,14,67,266.0,28,20,121.0,39,145.0,0,0,0,15,4,2,1,0,0,0,39,145.0,28,121.0,67,266.0
401761628,2025,8,regular,Arkansas State,South Alabama,away,fbs,fbs,True,15,77,367,45,29,209,32,158,1,1,0,17,4,3,3,15,79,319.0,47,30,167.0,32,152.0,0,0,0,17,5,4,3,15,79,319.0,47,30,167.0,32,152.0,0,0,0,17,5,4,3,0,0,0,32,152.0,47,167.0,79,319.0
401757281,2025,8,regular,Western Kentucky,Florida International,home,fbs,fbs,True,6,64,341,41,27,225,23,116,3,3,0,15,6,0,0,6,59,367.0,37,26,237.0,22,130.0,2,2,0,12,6,0,0,6,60,353.0,37,26,237.0,23,116.0,2,2,0,12,6,0,0,3,0,3,23,116.0,37,237.0,60,353.0
401757281,2025,8,regular,Florida International,Western Kentucky,away,fbs,fbs,True,25,70,453,31,20,204,39,249,0,0,0,15,7,0,0,25,70,436.0,32,20,204.0,38,232.0,0,0,0,15,7,1,0,25,70,436.0,32,20,204.0,38,232.0,0,0,0,15,7,1,0,0,0,0,38,232.0,32,204.0,70,436.0
401757284,2025,8,regular,Sam Houston,UTEP,home,fbs,fbs,True,17,76,398,36,22,239,40,159,1,0,1,18,6,4,0,17,80,412.0,38,23,245.0,42,167.0,0,0,0,19,6,4,0,17,80,409.0,38,23,245.0,42,164.0,0,0,0,19,6,4,0,0,0,0,42,164.0,38,245.0,80,409.0
401757284,2025,8,regular,UTEP,Sam Houston,away,fbs,fbs,True,35,60,411,26,21,236,34,175,2,1,1,11,3,3,2,35,60,331.0,26,21,236.0,34,95.0,1,1,0,11,4,3,2,35,60,377.0,26,21,236.0,34,141.0,1,1,0,11,3,3,2,1,0,1,34,141.0,26,236.0,60,377.0
401757283,2025,8,regular,Jacksonville State,Delaware,home,fbs,fbs,True,38,74,388,24,16,133,50,255,0,0,0,14,5,1,1,38,73,405.0,24,16,155.0,49,250.0,0,0,0,14,5,1,1,38,73,405.0,24,16,155.0,49,250.0,0,0,0,14,5,1,1,0,0,0,49,250.0,24,155.0,73,405.0
401757283,2025,8,regular,Delaware,Jacksonville State,away,fbs,fbs,True,25,72,456,50,32,422,22,34,2,0,2,14,4,5,1,25,68,420.0,48,30,389.0,20,31.0,1,0,1,14,4,4,1,25,69,441.0,49,31,410.0,20,31.0,1,0,1,14,4,4,1,0,1,1,20,31.0,49,410.0,69,441.0
401762486,2025,8,regular,East Carolina,Tulsa,home,fbs,fbs,True,41,91,568,38,21,300,53,268,0,0,0,18,9,3,1,41,91,571.0,38,21,315.0,53,256.0,0,0,0,19,9,3,1,41,91,571.0,38,21,315.0,53,256.0,0,0,0,19,9,3,1,0,0,0,53,256.0,38,315.0,91,571.0
401762486,2025,8,regular,Tulsa,East Carolina,away,fbs,fbs,True,27,83,398,41,23,251,42,147,0,0,0,19,6,5,2,27,82,388.0,41,23,251.0,41,137.0,0,0,0,19,6,5,2,27,82,388.0,41,23,251.0,41,137.0,0,0,0,19,6,5,2,0,0,0,41,137.0,41,251.0,82,388.0
401754564,2025,8,regular,Miami,Louisville,home,fbs,fbs,True,21,59,334,35,25,271,24,63,4,4,0,12,5,2,1,21,53,343.0,30,24,281.0,23,62.0,0,0,0,12,5,1,1,21,53,343.0,30,24,281.0,23,62.0,0,0,0,12,5,1,1,3,0,3,23,62.0,30,281.0,53,343.0
401754564,2025,8,regular,Louisville,Miami,away,fbs,fbs,True,24,68,367,37,23,248,31,119,1,0,1,14,5,1,1,24,66,354.0,36,23,248.0,30,106.0,1,1,0,13,4,1,1,24,66,354.0,36,23,248.0,30,106.0,1,1,0,13,4,1,1,1,0,1,30,106.0,36,248.0,66,354.0
401752872,2025,8,regular,Minnesota,Nebraska,home,fbs,fbs,True,24,55,339,20,16,153,35,186,0,0,0,12,5,0,0,24,55,354.0,20,16,153.0,35,201.0,0,0,0,12,5,0,0,24,55,354.0,20,16,153.0,35,201.0,0,0,0,12,5,0,0,0,0,0,35,201.0,20,153.0,55,354.0
401752872,2025,8,regular,Nebraska,Minnesota,away,fbs,fbs,True,6,54,213,25,17,177,29,36,0,0,0,11,3,1,0,6,53,209.0,24,16,173.0,29,36.0,0,0,0,11,3,1,0,6,53,209.0,24,16,173.0,29,36.0,0,0,0,11,3,1,0,0,0,0,29,36.0,24,173.0,53,209.0
401760396,2025,8,regular,Utah State,San José State,home,fbs,fbs,True,30,70,461,32,23,331,38,130,0,0,0,16,5,3,2,33,74,471.0,35,23,346.0,39,125.0,0,0,0,19,7,3,2,33,74,471.0,35,23,346.0,39,125.0,0,0,0,19,7,3,2,0,0,0,39,125.0,35,346.0,74,471.0
401760396,2025,8,regular,San José State,Utah State,away,fbs,fbs,True,25,77,534,50,27,340,27,194,1,0,1,17,9,4,1,25,79,467.0,51,26,283.0,28,184.0,0,0,0,18,10,4,1,25,80,482.0,52,27,298.0,28,184.0,0,0,0,18,10,4,1,0,0,0,28,184.0,52,298.0,80,482.0
401754371,2025,8,regular,California,North Carolina,home,fbs,fbs,True,21,71,294,40,22,214,31,80,0,0,0,16,6,2,2,21,71,306.0,40,22,214.0,31,92.0,0,0,0,16,6,2,2,21,71,306.0,40,22,214.0,31,92.0,0,0,0,16,6,2,2,0,0,0,31,92.0,40,214.0,71,306.0
401754371,2025,8,regular,North Carolina,California,away,fbs,fbs,True,18,64,287,35,19,167,29,120,3,0,3,14,5,2,2,18,62,293.0,33,17,158.0,29,135.0,0,0,0,14,5,2,2,18,64,312.0,35,19,177.0,29,135.0,0,0,0,14,5,2,2,0,1,1,29,135.0,35,177.0,64,312.0
401752745,2025,8,regular,Vanderbilt,LSU,home,fbs,fbs,True,31,67,399,22,14,160,45,239,0,0,0,13,6,3,2,31,67,389.0,22,14,160.0,45,229.0,0,0,0,13,6,3,2,31,67,389.0,22,14,160.0,45,229.0,0,0,0,13,6,3,2,0,0,0,45,229.0,22,160.0,67,389.0
401752745,2025,8,regular,LSU,Vanderbilt,away,fbs,fbs,True,24,49,325,28,19,225,21,100,0,0,0,11,5,0,0,24,49,315.0,28,19,215.0,21,100.0,0,0,0,11,5,0,0,24,49,315.0,28,19,215.0,21,100.0,0,0,0,11,5,0,0,0,0,0,21,100.0,28,215.0,49,315.0
401762841,2025,8,regular,Miami (OH),Eastern Michigan,home,fbs,fbs,True,44,77,454,22,13,159,55,295,1,0,1,15,11,1,1,44,76,439.0,22,13,159.0,54,280.0,1,0,1,15,11,1,1,44,76,439.0,22,13,159.0,54,280.0,1,0,1,15,11,1,1,0,1,1,54,280.0,22,159.0,76,439.0
401762841,2025,8,regular,Eastern Michigan,Miami (OH),away,fbs,fbs,True,30,58,369,36,20,309,22,60,2,2,0,13,6,3,2,30,55,381.0,34,20,309.0,21,72.0,2,2,0,13,6,2,2,30,55,381.0,34,20,309.0,21,72.0,2,2,0,13,6,2,2,2,0,2,21,72.0,34,309.0,55,381.0
401756925,2025,8,regular,Houston,Arizona,home,fbs,fbs,True,31,68,396,23,15,164,45,232,0,0,0,14,8,2,2,31,70,441.0,25,15,209.0,45,232.0,0,0,0,14,8,2,2,31,70,441.0,25,15,209.0,45,232.0,0,0,0,14,8,2,2,0,0,0,45,232.0,25,209.0,70,441.0
401756925,2025,8,regular,Arizona,Houston,away,fbs,fbs,True,28,57,381,26,24,269,31,112,0,0,0,9,4,3,2,28,62,385.0,29,24,293.0,33,92.0,0,0,0,10,4,3,2,28,62,385.0,29,24,293.0,33,92.0,0,0,0,10,4,3,2,0,0,0,33,92.0,29,293.0,62,385.0
401752873,2025,8,regular,Michigan,Washington,home,fbs,fbs,True,24,68,417,28,21,230,40,187,0,0,0,13,6,2,0,24,68,417.0,28,21,230.0,40,187.0,0,0,0,13,6,2,0,24,68,417.0,28,21,230.0,40,187.0,1,1,0,13,6,2,0,2,0,2,40,187.0,28,230.0,68,417.0
401752873,2025,8,regular,Washington,Michigan,away,fbs,fbs,True,7,55,249,32,20,209,23,40,3,3,0,12,5,2,1,7,51,270.0,29,20,215.0,22,55.0,1,1,0,12,5,1,1,7,52,255.0,29,20,215.0,23,40.0,1,1,0,12,5,1,1,1,0,1,23,40.0,29,215.0,52,255.0
401754566,2025,8,regular,Duke,Georgia Tech,home,fbs,fbs,True,18,76,441,44,32,373,32,68,1,0,1,15,7,2,1,18,73,448.0,43,31,369.0,30,79.0,1,0,1,14,7,2,1,18,73,448.0,43,31,369.0,30,79.0,1,0,1,14,7,2,1,0,1,1,30,79.0,43,369.0,73,448.0
401754566,2025,8,regular,Georgia Tech,Duke,away,fbs,fbs,True,27,57,376,21,14,205,36,171,0,0,0,12,6,0,0,27,57,395.0,21,14,209.0,36,186.0,0,0,0,12,6,0,0,27,57,395.0,21,14,209.0,36,186.0,0,0,0,12,6,0,0,0,0,0,36,186.0,21,209.0,57,395.0
401754569,2025,8,regular,Boston College,UConn,home,fbs,fbs,True,23,77,395,28,16,204,49,191,0,0,0,15,4,4,3,23,79,407.0,30,17,201.0,49,206.0,0,0,0,16,5,4,3,23,79,407.0,30,17,201.0,49,206.0,0,0,0,16,5,4,3,0,0,0,49,206.0,30,201.0,79,407.0
401754569,2025,8,regular,UConn,Boston College,away,fbs,fbs,True,38,58,455,31,23,362,27,93,0,0,0,10,4,0,0,38,62,435.0,34,24,347.0,28,88.0,0,0,0,11,4,0,0,38,62,435.0,34,24,347.0,28,88.0,0,0,0,11,4,0,0,0,0,0,28,88.0,34,347.0,62,435.0
401762839,2025,8,regular,Bowling Green,Central Michigan,home,fbs,fbs,True,6,61,310,25,17,153,36,157,2,2,0,15,5,4,1,6,58,317.0,23,17,153.0,35,164.0,2,2,0,15,5,6,1,6,59,311.0,23,17,153.0,36,158.0,2,2,0,15,5,6,1,2,0,2,34,160.0,23,153.0,57,313.0
401762839,2025,8,regular,Central Michigan,Bowling Green,away,fbs,fbs,True,27,51,276,5,3,73,46,203,0,0,0,12,5,0,0,27,50,271.0,5,3,73.0,45,198.0,0,0,0,12,5,0,0,27,50,271.0,5,3,73.0,45,198.0,0,0,0,12,5,0,0,0,0,0,45,198.0,5,73.0,50,271.0
401762488,2025,8,regular,Tulane,Army,home,fbs,fbs,True,24,58,402,29,22,261,29,141,1,1,0,11,6,2,1,24,56,402.0,28,22,261.0,28,141.0,1,1,0,10,6,2,1,24,56,402.0,28,22,261.0,28,141.0,1,1,0,10,6,2,1,1,0,1,28,141.0,28,261.0,56,402.0
401762488,2025,8,regular,Army,Tulane,away,fbs,fbs,True,17,73,358,10,7,125,63,233,0,0,0,15,6,4,4,17,71,366.0,10,7,125.0,61,241.0,0,0,0,15,6,4,4,17,71,366.0,10,7,125.0,61,241.0,0,0,0,15,6,4,4,0,0,0,61,241.0,10,125.0,71,366.0
401756927,2025,8,regular,TCU,Baylor,home,fbs,fbs,True,42,69,427,31,22,231,38,196,1,0,1,13,6,0,0,42,71,418.0,32,22,245.0,39,173.0,0,0,0,15,6,0,0,42,71,418.0,32,22,245.0,39,173.0,2,1,1,15,6,0,0,1,1,2,39,173.0,32,245.0,71,418.0
401756927,2025,8,regular,Baylor,TCU,away,fbs,fbs,True,36,89,439,52,25,318,37,121,4,3,1,17,6,4,2,36,90,390.0,53,26,276.0,37,114.0,2,2,0,17,6,5,3,36,90,390.0,53,26,276.0,37,114.0,1,1,0,17,6,5,3,1,0,1,37,114.0,53,276.0,90,390.0
401752744,2025,8,regular,South Carolina,Oklahoma,home,fbs,fbs,True,7,67,224,33,21,170,34,54,2,2,0,15,3,7,4,7,63,234.0,30,20,179.0,33,55.0,1,1,0,15,3,6,4,7,63,234.0,30,20,179.0,33,55.0,1,1,0,15,3,6,4,2,0,2,33,55.0,30,179.0,63,234.0
401752744,2025,8,regular,Oklahoma,South Carolina,away,fbs,fbs,True,26,67,319,27,19,148,40,171,0,0,0,16,8,0,0,26,66,338.0,26,19,167.0,40,171.0,0,0,0,16,8,0,0,26,66,338.0,26,19,167.0,40,171.0,0,0,0,16,8,0,0,0,0,0,40,171.0,26,167.0,66,338.0
401756928,2025,8,regular,UCF,West Virginia,home,fbs,fbs,True,45,75,578,40,26,323,35,255,2,2,0,16,5,4,2,45,72,594.0,38,26,339.0,34,255.0,2,2,0,14,5,4,2,45,72,594.0,38,26,339.0,34,255.0,2,2,0,14,5,4,2,2,0,2,34,255.0,38,339.0,72,594.0
401756928,2025,8,regular,West Virginia,UCF,away,fbs,fbs,True,13,77,210,28,11,79,49,131,1,0,1,18,4,4,2,13,73,258.0,27,11,95.0,46,163.0,1,0,1,16,4,4,2,13,74,250.0,27,11,95.0,47,155.0,1,0,1,16,4,4,2,0,1,1,47,155.0,27,95.0,74,250.0
401762842,2025,8,regular,Toledo,Kent State,home,fbs,fbs,True,45,72,552,32,25,374,40,178,0,0,0,13,7,0,0,45,70,550.0,32,25,380.0,38,170.0,0,0,0,12,7,0,0,45,70,550.0,32,25,380.0,38,170.0,0,0,0,12,7,0,0,0,0,0,38,170.0,32,380.0,70,550.0
401762842,2025,8,regular,Kent State,Toledo,away,fbs,fbs,True,10,50,224,24,12,159,26,65,1,1,0,13,3,1,1,10,47,244.0,22,12,167.0,25,77.0,1,1,0,12,3,1,1,10,47,244.0,22,12,167.0,25,77.0,1,1,0,12,3,1,1,1,0,1,25,77.0,22,167.0,47,244.0
401762840,2025,8,regular,Massachusetts,Buffalo,home,fbs,fbs,True,21,58,306,14,6,119,44,187,0,0,0,17,5,1,1,21,60,306.0,16,7,119.0,44,187.0,0,0,0,18,5,1,1,21,60,306.0,16,7,119.0,44,187.0,0,0,0,18,5,1,1,0,0,0,44,187.0,16,119.0,60,306.0
401762840,2025,8,regular,Buffalo,Massachusetts,away,fbs,fbs,True,28,85,475,55,36,403,30,72,1,1,0,16,6,2,1,28,90,406.0,60,39,334.0,30,72.0,1,1,0,16,6,2,1,28,90,406.0,60,39,334.0,30,72.0,1,1,0,16,6,2,1,1,0,1,30,72.0,60,334.0,90,406.0
401761633,2025,8,regular,UL Monroe,Troy,home,fbs,fbs,True,14,70,326,41,23,228,29,98,4,2,2,13,5,4,3,14,65,332.0,37,22,223.0,28,109.0,2,2,0,12,5,5,3,14,67,336.0,38,23,238.0,29,98.0,2,2,0,12,5,5,3,2,0,2,29,98.0,38,238.0,67,336.0
401761633,2025,8,regular,Troy,UL Monroe,away,fbs,fbs,True,37,53,314,21,13,223,32,91,0,0,0,13,5,2,1,37,51,298.0,20,12,218.0,31,80.0,0,0,0,13,5,2,1,37,51,298.0,20,12,218.0,31,80.0,0,0,0,13,5,2,1,0,0,0,31,80.0,20,218.0,51,298.0
401752874,2025,8,regular,Northwestern,Purdue,home,fbs,fbs,True,19,76,364,26,11,132,50,232,2,1,1,16,7,2,1,19,73,355.0,25,11,147.0,48,208.0,2,1,1,14,6,2,1,19,73,355.0,25,11,147.0,48,208.0,2,1,1,14,6,2,1,1,1,2,48,208.0,25,147.0,73,355.0
401752874,2025,8,regular,Purdue,Northwestern,away,fbs,fbs,True,0,56,305,30,16,218,26,87,3,1,2,14,5,3,0,0,53,260.0,28,15,170.0,25,90.0,1,1,0,13,5,3,0,0,55,305.0,29,16,218.0,26,87.0,1,1,0,13,5,3,0,1,0,1,26,87.0,29,218.0,55,305.0
401760392,2025,8,regular,Air Force,Wyoming,home,fbs,fbs,True,24,64,363,8,3,33,56,330,0,0,0,14,6,3,2,24,64,308.0,9,4,-29.0,55,337.0,0,0,0,14,6,3,2,24,65,301.0,9,4,-29.0,56,330.0,0,0,0,14,6,3,2,0,0,0,56,330.0,9,-29.0,65,301.0
401760392,2025,8,regular,Wyoming,Air Force,away,fbs,fbs,True,21,66,409,30,23,211,36,198,2,2,0,12,6,1,1,21,64,406.0,29,24,221.0,35,185.0,1,1,0,10,6,1,1,21,64,406.0,29,24,221.0,35,185.0,1,1,0,10,6,1,1,1,0,1,35,185.0,29,221.0,64,406.0
401761632,2025,8,regular,Marshall,Texas State,home,fbs,fbs,True,40,81,466,33,23,280,48,186,1,1,0,14,6,1,0,19,110,640.0,42,31,383.0,68,257.0,1,1,0,19,7,2,0,19,110,640.0,42,31,383.0,68,257.0,1,1,0,19,7,2,0,1,0,1,68,257.0,42,383.0,110,640.0
401761632,2025,8,regular,Texas State,Marshall,away,fbs,fbs,True,37,83,558,39,26,444,44,114,3,1,2,19,9,3,0,24,116,893.0,56,39,714.0,60,179.0,2,1,1,24,11,2,0,24,118,879.0,56,39,714.0,62,165.0,2,1,1,24,11,2,0,2,1,3,61,157.0,54,694.0,115,851.0
401761631,2025,8,regular,James Madison,Old Dominion,home,fbs,fbs,True,63,79,624,26,18,313,53,311,1,0,1,16,12,1,0,63,78,626.0,26,18,316.0,52,310.0,1,0,1,16,12,1,0,63,78,626.0,26,18,316.0,52,310.0,2,1,1,16,12,1,0,1,1,2,52,310.0,26,316.0,78,626.0
401761631,2025,8,regular,Old Dominion,James Madison,away,fbs,fbs,True,27,50,285,21,13,209,29,76,3,2,1,11,4,1,0,27,46,276.0,18,12,204.0,28,72.0,1,1,0,11,4,1,0,27,46,276.0,18,12,204.0,28,72.0,1,1,0,11,4,1,0,1,0,1,28,72.0,18,204.0,46,276.0
401761629,2025,8,regular,App State,Coastal Carolina,home,fbs,fbs,True,37,76,410,41,27,278,35,132,1,0,1,15,8,3,2,37,73,414.0,40,26,276.0,33,138.0,0,0,0,14,8,3,2,37,75,408.0,40,26,276.0,35,132.0,1,1,0,14,8,3,2,1,0,1,35,132.0,40,276.0,75,408.0
401761629,2025,8,regular,Coastal Carolina,App State,away,fbs,fbs,True,45,63,410,22,15,164,41,246,1,1,0,10,6,1,1,45,61,400.0,20,14,154.0,41,246.0,0,0,0,10,6,1,1,45,62,410.0,21,15,164.0,41,246.0,0,0,0,10,6,1,1,0,0,0,41,246.0,21,164.0,62,410.0
401762491,2025,8,regular,North Texas,UTSA,home,fbs,fbs,True,55,81,584,37,23,314,44,270,0,0,0,14,5,3,3,55,81,598.0,37,23,328.0,44,270.0,0,0,0,14,5,3,3,55,81,598.0,37,23,328.0,44,270.0,0,0,0,14,5,3,3,0,0,0,44,270.0,37,328.0,81,598.0
401762491,2025,8,regular,UTSA,North Texas,away,fbs,fbs,True,17,57,329,25,15,115,32,214,3,0,3,11,4,1,0,17,54,334.0,25,15,119.0,29,215.0,0,0,0,11,4,1,0,17,56,328.0,25,15,119.0,31,209.0,0,0,0,11,4,1,0,0,1,1,31,209.0,25,119.0,56,328.0
401754565,2025,8,regular,Clemson,SMU,home,fbs,fbs,True,24,72,352,42,29,317,30,35,1,0,1,19,8,2,1,24,70,385.0,43,29,342.0,27,43.0,0,0,0,19,8,2,1,24,70,385.0,43,29,342.0,27,43.0,0,0,0,19,8,2,1,0,1,1,27,43.0,43,342.0,70,385.0
401754565,2025,8,regular,SMU,Clemson,away,fbs,fbs,True,35,71,429,43,23,290,28,139,1,1,0,17,7,0,0,35,70,439.0,42,23,300.0,28,139.0,1,1,0,15,7,1,0,35,70,439.0,42,23,300.0,28,139.0,1,1,0,15,7,1,0,1,0,1,28,139.0,42,300.0,70,439.0
401752878,2025,8,regular,Indiana,Michigan State,home,fbs,fbs,True,38,56,464,28,24,332,28,132,0,0,0,8,5,2,1,38,56,468.0,28,24,336.0,28,132.0,0,0,0,8,5,2,1,38,56,468.0,28,24,336.0,28,132.0,0,0,0,8,5,2,1,0,0,0,28,132.0,28,336.0,56,468.0
401752878,2025,8,regular,Michigan State,Indiana,away,fbs,fbs,True,13,62,367,38,30,293,24,74,0,0,0,14,5,4,3,13,60,314.0,38,30,293.0,22,21.0,0,0,0,13,4,4,3,13,60,314.0,38,30,293.0,22,21.0,0,0,0,13,4,4,3,0,0,0,22,21.0,38,293.0,60,314.0
401752877,2025,8,regular,Wisconsin,Ohio State,home,fbs,fbs,True,0,46,144,15,7,49,31,95,1,1,0,11,2,2,1,0,45,158.0,14,7,63.0,31,95.0,1,1,0,11,2,2,2,0,45,158.0,14,7,63.0,31,95.0,1,1,0,11,2,2,2,1,0,1,31,95.0,13,63.0,44,158.0
401752877,2025,8,regular,Ohio State,Wisconsin,away,fbs,fbs,True,34,70,491,42,36,393,28,98,0,0,0,11,5,2,2,34,69,486.0,41,35,388.0,28,98.0,0,0,0,10,5,2,2,34,69,486.0,41,35,388.0,28,98.0,0,0,0,10,5,2,2,0,0,0,28,98.0,41,388.0,69,486.0
401762838,2025,8,regular,Ball State,Akron,home,fbs,fbs,True,42,65,374,20,11,158,45,216,2,1,1,13,4,1,0,49,61,350.0,18,10,122.0,43,228.0,1,1,0,10,3,1,0,49,63,378.0,19,11,164.0,44,214.0,1,1,0,10,3,1,0,1,0,1,44,214.0,19,164.0,63,378.0
401762838,2025,8,regular,Akron,Ball State,away,fbs,fbs,True,28,75,419,40,22,291,35,128,2,2,0,12,2,4,1,28,71,419.0,37,22,291.0,34,128.0,2,2,0,12,2,4,1,28,71,419.0,37,22,291.0,34,128.0,2,2,0,12,2,4,1,2,0,2,34,128.0,37,291.0,71,419.0
401752742,2025,8,regular,Georgia,Ole Miss,home,fbs,fbs,True,43,80,510,31,26,289,49,221,0,0,0,11,6,1,1,43,80,524.0,31,26,303.0,49,221.0,0,0,0,11,6,1,1,43,80,524.0,31,26,303.0,49,221.0,0,0,0,11,6,1,1,0,0,0,49,221.0,31,303.0,80,524.0
401752742,2025,8,regular,Ole Miss,Georgia,away,fbs,fbs,True,35,60,351,36,19,263,24,88,0,0,0,9,5,2,1,35,59,353.0,36,19,263.0,23,90.0,0,0,0,9,5,2,1,35,59,353.0,36,19,263.0,23,90.0,0,0,0,9,5,2,1,0,0,0,23,90.0,36,263.0,59,353.0
401752739,2025,8,regular,Arkansas,Texas A&M,home,fbs,fbs,True,42,65,527,33,20,259,32,268,0,0,0,10,4,2,1,42,64,537.0,33,20,272.0,31,265.0,0,0,0,10,4,2,1,42,64,537.0,33,20,272.0,31,265.0,0,0,0,10,4,2,1,0,0,0,31,265.0,33,272.0,64,537.0
401752739,2025,8,regular,Texas A&M,Arkansas,away,fbs,fbs,True,45,67,497,32,23,280,35,217,0,0,0,11,5,3,3,45,67,488.0,32,23,280.0,35,208.0,0,0,0,11,6,3,3,45,67,488.0,32,23,280.0,35,208.0,0,0,0,11,6,3,3,0,0,0,35,208.0,32,280.0,67,488.0
401762843,2025,8,regular,Ohio,Northern Illinois,home,fbs,fbs,True,48,75,538,23,17,205,52,333,1,1,0,13,9,2,1,48,72,513.0,21,16,195.0,51,318.0,0,0,0,11,8,2,1,48,73,523.0,22,17,205.0,51,318.0,0,0,0,11,8,2,1,1,0,1,51,318.0,22,205.0,73,523.0
401762843,2025,8,regular,Northern Illinois,Ohio,away,fbs,fbs,True,21,56,293,30,21,161,26,132,1,0,1,13,6,2,0,21,55,289.0,30,21,161.0,25,128.0,1,0,1,13,6,1,0,21,55,289.0,30,21,161.0,25,128.0,1,0,1,13,6,1,0,0,1,1,25,128.0,30,161.0,55,289.0
401762489,2025,8,regular,Charlotte,Temple,home,fbs,fbs,True,14,76,357,29,15,158,47,199,3,1,2,16,6,4,3,7,46,231.0,16,8,107.0,30,124.0,1,1,0,12,5,3,2,7,46,231.0,16,8,107.0,30,124.0,1,1,0,12,5,3,2,1,0,1,30,124.0,16,107.0,46,231.0
401762489,2025,8,regular,Temple,Charlotte,away,fbs,fbs,True,49,53,384,23,16,212,30,172,0,0,0,9,2,2,2,49,37,280.0,14,9,119.0,23,161.0,0,0,0,6,1,1,1,49,37,280.0,14,9,119.0,23,161.0,0,0,0,6,1,1,1,0,0,0,23,161.0,14,119.0,37,280.0
401760393,2025,8,regular,Boise State,UNLV,home,fbs,fbs,True,56,57,558,24,15,264,33,294,2,1,1,11,6,1,1,56,56,558.0,23,15,264.0,33,294.0,1,1,0,10,6,1,1,56,56,558.0,23,15,264.0,33,294.0,1,1,0,10,6,1,1,1,0,1,33,294.0,23,264.0,56,558.0
401760393,2025,8,regular,UNLV,Boise State,away,fbs,fbs,True,31,70,476,30,18,215,40,261,1,1,0,13,4,1,0,31,69,488.0,29,18,215.0,40,273.0,1,1,0,13,4,2,0,31,69,488.0,29,18,215.0,40,273.0,1,1,0,13,4,2,0,1,0,1,40,273.0,28,215.0,68,488.0
401756923,2025,8,regular,Arizona State,Texas Tech,home,fbs,fbs,True,26,83,394,47,28,319,36,75,0,0,0,21,9,2,1,26,81,380.0,47,27,311.0,34,69.0,0,0,0,19,7,3,1,26,82,392.0,48,28,323.0,34,69.0,0,0,0,19,7,3,1,0,0,0,34,69.0,47,323.0,81,392.0
401756923,2025,8,regular,Texas Tech,Arizona State,away,fbs,fbs,True,22,65,276,38,22,167,27,109,1,1,0,16,6,3,1,22,63,273.0,36,21,164.0,27,109.0,1,1,0,15,6,3,1,22,63,273.0,36,21,164.0,27,109.0,1,1,0,15,6,3,1,1,0,1,27,109.0,36,164.0,63,273.0
401762487,2025,8,regular,UAB,Memphis,home,fbs,fbs,True,31,68,470,27,20,251,41,219,2,1,1,13,9,1,1,31,66,460.0,26,20,251.0,40,209.0,1,0,1,12,9,1,1,31,66,460.0,26,20,251.0,40,209.0,1,0,1,12,9,1,1,1,1,2,40,209.0,26,251.0,66,460.0
401762487,2025,8,regular,Memphis,UAB,away,fbs,fbs,True,24,60,362,35,22,243,25,119,1,1,0,11,5,4,2,24,58,364.0,34,22,249.0,24,115.0,1,1,0,11,5,4,2,24,58,364.0,34,22,249.0,24,115.0,1,1,0,11,5,4,2,1,0,1,24,115.0,34,249.0,58,364.0
401752741,2025,8,regular,Florida,Mississippi State,home,fbs,fbs,True,23,68,452,34,20,280,34,172,2,2,0,11,4,0,0,23,66,442.0,32,20,280.0,34,162.0,2,2,0,10,4,0,0,23,66,442.0,32,20,280.0,34,162.0,2,2,0,10,4,0,0,2,0,2,34,162.0,32,280.0,66,442.0
401752741,2025,8,regular,Mississippi State,Florida,away,fbs,fbs,True,21,80,468,36,24,324,44,144,2,1,1,15,8,2,1,21,78,477.0,35,24,342.0,43,135.0,2,1,1,16,8,2,1,21,78,477.0,35,24,342.0,43,135.0,2,1,1,16,8,2,1,1,1,2,43,135.0,35,342.0,78,477.0
401761668,2025,8,regular,Louisiana,Southern Miss,home,fbs,fbs,True,10,75,352,27,14,135,48,217,3,2,1,16,6,4,1,10,58,324.0,19,12,112.0,39,212.0,0,0,0,13,6,3,1,10,59,324.0,19,12,112.0,40,212.0,0,0,0,13,6,3,1,0,1,1,40,212.0,19,112.0,59,324.0
401761668,2025,8,regular,Southern Miss,Louisiana,away,fbs,fbs,True,22,59,370,18,13,237,41,133,2,1,1,13,2,1,1,22,38,228.0,10,7,147.0,28,81.0,1,0,1,9,1,1,1,22,38,228.0,10,7,147.0,28,81.0,1,0,1,9,1,1,1,0,1,1,28,81.0,10,147.0,38,228.0
401752876,2025,8,regular,Rutgers,Oregon,home,fbs,fbs,True,10,69,202,27,8,79,42,123,3,2,1,18,5,4,3,10,65,201.0,25,8,79.0,40,122.0,2,1,1,17,5,4,3,10,66,194.0,25,8,79.0,41,115.0,2,1,1,17,5,4,3,1,1,2,41,115.0,25,79.0,66,194.0
401752876,2025,8,regular,Oregon,Rutgers,away,fbs,fbs,True,56,60,750,24,18,335,36,415,3,1,2,11,8,0,0,56,57,737.0,22,17,327.0,35,410.0,0,0,0,10,8,0,0,56,58,745.0,23,18,335.0,35,410.0,0,0,0,10,8,0,0,1,0,1,35,410.0,23,335.0,58,745.0
401752951,2025,8,regular,Virginia,Washington State,home,fbs,fbs,True,22,57,301,25,15,179,32,122,0,0,0,15,5,1,0,22,56,297.0,25,15,179.0,31,118.0,0,0,0,15,5,1,0,22,56,297.0,25,15,179.0,31,118.0,1,1,0,15,5,1,0,1,0,1,31,118.0,25,179.0,56,297.0
401752951,2025,8,regular,Washington State,Virginia,away,fbs,fbs,True,20,62,326,27,18,183,35,143,2,2,0,12,3,1,1,20,58,320.0,25,18,184.0,33,136.0,0,0,0,10,3,1,1,20,58,320.0,25,18,184.0,33,136.0,0,0,0,10,3,1,1,1,0,1,33,136.0,25,184.0,58,320.0
401761630,2025,8,regular,Georgia Southern,Georgia State,home,fbs,fbs,True,41,69,420,27,18,212,42,208,0,0,0,13,9,2,1,41,67,414.0,26,17,204.0,41,210.0,0,0,0,12,9,2,1,41,67,414.0,26,17,204.0,41,210.0,0,0,0,12,9,2,1,0,0,0,41,210.0,26,204.0,67,414.0
401761630,2025,8,regular,Georgia State,Georgia Southern,away,fbs,fbs,True,24,72,444,38,29,280,34,164,1,0,1,14,10,2,0,24,71,439.0,38,28,273.0,33,166.0,0,0,0,14,10,3,0,24,72,454.0,39,29,288.0,33,166.0,0,0,0,14,10,3,0,0,0,0,33,166.0,38,288.0,71,454.0
401760394,2025,8,regular,Colorado State,Hawai'i,home,fbs,fbs,True,19,63,261,29,15,176,34,85,1,0,1,15,6,2,1,19,61,263.0,28,14,166.0,33,97.0,0,0,0,13,6,2,1,19,63,264.0,29,15,176.0,34,88.0,0,0,0,13,6,2,1,0,0,0,34,88.0,29,176.0,63,264.0
401760394,2025,8,regular,Hawai'i,Colorado State,away,fbs,fbs,True,31,66,435,38,26,301,28,134,1,1,0,14,7,1,1,31,65,435.0,37,26,301.0,28,134.0,1,1,0,13,7,1,1,31,65,435.0,37,26,301.0,28,134.0,1,1,0,13,7,1,1,1,0,1,28,134.0,37,301.0,65,435.0
401752743,2025,8,regular,Kentucky,Texas,home,fbs,fbs,True,13,86,395,40,31,258,46,137,1,1,0,18,7,3,1,13,83,422.0,39,31,286.0,44,136.0,1,1,0,17,7,3,1,13,84,420.0,39,31,286.0,45,134.0,1,1,0,17,7,3,1,1,0,1,45,134.0,39,286.0,84,420.0
401752743,2025,8,regular,Texas,Kentucky,away,fbs,fbs,True,16,55,179,27,12,132,28,47,0,0,0,16,5,0,0,16,55,185.0,27,12,138.0,28,47.0,0,0,0,16,5,0,0,16,55,185.0,27,12,138.0,28,47.0,0,0,0,16,5,0,0,0,0,0,28,47.0,27,138.0,55,185.0
401752879,2025,8,regular,UCLA,Maryland,home,fbs,fbs,True,20,70,414,35,21,221,35,193,3,2,1,17,7,1,1,20,71,442.0,36,22,266.0,35,176.0,2,2,0,18,7,1,1,20,72,437.0,36,22,266.0,36,171.0,2,2,0,18,7,1,1,2,0,2,36,171.0,36,266.0,72,437.0
401752879,2025,8,regular,Maryland,UCLA,away,fbs,fbs,True,17,74,337,48,23,210,26,127,2,1,1,17,6,2,1,17,75,373.0,49,22,246.0,26,127.0,0,0,0,20,9,2,1,17,76,375.0,50,23,248.0,26,127.0,0,0,0,20,9,2,1,0,0,0,26,127.0,50,248.0,76,375.0
401752875,2025,8,regular,Iowa,Penn State,home,fbs,fbs,True,25,49,313,16,10,68,33,245,1,1,0,10,4,0,0,25,47,311.0,15,10,68.0,32,243.0,1,1,0,9,4,0,0,25,47,311.0,15,10,68.0,32,243.0,1,1,0,9,4,0,0,1,0,1,32,243.0,15,68.0,47,311.0
401752875,2025,8,regular,Penn State,Iowa,away,fbs,fbs,True,24,74,266,28,15,93,46,173,2,2,0,16,6,4,2,24,69,277.0,26,15,97.0,43,180.0,2,2,0,13,6,4,2,24,69,277.0,26,15,97.0,43,180.0,2,2,0,13,6,4,2,2,0,2,43,180.0,26,97.0,69,277.0
401754568,2025,8,regular,Syracuse,Pittsburgh,home,fbs,fbs,True,13,64,212,34,17,136,30,76,3,3,0,15,4,3,1,13,61,213.0,32,17,142.0,29,71.0,2,2,0,14,4,4,1,13,61,213.0,32,17,142.0,29,71.0,2,2,0,14,4,4,1,3,0,3,29,71.0,31,142.0,60,213.0
401754568,2025,8,regular,Pittsburgh,Syracuse,away,fbs,fbs,True,30,67,260,24,13,143,43,117,1,1,0,15,4,1,1,30,63,236.0,21,11,124.0,42,112.0,0,0,0,13,4,1,1,30,63,236.0,21,11,124.0,42,112.0,0,0,0,13,4,1,1,1,0,1,42,112.0,21,124.0,63,236.0
401752738,2025,8,regular,Alabama,Tennessee,home,fbs,fbs,True,37,61,373,29,19,253,32,120,1,0,1,11,5,1,1,37,60,384.0,29,19,253.0,31,131.0,1,0,1,10,5,1,1,37,60,384.0,29,19,253.0,31,131.0,1,0,1,10,5,1,1,0,1,1,31,131.0,29,253.0,60,384.0
401752738,2025,8,regular,Tennessee,Alabama,away,fbs,fbs,True,20,77,410,44,28,268,33,142,1,1,0,13,5,5,4,20,76,435.0,43,28,268.0,33,167.0,1,1,0,14,5,5,4,20,77,426.0,43,28,268.0,34,158.0,1,1,0,14,5,5,4,1,0,1,34,158.0,43,268.0,77,426.0
401762490,2025,8,regular,South Florida,Florida Atlantic,home,fbs,fbs,True,48,76,522,25,15,263,51,259,0,0,0,18,9,2,2,48,76,522.0,25,15,263.0,51,259.0,0,0,0,18,9,2,2,48,76,522.0,25,15,263.0,51,259.0,0,0,0,18,9,2,2,0,0,0,51,259.0,25,263.0,76,522.0
401762490,2025,8,regular,Florida Atlantic,South Florida,away,fbs,fbs,True,13,88,312,58,41,289,30,23,1,1,0,21,6,8,7,13,84,348.0,56,41,297.0,28,51.0,0,0,0,21,6,8,7,13,85,327.0,56,41,297.0,29,30.0,0,0,0,21,6,8,7,1,0,1,29,30.0,56,297.0,85,327.0
401752871,2025,8,regular,Notre Dame,USC,home,fbs,fbs,True,34,70,442,26,16,136,44,306,1,1,0,11,3,2,1,34,70,442.0,26,16,136.0,44,306.0,1,1,0,10,3,3,1,34,70,442.0,26,16,136.0,44,306.0,1,1,0,10,3,3,1,1,0,1,44,306.0,25,136.0,69,442.0
401752871,2025,8,regular,USC,Notre Dame,away,fbs,fbs,True,24,71,396,42,22,328,29,68,3,2,1,14,6,2,0,24,65,416.0,38,22,328.0,27,88.0,3,2,1,12,6,2,0,24,65,416.0,38,22,328.0,27,88.0,3,2,1,12,6,2,0,2,1,3,27,88.0,38,328.0,65,416.0
401752740,2025,8,regular,Auburn,Missouri,home,fbs,fbs,True,17,71,357,30,18,207,41,150,1,1,0,16,6,1,0,17,70,387.0,29,17,222.0,41,165.0,1,1,0,16,6,1,0,17,70,387.0,29,17,222.0,41,165.0,1,1,0,16,6,1,0,1,0,1,41,165.0,29,222.0,70,387.0
401752740,2025,8,regular,Missouri,Auburn,away,fbs,fbs,True,23,84,343,40,23,252,44,91,2,2,0,17,8,0,0,23,82,355.0,39,25,265.0,43,90.0,0,0,0,14,8,0,0,23,82,355.0,39,25,265.0,43,90.0,0,0,0,14,8,0,0,2,0,2,43,90.0,39,265.0,82,355.0
401756926,2025,8,regular,Oklahoma State,Cincinnati,home,fbs,fbs,True,17,67,377,19,11,149,48,228,2,1,1,13,6,3,1,17,68,402.0,21,12,155.0,47,247.0,2,1,1,13,6,5,2,17,68,402.0,21,12,155.0,47,247.0,2,1,1,13,6,5,2,1,1,2,47,247.0,21,155.0,68,402.0
401756926,2025,8,regular,Cincinnati,Oklahoma State,away,fbs,fbs,True,49,60,427,29,20,270,31,157,0,0,0,10,6,1,1,49,63,467.0,32,20,310.0,31,157.0,0,0,0,10,6,1,1,49,63,467.0,32,20,310.0,31,157.0,0,0,0,10,6,1,1,0,0,0,31,157.0,32,310.0,63,467.0
401756924,2025,8,regular,BYU,Utah,home,fbs,fbs,True,24,66,368,24,13,166,42,202,0,0,0,12,3,3,1,24,67,378.0,25,13,176.0,42,202.0,0,0,0,12,3,4,1,24,67,378.0,25,13,176.0,42,202.0,0,0,0,12,3,4,1,0,0,0,42,202.0,24,176.0,66,378.0
401756924,2025,8,regular,Utah,BYU,away,fbs,fbs,True,21,73,470,36,20,244,37,226,2,1,1,12,5,5,1,21,70,442.0,34,19,206.0,36,236.0,1,1,0,11,4,5,1,21,71,494.0,35,20,258.0,36,236.0,1,1,0,11,4,5,1,1,0,1,36,236.0,35,258.0,71,494.0
401760395,2025,8,regular,New Mexico,Nevada,home,fbs,fbs,True,24,64,348,22,14,138,42,210,2,0,2,13,5,4,3,24,63,378.0,23,14,164.0,40,214.0,0,0,0,12,5,4,3,24,63,378.0,23,14,164.0,40,214.0,0,0,0,12,5,4,3,0,1,1,40,214.0,23,164.0,63,378.0
401760395,2025,8,regular,Nevada,New Mexico,away,fbs,fbs,True,22,57,257,29,23,202,28,55,0,0,0,13,5,3,1,22,57,261.0,29,23,206.0,28,55.0,0,0,0,13,5,3,1,22,57,261.0,29,23,206.0,28,55.0,0,0,0,13,5,3,1,0,0,0,28,55.0,29,206.0,57,261.0
401754567,2025,8,regular,Stanford,Florida State,home,fbs,fbs,True,20,67,293,25,12,161,42,132,1,1,0,16,6,0,0,20,65,287.0,24,12,161.0,41,126.0,1,1,0,15,6,0,0,20,65,287.0,24,12,161.0,41,126.0,1,1,0,15,6,0,0,1,0,1,41,126.0,24,161.0,65,287.0
401754567,2025,8,regular,Florida State,Stanford,away,fbs,fbs,True,13,78,444,35,18,311,43,133,0,0,0,18,8,3,1,13,77,447.0,35,18,311.0,42,136.0,0,0,0,18,8,3,1,13,77,447.0,35,18,311.0,42,136.0,0,0,0,18,8,3,1,0,0,0,42,136.0,35,311.0,77,447.0
401762868,2025,14,regular,Massachusetts,Bowling Green,home,fbs,fbs,True,14,64,292,35,22,223,29,69,1,0,1,13,6,3,0,14,63,290.0,35,22,223.0,28,67.0,1,0,1,13,6,3,0,14,64,292.0,35,22,223.0,29,69.0,1,0,1,13,6,3,0,0,1,1,29,69.0,35,223.0,64,292.0
401762868,2025,14,regular,Bowling Green,Massachusetts,away,fbs,fbs,True,45,57,406,9,7,128,48,278,0,0,0,8,3,1,1,45,56,396.0,8,6,118.0,48,278.0,0,0,0,8,3,1,1,45,56,396.0,8,6,118.0,48,278.0,0,0,0,8,3,1,1,0,0,0,48,278.0,8,118.0,56,396.0
401762869,2025,14,regular,Eastern Michigan,Western Michigan,home,fbs,fbs,True,21,64,461,41,24,327,23,134,5,3,2,12,3,1,1,21,61,474.0,39,24,327.0,22,147.0,2,1,1,9,3,1,1,21,62,494.0,39,24,327.0,23,167.0,2,1,1,9,3,1,1,3,1,4,23,167.0,39,327.0,62,494.0
401762869,2025,14,regular,Western Michigan,Eastern Michigan,away,fbs,fbs,True,31,64,378,15,7,100,49,278,0,0,0,12,6,1,1,31,63,368.0,14,6,90.0,49,278.0,0,0,0,12,6,1,1,31,63,368.0,14,6,90.0,49,278.0,0,0,0,12,6,1,1,0,0,0,49,278.0,14,90.0,63,368.0
401762516,2025,14,regular,Memphis,Navy,home,fbs,fbs,True,17,65,288,36,19,172,29,116,0,0,0,12,4,2,0,17,65,292.0,36,19,172.0,29,120.0,0,0,0,12,4,2,0,17,65,288.0,36,19,172.0,29,116.0,0,0,0,12,4,2,0,0,0,0,29,116.0,36,172.0,65,288.0
401762516,2025,14,regular,Navy,Memphis,away,fbs,fbs,True,28,69,300,9,5,100,60,200,1,0,1,15,8,1,1,28,65,311.0,9,5,100.0,56,211.0,0,0,0,13,8,1,1,28,69,300.0,9,5,100.0,60,200.0,0,0,0,13,8,1,1,0,1,1,60,200.0,9,100.0,69,300.0
401762871,2025,14,regular,Northern Illinois,Kent State,home,fbs,fbs,True,31,68,334,10,5,27,58,307,1,0,1,12,6,2,1,31,67,334.0,10,5,27.0,57,307.0,1,0,1,12,6,2,1,31,68,334.0,10,5,27.0,58,307.0,2,0,2,12,6,2,1,0,2,2,58,307.0,10,27.0,68,334.0
401762871,2025,14,regular,Kent State,Northern Illinois,away,fbs,fbs,True,35,58,438,22,11,207,36,231,2,1,1,9,3,3,2,35,56,422.0,21,10,192.0,35,230.0,1,1,0,8,3,3,2,35,58,472.0,22,11,241.0,36,231.0,1,1,0,8,3,3,2,1,0,1,36,231.0,22,241.0,58,472.0
401762870,2025,14,regular,Buffalo,Ohio,home,fbs,fbs,True,26,60,370,28,16,270,32,100,1,1,0,12,5,2,1,26,58,373.0,27,16,270.0,31,103.0,1,1,0,11,5,2,1,26,59,370.0,27,16,270.0,32,100.0,1,1,0,11,5,2,1,1,0,1,32,100.0,27,270.0,59,370.0
401762870,2025,14,regular,Ohio,Buffalo,away,fbs,fbs,True,31,77,506,23,10,147,54,359,3,1,2,17,7,3,3,31,75,481.0,23,10,143.0,52,338.0,2,1,1,15,7,3,3,31,77,504.0,23,10,143.0,54,361.0,2,1,1,15,7,3,3,1,2,3,54,361.0,23,143.0,77,504.0
401756964,2025,14,regular,Kansas,Utah,home,fbs,fbs,True,21,78,477,27,10,187,51,290,3,3,0,15,8,2,0,21,76,481.0,25,10,187.0,51,294.0,3,3,0,13,8,2,0,21,76,481.0,25,10,187.0,51,294.0,4,3,1,13,8,2,0,3,1,4,51,294.0,25,187.0,76,481.0
401756964,2025,14,regular,Utah,Kansas,away,fbs,fbs,True,31,56,414,25,15,253,31,161,1,0,1,13,7,2,0,31,54,416.0,25,15,253.0,29,163.0,0,0,0,12,7,2,0,31,56,414.0,25,15,253.0,31,161.0,0,0,0,12,7,2,0,0,0,0,31,161.0,25,253.0,56,414.0
401752788,2025,14,regular,Mississippi State,Ole Miss,home,fbs,fbs,True,19,74,440,31,15,178,43,262,1,1,0,17,9,2,0,19,72,447.0,30,15,178.0,42,269.0,1,1,0,17,9,2,0,19,73,440.0,30,15,178.0,43,262.0,1,1,0,17,9,2,0,1,0,1,43,262.0,30,178.0,73,440.0
401752788,2025,14,regular,Ole Miss,Mississippi State,away,fbs,fbs,True,38,75,545,34,23,359,41,186,0,0,0,12,5,2,1,38,76,549.0,35,24,363.0,41,186.0,0,0,0,12,5,2,1,38,76,549.0,35,24,363.0,41,186.0,0,0,0,12,5,2,1,0,0,0,41,186.0,35,363.0,76,549.0
401752916,2025,14,regular,Nebraska,Iowa,home,fbs,fbs,True,16,60,300,24,9,69,36,231,1,0,1,15,5,3,2,16,59,299.0,24,9,69.0,35,230.0,0,0,0,15,5,3,2,16,60,300.0,24,9,69.0,36,231.0,0,0,0,15,5,3,2,0,1,1,36,231.0,24,69.0,60,300.0
401752916,2025,14,regular,Iowa,Nebraska,away,fbs,fbs,True,40,62,379,16,9,166,46,213,1,0,1,12,7,1,1,40,62,379.0,16,9,166.0,46,213.0,0,0,0,12,7,1,1,40,62,379.0,16,9,166.0,46,213.0,0,0,0,12,7,1,1,0,0,0,46,213.0,16,166.0,62,379.0
401760421,2025,14,regular,Colorado State,Air Force,home,fbs,fbs,True,21,46,335,37,28,323,9,12,0,0,0,8,2,2,2,21,46,337.0,37,28,325.0,9,12.0,0,0,0,9,2,2,2,21,46,337.0,37,28,325.0,9,12.0,0,0,0,9,2,2,2,0,0,0,9,12.0,37,325.0,46,337.0
401760421,2025,14,regular,Air Force,Colorado State,away,fbs,fbs,True,42,71,420,4,4,104,67,316,0,0,0,15,11,3,3,42,71,420.0,4,4,104.0,67,316.0,0,0,0,15,11,3,3,42,71,420.0,4,4,104.0,67,316.0,0,0,0,15,11,3,3,0,0,0,67,316.0,4,104.0,71,420.0
401752786,2025,14,regular,Georgia Tech,Georgia,home,fbs,fbs,True,9,50,250,27,19,181,23,69,1,1,0,11,4,0,0,9,50,250.0,27,19,181.0,23,69.0,1,1,0,11,4,0,0,9,50,250.0,27,19,181.0,23,69.0,1,1,0,11,4,0,0,1,0,1,23,69.0,27,181.0,50,250.0
401752786,2025,14,regular,Georgia,Georgia Tech,away,fbs,fbs,True,16,67,260,21,11,70,46,190,1,1,0,14,6,1,1,16,66,260.0,20,11,70.0,46,190.0,1,1,0,13,6,1,1,16,66,260.0,20,11,70.0,46,190.0,1,1,0,13,6,1,1,1,0,1,46,190.0,20,70.0,66,260.0
401760426,2025,14,regular,New Mexico,San Diego State,home,fbs,fbs,True,23,60,308,25,14,127,35,181,1,0,1,11,1,2,2,23,58,282.0,24,13,102.0,34,180.0,1,0,1,11,1,2,2,23,59,283.0,24,13,102.0,35,181.0,2,1,1,11,1,2,2,1,1,2,35,181.0,24,102.0,59,283.0
401760426,2025,14,regular,San Diego State,New Mexico,away,fbs,fbs,True,17,66,355,24,14,162,42,193,2,1,1,13,4,2,1,17,63,356.0,23,14,162.0,40,194.0,0,0,0,13,4,2,1,17,65,355.0,23,14,162.0,42,193.0,0,0,0,13,4,2,1,0,1,1,42,193.0,23,162.0,65,355.0
401762442,2025,14,regular,North Texas,Temple,home,fbs,fbs,True,52,64,605,24,20,366,40,239,2,0,2,9,6,0,0,52,61,584.0,24,20,366.0,37,218.0,1,0,1,8,6,0,0,52,63,608.0,24,20,366.0,39,242.0,2,0,2,8,6,0,0,0,2,2,39,242.0,24,366.0,63,608.0
401762442,2025,14,regular,Temple,North Texas,away,fbs,fbs,True,25,70,316,33,13,144,37,172,1,1,0,15,6,2,1,25,69,316.0,32,13,144.0,37,172.0,1,1,0,14,6,2,1,25,69,316.0,32,13,144.0,37,172.0,1,1,0,14,6,2,1,1,0,1,37,172.0,32,144.0,69,316.0
401760422,2025,14,regular,Utah State,Boise State,home,fbs,fbs,True,24,66,405,32,13,184,34,221,1,0,1,10,1,2,0,24,64,404.0,32,13,184.0,32,220.0,0,0,0,10,1,2,0,24,66,405.0,32,13,184.0,34,221.0,0,0,0,10,1,2,0,0,0,0,34,221.0,32,184.0,66,405.0
401760422,2025,14,regular,Boise State,Utah State,away,fbs,fbs,True,25,95,512,49,26,341,46,171,1,0,1,24,13,4,1,25,94,503.0,49,26,341.0,45,162.0,1,0,1,24,13,4,1,25,95,513.0,49,26,341.0,46,172.0,2,0,2,24,13,4,1,0,2,2,46,172.0,49,341.0,95,513.0
401752792,2025,14,regular,Texas,Texas A&M,home,fbs,fbs,True,27,66,397,31,14,179,35,218,0,0,0,13,4,0,0,27,67,404.0,31,14,179.0,36,225.0,0,0,0,13,4,0,0,27,67,404.0,31,14,179.0,36,225.0,0,0,0,13,4,0,0,0,0,0,36,225.0,31,179.0,67,404.0
401752792,2025,14,regular,Texas A&M,Texas,away,fbs,fbs,True,17,66,337,32,20,180,34,157,2,2,0,14,4,1,1,17,65,337.0,31,20,180.0,34,157.0,1,1,0,14,4,1,1,17,65,337.0,31,20,180.0,34,157.0,1,1,0,14,4,1,1,1,0,1,34,157.0,31,180.0,65,337.0
401752924,2025,14,regular,Purdue,Indiana,home,fbs,fbs,True,3,74,282,47,25,238,27,44,2,1,1,19,7,2,1,3,73,274.0,47,25,238.0,26,36.0,1,1,0,18,7,2,1,3,74,282.0,47,25,238.0,27,44.0,1,1,0,18,7,2,1,1,1,2,27,44.0,47,238.0,74,282.0
401752924,2025,14,regular,Indiana,Purdue,away,fbs,fbs,True,56,54,548,17,10,193,37,355,0,0,0,8,4,0,0,56,54,548.0,17,10,193.0,37,355.0,0,0,0,8,4,0,0,56,54,548.0,17,10,193.0,37,355.0,0,0,0,8,4,0,0,0,0,0,37,355.0,17,193.0,54,548.0
401756961,2025,14,regular,Arizona State,Arizona,home,fbs,fbs,True,7,52,214,25,11,114,27,100,5,3,2,11,3,1,1,7,49,217.0,24,11,114.0,25,103.0,5,3,2,9,3,1,1,7,51,214.0,24,11,114.0,27,100.0,5,3,2,9,3,1,1,3,2,5,27,100.0,24,114.0,51,214.0
401756961,2025,14,regular,Arizona,Arizona State,away,fbs,fbs,True,23,89,374,45,28,286,44,88,1,0,1,20,10,2,2,23,87,375.0,45,28,286.0,42,89.0,1,0,1,20,10,2,2,23,88,373.0,45,28,286.0,43,87.0,1,0,1,20,10,2,2,0,1,1,43,87.0,45,286.0,88,373.0
401756965,2025,14,regular,Kansas State,Colorado,home,fbs,fbs,True,24,60,321,17,10,115,43,206,0,0,0,11,4,3,2,24,60,321.0,17,10,115.0,43,206.0,0,0,0,11,4,3,2,24,60,321.0,17,10,115.0,43,206.0,0,0,0,11,4,3,2,0,0,0,43,206.0,17,115.0,60,321.0
401756965,2025,14,regular,Colorado,Kansas State,away,fbs,fbs,True,14,72,323,25,14,172,47,151,1,1,0,17,8,5,1,14,71,323.0,24,14,172.0,47,151.0,1,1,0,16,8,5,1,14,71,323.0,24,14,172.0,47,151.0,1,1,0,16,8,5,1,1,0,1,47,151.0,24,172.0,71,323.0
401762872,2025,14,regular,Central Michigan,Toledo,home,fbs,fbs,True,3,66,323,30,19,242,36,81,1,1,0,15,5,4,0,3,65,234.0,30,19,145.0,35,89.0,1,1,0,15,5,4,0,3,66,226.0,30,19,145.0,36,81.0,1,1,0,15,5,4,0,1,0,1,36,81.0,30,145.0,66,226.0
401762872,2025,14,regular,Toledo,Central Michigan,away,fbs,fbs,True,21,61,411,24,14,206,37,205,1,0,1,12,4,2,0,21,59,396.0,24,14,206.0,35,190.0,1,0,1,12,4,2,0,21,61,411.0,24,14,206.0,37,205.0,1,0,1,12,4,2,0,0,1,1,37,205.0,24,206.0,61,411.0
401754611,2025,14,regular,Pittsburgh,Miami,home,fbs,fbs,True,7,54,229,33,22,199,21,30,1,1,0,13,4,2,1,7,52,235.0,32,21,197.0,20,38.0,1,1,0,13,4,2,1,7,54,229.0,33,22,199.0,21,30.0,1,1,0,13,4,2,1,1,0,1,21,30.0,33,199.0,54,229.0
401754611,2025,14,regular,Miami,Pittsburgh,away,fbs,fbs,True,38,71,416,32,24,276,39,140,1,1,0,8,5,0,0,38,71,424.0,32,24,284.0,39,140.0,1,1,0,8,4,0,0,38,71,424.0,32,24,284.0,39,140.0,1,1,0,8,4,0,0,1,0,1,39,140.0,32,284.0,71,424.0
401762875,2025,14,regular,Miami (OH),Ball State,home,fbs,fbs,True,45,66,458,24,12,226,42,232,0,0,0,12,5,1,0,45,63,466.0,24,12,226.0,39,240.0,0,0,0,12,5,1,0,45,65,456.0,24,12,226.0,41,230.0,0,0,0,12,5,1,0,0,0,0,41,230.0,24,226.0,65,456.0
401762875,2025,14,regular,Ball State,Miami (OH),away,fbs,fbs,True,24,59,280,23,14,177,36,103,1,0,1,13,5,0,0,24,54,270.0,23,14,177.0,31,93.0,1,0,1,12,5,0,0,24,59,299.0,23,14,177.0,36,122.0,1,0,1,12,5,0,0,0,1,1,36,122.0,23,177.0,59,299.0
401752790,2025,14,regular,South Carolina,Clemson,home,fbs,fbs,True,14,61,422,42,23,381,19,41,4,2,2,11,1,3,1,14,58,383.0,39,21,337.0,19,46.0,3,1,2,10,1,3,1,14,60,425.0,41,23,381.0,19,44.0,3,1,2,10,1,3,1,1,2,3,19,44.0,41,381.0,60,425.0
401752790,2025,14,regular,Clemson,South Carolina,away,fbs,fbs,True,28,79,415,39,24,268,40,147,1,1,0,17,7,0,0,28,79,415.0,39,24,268.0,40,147.0,1,1,0,17,7,0,0,28,79,415.0,39,24,268.0,40,147.0,1,1,0,17,7,0,0,2,0,2,40,147.0,39,268.0,79,415.0
401752787,2025,14,regular,Louisville,Kentucky,home,fbs,fbs,True,41,71,440,21,12,182,50,258,0,0,0,12,4,2,2,41,67,431.0,21,12,182.0,46,249.0,0,0,0,12,4,2,2,41,71,440.0,21,12,182.0,50,258.0,0,0,0,12,4,2,2,0,0,0,50,258.0,21,182.0,71,440.0
401752787,2025,14,regular,Kentucky,Louisville,away,fbs,fbs,True,0,52,140,26,13,100,26,40,2,2,0,13,2,1,0,0,52,137.0,26,14,97.0,26,40.0,0,0,0,14,2,1,0,0,52,137.0,26,14,97.0,26,40.0,0,0,0,14,2,1,0,1,0,1,26,40.0,26,97.0,52,137.0
401756962,2025,14,regular,Baylor,Houston,home,fbs,fbs,True,24,72,421,46,23,309,26,112,2,1,1,11,3,3,1,24,71,425.0,46,23,309.0,25,116.0,1,1,0,11,3,3,1,24,72,425.0,46,23,309.0,26,116.0,1,1,0,11,3,3,1,1,0,1,26,116.0,46,309.0,72,425.0
401756962,2025,14,regular,Houston,Baylor,away,fbs,fbs,True,31,79,417,31,21,201,48,216,1,1,0,14,5,5,4,31,72,363.0,26,18,173.0,46,190.0,1,1,0,13,4,5,4,31,72,363.0,26,18,173.0,46,190.0,1,1,0,13,4,5,4,1,0,1,46,190.0,26,173.0,72,363.0
401762519,2025,14,regular,Florida Atlantic,East Carolina,home,fbs,fbs,True,3,73,338,51,31,299,22,39,5,3,2,15,3,4,2,3,68,339.0,47,30,297.0,21,42.0,2,2,0,14,4,4,2,3,70,338.0,48,31,299.0,22,39.0,2,2,0,14,4,4,2,3,1,4,22,39.0,48,299.0,70,338.0
401762519,2025,14,regular,East Carolina,Florida Atlantic,away,fbs,fbs,True,42,86,524,30,20,258,56,266,1,0,1,17,12,1,1,42,85,518.0,30,20,258.0,55,260.0,0,0,0,18,13,1,1,42,86,523.0,30,20,258.0,56,265.0,1,0,1,18,13,1,1,0,1,1,56,265.0,30,258.0,86,523.0
401752921,2025,14,regular,Michigan,Ohio State,home,fbs,fbs,True,9,42,163,18,8,63,24,100,1,1,0,9,1,1,0,9,41,163.0,17,8,63.0,24,100.0,0,0,0,9,1,0,0,9,41,163.0,17,8,63.0,24,100.0,0,0,0,9,1,0,0,0,0,0,24,100.0,17,63.0,41,163.0
401752921,2025,14,regular,Ohio State,Michigan,away,fbs,fbs,True,27,73,419,26,19,233,47,186,1,1,0,17,10,3,2,27,72,419.0,25,19,233.0,47,186.0,1,1,0,17,12,3,2,27,72,419.0,25,19,233.0,47,186.0,1,1,0,17,12,3,2,1,0,1,47,186.0,25,233.0,72,419.0
401756968,2025,14,regular,West Virginia,Texas Tech,home,fbs,fbs,True,0,54,180,32,16,143,22,37,2,2,0,13,2,2,0,0,52,181.0,31,16,143.0,21,38.0,0,0,0,11,2,2,0,0,53,181.0,31,16,143.0,22,38.0,0,0,0,11,2,2,0,2,0,2,22,38.0,31,143.0,53,181.0
401756968,2025,14,regular,Texas Tech,West Virginia,away,fbs,fbs,True,49,94,572,40,29,384,54,188,2,1,1,21,14,3,3,49,93,588.0,40,29,384.0,53,204.0,0,0,0,21,14,3,3,49,94,583.0,40,29,384.0,54,199.0,0,0,0,21,14,3,3,1,0,1,54,199.0,40,384.0,94,583.0
401756966,2025,14,regular,Oklahoma State,Iowa State,home,fbs,fbs,True,13,57,229,34,23,202,23,27,2,1,1,13,2,1,1,13,53,244.0,33,22,199.0,20,45.0,1,0,1,12,2,1,1,13,57,229.0,34,23,202.0,23,27.0,1,0,1,12,2,1,1,1,1,2,23,27.0,34,202.0,57,229.0
401756966,2025,14,regular,Iowa State,Oklahoma State,away,fbs,fbs,True,20,66,344,18,9,113,48,231,1,0,1,14,4,2,2,20,59,307.0,16,7,89.0,43,218.0,0,0,0,13,4,1,1,20,59,307.0,16,7,89.0,43,218.0,0,0,0,13,4,1,1,0,0,0,43,218.0,16,89.0,59,307.0
401757311,2025,14,regular,Sam Houston,Florida International,home,fbs,fbs,True,16,71,359,33,16,163,38,196,4,2,2,12,3,2,1,16,67,363.0,31,16,163.0,36,200.0,2,2,0,12,3,2,1,16,69,363.0,31,16,163.0,38,200.0,2,2,0,12,3,2,1,2,0,2,38,200.0,31,163.0,69,363.0
401757311,2025,14,regular,Florida International,Sam Houston,away,fbs,fbs,True,56,64,594,24,15,291,40,303,1,1,0,12,4,1,0,56,62,562.0,22,14,256.0,40,306.0,0,0,0,10,3,1,0,56,62,559.0,22,14,256.0,40,303.0,0,0,0,10,3,1,0,1,0,1,40,303.0,22,256.0,62,559.0
401757310,2025,14,regular,Delaware,UTEP,home,fbs,fbs,True,61,74,527,37,24,311,37,216,1,0,1,12,2,3,2,61,74,544.0,38,24,326.0,36,218.0,0,0,0,12,3,3,2,61,75,541.0,38,24,326.0,37,215.0,0,0,0,12,3,3,2,0,0,0,37,215.0,38,326.0,75,541.0
401757310,2025,14,regular,UTEP,Delaware,away,fbs,fbs,True,31,74,370,41,23,344,33,26,6,5,1,16,5,4,0,31,72,433.0,40,24,395.0,32,38.0,3,2,1,16,6,3,0,31,73,442.0,40,24,395.0,33,47.0,3,2,1,16,6,3,0,4,2,6,33,47.0,40,395.0,73,442.0
401756963,2025,14,regular,BYU,UCF,home,fbs,fbs,True,41,65,407,25,21,289,40,118,0,0,0,13,6,2,1,41,64,417.0,25,21,289.0,39,128.0,0,0,0,13,6,2,1,41,65,407.0,25,21,289.0,40,118.0,0,0,0,13,6,2,1,0,0,0,40,118.0,25,289.0,65,407.0
401756963,2025,14,regular,UCF,BYU,away,fbs,fbs,True,21,60,296,41,24,254,19,42,2,1,1,13,6,4,2,21,58,271.0,40,23,226.0,18,45.0,1,1,0,12,5,4,2,21,59,268.0,40,23,226.0,19,42.0,1,1,0,12,5,4,2,1,0,1,19,42.0,40,226.0,59,268.0
401761663,2025,14,regular,Marshall,Georgia Southern,home,fbs,fbs,True,19,51,372,35,22,308,16,64,1,1,0,10,3,1,0,19,50,372.0,34,22,308.0,16,64.0,0,0,0,9,3,1,0,19,50,372.0,34,22,308.0,16,64.0,0,0,0,9,3,1,0,1,0,1,16,64.0,34,308.0,50,372.0
401761663,2025,14,regular,Georgia Southern,Marshall,away,fbs,fbs,True,24,87,528,39,26,355,48,173,1,0,1,19,11,3,2,24,85,535.0,39,26,355.0,46,180.0,1,0,1,19,11,3,2,24,87,528.0,39,26,355.0,48,173.0,1,0,1,19,11,3,2,0,1,1,48,173.0,39,355.0,87,528.0
401757314,2025,14,regular,Missouri State,Louisiana Tech,home,fbs,fbs,True,30,58,416,31,17,294,27,122,1,1,0,12,6,2,1,30,57,405.0,31,17,294.0,26,111.0,0,0,0,12,6,2,1,30,58,416.0,31,17,294.0,27,122.0,0,0,0,12,6,2,1,1,0,1,27,122.0,31,294.0,58,416.0
401757314,2025,14,regular,Louisiana Tech,Missouri State,away,fbs,fbs,True,42,64,475,13,8,87,51,388,0,0,0,13,8,2,1,42,63,473.0,13,8,87.0,50,386.0,0,0,0,14,8,2,1,42,64,475.0,13,8,87.0,51,388.0,0,0,0,14,8,2,1,0,0,0,51,388.0,13,87.0,64,475.0
401761664,2025,14,regular,Old Dominion,Georgia State,home,fbs,fbs,True,27,76,409,22,9,106,54,303,2,1,1,15,7,0,0,27,73,399.0,21,9,106.0,52,293.0,0,0,0,14,7,0,0,27,74,395.0,21,9,106.0,53,289.0,0,0,0,14,7,0,0,0,1,1,53,289.0,21,106.0,74,395.0
401761664,2025,14,regular,Georgia State,Old Dominion,away,fbs,fbs,True,10,67,283,37,18,154,30,129,1,1,0,15,4,0,0,10,66,283.0,36,18,154.0,30,129.0,1,1,0,15,4,0,0,10,66,283.0,36,18,154.0,30,129.0,2,2,0,15,4,0,0,2,0,2,30,129.0,36,154.0,66,283.0
401757312,2025,14,regular,Jacksonville State,Western Kentucky,home,fbs,fbs,True,37,68,515,20,13,222,48,293,1,0,1,15,5,3,2,37,67,495.0,20,13,222.0,47,273.0,1,0,1,15,5,3,2,37,68,515.0,20,13,222.0,48,293.0,2,0,2,15,5,3,2,0,2,2,48,293.0,20,222.0,68,515.0
401757312,2025,14,regular,Western Kentucky,Jacksonville State,away,fbs,fbs,True,34,61,384,25,17,180,36,204,2,1,1,10,4,0,0,34,59,374.0,23,16,170.0,36,204.0,1,1,0,10,4,0,0,34,60,384.0,24,17,180.0,36,204.0,1,1,0,10,4,0,0,1,0,1,36,204.0,24,180.0,60,384.0
401761661,2025,14,regular,App State,Arkansas State,home,fbs,fbs,True,29,75,453,39,26,271,36,182,1,0,1,16,5,1,1,29,75,456.0,39,26,271.0,36,185.0,0,0,0,16,5,1,1,29,75,453.0,39,26,271.0,36,182.0,0,0,0,16,5,1,1,0,0,0,36,182.0,39,271.0,75,453.0
401761661,2025,14,regular,Arkansas State,App State,away,fbs,fbs,True,30,81,448,47,32,363,34,85,3,1,2,17,7,1,0,30,77,464.0,46,32,363.0,31,101.0,2,1,1,16,7,0,0,30,80,448.0,46,32,363.0,34,85.0,2,1,1,16,7,0,0,1,2,3,34,85.0,46,363.0,80,448.0
401762517,2025,14,regular,Tulsa,UAB,home,fbs,fbs,True,24,64,357,22,11,159,42,198,2,1,1,13,4,4,1,24,63,357.0,21,11,159.0,42,198.0,1,1,0,12,4,4,1,24,63,357.0,21,11,159.0,42,198.0,1,1,0,12,4,4,1,1,0,1,42,198.0,21,159.0,63,357.0
401762517,2025,14,regular,UAB,Tulsa,away,fbs,fbs,True,31,73,395,18,14,166,55,229,1,1,0,17,9,2,1,31,71,397.0,17,14,166.0,54,231.0,1,1,0,17,9,2,1,31,72,395.0,17,14,166.0,55,229.0,1,1,0,17,9,2,1,1,0,1,55,229.0,17,166.0,72,395.0
401757315,2025,14,regular,New Mexico State,Middle Tennessee,home,fbs,fbs,True,24,74,395,47,29,311,27,84,3,2,1,15,6,1,0,24,71,375.0,45,29,311.0,26,64.0,2,1,1,14,6,1,0,24,72,395.0,45,29,311.0,27,84.0,2,1,1,14,6,1,0,2,1,3,27,84.0,45,311.0,72,395.0
401757315,2025,14,regular,Middle Tennessee,New Mexico State,away,fbs,fbs,True,31,76,459,43,24,260,33,199,1,0,1,18,8,1,0,31,73,426.0,41,22,234.0,32,192.0,1,0,1,16,7,1,0,31,75,440.0,42,23,241.0,33,199.0,1,0,1,16,7,1,0,0,1,1,33,199.0,42,241.0,75,440.0
401761667,2025,14,regular,Texas State,South Alabama,home,fbs,fbs,True,49,70,544,26,20,280,44,264,2,0,2,10,4,2,2,49,69,542.0,25,19,278.0,44,264.0,0,0,0,10,4,2,2,49,69,542.0,25,19,278.0,44,264.0,0,0,0,10,4,2,2,0,0,0,44,264.0,25,278.0,69,542.0
401761667,2025,14,regular,South Alabama,Texas State,away,fbs,fbs,True,26,70,364,32,20,156,38,208,1,1,0,13,5,2,0,26,71,370.0,32,21,160.0,39,210.0,2,1,1,13,5,2,0,26,71,370.0,32,21,160.0,39,210.0,2,1,1,13,5,2,0,1,1,2,39,210.0,32,160.0,71,370.0
401754608,2025,14,regular,Syracuse,Boston College,home,fbs,fbs,True,12,59,254,18,10,65,41,189,0,0,0,14,4,2,1,12,58,259.0,18,10,65.0,40,194.0,0,0,0,14,4,2,1,12,59,254.0,18,10,65.0,41,189.0,0,0,0,14,4,2,1,0,0,0,41,189.0,18,65.0,59,254.0
401754608,2025,14,regular,Boston College,Syracuse,away,fbs,fbs,True,34,55,433,26,18,296,29,137,0,0,0,12,6,1,0,34,55,433.0,26,18,296.0,29,137.0,0,0,0,13,6,1,0,34,55,433.0,26,18,296.0,29,137.0,0,0,0,13,6,1,0,0,0,0,29,137.0,26,296.0,55,433.0
401761665,2025,14,regular,Louisiana,UL Monroe,home,fbs,fbs,True,30,68,338,30,16,126,38,212,0,0,0,16,6,1,1,30,68,338.0,30,16,126.0,38,212.0,0,0,0,16,6,1,1,30,68,338.0,30,16,126.0,38,212.0,0,0,0,16,6,1,1,0,1,1,38,212.0,30,126.0,68,338.0
401761665,2025,14,regular,UL Monroe,Louisiana,away,fbs,fbs,True,27,76,516,33,19,311,43,205,2,1,1,13,5,1,0,27,75,519.0,33,19,311.0,42,208.0,0,0,0,13,5,1,0,27,76,516.0,33,19,311.0,43,205.0,0,0,0,13,5,1,0,1,0,1,43,205.0,33,311.0,76,516.0
401752920,2025,14,regular,Rutgers,Penn State,home,fbs,fbs,True,36,64,533,22,16,338,42,195,1,0,1,10,5,2,0,36,64,545.0,23,16,338.0,41,207.0,1,0,1,11,5,2,0,36,65,540.0,23,16,338.0,42,202.0,1,0,1,11,5,2,0,0,1,1,42,202.0,23,338.0,65,540.0
401752920,2025,14,regular,Penn State,Rutgers,away,fbs,fbs,True,40,54,509,21,17,209,33,300,0,0,0,8,1,3,3,40,53,466.0,21,17,209.0,32,257.0,0,0,0,8,1,3,3,40,53,466.0,21,17,209.0,32,257.0,0,0,0,8,1,3,3,0,0,0,32,257.0,21,209.0,53,466.0
401756967,2025,14,regular,TCU,Cincinnati,home,fbs,fbs,True,45,74,544,22,19,306,52,238,0,0,0,14,6,3,3,45,73,500.0,21,18,262.0,52,238.0,0,0,0,13,5,3,3,45,73,500.0,21,18,262.0,52,238.0,0,0,0,13,5,3,3,0,0,0,52,238.0,21,262.0,73,500.0
401756967,2025,14,regular,Cincinnati,TCU,away,fbs,fbs,True,23,52,397,33,23,282,19,115,1,0,1,9,3,2,0,23,52,397.0,33,23,282.0,19,115.0,0,0,0,9,3,2,0,23,52,397.0,33,23,282.0,19,115.0,0,0,0,9,3,2,0,0,0,0,19,115.0,33,282.0,52,397.0
401757313,2025,14,regular,Liberty,Kennesaw State,home,fbs,fbs,True,42,79,503,22,12,212,57,291,1,0,1,15,9,2,0,42,77,530.0,22,12,212.0,55,318.0,1,0,1,15,9,1,0,42,79,503.0,22,12,212.0,57,291.0,1,0,1,15,9,1,0,0,1,1,57,291.0,22,212.0,79,503.0
401757313,2025,14,regular,Kennesaw State,Liberty,away,fbs,fbs,True,48,67,452,23,14,240,44,212,0,0,0,13,7,2,1,48,66,458.0,23,14,240.0,43,218.0,0,0,0,13,7,2,1,48,67,452.0,23,14,240.0,44,212.0,0,0,0,13,7,2,1,0,0,0,44,212.0,23,240.0,67,452.0
401762441,2025,14,regular,UTSA,Army,home,fbs,fbs,True,24,66,386,42,28,270,24,116,1,1,0,14,6,4,1,24,65,386.0,41,28,270.0,24,116.0,1,1,0,13,6,4,1,24,65,386.0,41,28,270.0,24,116.0,1,1,0,13,6,4,1,1,0,1,24,116.0,41,270.0,65,386.0
401762441,2025,14,regular,Army,UTSA,away,fbs,fbs,True,27,61,303,11,5,70,50,233,0,0,0,14,3,5,4,27,61,303.0,11,5,70.0,50,233.0,0,0,0,14,3,5,4,27,61,303.0,11,5,70.0,50,233.0,0,0,0,14,3,5,4,0,0,0,50,233.0,11,70.0,61,303.0
401752789,2025,14,regular,Oklahoma,LSU,home,fbs,fbs,True,17,66,393,38,23,318,28,75,3,3,0,15,4,1,0,17,65,406.0,37,25,328.0,28,78.0,2,2,0,14,4,1,0,17,66,402.0,37,25,328.0,29,74.0,2,2,0,14,4,1,0,3,0,3,29,74.0,37,328.0,66,402.0
401752789,2025,14,regular,LSU,Oklahoma,away,fbs,fbs,True,13,55,198,26,15,113,29,85,1,1,0,14,2,1,0,13,54,215.0,26,15,113.0,28,102.0,1,1,0,14,2,1,0,13,55,198.0,26,15,113.0,29,85.0,1,1,0,14,2,1,0,1,0,1,29,85.0,26,113.0,55,198.0
401752918,2025,14,regular,Minnesota,Wisconsin,home,fbs,fbs,True,17,56,218,24,18,90,32,128,0,0,0,14,7,0,0,17,53,210.0,23,17,87.0,30,123.0,0,0,0,13,7,0,0,17,53,210.0,23,17,87.0,30,123.0,0,0,0,13,7,0,0,0,0,0,30,123.0,23,87.0,53,210.0
401752918,2025,14,regular,Wisconsin,Minnesota,away,fbs,fbs,True,7,55,268,27,17,182,28,86,3,2,1,13,4,3,2,7,52,269.0,25,17,182.0,27,87.0,3,2,1,12,4,3,2,7,53,268.0,25,17,182.0,28,86.0,3,2,1,12,4,3,2,2,1,3,28,86.0,25,182.0,53,268.0
401754610,2025,14,regular,Duke,Wake Forest,home,fbs,fbs,True,49,74,378,35,24,268,39,110,0,0,0,13,5,5,3,49,74,382.0,35,24,268.0,39,114.0,0,0,0,13,5,5,3,49,74,378.0,35,24,268.0,39,110.0,0,0,0,13,5,5,3,0,0,0,39,110.0,35,268.0,74,378.0
401754610,2025,14,regular,Wake Forest,Duke,away,fbs,fbs,True,32,75,466,43,27,342,32,124,4,1,3,12,6,2,1,32,71,479.0,42,26,333.0,29,146.0,3,1,2,12,6,2,1,32,75,472.0,43,27,342.0,32,130.0,3,1,2,12,6,2,1,1,2,3,32,130.0,43,342.0,75,472.0
401752783,2025,14,regular,Arkansas,Missouri,home,fbs,fbs,True,17,55,246,30,17,185,25,61,0,0,0,13,5,1,1,17,54,239.0,30,17,185.0,24,54.0,0,0,0,13,5,0,0,17,55,246.0,30,17,185.0,25,61.0,0,0,0,13,5,0,0,0,0,0,25,61.0,30,185.0,55,246.0
401752783,2025,14,regular,Missouri,Arkansas,away,fbs,fbs,True,31,65,347,7,4,25,58,322,1,0,1,10,4,2,1,31,62,391.0,7,4,25.0,55,366.0,1,0,1,10,4,1,1,31,64,392.0,7,4,25.0,57,367.0,1,0,1,10,4,1,1,0,1,1,57,367.0,7,25.0,64,392.0
401752791,2025,14,regular,Tennessee,Vanderbilt,home,fbs,fbs,True,24,75,382,44,29,299,31,83,0,0,0,19,12,2,0,24,73,378.0,44,29,299.0,29,79.0,0,0,0,19,12,2,0,24,74,376.0,44,29,299.0,30,77.0,1,1,0,19,12,2,0,1,0,1,30,77.0,44,299.0,74,376.0
401752791,2025,14,regular,Vanderbilt,Tennessee,away,fbs,fbs,True,45,65,579,28,18,265,37,314,2,2,0,10,7,0,0,45,62,559.0,25,17,244.0,37,315.0,0,0,0,9,7,0,0,45,65,607.0,27,19,292.0,38,315.0,0,0,0,9,7,0,0,0,0,0,38,315.0,27,292.0,65,607.0
401761666,2025,14,regular,Southern Miss,Troy,home,fbs,fbs,True,18,66,304,35,20,209,31,95,1,1,0,14,5,1,1,18,65,314.0,35,20,209.0,30,105.0,0,0,0,14,5,1,1,18,65,309.0,35,20,209.0,30,100.0,0,0,0,14,5,1,1,1,0,1,30,100.0,35,209.0,65,309.0
401761666,2025,14,regular,Troy,Southern Miss,away,fbs,fbs,True,28,73,428,35,25,296,38,132,1,1,0,15,7,3,1,28,72,430.0,34,25,296.0,38,134.0,1,1,0,14,7,3,1,28,72,428.0,34,25,296.0,38,132.0,1,1,0,14,7,3,1,1,0,1,38,132.0,34,296.0,72,428.0
401752917,2025,14,regular,Washington,Oregon,home,fbs,fbs,True,14,63,283,30,15,129,33,154,2,2,0,13,5,2,1,14,62,284.0,29,15,129.0,33,155.0,1,1,0,13,5,2,1,14,62,284.0,29,15,129.0,33,155.0,1,1,0,13,5,2,1,2,0,2,33,155.0,29,129.0,62,284.0
401752917,2025,14,regular,Oregon,Washington,away,fbs,fbs,True,26,71,392,29,20,286,42,106,0,0,0,16,6,3,2,26,71,392.0,29,20,286.0,42,106.0,0,0,0,16,6,3,2,26,71,392.0,29,20,286.0,42,106.0,0,0,0,16,6,3,2,0,0,0,42,106.0,29,286.0,71,392.0
401761662,2025,14,regular,Coastal Carolina,James Madison,home,fbs,fbs,True,10,62,170,40,18,175,22,-5,1,1,0,16,2,3,2,10,63,170.0,39,18,175.0,24,-5.0,1,1,0,15,2,3,2,10,63,170.0,39,18,175.0,24,-5.0,1,1,0,15,2,3,2,1,0,1,24,-5.0,39,175.0,63,170.0
401761662,2025,14,regular,James Madison,Coastal Carolina,away,fbs,fbs,True,59,70,525,22,16,239,48,286,1,1,0,11,5,2,1,59,69,511.0,22,16,239.0,47,272.0,1,1,0,11,5,2,1,59,70,525.0,22,16,239.0,48,286.0,1,1,0,11,5,2,1,1,0,1,48,286.0,22,239.0,70,525.0
401752785,2025,14,regular,Florida,Florida State,home,fbs,fbs,True,40,69,440,24,15,168,45,272,1,1,0,13,6,2,2,40,60,413.0,17,12,146.0,43,267.0,0,0,0,11,5,2,2,40,60,409.0,17,12,146.0,43,263.0,0,0,0,11,5,2,2,0,0,0,43,263.0,17,146.0,60,409.0
401752785,2025,14,regular,Florida State,Florida,away,fbs,fbs,True,21,65,407,28,17,240,37,167,2,1,1,12,5,4,2,21,54,376.0,24,15,235.0,30,141.0,1,1,0,10,3,4,2,21,56,378.0,24,15,235.0,32,143.0,1,1,0,10,3,4,2,1,0,1,32,143.0,24,235.0,56,378.0
401752946,2025,14,regular,Washington State,Oregon State,home,fbs,fbs,True,32,62,383,28,17,197,34,186,2,0,2,14,6,2,1,32,60,375.0,27,16,195.0,33,180.0,0,0,0,13,6,2,1,32,60,375.0,27,16,195.0,33,180.0,0,0,0,13,6,2,1,0,1,1,33,180.0,27,195.0,60,375.0
401752946,2025,14,regular,Oregon State,Washington State,away,fbs,fbs,True,8,70,280,41,28,240,29,40,3,2,1,14,3,2,1,8,65,262.0,38,26,213.0,27,49.0,4,2,2,14,3,3,1,8,68,261.0,40,28,228.0,28,33.0,4,2,2,14,3,3,1,2,2,4,28,33.0,40,228.0,68,261.0
401762520,2025,14,regular,South Florida,Rice,home,fbs,fbs,True,52,77,553,28,18,281,49,272,0,0,0,12,7,3,3,52,77,553.0,28,18,281.0,49,272.0,0,0,0,12,7,3,3,52,77,553.0,28,18,281.0,49,272.0,0,0,0,12,7,3,3,0,0,0,49,272.0,28,281.0,77,553.0
401762520,2025,14,regular,Rice,South Florida,away,fbs,fbs,True,3,58,257,18,9,104,40,153,1,0,1,13,4,3,1,3,57,262.0,18,9,104.0,39,158.0,0,0,0,13,4,3,1,3,58,257.0,18,9,104.0,40,153.0,0,0,0,13,4,3,1,0,1,1,40,153.0,18,104.0,58,257.0
401752923,2025,14,regular,Michigan State,Maryland,home,fbs,fbs,True,38,70,453,39,27,292,31,161,1,1,0,14,5,1,1,38,68,448.0,37,26,287.0,31,161.0,1,1,0,12,5,1,1,38,68,448.0,37,26,287.0,31,161.0,1,1,0,12,5,1,1,1,0,1,31,161.0,37,287.0,68,448.0
401752923,2025,14,regular,Maryland,Michigan State,away,fbs,fbs,True,28,77,534,61,38,459,16,75,1,1,0,16,9,2,0,28,76,542.0,60,37,454.0,16,88.0,1,1,0,16,9,2,0,28,76,542.0,60,37,454.0,16,88.0,1,1,0,16,9,2,0,1,0,1,16,88.0,60,454.0,76,542.0
401754613,2025,14,regular,Virginia,Virginia Tech,home,fbs,fbs,True,27,83,380,36,22,183,47,197,0,0,0,16,8,2,1,27,82,376.0,35,21,179.0,47,197.0,0,0,0,16,8,2,1,27,82,376.0,35,21,179.0,47,197.0,0,0,0,16,8,2,1,0,0,0,47,197.0,35,179.0,82,376.0
401754613,2025,14,regular,Virginia Tech,Virginia,away,fbs,fbs,True,7,47,197,16,4,78,31,119,2,2,0,14,2,2,2,7,45,201.0,14,4,78.0,31,123.0,2,2,0,12,2,2,2,7,45,198.0,14,4,78.0,31,120.0,2,2,0,12,2,2,2,2,0,2,31,120.0,14,78.0,45,198.0
401762518,2025,14,regular,Tulane,Charlotte,home,fbs,fbs,True,27,74,463,39,29,312,35,151,3,2,1,12,6,0,0,27,69,462.0,35,27,312.0,34,150.0,2,1,1,11,6,0,0,27,72,495.0,37,29,312.0,35,183.0,2,1,1,11,6,0,0,1,1,2,35,183.0,37,312.0,72,495.0
401762518,2025,14,regular,Charlotte,Tulane,away,fbs,fbs,True,0,49,140,28,20,143,21,-3,2,2,0,13,2,0,0,0,48,144.0,27,20,143.0,21,1.0,2,2,0,13,2,0,0,0,48,140.0,27,20,143.0,21,-3.0,2,2,0,13,2,0,0,2,0,2,21,-3.0,27,143.0,48,140.0
401752919,2025,14,regular,USC,UCLA,home,fbs,fbs,True,29,55,388,29,21,257,26,131,0,0,0,9,6,0,0,29,55,388.0,29,21,257.0,26,131.0,0,0,0,9,6,0,0,29,55,388.0,29,21,257.0,26,131.0,0,0,0,9,6,0,0,0,0,0,26,131.0,29,257.0,55,388.0
401752919,2025,14,regular,UCLA,USC,away,fbs,fbs,True,10,64,308,38,27,200,26,108,0,0,0,12,5,2,0,10,63,309.0,38,27,200.0,25,109.0,0,0,0,12,5,2,0,10,64,309.0,38,27,200.0,26,109.0,0,0,0,12,5,2,0,0,0,0,26,109.0,38,200.0,64,309.0
401752784,2025,14,regular,Auburn,Alabama,home,fbs,fbs,True,20,75,411,39,18,259,36,152,2,1,1,19,8,3,2,20,71,384.0,36,16,236.0,35,148.0,1,1,0,19,8,3,2,20,74,411.0,38,18,259.0,36,152.0,1,1,0,19,8,3,2,1,1,2,36,152.0,38,259.0,74,411.0
401752784,2025,14,regular,Alabama,Auburn,away,fbs,fbs,True,27,73,280,35,19,122,38,158,0,0,0,17,4,3,3,27,71,273.0,35,19,122.0,36,151.0,0,0,0,17,4,3,3,27,71,269.0,35,19,122.0,36,147.0,0,0,0,17,4,3,3,0,0,0,36,147.0,35,122.0,71,269.0
401752922,2025,14,regular,Illinois,Northwestern,home,fbs,fbs,True,20,52,284,16,11,164,36,120,1,0,1,10,2,1,0,20,50,315.0,16,11,164.0,34,151.0,0,0,0,9,2,1,0,20,52,294.0,16,11,164.0,36,130.0,0,0,0,9,2,1,0,0,0,0,36,130.0,16,164.0,52,294.0
401752922,2025,14,regular,Northwestern,Illinois,away,fbs,fbs,True,13,65,254,36,19,163,29,91,4,3,1,13,5,4,2,13,63,247.0,35,19,163.0,28,84.0,2,2,0,13,5,3,2,13,65,255.0,35,19,163.0,30,92.0,2,2,0,13,5,3,2,3,1,4,30,92.0,35,163.0,65,255.0
401754612,2025,14,regular,NC State,North Carolina,home,fbs,fbs,True,42,72,386,30,21,201,42,185,0,0,0,12,6,4,4,42,72,390.0,30,21,201.0,42,189.0,0,0,0,12,6,4,4,42,72,386.0,30,21,201.0,42,185.0,0,0,0,12,6,4,4,0,0,0,42,185.0,30,201.0,72,386.0
401754612,2025,14,regular,North Carolina,NC State,away,fbs,fbs,True,19,60,265,36,22,195,24,70,1,0,1,13,7,0,0,19,59,272.0,36,22,195.0,23,77.0,0,0,0,12,7,0,0,19,60,265.0,36,22,195.0,24,70.0,0,0,0,12,7,0,0,0,0,0,24,70.0,36,195.0,60,265.0
401754609,2025,14,regular,California,SMU,home,fbs,fbs,True,38,77,452,40,31,330,37,122,0,0,0,13,7,0,0,38,76,448.0,39,30,326.0,37,122.0,0,0,0,13,7,0,0,38,76,448.0,39,30,326.0,37,122.0,0,0,0,13,7,0,0,0,0,0,37,122.0,39,326.0,76,448.0
401754609,2025,14,regular,SMU,California,away,fbs,fbs,True,35,67,477,36,24,250,31,227,1,1,0,11,7,1,1,35,66,477.0,35,24,250.0,31,227.0,1,1,0,11,7,1,1,35,66,477.0,35,24,250.0,31,227.0,1,1,0,11,7,1,1,1,0,1,31,227.0,35,250.0,66,477.0
401760425,2025,14,regular,Nevada,UNLV,home,fbs,fbs,True,17,67,341,34,23,148,33,193,2,0,2,13,3,3,1,17,64,361.0,34,23,148.0,30,213.0,0,0,0,12,3,2,1,17,67,345.0,34,23,148.0,33,197.0,0,0,0,12,3,2,1,0,1,1,33,197.0,34,148.0,67,345.0
401760425,2025,14,regular,UNLV,Nevada,away,fbs,fbs,True,42,55,496,22,15,270,33,226,2,2,0,7,5,0,0,42,54,496.0,21,15,270.0,33,226.0,1,1,0,7,5,0,0,42,54,496.0,21,15,270.0,33,226.0,1,1,0,7,5,0,0,2,0,2,33,226.0,21,270.0,54,496.0
401760423,2025,14,regular,San José State,Fresno State,home,fbs,fbs,True,14,60,227,34,11,114,26,113,5,5,0,12,3,2,0,14,59,227.0,32,11,114.0,27,113.0,4,4,0,11,3,3,0,14,59,227.0,32,11,114.0,27,113.0,4,4,0,11,3,3,0,5,0,5,27,113.0,32,114.0,59,227.0
401760423,2025,14,regular,Fresno State,San José State,away,fbs,fbs,True,41,73,397,20,15,138,53,259,3,1,2,16,4,3,3,41,70,376.0,19,15,138.0,51,238.0,3,1,2,14,4,3,3,41,72,397.0,19,15,138.0,53,259.0,3,1,2,14,4,3,3,1,2,3,53,259.0,19,138.0,72,397.0
401754614,2025,14,regular,Stanford,Notre Dame,home,fbs,fbs,True,20,70,312,40,20,226,30,86,1,1,0,19,8,4,3,20,68,315.0,38,19,226.0,30,89.0,1,1,0,19,8,4,3,20,69,312.0,39,20,226.0,30,86.0,1,1,0,19,8,4,3,1,0,1,30,86.0,39,226.0,69,312.0
401754614,2025,14,regular,Notre Dame,Stanford,away,fbs,fbs,True,49,74,524,36,23,337,38,187,0,0,0,18,11,3,3,49,73,533.0,36,23,337.0,37,196.0,0,0,0,17,11,3,3,49,74,524.0,36,23,337.0,38,187.0,0,0,0,17,11,3,3,0,0,0,38,187.0,36,337.0,74,524.0
401760424,2025,14,regular,Hawai'i,Wyoming,home,fbs,fbs,True,27,58,417,25,17,289,33,128,1,1,0,14,5,0,0,27,56,411.0,23,16,283.0,33,128.0,0,0,0,13,5,0,0,27,56,411.0,23,16,283.0,33,128.0,0,0,0,13,5,0,0,1,0,1,33,128.0,23,283.0,56,411.0
401760424,2025,14,regular,Wyoming,Hawai'i,away,fbs,fbs,True,7,65,256,37,20,202,28,54,1,1,0,15,3,3,1,7,65,260.0,37,20,202.0,28,58.0,0,0,0,15,3,3,1,7,65,256.0,37,20,202.0,28,54.0,0,0,0,15,3,3,1,1,0,1,28,54.0,37,202.0,65,256.0
401777352,2025,15,regular,James Madison,Troy,home,fbs,fbs,True,31,67,411,25,10,93,42,318,2,1,1,14,2,2,1,31,65,405.0,23,9,84.0,42,321.0,2,1,1,13,2,2,1,31,66,411.0,24,10,93.0,42,318.0,2,1,1,13,2,2,1,1,1,2,42,318.0,24,93.0,66,411.0
401777352,2025,15,regular,Troy,James Madison,away,fbs,fbs,True,14,67,177,39,16,203,28,-26,1,0,1,18,4,2,0,14,66,193.0,39,16,203.0,27,-10.0,0,0,0,18,3,1,0,14,67,211.0,39,16,203.0,28,8.0,0,0,0,18,3,1,0,0,0,0,28,8.0,39,203.0,67,211.0
401777325,2025,15,regular,Jacksonville State,Kennesaw State,home,fbs,fbs,True,15,62,306,22,12,96,40,210,1,1,0,11,3,4,2,15,60,308.0,22,12,96.0,38,212.0,2,1,1,11,3,4,2,15,61,307.0,22,12,96.0,39,211.0,2,1,1,11,3,4,2,1,1,2,39,211.0,22,96.0,61,307.0
401777325,2025,15,regular,Kennesaw State,Jacksonville State,away,fbs,fbs,True,19,68,318,32,26,246,36,72,1,0,1,14,6,3,2,19,64,346.0,32,26,246.0,32,100.0,0,0,0,14,6,3,2,19,66,330.0,32,26,246.0,34,84.0,0,0,0,14,6,3,2,0,0,0,34,84.0,32,246.0,66,330.0
401777326,2025,15,regular,Boise State,UNLV,home,fbs,fbs,True,38,69,460,31,17,289,38,171,0,0,0,16,10,1,0,38,69,460.0,31,17,289.0,38,171.0,0,0,0,16,10,1,0,38,69,460.0,31,17,289.0,38,171.0,0,0,0,16,10,1,0,0,0,0,38,171.0,31,289.0,69,460.0
401777326,2025,15,regular,UNLV,Boise State,away,fbs,fbs,True,21,72,409,38,18,225,34,184,1,0,1,14,4,2,1,21,71,393.0,37,17,209.0,34,184.0,0,0,0,13,4,2,1,21,72,409.0,38,18,225.0,34,184.0,0,0,0,13,4,2,1,0,1,1,34,184.0,38,225.0,72,409.0
401777324,2025,15,regular,Tulane,North Texas,home,fbs,fbs,True,34,74,344,22,13,145,52,199,0,0,0,14,5,3,3,34,72,348.0,21,12,160.0,51,188.0,0,0,0,15,5,3,3,34,74,354.0,23,14,166.0,51,188.0,0,0,0,15,5,3,3,0,0,0,51,188.0,23,166.0,74,354.0
401777324,2025,15,regular,North Texas,Tulane,away,fbs,fbs,True,21,68,415,34,21,294,34,121,5,3,2,12,4,4,3,21,65,404.0,31,20,283.0,34,121.0,2,2,0,11,4,3,3,21,66,438.0,32,21,317.0,34,121.0,2,2,0,11,4,3,3,3,1,4,34,121.0,32,317.0,66,438.0
401777327,2025,15,regular,Texas Tech,BYU,home,fbs,fbs,True,34,74,374,33,20,215,41,159,0,0,0,19,8,2,1,34,73,341.0,33,20,215.0,40,126.0,0,0,0,18,7,2,1,34,74,364.0,33,20,215.0,41,149.0,2,1,1,18,7,2,1,1,1,2,41,149.0,33,215.0,74,364.0
401777327,2025,15,regular,BYU,Texas Tech,away,fbs,fbs,True,7,59,200,29,17,137,30,63,4,2,2,14,6,2,0,7,53,226.0,26,16,125.0,27,101.0,1,1,0,12,6,2,0,7,57,200.0,27,17,137.0,30,63.0,1,1,0,12,6,2,0,1,0,1,30,63.0,27,137.0,57,200.0
401777329,2025,15,regular,Western Michigan,Miami (OH),home,fbs,fbs,True,23,69,397,13,8,111,56,286,0,0,0,15,4,4,1,23,67,396.0,13,8,111.0,54,285.0,0,0,0,15,4,4,1,23,69,401.0,13,8,111.0,56,290.0,0,0,0,15,4,4,1,0,0,0,56,290.0,13,111.0,69,401.0
401777329,2025,15,regular,Miami (OH),Western Michigan,away,fbs,fbs,True,13,69,272,38,14,199,31,73,1,0,1,15,6,3,0,13,68,285.0,38,14,199.0,30,86.0,1,0,1,15,6,3,0,13,69,275.0,38,14,199.0,31,76.0,1,0,1,15,6,3,0,0,1,1,31,76.0,38,199.0,69,275.0
401777351,2025,15,regular,Alabama,Georgia,home,fbs,fbs,True,7,55,209,39,19,212,16,-3,1,1,0,14,3,3,1,7,54,213.0,38,19,212.0,16,1.0,1,1,0,13,3,3,1,7,54,213.0,38,19,212.0,16,1.0,1,1,0,13,3,3,1,1,0,1,16,1.0,38,212.0,54,213.0
401777351,2025,15,regular,Georgia,Alabama,away,fbs,fbs,True,28,67,297,26,20,156,41,141,0,0,0,16,6,2,2,28,67,297.0,26,20,156.0,41,141.0,0,0,0,16,6,2,2,28,67,297.0,26,20,156.0,41,141.0,0,0,0,16,6,2,2,0,0,0,41,141.0,26,156.0,67,297.0
401777328,2025,15,regular,Virginia,Duke,home,fbs,fbs,True,20,69,344,40,21,216,29,128,2,2,0,15,7,2,1,27,68,344.0,39,21,216.0,29,128.0,1,1,0,15,7,2,1,27,68,344.0,39,21,216.0,29,128.0,1,1,0,15,7,2,1,1,0,1,29,128.0,39,216.0,68,344.0
401777328,2025,15,regular,Duke,Virginia,away,fbs,fbs,True,27,69,333,25,19,196,44,137,1,1,0,16,6,4,4,27,66,343.0,24,19,196.0,42,147.0,1,1,0,16,6,4,4,27,68,333.0,24,19,196.0,44,137.0,1,1,0,16,6,4,4,1,0,1,44,137.0,24,196.0,68,333.0
401777353,2025,15,regular,Ohio State,Indiana,home,fbs,fbs,True,10,56,322,30,22,264,26,58,1,1,0,12,4,1,0,10,55,322.0,29,22,264.0,26,58.0,1,1,0,11,4,1,0,10,55,322.0,29,22,264.0,26,58.0,1,1,0,11,4,1,0,1,0,1,26,58.0,29,264.0,55,322.0
401777353,2025,15,regular,Indiana,Ohio State,away,fbs,fbs,True,13,57,340,23,15,222,34,118,1,1,0,13,6,1,1,13,56,340.0,22,15,222.0,34,118.0,1,1,0,13,6,1,1,13,56,340.0,22,15,222.0,34,118.0,1,1,0,13,6,1,1,1,0,1,34,118.0,22,222.0,56,340.0
