game_id,season,week,season_type,team,opponent,home_away,layer,statistic,official_value,reconstructed_value,raw_difference,absolute_difference,root_cause
401856766,2026,1,regular,TCU,North Carolina,home,raw,total_plays,71,68,-3,3,fumble_or_safety_swallows_scrimmage_type
401856766,2026,1,regular,TCU,North Carolina,home,raw,total_yards,281,322.0,41.0,41.0,fumble_or_safety_swallows_scrimmage_type
401856766,2026,1,regular,TCU,North Carolina,home,raw,rush_attempts,39,36,-3,3,fumble_or_safety_swallows_scrimmage_type
401856766,2026,1,regular,TCU,North Carolina,home,raw,rush_yards,106,147.0,41.0,41.0,fumble_or_safety_swallows_scrimmage_type
401856766,2026,1,regular,TCU,North Carolina,home,raw,turnovers,1,0,-1,1,no_play_penalty
401856766,2026,1,regular,TCU,North Carolina,home,raw,fumbles_lost,1,0,-1,1,no_play_penalty
401856766,2026,1,regular,TCU,North Carolina,home,raw,third_down_attempts,16,17,1,1,no_play_penalty
401856766,2026,1,regular,TCU,North Carolina,home,raw,fourth_down_attempts,5,4,-1,1,no_play_penalty
401856766,2026,1,regular,North Carolina,TCU,away,raw,total_plays,57,55,-2,2,fumble_or_safety_swallows_scrimmage_type
401856766,2026,1,regular,North Carolina,TCU,away,raw,total_yards,322,308.0,-14.0,14.0,fumble_or_safety_swallows_scrimmage_type
401856766,2026,1,regular,North Carolina,TCU,away,raw,pass_attempts,28,27,-1,1,fumble_or_safety_swallows_scrimmage_type
401856766,2026,1,regular,North Carolina,TCU,away,raw,completions,16,15,-1,1,no_play_penalty
401856766,2026,1,regular,North Carolina,TCU,away,raw,net_pass_yards,232,222.0,-10.0,10.0,fumble_or_safety_swallows_scrimmage_type
401856766,2026,1,regular,North Carolina,TCU,away,raw,rush_attempts,29,28,-1,1,fumble_or_safety_swallows_scrimmage_type
401856766,2026,1,regular,North Carolina,TCU,away,raw,rush_yards,90,86.0,-4.0,4.0,fumble_or_safety_swallows_scrimmage_type
401864494,2026,1,regular,USC,San José State,home,raw,total_plays,76,75,-1,1,sack_accounting
401864494,2026,1,regular,USC,San José State,home,raw,pass_attempts,36,35,-1,1,sack_accounting
401864494,2026,1,regular,USC,San José State,home,raw,third_down_attempts,13,12,-1,1,kneel_accounting
401864494,2026,1,regular,San José State,USC,away,raw,total_yards,336,257.0,-79.0,79.0,sack_accounting
401864494,2026,1,regular,San José State,USC,away,raw,net_pass_yards,234,155.0,-79.0,79.0,sack_accounting
401858202,2026,1,regular,Virginia,NC State,home,raw,total_yards,413,418.0,5.0,5.0,fumble_or_safety_swallows_scrimmage_type
401858202,2026,1,regular,Virginia,NC State,home,raw,rush_yards,258,263.0,5.0,5.0,fumble_or_safety_swallows_scrimmage_type
401858202,2026,1,regular,NC State,Virginia,away,raw,total_plays,51,50,-1,1,fumble_or_safety_swallows_scrimmage_type
401858202,2026,1,regular,NC State,Virginia,away,raw,total_yards,168,156.0,-12.0,12.0,fumble_or_safety_swallows_scrimmage_type
401858202,2026,1,regular,NC State,Virginia,away,raw,rush_attempts,24,23,-1,1,fumble_or_safety_swallows_scrimmage_type
401858202,2026,1,regular,NC State,Virginia,away,raw,rush_yards,76,64.0,-12.0,12.0,fumble_or_safety_swallows_scrimmage_type
401858202,2026,1,regular,NC State,Virginia,away,raw,turnovers,2,1,-1,1,no_play_penalty
401858202,2026,1,regular,NC State,Virginia,away,raw,fumbles_lost,1,0,-1,1,no_play_penalty
401864577,2026,1,regular,Jacksonville State,North Dakota State,away,raw,total_plays,54,50,-4,4,fumble_or_safety_swallows_scrimmage_type
401864577,2026,1,regular,Jacksonville State,North Dakota State,away,raw,total_yards,170,189.0,19.0,19.0,fumble_or_safety_swallows_scrimmage_type
401864577,2026,1,regular,Jacksonville State,North Dakota State,away,raw,pass_attempts,23,22,-1,1,fumble_or_safety_swallows_scrimmage_type
401864577,2026,1,regular,Jacksonville State,North Dakota State,away,raw,rush_attempts,31,28,-3,3,fumble_or_safety_swallows_scrimmage_type
401864577,2026,1,regular,Jacksonville State,North Dakota State,away,raw,rush_yards,85,104.0,19.0,19.0,fumble_or_safety_swallows_scrimmage_type
401864577,2026,1,regular,Jacksonville State,North Dakota State,away,raw,turnovers,2,1,-1,1,kneel_accounting
401864577,2026,1,regular,Jacksonville State,North Dakota State,away,raw,interceptions,1,0,-1,1,kneel_accounting
401866408,2026,1,regular,Eastern Michigan,Sacramento State,home,raw,total_plays,68,67,-1,1,fumble_or_safety_swallows_scrimmage_type
401866408,2026,1,regular,Eastern Michigan,Sacramento State,home,raw,total_yards,348,358.0,10.0,10.0,fumble_or_safety_swallows_scrimmage_type
401866408,2026,1,regular,Eastern Michigan,Sacramento State,home,raw,rush_attempts,30,29,-1,1,fumble_or_safety_swallows_scrimmage_type
401866408,2026,1,regular,Eastern Michigan,Sacramento State,home,raw,rush_yards,69,79.0,10.0,10.0,fumble_or_safety_swallows_scrimmage_type
401866408,2026,1,regular,Eastern Michigan,Sacramento State,home,raw,third_down_attempts,15,14,-1,1,kneel_accounting
401866408,2026,1,regular,Sacramento State,Eastern Michigan,away,raw,total_plays,63,61,-2,2,fumble_or_safety_swallows_scrimmage_type
401866408,2026,1,regular,Sacramento State,Eastern Michigan,away,raw,total_yards,268,283.0,15.0,15.0,fumble_or_safety_swallows_scrimmage_type
401866408,2026,1,regular,Sacramento State,Eastern Michigan,away,raw,pass_attempts,46,45,-1,1,fumble_or_safety_swallows_scrimmage_type
401866408,2026,1,regular,Sacramento State,Eastern Michigan,away,raw,net_pass_yards,219,224.0,5.0,5.0,fumble_or_safety_swallows_scrimmage_type
401866408,2026,1,regular,Sacramento State,Eastern Michigan,away,raw,rush_attempts,17,16,-1,1,fumble_or_safety_swallows_scrimmage_type
401866408,2026,1,regular,Sacramento State,Eastern Michigan,away,raw,rush_yards,49,59.0,10.0,10.0,fumble_or_safety_swallows_scrimmage_type
401866408,2026,1,regular,Sacramento State,Eastern Michigan,away,raw,turnovers,2,1,-1,1,kneel_accounting
401866408,2026,1,regular,Sacramento State,Eastern Michigan,away,raw,fumbles_lost,1,0,-1,1,kneel_accounting
401866408,2026,1,regular,Sacramento State,Eastern Michigan,away,raw,third_down_attempts,14,13,-1,1,kneel_accounting
401858201,2026,1,regular,Stanford,Hawai'i,home,raw,third_down_attempts,16,15,-1,1,no_play_penalty
401858201,2026,1,regular,Hawai'i,Stanford,away,raw,total_plays,74,72,-2,2,fumble_or_safety_swallows_scrimmage_type
401858201,2026,1,regular,Hawai'i,Stanford,away,raw,total_yards,322,315.0,-7.0,7.0,fumble_or_safety_swallows_scrimmage_type
401858201,2026,1,regular,Hawai'i,Stanford,away,raw,pass_attempts,52,51,-1,1,fumble_or_safety_swallows_scrimmage_type
401858201,2026,1,regular,Hawai'i,Stanford,away,raw,completions,31,30,-1,1,no_play_penalty
401858201,2026,1,regular,Hawai'i,Stanford,away,raw,net_pass_yards,276,266.0,-10.0,10.0,fumble_or_safety_swallows_scrimmage_type
401858201,2026,1,regular,Hawai'i,Stanford,away,raw,rush_attempts,22,21,-1,1,fumble_or_safety_swallows_scrimmage_type
401858201,2026,1,regular,Hawai'i,Stanford,away,raw,rush_yards,46,49.0,3.0,3.0,fumble_or_safety_swallows_scrimmage_type
401858201,2026,1,regular,Hawai'i,Stanford,away,raw,turnovers,1,0,-1,1,no_play_penalty
401858201,2026,1,regular,Hawai'i,Stanford,away,raw,fumbles_lost,1,0,-1,1,no_play_penalty
401858201,2026,1,regular,Hawai'i,Stanford,away,raw,third_down_attempts,19,16,-3,3,no_play_penalty
401858201,2026,1,regular,Hawai'i,Stanford,away,raw,third_down_conversions,8,6,-2,2,no_play_penalty
401864570,2026,1,regular,Florida State,New Mexico State,home,raw,total_yards,419,423.0,4.0,4.0,sack_accounting
401864570,2026,1,regular,Florida State,New Mexico State,home,raw,rush_yards,217,221.0,4.0,4.0,sack_accounting
401864570,2026,1,regular,New Mexico State,Florida State,away,raw,total_plays,66,65,-1,1,sack_accounting
401864570,2026,1,regular,New Mexico State,Florida State,away,raw,total_yards,319,332.0,13.0,13.0,sack_accounting
401864570,2026,1,regular,New Mexico State,Florida State,away,raw,rush_attempts,23,22,-1,1,sack_accounting
401864570,2026,1,regular,New Mexico State,Florida State,away,raw,rush_yards,47,60.0,13.0,13.0,sack_accounting
401862693,2026,1,regular,UNLV,Memphis,home,raw,total_plays,79,78,-1,1,fumble_or_safety_swallows_scrimmage_type
401862693,2026,1,regular,UNLV,Memphis,home,raw,total_yards,460,467.0,7.0,7.0,fumble_or_safety_swallows_scrimmage_type
401862693,2026,1,regular,UNLV,Memphis,home,raw,rush_attempts,41,40,-1,1,fumble_or_safety_swallows_scrimmage_type
401862693,2026,1,regular,UNLV,Memphis,home,raw,rush_yards,169,176.0,7.0,7.0,fumble_or_safety_swallows_scrimmage_type
401862693,2026,1,regular,Memphis,UNLV,away,raw,total_plays,60,58,-2,2,fumble_or_safety_swallows_scrimmage_type
401862693,2026,1,regular,Memphis,UNLV,away,raw,total_yards,418,397.0,-21.0,21.0,fumble_or_safety_swallows_scrimmage_type
401862693,2026,1,regular,Memphis,UNLV,away,raw,pass_attempts,26,25,-1,1,fumble_or_safety_swallows_scrimmage_type
401862693,2026,1,regular,Memphis,UNLV,away,raw,completions,15,14,-1,1,spike_accounting
401862693,2026,1,regular,Memphis,UNLV,away,raw,net_pass_yards,223,204.0,-19.0,19.0,fumble_or_safety_swallows_scrimmage_type
401862693,2026,1,regular,Memphis,UNLV,away,raw,rush_attempts,34,33,-1,1,fumble_or_safety_swallows_scrimmage_type
401862693,2026,1,regular,Memphis,UNLV,away,raw,rush_yards,195,193.0,-2.0,2.0,fumble_or_safety_swallows_scrimmage_type
401862693,2026,1,regular,Memphis,UNLV,away,raw,turnovers,1,0,-1,1,spike_accounting
401862693,2026,1,regular,Memphis,UNLV,away,raw,fumbles_lost,1,0,-1,1,spike_accounting
401858423,2026,1,regular,Rutgers,Massachusetts,home,raw,total_plays,63,58,-5,5,fumble_or_safety_swallows_scrimmage_type
401858423,2026,1,regular,Rutgers,Massachusetts,home,raw,total_yards,349,353.0,4.0,4.0,fumble_or_safety_swallows_scrimmage_type
401858423,2026,1,regular,Rutgers,Massachusetts,home,raw,pass_attempts,38,35,-3,3,fumble_or_safety_swallows_scrimmage_type
401858423,2026,1,regular,Rutgers,Massachusetts,home,raw,rush_attempts,25,23,-2,2,fumble_or_safety_swallows_scrimmage_type
401858423,2026,1,regular,Rutgers,Massachusetts,home,raw,rush_yards,30,34.0,4.0,4.0,fumble_or_safety_swallows_scrimmage_type
401858423,2026,1,regular,Rutgers,Massachusetts,home,raw,turnovers,4,2,-2,2,kneel_accounting
401858423,2026,1,regular,Rutgers,Massachusetts,home,raw,interceptions,3,2,-1,1,kneel_accounting
401858423,2026,1,regular,Rutgers,Massachusetts,home,raw,fumbles_lost,1,0,-1,1,kneel_accounting
401858423,2026,1,regular,Massachusetts,Rutgers,away,raw,total_plays,63,62,-1,1,fumble_or_safety_swallows_scrimmage_type
401858423,2026,1,regular,Massachusetts,Rutgers,away,raw,total_yards,397,401.0,4.0,4.0,fumble_or_safety_swallows_scrimmage_type
401858423,2026,1,regular,Massachusetts,Rutgers,away,raw,rush_attempts,41,40,-1,1,fumble_or_safety_swallows_scrimmage_type
401858423,2026,1,regular,Massachusetts,Rutgers,away,raw,rush_yards,200,204.0,4.0,4.0,fumble_or_safety_swallows_scrimmage_type
401866409,2026,1,regular,Buffalo,UAlbany,home,raw,total_plays,80,79,-1,1,fumble_or_safety_swallows_scrimmage_type
401866409,2026,1,regular,Buffalo,UAlbany,home,raw,total_yards,340,348.0,8.0,8.0,fumble_or_safety_swallows_scrimmage_type
401866409,2026,1,regular,Buffalo,UAlbany,home,raw,rush_attempts,33,32,-1,1,fumble_or_safety_swallows_scrimmage_type
401866409,2026,1,regular,Buffalo,UAlbany,home,raw,rush_yards,151,159.0,8.0,8.0,fumble_or_safety_swallows_scrimmage_type
401866409,2026,1,regular,Buffalo,UAlbany,home,raw,turnovers,1,0,-1,1,kneel_accounting
401866409,2026,1,regular,Buffalo,UAlbany,home,raw,fumbles_lost,1,0,-1,1,kneel_accounting
401866409,2026,1,regular,Buffalo,UAlbany,home,raw,third_down_attempts,21,20,-1,1,kneel_accounting
401864425,2026,1,regular,Kennesaw State,West Georgia,home,raw,total_plays,81,78,-3,3,fumble_or_safety_swallows_scrimmage_type
401864425,2026,1,regular,Kennesaw State,West Georgia,home,raw,total_yards,508,529.0,21.0,21.0,fumble_or_safety_swallows_scrimmage_type
401864425,2026,1,regular,Kennesaw State,West Georgia,home,raw,pass_attempts,34,33,-1,1,fumble_or_safety_swallows_scrimmage_type
401864425,2026,1,regular,Kennesaw State,West Georgia,home,raw,net_pass_yards,211,226.0,15.0,15.0,fumble_or_safety_swallows_scrimmage_type
401864425,2026,1,regular,Kennesaw State,West Georgia,home,raw,rush_attempts,47,45,-2,2,fumble_or_safety_swallows_scrimmage_type
401864425,2026,1,regular,Kennesaw State,West Georgia,home,raw,rush_yards,297,303.0,6.0,6.0,fumble_or_safety_swallows_scrimmage_type
401864425,2026,1,regular,Kennesaw State,West Georgia,home,raw,third_down_attempts,14,13,-1,1,no_play_penalty
401864425,2026,1,regular,West Georgia,Kennesaw State,away,raw,total_plays,51,49,-2,2,fumble_or_safety_swallows_scrimmage_type
401864425,2026,1,regular,West Georgia,Kennesaw State,away,raw,total_yards,160,157.0,-3.0,3.0,fumble_or_safety_swallows_scrimmage_type
401864425,2026,1,regular,West Georgia,Kennesaw State,away,raw,rush_attempts,25,23,-2,2,fumble_or_safety_swallows_scrimmage_type
401864425,2026,1,regular,West Georgia,Kennesaw State,away,raw,rush_yards,49,46.0,-3.0,3.0,fumble_or_safety_swallows_scrimmage_type
401864425,2026,1,regular,West Georgia,Kennesaw State,away,raw,turnovers,2,1,-1,1,no_play_penalty
401864425,2026,1,regular,West Georgia,Kennesaw State,away,raw,fumbles_lost,2,1,-1,1,no_play_penalty
401864424,2026,1,regular,Delaware,Merrimack,home,raw,total_plays,73,70,-3,3,fumble_or_safety_swallows_scrimmage_type
401864424,2026,1,regular,Delaware,Merrimack,home,raw,total_yards,547,530.0,-17.0,17.0,fumble_or_safety_swallows_scrimmage_type
401864424,2026,1,regular,Delaware,Merrimack,home,raw,pass_attempts,44,42,-2,2,fumble_or_safety_swallows_scrimmage_type
401864424,2026,1,regular,Delaware,Merrimack,home,raw,completions,24,23,-1,1,kneel_accounting
401864424,2026,1,regular,Delaware,Merrimack,home,raw,net_pass_yards,435,411.0,-24.0,24.0,fumble_or_safety_swallows_scrimmage_type
401864424,2026,1,regular,Delaware,Merrimack,home,raw,rush_attempts,29,28,-1,1,fumble_or_safety_swallows_scrimmage_type
401864424,2026,1,regular,Delaware,Merrimack,home,raw,rush_yards,112,119.0,7.0,7.0,fumble_or_safety_swallows_scrimmage_type
401864424,2026,1,regular,Delaware,Merrimack,home,raw,third_down_attempts,13,12,-1,1,kneel_accounting
401864424,2026,1,regular,Merrimack,Delaware,away,raw,total_plays,70,68,-2,2,fumble_or_safety_swallows_scrimmage_type
401864424,2026,1,regular,Merrimack,Delaware,away,raw,total_yards,244,256.0,12.0,12.0,fumble_or_safety_swallows_scrimmage_type
401864424,2026,1,regular,Merrimack,Delaware,away,raw,rush_attempts,25,23,-2,2,fumble_or_safety_swallows_scrimmage_type
401864424,2026,1,regular,Merrimack,Delaware,away,raw,rush_yards,48,60.0,12.0,12.0,fumble_or_safety_swallows_scrimmage_type
401864424,2026,1,regular,Merrimack,Delaware,away,raw,turnovers,2,1,-1,1,kneel_accounting
401864424,2026,1,regular,Merrimack,Delaware,away,raw,fumbles_lost,1,0,-1,1,kneel_accounting
401864424,2026,1,regular,Merrimack,Delaware,away,raw,third_down_attempts,16,17,1,1,kneel_accounting
401858204,2026,1,regular,Wake Forest,Akron,home,raw,total_plays,68,66,-2,2,fumble_or_safety_swallows_scrimmage_type
401858204,2026,1,regular,Wake Forest,Akron,home,raw,total_yards,559,562.0,3.0,3.0,fumble_or_safety_swallows_scrimmage_type
401858204,2026,1,regular,Wake Forest,Akron,home,raw,rush_attempts,33,31,-2,2,fumble_or_safety_swallows_scrimmage_type
401858204,2026,1,regular,Wake Forest,Akron,home,raw,rush_yards,203,206.0,3.0,3.0,fumble_or_safety_swallows_scrimmage_type
401858204,2026,1,regular,Wake Forest,Akron,home,raw,third_down_attempts,15,14,-1,1,kneel_accounting
401858204,2026,1,regular,Akron,Wake Forest,away,raw,total_plays,69,67,-2,2,fumble_or_safety_swallows_scrimmage_type
401858204,2026,1,regular,Akron,Wake Forest,away,raw,total_yards,305,301.0,-4.0,4.0,fumble_or_safety_swallows_scrimmage_type
401858204,2026,1,regular,Akron,Wake Forest,away,raw,rush_attempts,36,34,-2,2,fumble_or_safety_swallows_scrimmage_type
401858204,2026,1,regular,Akron,Wake Forest,away,raw,rush_yards,149,145.0,-4.0,4.0,fumble_or_safety_swallows_scrimmage_type
401856767,2026,1,regular,UCF,Bethune-Cookman,home,raw,total_plays,60,59,-1,1,fumble_or_safety_swallows_scrimmage_type
401856767,2026,1,regular,UCF,Bethune-Cookman,home,raw,pass_attempts,22,21,-1,1,fumble_or_safety_swallows_scrimmage_type
401856767,2026,1,regular,Bethune-Cookman,UCF,away,raw,total_plays,60,57,-3,3,fumble_or_safety_swallows_scrimmage_type
401856767,2026,1,regular,Bethune-Cookman,UCF,away,raw,total_yards,181,184.0,3.0,3.0,fumble_or_safety_swallows_scrimmage_type
401856767,2026,1,regular,Bethune-Cookman,UCF,away,raw,pass_attempts,20,19,-1,1,fumble_or_safety_swallows_scrimmage_type
401856767,2026,1,regular,Bethune-Cookman,UCF,away,raw,rush_attempts,40,38,-2,2,fumble_or_safety_swallows_scrimmage_type
401856767,2026,1,regular,Bethune-Cookman,UCF,away,raw,rush_yards,107,110.0,3.0,3.0,fumble_or_safety_swallows_scrimmage_type
401856767,2026,1,regular,Bethune-Cookman,UCF,away,raw,turnovers,2,0,-2,2,no_play_penalty
401856767,2026,1,regular,Bethune-Cookman,UCF,away,raw,interceptions,1,0,-1,1,no_play_penalty
401856767,2026,1,regular,Bethune-Cookman,UCF,away,raw,fumbles_lost,1,0,-1,1,no_play_penalty
401856767,2026,1,regular,Bethune-Cookman,UCF,away,raw,third_down_attempts,16,15,-1,1,no_play_penalty
401858422,2026,1,regular,Minnesota,Eastern Illinois,home,raw,total_plays,71,70,-1,1,fumble_or_safety_swallows_scrimmage_type
401858422,2026,1,regular,Minnesota,Eastern Illinois,home,raw,total_yards,495,477.0,-18.0,18.0,fumble_or_safety_swallows_scrimmage_type
401858422,2026,1,regular,Minnesota,Eastern Illinois,home,raw,pass_attempts,33,32,-1,1,fumble_or_safety_swallows_scrimmage_type
401858422,2026,1,regular,Minnesota,Eastern Illinois,home,raw,completions,26,25,-1,1,kneel_accounting
401858422,2026,1,regular,Minnesota,Eastern Illinois,home,raw,net_pass_yards,348,330.0,-18.0,18.0,fumble_or_safety_swallows_scrimmage_type
401858422,2026,1,regular,Eastern Illinois,Minnesota,away,raw,total_plays,43,42,-1,1,fumble_or_safety_swallows_scrimmage_type
401858422,2026,1,regular,Eastern Illinois,Minnesota,away,raw,total_yards,110,113.0,3.0,3.0,fumble_or_safety_swallows_scrimmage_type
401858422,2026,1,regular,Eastern Illinois,Minnesota,away,raw,rush_attempts,28,27,-1,1,fumble_or_safety_swallows_scrimmage_type
401858422,2026,1,regular,Eastern Illinois,Minnesota,away,raw,rush_yards,51,54.0,3.0,3.0,fumble_or_safety_swallows_scrimmage_type
401856663,2026,1,regular,Missouri,Arkansas-Pine Bluff,home,raw,total_plays,78,76,-2,2,fumble_or_safety_swallows_scrimmage_type
401856663,2026,1,regular,Missouri,Arkansas-Pine Bluff,home,raw,total_yards,562,546.0,-16.0,16.0,fumble_or_safety_swallows_scrimmage_type
401856663,2026,1,regular,Missouri,Arkansas-Pine Bluff,home,raw,pass_attempts,33,32,-1,1,fumble_or_safety_swallows_scrimmage_type
401856663,2026,1,regular,Missouri,Arkansas-Pine Bluff,home,raw,completions,26,25,-1,1,no_play_penalty
401856663,2026,1,regular,Missouri,Arkansas-Pine Bluff,home,raw,net_pass_yards,357,348.0,-9.0,9.0,fumble_or_safety_swallows_scrimmage_type
401856663,2026,1,regular,Missouri,Arkansas-Pine Bluff,home,raw,rush_attempts,45,44,-1,1,fumble_or_safety_swallows_scrimmage_type
401856663,2026,1,regular,Missouri,Arkansas-Pine Bluff,home,raw,rush_yards,205,198.0,-7.0,7.0,fumble_or_safety_swallows_scrimmage_type
401856663,2026,1,regular,Arkansas-Pine Bluff,Missouri,away,raw,total_plays,53,51,-2,2,fumble_or_safety_swallows_scrimmage_type
401856663,2026,1,regular,Arkansas-Pine Bluff,Missouri,away,raw,total_yards,198,228.0,30.0,30.0,fumble_or_safety_swallows_scrimmage_type
401856663,2026,1,regular,Arkansas-Pine Bluff,Missouri,away,raw,pass_attempts,24,23,-1,1,fumble_or_safety_swallows_scrimmage_type
401856663,2026,1,regular,Arkansas-Pine Bluff,Missouri,away,raw,completions,11,10,-1,1,no_play_penalty
401856663,2026,1,regular,Arkansas-Pine Bluff,Missouri,away,raw,net_pass_yards,109,94.0,-15.0,15.0,fumble_or_safety_swallows_scrimmage_type
401856663,2026,1,regular,Arkansas-Pine Bluff,Missouri,away,raw,rush_attempts,29,28,-1,1,fumble_or_safety_swallows_scrimmage_type
401856663,2026,1,regular,Arkansas-Pine Bluff,Missouri,away,raw,rush_yards,89,134.0,45.0,45.0,fumble_or_safety_swallows_scrimmage_type
401856663,2026,1,regular,Arkansas-Pine Bluff,Missouri,away,raw,third_down_attempts,13,12,-1,1,no_play_penalty
401856663,2026,1,regular,Arkansas-Pine Bluff,Missouri,away,raw,third_down_conversions,3,2,-1,1,no_play_penalty
401856663,2026,1,regular,Arkansas-Pine Bluff,Missouri,away,raw,fourth_down_attempts,1,0,-1,1,no_play_penalty
401856776,2026,1,regular,Georgia Tech,Colorado,home,raw,total_plays,54,52,-2,2,fumble_or_safety_swallows_scrimmage_type
401856776,2026,1,regular,Georgia Tech,Colorado,home,raw,total_yards,288,293.0,5.0,5.0,fumble_or_safety_swallows_scrimmage_type
401856776,2026,1,regular,Georgia Tech,Colorado,home,raw,rush_attempts,30,28,-2,2,fumble_or_safety_swallows_scrimmage_type
401856776,2026,1,regular,Georgia Tech,Colorado,home,raw,rush_yards,51,56.0,5.0,5.0,fumble_or_safety_swallows_scrimmage_type
401856776,2026,1,regular,Georgia Tech,Colorado,home,raw,turnovers,1,0,-1,1,no_play_penalty
401856776,2026,1,regular,Georgia Tech,Colorado,home,raw,fumbles_lost,1,0,-1,1,no_play_penalty
401856776,2026,1,regular,Colorado,Georgia Tech,away,raw,total_plays,76,72,-4,4,fumble_or_safety_swallows_scrimmage_type
401856776,2026,1,regular,Colorado,Georgia Tech,away,raw,total_yards,307,308.0,1.0,1.0,fumble_or_safety_swallows_scrimmage_type
401856776,2026,1,regular,Colorado,Georgia Tech,away,raw,completions,14,13,-1,1,no_play_penalty
401856776,2026,1,regular,Colorado,Georgia Tech,away,raw,net_pass_yards,124,116.0,-8.0,8.0,fumble_or_safety_swallows_scrimmage_type
401856776,2026,1,regular,Colorado,Georgia Tech,away,raw,rush_attempts,49,45,-4,4,fumble_or_safety_swallows_scrimmage_type
401856776,2026,1,regular,Colorado,Georgia Tech,away,raw,rush_yards,183,192.0,9.0,9.0,fumble_or_safety_swallows_scrimmage_type
401856776,2026,1,regular,Colorado,Georgia Tech,away,raw,third_down_attempts,17,16,-1,1,no_play_penalty
401856768,2026,1,regular,Idaho,Utah,away,raw,total_plays,61,59,-2,2,fumble_or_safety_swallows_scrimmage_type
401856768,2026,1,regular,Idaho,Utah,away,raw,total_yards,225,233.0,8.0,8.0,fumble_or_safety_swallows_scrimmage_type
401856768,2026,1,regular,Idaho,Utah,away,raw,pass_attempts,30,29,-1,1,fumble_or_safety_swallows_scrimmage_type
401856768,2026,1,regular,Idaho,Utah,away,raw,rush_attempts,31,30,-1,1,fumble_or_safety_swallows_scrimmage_type
401856768,2026,1,regular,Idaho,Utah,away,raw,rush_yards,106,114.0,8.0,8.0,fumble_or_safety_swallows_scrimmage_type
401856768,2026,1,regular,Idaho,Utah,away,raw,turnovers,2,1,-1,1,kneel_accounting
401856768,2026,1,regular,Idaho,Utah,away,raw,fumbles_lost,1,0,-1,1,kneel_accounting
401856768,2026,1,regular,Idaho,Utah,away,raw,third_down_attempts,13,12,-1,1,kneel_accounting
401858424,2026,1,regular,UAB,Illinois,away,raw,total_plays,79,76,-3,3,sack_accounting
401858424,2026,1,regular,UAB,Illinois,away,raw,total_yards,413,411.0,-2.0,2.0,sack_accounting
401858424,2026,1,regular,UAB,Illinois,away,raw,pass_attempts,31,29,-2,2,sack_accounting
401858424,2026,1,regular,UAB,Illinois,away,raw,rush_attempts,48,47,-1,1,sack_accounting
401858424,2026,1,regular,UAB,Illinois,away,raw,rush_yards,194,192.0,-2.0,2.0,sack_accounting
401858424,2026,1,regular,UAB,Illinois,away,raw,turnovers,1,0,-1,1,kneel_accounting
401858424,2026,1,regular,UAB,Illinois,away,raw,interceptions,1,0,-1,1,kneel_accounting
401858424,2026,1,regular,UAB,Illinois,away,raw,fourth_down_attempts,4,3,-1,1,kneel_accounting
401864495,2026,1,regular,San José State,Eastern Michigan,away,raw,total_plays,77,74,-3,3,fumble_or_safety_swallows_scrimmage_type
401864495,2026,1,regular,San José State,Eastern Michigan,away,raw,total_yards,453,457.0,4.0,4.0,fumble_or_safety_swallows_scrimmage_type
401864495,2026,1,regular,San José State,Eastern Michigan,away,raw,pass_attempts,41,40,-1,1,fumble_or_safety_swallows_scrimmage_type
401864495,2026,1,regular,San José State,Eastern Michigan,away,raw,rush_attempts,36,34,-2,2,fumble_or_safety_swallows_scrimmage_type
401864495,2026,1,regular,San José State,Eastern Michigan,away,raw,rush_yards,137,141.0,4.0,4.0,fumble_or_safety_swallows_scrimmage_type
401864495,2026,1,regular,San José State,Eastern Michigan,away,raw,turnovers,2,0,-2,2,kneel_accounting
401864495,2026,1,regular,San José State,Eastern Michigan,away,raw,interceptions,1,0,-1,1,kneel_accounting
401864495,2026,1,regular,San José State,Eastern Michigan,away,raw,fumbles_lost,1,0,-1,1,kneel_accounting
401866623,2026,1,regular,Georgia State,North Carolina A&T,home,raw,total_plays,71,69,-2,2,sack_accounting
401866623,2026,1,regular,Georgia State,North Carolina A&T,home,raw,total_yards,563,550.0,-13.0,13.0,sack_accounting
401866623,2026,1,regular,Georgia State,North Carolina A&T,home,raw,rush_attempts,38,36,-2,2,sack_accounting
401866623,2026,1,regular,Georgia State,North Carolina A&T,home,raw,rush_yards,284,271.0,-13.0,13.0,sack_accounting
401866623,2026,1,regular,North Carolina A&T,Georgia State,away,raw,total_yards,209,210.0,1.0,1.0,sack_accounting
401866623,2026,1,regular,North Carolina A&T,Georgia State,away,raw,rush_yards,84,85.0,1.0,1.0,sack_accounting
401866623,2026,1,regular,North Carolina A&T,Georgia State,away,raw,third_down_attempts,14,15,1,1,kneel_accounting
401858435,2026,1,regular,Purdue,Indiana State,home,raw,total_plays,74,73,-1,1,fumble_or_safety_swallows_scrimmage_type
401858435,2026,1,regular,Purdue,Indiana State,home,raw,total_yards,523,518.0,-5.0,5.0,fumble_or_safety_swallows_scrimmage_type
401858435,2026,1,regular,Purdue,Indiana State,home,raw,rush_attempts,40,39,-1,1,fumble_or_safety_swallows_scrimmage_type
401858435,2026,1,regular,Purdue,Indiana State,home,raw,rush_yards,177,172.0,-5.0,5.0,fumble_or_safety_swallows_scrimmage_type
401858435,2026,1,regular,Indiana State,Purdue,away,raw,total_plays,46,43,-3,3,fumble_or_safety_swallows_scrimmage_type
401858435,2026,1,regular,Indiana State,Purdue,away,raw,total_yards,284,289.0,5.0,5.0,fumble_or_safety_swallows_scrimmage_type
401858435,2026,1,regular,Indiana State,Purdue,away,raw,pass_attempts,22,21,-1,1,fumble_or_safety_swallows_scrimmage_type
401858435,2026,1,regular,Indiana State,Purdue,away,raw,rush_attempts,24,22,-2,2,fumble_or_safety_swallows_scrimmage_type
401858435,2026,1,regular,Indiana State,Purdue,away,raw,rush_yards,66,71.0,5.0,5.0,fumble_or_safety_swallows_scrimmage_type
401858435,2026,1,regular,Indiana State,Purdue,away,raw,third_down_attempts,12,11,-1,1,no_play_penalty
401858429,2026,1,regular,Michigan State,Toledo,home,raw,total_plays,83,82,-1,1,fumble_or_safety_swallows_scrimmage_type
401858429,2026,1,regular,Michigan State,Toledo,home,raw,total_yards,397,392.0,-5.0,5.0,fumble_or_safety_swallows_scrimmage_type
401858429,2026,1,regular,Michigan State,Toledo,home,raw,pass_attempts,34,33,-1,1,fumble_or_safety_swallows_scrimmage_type
401858429,2026,1,regular,Michigan State,Toledo,home,raw,completions,26,25,-1,1,kneel_accounting
401858429,2026,1,regular,Michigan State,Toledo,home,raw,net_pass_yards,247,242.0,-5.0,5.0,fumble_or_safety_swallows_scrimmage_type
401858429,2026,1,regular,Toledo,Michigan State,away,raw,total_plays,41,40,-1,1,fumble_or_safety_swallows_scrimmage_type
401858429,2026,1,regular,Toledo,Michigan State,away,raw,pass_attempts,21,20,-1,1,fumble_or_safety_swallows_scrimmage_type
401858429,2026,1,regular,Toledo,Michigan State,away,raw,turnovers,1,0,-1,1,kneel_accounting
401858429,2026,1,regular,Toledo,Michigan State,away,raw,interceptions,1,0,-1,1,kneel_accounting
401858429,2026,1,regular,Toledo,Michigan State,away,raw,third_down_attempts,8,7,-1,1,kneel_accounting
401856664,2026,1,regular,Oklahoma,UTEP,home,raw,total_yards,401,426.0,25.0,25.0,fumble_or_safety_swallows_scrimmage_type
401856664,2026,1,regular,Oklahoma,UTEP,home,raw,pass_attempts,19,20,1,1,fumble_or_safety_swallows_scrimmage_type
401856664,2026,1,regular,Oklahoma,UTEP,home,raw,completions,12,13,1,1,no_play_penalty
401856664,2026,1,regular,Oklahoma,UTEP,home,raw,net_pass_yards,231,243.0,12.0,12.0,fumble_or_safety_swallows_scrimmage_type
401856664,2026,1,regular,Oklahoma,UTEP,home,raw,rush_attempts,39,38,-1,1,fumble_or_safety_swallows_scrimmage_type
401856664,2026,1,regular,Oklahoma,UTEP,home,raw,rush_yards,170,183.0,13.0,13.0,fumble_or_safety_swallows_scrimmage_type
401856664,2026,1,regular,Oklahoma,UTEP,home,raw,turnovers,1,0,-1,1,no_play_penalty
401856664,2026,1,regular,Oklahoma,UTEP,home,raw,fumbles_lost,1,0,-1,1,no_play_penalty
401856664,2026,1,regular,UTEP,Oklahoma,away,raw,total_plays,56,54,-2,2,fumble_or_safety_swallows_scrimmage_type
401856664,2026,1,regular,UTEP,Oklahoma,away,raw,total_yards,198,224.0,26.0,26.0,fumble_or_safety_swallows_scrimmage_type
401856664,2026,1,regular,UTEP,Oklahoma,away,raw,rush_attempts,38,36,-2,2,fumble_or_safety_swallows_scrimmage_type
401856664,2026,1,regular,UTEP,Oklahoma,away,raw,rush_yards,112,138.0,26.0,26.0,fumble_or_safety_swallows_scrimmage_type
401856664,2026,1,regular,UTEP,Oklahoma,away,raw,third_down_attempts,13,12,-1,1,no_play_penalty
401856664,2026,1,regular,UTEP,Oklahoma,away,raw,fourth_down_attempts,2,3,1,1,no_play_penalty
401856769,2026,1,regular,Kansas,Long Island University,home,raw,turnovers,1,0,-1,1,no_play_penalty
401856769,2026,1,regular,Kansas,Long Island University,home,raw,fumbles_lost,1,0,-1,1,no_play_penalty
401856769,2026,1,regular,Long Island University,Kansas,away,raw,total_plays,53,51,-2,2,fumble_or_safety_swallows_scrimmage_type
401856769,2026,1,regular,Long Island University,Kansas,away,raw,total_yards,146,150.0,4.0,4.0,fumble_or_safety_swallows_scrimmage_type
401856769,2026,1,regular,Long Island University,Kansas,away,raw,rush_attempts,33,31,-2,2,fumble_or_safety_swallows_scrimmage_type
401856769,2026,1,regular,Long Island University,Kansas,away,raw,rush_yards,35,39.0,4.0,4.0,fumble_or_safety_swallows_scrimmage_type
401856769,2026,1,regular,Long Island University,Kansas,away,raw,third_down_attempts,13,12,-1,1,no_play_penalty
401858206,2026,1,regular,Stanford,Miami,home,raw,fourth_down_attempts,2,1,-1,1,kneel_accounting
401858206,2026,1,regular,Miami,Stanford,away,raw,turnovers,2,1,-1,1,kneel_accounting
401858206,2026,1,regular,Miami,Stanford,away,raw,fumbles_lost,1,0,-1,1,kneel_accounting
401858436,2026,1,regular,USC,Fresno State,home,raw,total_plays,68,66,-2,2,fumble_or_safety_swallows_scrimmage_type
401858436,2026,1,regular,USC,Fresno State,home,raw,total_yards,552,539.0,-13.0,13.0,fumble_or_safety_swallows_scrimmage_type
401858436,2026,1,regular,USC,Fresno State,home,raw,pass_attempts,31,29,-2,2,fumble_or_safety_swallows_scrimmage_type
401858436,2026,1,regular,USC,Fresno State,home,raw,completions,29,27,-2,2,kneel_accounting
401858436,2026,1,regular,USC,Fresno State,home,raw,net_pass_yards,412,399.0,-13.0,13.0,fumble_or_safety_swallows_scrimmage_type
401858436,2026,1,regular,USC,Fresno State,home,raw,turnovers,2,0,-2,2,kneel_accounting
401858436,2026,1,regular,USC,Fresno State,home,raw,fumbles_lost,2,0,-2,2,kneel_accounting
401858436,2026,1,regular,Fresno State,USC,away,raw,total_plays,44,41,-3,3,fumble_or_safety_swallows_scrimmage_type
401858436,2026,1,regular,Fresno State,USC,away,raw,total_yards,116,133.0,17.0,17.0,fumble_or_safety_swallows_scrimmage_type
401858436,2026,1,regular,Fresno State,USC,away,raw,rush_attempts,29,26,-3,3,fumble_or_safety_swallows_scrimmage_type
401858436,2026,1,regular,Fresno State,USC,away,raw,rush_yards,39,56.0,17.0,17.0,fumble_or_safety_swallows_scrimmage_type
401858436,2026,1,regular,Fresno State,USC,away,raw,turnovers,2,1,-1,1,kneel_accounting
401858436,2026,1,regular,Fresno State,USC,away,raw,fumbles_lost,1,0,-1,1,kneel_accounting
401858436,2026,1,regular,Fresno State,USC,away,raw,third_down_attempts,10,8,-2,2,kneel_accounting
401856780,2026,1,regular,West Virginia,Coastal Carolina,home,raw,total_plays,75,73,-2,2,fumble_or_safety_swallows_scrimmage_type
401856780,2026,1,regular,West Virginia,Coastal Carolina,home,raw,total_yards,413,417.0,4.0,4.0,fumble_or_safety_swallows_scrimmage_type
401856780,2026,1,regular,West Virginia,Coastal Carolina,home,raw,rush_attempts,61,59,-2,2,fumble_or_safety_swallows_scrimmage_type
401856780,2026,1,regular,West Virginia,Coastal Carolina,home,raw,rush_yards,281,285.0,4.0,4.0,fumble_or_safety_swallows_scrimmage_type
401856780,2026,1,regular,West Virginia,Coastal Carolina,home,raw,third_down_attempts,18,17,-1,1,kneel_accounting
401856780,2026,1,regular,Coastal Carolina,West Virginia,away,raw,total_plays,64,61,-3,3,fumble_or_safety_swallows_scrimmage_type
401856780,2026,1,regular,Coastal Carolina,West Virginia,away,raw,total_yards,425,413.0,-12.0,12.0,fumble_or_safety_swallows_scrimmage_type
401856780,2026,1,regular,Coastal Carolina,West Virginia,away,raw,pass_attempts,37,36,-1,1,fumble_or_safety_swallows_scrimmage_type
401856780,2026,1,regular,Coastal Carolina,West Virginia,away,raw,completions,21,20,-1,1,kneel_accounting
401856780,2026,1,regular,Coastal Carolina,West Virginia,away,raw,net_pass_yards,373,350.0,-23.0,23.0,fumble_or_safety_swallows_scrimmage_type
401856780,2026,1,regular,Coastal Carolina,West Virginia,away,raw,rush_attempts,27,25,-2,2,fumble_or_safety_swallows_scrimmage_type
401856780,2026,1,regular,Coastal Carolina,West Virginia,away,raw,rush_yards,52,63.0,11.0,11.0,fumble_or_safety_swallows_scrimmage_type
401856780,2026,1,regular,Coastal Carolina,West Virginia,away,raw,turnovers,2,1,-1,1,kneel_accounting
401856780,2026,1,regular,Coastal Carolina,West Virginia,away,raw,fumbles_lost,2,1,-1,1,kneel_accounting
401858430,2026,1,regular,Nebraska,Ohio,home,raw,total_plays,74,72,-2,2,fumble_or_safety_swallows_scrimmage_type
401858430,2026,1,regular,Nebraska,Ohio,home,raw,total_yards,523,512.0,-11.0,11.0,fumble_or_safety_swallows_scrimmage_type
401858430,2026,1,regular,Nebraska,Ohio,home,raw,pass_attempts,32,31,-1,1,fumble_or_safety_swallows_scrimmage_type
401858430,2026,1,regular,Nebraska,Ohio,home,raw,completions,18,17,-1,1,no_play_penalty
401858430,2026,1,regular,Nebraska,Ohio,home,raw,net_pass_yards,275,258.0,-17.0,17.0,fumble_or_safety_swallows_scrimmage_type
401858430,2026,1,regular,Nebraska,Ohio,home,raw,rush_attempts,42,41,-1,1,fumble_or_safety_swallows_scrimmage_type
401858430,2026,1,regular,Nebraska,Ohio,home,raw,rush_yards,248,254.0,6.0,6.0,fumble_or_safety_swallows_scrimmage_type
401858430,2026,1,regular,Nebraska,Ohio,home,raw,third_down_attempts,14,15,1,1,no_play_penalty
401858430,2026,1,regular,Ohio,Nebraska,away,raw,total_plays,65,64,-1,1,fumble_or_safety_swallows_scrimmage_type
401858430,2026,1,regular,Ohio,Nebraska,away,raw,total_yards,303,304.0,1.0,1.0,fumble_or_safety_swallows_scrimmage_type
401858430,2026,1,regular,Ohio,Nebraska,away,raw,pass_attempts,32,31,-1,1,fumble_or_safety_swallows_scrimmage_type
401858430,2026,1,regular,Ohio,Nebraska,away,raw,rush_yards,139,140.0,1.0,1.0,fumble_or_safety_swallows_scrimmage_type
401858430,2026,1,regular,Ohio,Nebraska,away,raw,third_down_attempts,15,14,-1,1,no_play_penalty
401861962,2026,1,regular,UConn,Lafayette,home,raw,total_plays,73,69,-4,4,fumble_or_safety_swallows_scrimmage_type
401861962,2026,1,regular,UConn,Lafayette,home,raw,total_yards,671,672.0,1.0,1.0,fumble_or_safety_swallows_scrimmage_type
401861962,2026,1,regular,UConn,Lafayette,home,raw,pass_attempts,33,30,-3,3,fumble_or_safety_swallows_scrimmage_type
401861962,2026,1,regular,UConn,Lafayette,home,raw,completions,25,24,-1,1,no_play_penalty
401861962,2026,1,regular,UConn,Lafayette,home,raw,net_pass_yards,370,369.0,-1.0,1.0,fumble_or_safety_swallows_scrimmage_type
401861962,2026,1,regular,UConn,Lafayette,home,raw,rush_attempts,40,39,-1,1,fumble_or_safety_swallows_scrimmage_type
401861962,2026,1,regular,UConn,Lafayette,home,raw,rush_yards,301,303.0,2.0,2.0,fumble_or_safety_swallows_scrimmage_type
401861962,2026,1,regular,UConn,Lafayette,home,raw,third_down_attempts,12,11,-1,1,no_play_penalty
401861962,2026,1,regular,UConn,Lafayette,home,raw,fourth_down_attempts,3,2,-1,1,no_play_penalty
401861962,2026,1,regular,Lafayette,UConn,away,raw,total_plays,72,71,-1,1,fumble_or_safety_swallows_scrimmage_type
401861962,2026,1,regular,Lafayette,UConn,away,raw,total_yards,209,204.0,-5.0,5.0,fumble_or_safety_swallows_scrimmage_type
401861962,2026,1,regular,Lafayette,UConn,away,raw,pass_attempts,42,41,-1,1,fumble_or_safety_swallows_scrimmage_type
401861962,2026,1,regular,Lafayette,UConn,away,raw,completions,21,20,-1,1,no_play_penalty
401861962,2026,1,regular,Lafayette,UConn,away,raw,net_pass_yards,145,140.0,-5.0,5.0,fumble_or_safety_swallows_scrimmage_type
401861962,2026,1,regular,Lafayette,UConn,away,raw,third_down_attempts,18,17,-1,1,no_play_penalty
401858208,2026,1,regular,Syracuse,New Hampshire,home,raw,total_yards,513,537.0,24.0,24.0,fumble_or_safety_swallows_scrimmage_type
401858208,2026,1,regular,Syracuse,New Hampshire,home,raw,rush_yards,238,262.0,24.0,24.0,fumble_or_safety_swallows_scrimmage_type
401858208,2026,1,regular,New Hampshire,Syracuse,away,raw,total_plays,60,56,-4,4,fumble_or_safety_swallows_scrimmage_type
401858208,2026,1,regular,New Hampshire,Syracuse,away,raw,total_yards,159,183.0,24.0,24.0,fumble_or_safety_swallows_scrimmage_type
401858208,2026,1,regular,New Hampshire,Syracuse,away,raw,pass_attempts,26,25,-1,1,fumble_or_safety_swallows_scrimmage_type
401858208,2026,1,regular,New Hampshire,Syracuse,away,raw,rush_attempts,34,31,-3,3,fumble_or_safety_swallows_scrimmage_type
401858208,2026,1,regular,New Hampshire,Syracuse,away,raw,rush_yards,60,84.0,24.0,24.0,fumble_or_safety_swallows_scrimmage_type
401858208,2026,1,regular,New Hampshire,Syracuse,away,raw,fourth_down_attempts,0,1,1,1,kneel_accounting
401856778,2026,1,regular,Houston,Oregon State,home,raw,total_plays,72,70,-2,2,fumble_or_safety_swallows_scrimmage_type
401856778,2026,1,regular,Houston,Oregon State,home,raw,total_yards,533,526.0,-7.0,7.0,fumble_or_safety_swallows_scrimmage_type
401856778,2026,1,regular,Houston,Oregon State,home,raw,pass_attempts,31,30,-1,1,fumble_or_safety_swallows_scrimmage_type
401856778,2026,1,regular,Houston,Oregon State,home,raw,rush_attempts,41,40,-1,1,fumble_or_safety_swallows_scrimmage_type
401856778,2026,1,regular,Houston,Oregon State,home,raw,rush_yards,228,221.0,-7.0,7.0,fumble_or_safety_swallows_scrimmage_type
401856778,2026,1,regular,Houston,Oregon State,home,raw,turnovers,2,1,-1,1,no_play_penalty
401856778,2026,1,regular,Houston,Oregon State,home,raw,interceptions,1,0,-1,1,no_play_penalty
401862701,2026,1,regular,Bryant,Army,away,raw,total_plays,53,52,-1,1,fumble_or_safety_swallows_scrimmage_type
401862701,2026,1,regular,Bryant,Army,away,raw,total_yards,165,159.0,-6.0,6.0,fumble_or_safety_swallows_scrimmage_type
401862701,2026,1,regular,Bryant,Army,away,raw,pass_attempts,23,22,-1,1,fumble_or_safety_swallows_scrimmage_type
401862701,2026,1,regular,Bryant,Army,away,raw,completions,11,10,-1,1,kneel_accounting
401862701,2026,1,regular,Bryant,Army,away,raw,net_pass_yards,98,90.0,-8.0,8.0,fumble_or_safety_swallows_scrimmage_type
401862701,2026,1,regular,Bryant,Army,away,raw,rush_yards,67,69.0,2.0,2.0,fumble_or_safety_swallows_scrimmage_type
401862701,2026,1,regular,Bryant,Army,away,raw,third_down_attempts,14,13,-1,1,kneel_accounting
401862701,2026,1,regular,Bryant,Army,away,raw,third_down_conversions,3,2,-1,1,kneel_accounting
401869960,2026,1,regular,Liberty,James Madison,away,raw,total_plays,65,64,-1,1,fumble_or_safety_swallows_scrimmage_type
401869960,2026,1,regular,Liberty,James Madison,away,raw,total_yards,321,313.0,-8.0,8.0,fumble_or_safety_swallows_scrimmage_type
401869960,2026,1,regular,Liberty,James Madison,away,raw,rush_attempts,38,37,-1,1,fumble_or_safety_swallows_scrimmage_type
401869960,2026,1,regular,Liberty,James Madison,away,raw,rush_yards,91,83.0,-8.0,8.0,fumble_or_safety_swallows_scrimmage_type
401858425,2026,1,regular,North Texas,Indiana,away,raw,total_plays,67,66,-1,1,sack_accounting
401858425,2026,1,regular,North Texas,Indiana,away,raw,pass_attempts,29,28,-1,1,sack_accounting
401858425,2026,1,regular,North Texas,Indiana,away,raw,fourth_down_attempts,3,2,-1,1,no_play_penalty
401856634,2026,1,regular,Alabama,East Carolina,home,raw,total_plays,81,79,-2,2,sack_accounting
401856634,2026,1,regular,Alabama,East Carolina,home,raw,total_yards,487,472.0,-15.0,15.0,sack_accounting
401856634,2026,1,regular,Alabama,East Carolina,home,raw,pass_attempts,32,31,-1,1,sack_accounting
401856634,2026,1,regular,Alabama,East Carolina,home,raw,completions,19,18,-1,1,accepted_or_declined_penalty
401856634,2026,1,regular,Alabama,East Carolina,home,raw,net_pass_yards,260,248.0,-12.0,12.0,sack_accounting
401856634,2026,1,regular,Alabama,East Carolina,home,raw,rush_attempts,49,48,-1,1,sack_accounting
401856634,2026,1,regular,Alabama,East Carolina,home,raw,rush_yards,227,224.0,-3.0,3.0,sack_accounting
401856634,2026,1,regular,East Carolina,Alabama,away,raw,total_plays,41,40,-1,1,sack_accounting
401856634,2026,1,regular,East Carolina,Alabama,away,raw,pass_attempts,19,18,-1,1,sack_accounting
401866410,2026,1,regular,Bowling Green,Tarleton State,home,raw,total_plays,67,64,-3,3,fumble_or_safety_swallows_scrimmage_type
401866410,2026,1,regular,Bowling Green,Tarleton State,home,raw,total_yards,366,367.0,1.0,1.0,fumble_or_safety_swallows_scrimmage_type
401866410,2026,1,regular,Bowling Green,Tarleton State,home,raw,net_pass_yards,262,278.0,16.0,16.0,fumble_or_safety_swallows_scrimmage_type
401866410,2026,1,regular,Bowling Green,Tarleton State,home,raw,rush_attempts,37,34,-3,3,fumble_or_safety_swallows_scrimmage_type
401866410,2026,1,regular,Bowling Green,Tarleton State,home,raw,rush_yards,104,89.0,-15.0,15.0,fumble_or_safety_swallows_scrimmage_type
401866410,2026,1,regular,Bowling Green,Tarleton State,home,raw,turnovers,2,1,-1,1,no_play_penalty
401866410,2026,1,regular,Bowling Green,Tarleton State,home,raw,fumbles_lost,2,1,-1,1,no_play_penalty
401866410,2026,1,regular,Tarleton State,Bowling Green,away,raw,total_plays,57,56,-1,1,fumble_or_safety_swallows_scrimmage_type
401866410,2026,1,regular,Tarleton State,Bowling Green,away,raw,total_yards,464,457.0,-7.0,7.0,fumble_or_safety_swallows_scrimmage_type
401866410,2026,1,regular,Tarleton State,Bowling Green,away,raw,rush_attempts,33,32,-1,1,fumble_or_safety_swallows_scrimmage_type
401866410,2026,1,regular,Tarleton State,Bowling Green,away,raw,rush_yards,258,251.0,-7.0,7.0,fumble_or_safety_swallows_scrimmage_type
401866410,2026,1,regular,Tarleton State,Bowling Green,away,raw,third_down_attempts,10,9,-1,1,no_play_penalty
401858432,2026,1,regular,Ball State,Ohio State,away,raw,total_plays,60,59,-1,1,sack_accounting
401858432,2026,1,regular,Ball State,Ohio State,away,raw,pass_attempts,37,36,-1,1,sack_accounting
401858432,2026,1,regular,Ball State,Ohio State,away,raw,turnovers,1,0,-1,1,kneel_accounting
401858432,2026,1,regular,Ball State,Ohio State,away,raw,interceptions,1,0,-1,1,kneel_accounting
401858432,2026,1,regular,Ball State,Ohio State,away,raw,third_down_attempts,14,13,-1,1,kneel_accounting
401858207,2026,1,regular,Pittsburgh,Miami (OH),home,raw,pass_attempts,44,45,1,1,fumble_or_safety_swallows_scrimmage_type
401858207,2026,1,regular,Pittsburgh,Miami (OH),home,raw,completions,34,35,1,1,no_play_penalty
401858207,2026,1,regular,Pittsburgh,Miami (OH),home,raw,rush_attempts,31,30,-1,1,fumble_or_safety_swallows_scrimmage_type
401858207,2026,1,regular,Pittsburgh,Miami (OH),home,raw,third_down_attempts,10,11,1,1,no_play_penalty
401858207,2026,1,regular,Miami (OH),Pittsburgh,away,raw,total_yards,289,276.0,-13.0,13.0,fumble_or_safety_swallows_scrimmage_type
401858207,2026,1,regular,Miami (OH),Pittsburgh,away,raw,net_pass_yards,261,248.0,-13.0,13.0,fumble_or_safety_swallows_scrimmage_type
401858207,2026,1,regular,Miami (OH),Pittsburgh,away,raw,third_down_attempts,13,14,1,1,no_play_penalty
401858207,2026,1,regular,Miami (OH),Pittsburgh,away,raw,third_down_conversions,3,4,1,1,no_play_penalty
401856665,2026,1,regular,South Carolina,Kent State,home,raw,total_plays,72,70,-2,2,fumble_or_safety_swallows_scrimmage_type
401856665,2026,1,regular,South Carolina,Kent State,home,raw,total_yards,645,626.0,-19.0,19.0,fumble_or_safety_swallows_scrimmage_type
401856665,2026,1,regular,South Carolina,Kent State,home,raw,pass_attempts,33,32,-1,1,fumble_or_safety_swallows_scrimmage_type
401856665,2026,1,regular,South Carolina,Kent State,home,raw,completions,27,26,-1,1,kneel_accounting
401856665,2026,1,regular,South Carolina,Kent State,home,raw,net_pass_yards,367,351.0,-16.0,16.0,fumble_or_safety_swallows_scrimmage_type
401856665,2026,1,regular,South Carolina,Kent State,home,raw,rush_attempts,39,38,-1,1,fumble_or_safety_swallows_scrimmage_type
401856665,2026,1,regular,South Carolina,Kent State,home,raw,rush_yards,278,275.0,-3.0,3.0,fumble_or_safety_swallows_scrimmage_type
401856665,2026,1,regular,South Carolina,Kent State,home,raw,third_down_attempts,8,9,1,1,kneel_accounting
401856665,2026,1,regular,South Carolina,Kent State,home,raw,third_down_conversions,7,8,1,1,kneel_accounting
401864496,2026,1,regular,Duquesne,Air Force,away,raw,total_plays,43,42,-1,1,sack_accounting
401864496,2026,1,regular,Duquesne,Air Force,away,raw,pass_attempts,22,21,-1,1,sack_accounting
401864496,2026,1,regular,Duquesne,Air Force,away,raw,third_down_attempts,11,10,-1,1,no_play_penalty
401856659,2026,1,regular,Kentucky,Youngstown State,home,raw,total_plays,61,59,-2,2,fumble_or_safety_swallows_scrimmage_type
401856659,2026,1,regular,Kentucky,Youngstown State,home,raw,total_yards,506,502.0,-4.0,4.0,fumble_or_safety_swallows_scrimmage_type
401856659,2026,1,regular,Kentucky,Youngstown State,home,raw,pass_attempts,27,26,-1,1,fumble_or_safety_swallows_scrimmage_type
401856659,2026,1,regular,Kentucky,Youngstown State,home,raw,completions,18,17,-1,1,kneel_accounting
401856659,2026,1,regular,Kentucky,Youngstown State,home,raw,net_pass_yards,301,300.0,-1.0,1.0,fumble_or_safety_swallows_scrimmage_type
401856659,2026,1,regular,Kentucky,Youngstown State,home,raw,rush_attempts,34,33,-1,1,fumble_or_safety_swallows_scrimmage_type
401856659,2026,1,regular,Kentucky,Youngstown State,home,raw,rush_yards,205,202.0,-3.0,3.0,fumble_or_safety_swallows_scrimmage_type
401856659,2026,1,regular,Youngstown State,Kentucky,away,raw,total_plays,66,65,-1,1,fumble_or_safety_swallows_scrimmage_type
401856659,2026,1,regular,Youngstown State,Kentucky,away,raw,total_yards,305,309.0,4.0,4.0,fumble_or_safety_swallows_scrimmage_type
401856659,2026,1,regular,Youngstown State,Kentucky,away,raw,rush_attempts,28,27,-1,1,fumble_or_safety_swallows_scrimmage_type
401856659,2026,1,regular,Youngstown State,Kentucky,away,raw,rush_yards,59,63.0,4.0,4.0,fumble_or_safety_swallows_scrimmage_type
401856659,2026,1,regular,Youngstown State,Kentucky,away,raw,turnovers,1,0,-1,1,kneel_accounting
401856659,2026,1,regular,Youngstown State,Kentucky,away,raw,fumbles_lost,1,0,-1,1,kneel_accounting
401856659,2026,1,regular,Youngstown State,Kentucky,away,raw,third_down_attempts,15,14,-1,1,kneel_accounting
401856779,2026,1,regular,Iowa State,Southeast Missouri State,home,raw,turnovers,1,0,-1,1,no_play_penalty
401856779,2026,1,regular,Iowa State,Southeast Missouri State,home,raw,fumbles_lost,1,0,-1,1,no_play_penalty
401856779,2026,1,regular,Southeast Missouri State,Iowa State,away,raw,total_plays,67,63,-4,4,fumble_or_safety_swallows_scrimmage_type
401856779,2026,1,regular,Southeast Missouri State,Iowa State,away,raw,total_yards,209,247.0,38.0,38.0,fumble_or_safety_swallows_scrimmage_type
401856779,2026,1,regular,Southeast Missouri State,Iowa State,away,raw,pass_attempts,22,21,-1,1,fumble_or_safety_swallows_scrimmage_type
401856779,2026,1,regular,Southeast Missouri State,Iowa State,away,raw,completions,17,16,-1,1,no_play_penalty
401856779,2026,1,regular,Southeast Missouri State,Iowa State,away,raw,net_pass_yards,142,134.0,-8.0,8.0,fumble_or_safety_swallows_scrimmage_type
401856779,2026,1,regular,Southeast Missouri State,Iowa State,away,raw,rush_attempts,45,42,-3,3,fumble_or_safety_swallows_scrimmage_type
401856779,2026,1,regular,Southeast Missouri State,Iowa State,away,raw,rush_yards,67,113.0,46.0,46.0,fumble_or_safety_swallows_scrimmage_type
401856779,2026,1,regular,Southeast Missouri State,Iowa State,away,raw,turnovers,3,2,-1,1,no_play_penalty
401856779,2026,1,regular,Southeast Missouri State,Iowa State,away,raw,fumbles_lost,2,1,-1,1,no_play_penalty
401856779,2026,1,regular,Southeast Missouri State,Iowa State,away,raw,third_down_attempts,16,15,-1,1,no_play_penalty
401862698,2026,1,regular,Temple,Rhode Island,home,raw,total_plays,61,59,-2,2,fumble_or_safety_swallows_scrimmage_type
401862698,2026,1,regular,Temple,Rhode Island,home,raw,total_yards,369,373.0,4.0,4.0,fumble_or_safety_swallows_scrimmage_type
401862698,2026,1,regular,Temple,Rhode Island,home,raw,rush_attempts,45,43,-2,2,fumble_or_safety_swallows_scrimmage_type
401862698,2026,1,regular,Temple,Rhode Island,home,raw,rush_yards,227,231.0,4.0,4.0,fumble_or_safety_swallows_scrimmage_type
401862698,2026,1,regular,Temple,Rhode Island,home,raw,turnovers,1,0,-1,1,kneel_accounting
401862698,2026,1,regular,Temple,Rhode Island,home,raw,fumbles_lost,1,0,-1,1,kneel_accounting
401862698,2026,1,regular,Temple,Rhode Island,home,raw,third_down_attempts,12,11,-1,1,kneel_accounting
401862698,2026,1,regular,Temple,Rhode Island,home,raw,fourth_down_conversions,2,1,-1,1,kneel_accounting
401862698,2026,1,regular,Rhode Island,Temple,away,raw,total_plays,61,58,-3,3,fumble_or_safety_swallows_scrimmage_type
401862698,2026,1,regular,Rhode Island,Temple,away,raw,total_yards,292,275.0,-17.0,17.0,fumble_or_safety_swallows_scrimmage_type
401862698,2026,1,regular,Rhode Island,Temple,away,raw,pass_attempts,31,29,-2,2,fumble_or_safety_swallows_scrimmage_type
401862698,2026,1,regular,Rhode Island,Temple,away,raw,rush_attempts,30,29,-1,1,fumble_or_safety_swallows_scrimmage_type
401862698,2026,1,regular,Rhode Island,Temple,away,raw,rush_yards,97,80.0,-17.0,17.0,fumble_or_safety_swallows_scrimmage_type
401856658,2026,1,regular,Georgia,Tennessee State,home,raw,total_plays,60,58,-2,2,sack_accounting
401856658,2026,1,regular,Georgia,Tennessee State,home,raw,total_yards,660,582.0,-78.0,78.0,sack_accounting
401856658,2026,1,regular,Georgia,Tennessee State,home,raw,pass_attempts,33,31,-2,2,sack_accounting
401856658,2026,1,regular,Georgia,Tennessee State,home,raw,completions,25,23,-2,2,kneel_accounting
401856658,2026,1,regular,Georgia,Tennessee State,home,raw,net_pass_yards,388,310.0,-78.0,78.0,sack_accounting
401856658,2026,1,regular,Tennessee State,Georgia,away,raw,total_plays,58,57,-1,1,sack_accounting
401856658,2026,1,regular,Tennessee State,Georgia,away,raw,total_yards,109,119.0,10.0,10.0,sack_accounting
401856658,2026,1,regular,Tennessee State,Georgia,away,raw,rush_attempts,32,31,-1,1,sack_accounting
401856658,2026,1,regular,Tennessee State,Georgia,away,raw,rush_yards,10,20.0,10.0,10.0,sack_accounting
401856658,2026,1,regular,Tennessee State,Georgia,away,raw,third_down_attempts,17,16,-1,1,kneel_accounting
401856636,2026,1,regular,Auburn,Baylor,home,raw,total_plays,76,71,-5,5,fumble_or_safety_swallows_scrimmage_type
401856636,2026,1,regular,Auburn,Baylor,home,raw,total_yards,389,369.0,-20.0,20.0,fumble_or_safety_swallows_scrimmage_type
401856636,2026,1,regular,Auburn,Baylor,home,raw,pass_attempts,35,31,-4,4,fumble_or_safety_swallows_scrimmage_type
401856636,2026,1,regular,Auburn,Baylor,home,raw,completions,26,25,-1,1,no_play_penalty
401856636,2026,1,regular,Auburn,Baylor,home,raw,net_pass_yards,259,241.0,-18.0,18.0,fumble_or_safety_swallows_scrimmage_type
401856636,2026,1,regular,Auburn,Baylor,home,raw,rush_attempts,41,40,-1,1,fumble_or_safety_swallows_scrimmage_type
401856636,2026,1,regular,Auburn,Baylor,home,raw,rush_yards,130,128.0,-2.0,2.0,fumble_or_safety_swallows_scrimmage_type
401856636,2026,1,regular,Auburn,Baylor,home,raw,turnovers,3,1,-2,2,no_play_penalty
401856636,2026,1,regular,Auburn,Baylor,home,raw,interceptions,3,1,-2,2,no_play_penalty
401856636,2026,1,regular,Auburn,Baylor,home,raw,third_down_attempts,18,17,-1,1,no_play_penalty
401856636,2026,1,regular,Baylor,Auburn,away,raw,total_plays,99,95,-4,4,fumble_or_safety_swallows_scrimmage_type
401856636,2026,1,regular,Baylor,Auburn,away,raw,total_yards,436,451.0,15.0,15.0,fumble_or_safety_swallows_scrimmage_type
401856636,2026,1,regular,Baylor,Auburn,away,raw,pass_attempts,54,53,-1,1,fumble_or_safety_swallows_scrimmage_type
401856636,2026,1,regular,Baylor,Auburn,away,raw,rush_attempts,45,42,-3,3,fumble_or_safety_swallows_scrimmage_type
401856636,2026,1,regular,Baylor,Auburn,away,raw,rush_yards,103,118.0,15.0,15.0,fumble_or_safety_swallows_scrimmage_type
401856636,2026,1,regular,Baylor,Auburn,away,raw,third_down_attempts,22,20,-2,2,no_play_penalty
401862696,2026,1,regular,Navy,Towson,home,raw,total_plays,79,78,-1,1,fumble_or_safety_swallows_scrimmage_type
401862696,2026,1,regular,Navy,Towson,home,raw,total_yards,527,528.0,1.0,1.0,fumble_or_safety_swallows_scrimmage_type
401862696,2026,1,regular,Navy,Towson,home,raw,rush_attempts,73,72,-1,1,fumble_or_safety_swallows_scrimmage_type
401862696,2026,1,regular,Navy,Towson,home,raw,rush_yards,506,507.0,1.0,1.0,fumble_or_safety_swallows_scrimmage_type
401856777,2026,1,regular,Cincinnati,Boston College,home,raw,total_plays,61,60,-1,1,fumble_or_safety_swallows_scrimmage_type
401856777,2026,1,regular,Cincinnati,Boston College,home,raw,total_yards,339,335.0,-4.0,4.0,fumble_or_safety_swallows_scrimmage_type
401856777,2026,1,regular,Cincinnati,Boston College,home,raw,rush_attempts,46,45,-1,1,fumble_or_safety_swallows_scrimmage_type
401856777,2026,1,regular,Cincinnati,Boston College,home,raw,rush_yards,254,250.0,-4.0,4.0,fumble_or_safety_swallows_scrimmage_type
401856777,2026,1,regular,Cincinnati,Boston College,home,raw,third_down_attempts,12,11,-1,1,kneel_accounting
401856777,2026,1,regular,Cincinnati,Boston College,home,raw,third_down_conversions,5,4,-1,1,kneel_accounting
401856777,2026,1,regular,Boston College,Cincinnati,away,raw,total_plays,73,70,-3,3,fumble_or_safety_swallows_scrimmage_type
401856777,2026,1,regular,Boston College,Cincinnati,away,raw,total_yards,388,394.0,6.0,6.0,fumble_or_safety_swallows_scrimmage_type
401856777,2026,1,regular,Boston College,Cincinnati,away,raw,pass_attempts,35,34,-1,1,fumble_or_safety_swallows_scrimmage_type
401856777,2026,1,regular,Boston College,Cincinnati,away,raw,completions,18,17,-1,1,kneel_accounting
401856777,2026,1,regular,Boston College,Cincinnati,away,raw,net_pass_yards,223,224.0,1.0,1.0,fumble_or_safety_swallows_scrimmage_type
401856777,2026,1,regular,Boston College,Cincinnati,away,raw,rush_attempts,38,36,-2,2,fumble_or_safety_swallows_scrimmage_type
401856777,2026,1,regular,Boston College,Cincinnati,away,raw,rush_yards,165,170.0,5.0,5.0,fumble_or_safety_swallows_scrimmage_type
401856777,2026,1,regular,Boston College,Cincinnati,away,raw,turnovers,2,1,-1,1,kneel_accounting
401856777,2026,1,regular,Boston College,Cincinnati,away,raw,fumbles_lost,1,0,-1,1,kneel_accounting
401858433,2026,1,regular,Oregon,Boise State,home,raw,total_plays,63,64,1,1,sack_accounting
401858433,2026,1,regular,Oregon,Boise State,home,raw,total_yards,497,506.0,9.0,9.0,sack_accounting
401858433,2026,1,regular,Oregon,Boise State,home,raw,pass_attempts,38,39,1,1,sack_accounting
401858433,2026,1,regular,Oregon,Boise State,home,raw,completions,28,29,1,1,kneel_accounting
401858433,2026,1,regular,Oregon,Boise State,home,raw,net_pass_yards,378,387.0,9.0,9.0,sack_accounting
401858433,2026,1,regular,Oregon,Boise State,home,raw,turnovers,1,0,-1,1,kneel_accounting
401858433,2026,1,regular,Oregon,Boise State,home,raw,fumbles_lost,1,0,-1,1,kneel_accounting
401858433,2026,1,regular,Boise State,Oregon,away,raw,total_plays,65,66,1,1,sack_accounting
401858433,2026,1,regular,Boise State,Oregon,away,raw,total_yards,274,276.0,2.0,2.0,sack_accounting
401858433,2026,1,regular,Boise State,Oregon,away,raw,rush_attempts,36,37,1,1,sack_accounting
401858433,2026,1,regular,Boise State,Oregon,away,raw,rush_yards,93,95.0,2.0,2.0,sack_accounting
401866627,2026,1,regular,App State,Maine,home,raw,total_plays,72,70,-2,2,fumble_or_safety_swallows_scrimmage_type
401866627,2026,1,regular,App State,Maine,home,raw,total_yards,647,658.0,11.0,11.0,fumble_or_safety_swallows_scrimmage_type
401866627,2026,1,regular,App State,Maine,home,raw,rush_attempts,39,37,-2,2,fumble_or_safety_swallows_scrimmage_type
401866627,2026,1,regular,App State,Maine,home,raw,rush_yards,299,310.0,11.0,11.0,fumble_or_safety_swallows_scrimmage_type
401866627,2026,1,regular,App State,Maine,home,raw,turnovers,1,0,-1,1,no_play_penalty
401866627,2026,1,regular,App State,Maine,home,raw,fumbles_lost,1,0,-1,1,no_play_penalty
401866627,2026,1,regular,Maine,App State,away,raw,total_plays,60,59,-1,1,fumble_or_safety_swallows_scrimmage_type
401866627,2026,1,regular,Maine,App State,away,raw,pass_attempts,32,31,-1,1,fumble_or_safety_swallows_scrimmage_type
401862700,2026,1,regular,UT Rio Grande Valley,UTSA,away,raw,total_plays,81,78,-3,3,fumble_or_safety_swallows_scrimmage_type
401862700,2026,1,regular,UT Rio Grande Valley,UTSA,away,raw,total_yards,422,448.0,26.0,26.0,fumble_or_safety_swallows_scrimmage_type
401862700,2026,1,regular,UT Rio Grande Valley,UTSA,away,raw,pass_attempts,47,46,-1,1,fumble_or_safety_swallows_scrimmage_type
401862700,2026,1,regular,UT Rio Grande Valley,UTSA,away,raw,net_pass_yards,245,271.0,26.0,26.0,fumble_or_safety_swallows_scrimmage_type
401862700,2026,1,regular,UT Rio Grande Valley,UTSA,away,raw,rush_attempts,34,32,-2,2,fumble_or_safety_swallows_scrimmage_type
401862700,2026,1,regular,UT Rio Grande Valley,UTSA,away,raw,fourth_down_attempts,3,2,-1,1,kneel_accounting
401864499,2026,1,regular,North Dakota State,Fordham,home,raw,total_plays,69,67,-2,2,fumble_or_safety_swallows_scrimmage_type
401864499,2026,1,regular,North Dakota State,Fordham,home,raw,total_yards,373,364.0,-9.0,9.0,fumble_or_safety_swallows_scrimmage_type
401864499,2026,1,regular,North Dakota State,Fordham,home,raw,rush_attempts,43,41,-2,2,fumble_or_safety_swallows_scrimmage_type
401864499,2026,1,regular,North Dakota State,Fordham,home,raw,rush_yards,128,119.0,-9.0,9.0,fumble_or_safety_swallows_scrimmage_type
401864499,2026,1,regular,Fordham,North Dakota State,away,raw,total_plays,48,43,-5,5,fumble_or_safety_swallows_scrimmage_type
401864499,2026,1,regular,Fordham,North Dakota State,away,raw,total_yards,135,160.0,25.0,25.0,fumble_or_safety_swallows_scrimmage_type
401864499,2026,1,regular,Fordham,North Dakota State,away,raw,pass_attempts,22,19,-3,3,fumble_or_safety_swallows_scrimmage_type
401864499,2026,1,regular,Fordham,North Dakota State,away,raw,rush_attempts,26,24,-2,2,fumble_or_safety_swallows_scrimmage_type
401864499,2026,1,regular,Fordham,North Dakota State,away,raw,rush_yards,19,44.0,25.0,25.0,fumble_or_safety_swallows_scrimmage_type
401864499,2026,1,regular,Fordham,North Dakota State,away,raw,turnovers,4,2,-2,2,kneel_accounting
401864499,2026,1,regular,Fordham,North Dakota State,away,raw,interceptions,3,2,-1,1,kneel_accounting
401864499,2026,1,regular,Fordham,North Dakota State,away,raw,fumbles_lost,1,0,-1,1,kneel_accounting
401864499,2026,1,regular,Fordham,North Dakota State,away,raw,third_down_attempts,12,9,-3,3,kneel_accounting
401858209,2026,1,regular,Duke,Tulane,home,raw,total_plays,77,74,-3,3,fumble_or_safety_swallows_scrimmage_type
401858209,2026,1,regular,Duke,Tulane,home,raw,total_yards,381,374.0,-7.0,7.0,fumble_or_safety_swallows_scrimmage_type
401858209,2026,1,regular,Duke,Tulane,home,raw,pass_attempts,28,27,-1,1,fumble_or_safety_swallows_scrimmage_type
401858209,2026,1,regular,Duke,Tulane,home,raw,completions,13,12,-1,1,kneel_accounting
401858209,2026,1,regular,Duke,Tulane,home,raw,net_pass_yards,131,128.0,-3.0,3.0,fumble_or_safety_swallows_scrimmage_type
401858209,2026,1,regular,Duke,Tulane,home,raw,rush_attempts,49,47,-2,2,fumble_or_safety_swallows_scrimmage_type
401858209,2026,1,regular,Duke,Tulane,home,raw,rush_yards,250,246.0,-4.0,4.0,fumble_or_safety_swallows_scrimmage_type
401858209,2026,1,regular,Duke,Tulane,home,raw,turnovers,1,0,-1,1,kneel_accounting
401858209,2026,1,regular,Duke,Tulane,home,raw,fumbles_lost,1,0,-1,1,kneel_accounting
401858209,2026,1,regular,Duke,Tulane,home,raw,third_down_attempts,18,17,-1,1,kneel_accounting
401858209,2026,1,regular,Tulane,Duke,away,raw,total_plays,56,53,-3,3,fumble_or_safety_swallows_scrimmage_type
401858209,2026,1,regular,Tulane,Duke,away,raw,total_yards,258,220.0,-38.0,38.0,fumble_or_safety_swallows_scrimmage_type
401858209,2026,1,regular,Tulane,Duke,away,raw,pass_attempts,30,29,-1,1,fumble_or_safety_swallows_scrimmage_type
401858209,2026,1,regular,Tulane,Duke,away,raw,completions,17,16,-1,1,kneel_accounting
401858209,2026,1,regular,Tulane,Duke,away,raw,net_pass_yards,204,165.0,-39.0,39.0,fumble_or_safety_swallows_scrimmage_type
401858209,2026,1,regular,Tulane,Duke,away,raw,rush_attempts,26,24,-2,2,fumble_or_safety_swallows_scrimmage_type
401858209,2026,1,regular,Tulane,Duke,away,raw,rush_yards,54,55.0,1.0,1.0,fumble_or_safety_swallows_scrimmage_type
401858434,2026,1,regular,Penn State,Marshall,home,raw,total_yards,487,539.0,52.0,52.0,fumble_or_safety_swallows_scrimmage_type
401858434,2026,1,regular,Penn State,Marshall,home,raw,net_pass_yards,324,376.0,52.0,52.0,fumble_or_safety_swallows_scrimmage_type
401858434,2026,1,regular,Marshall,Penn State,away,raw,total_plays,54,51,-3,3,fumble_or_safety_swallows_scrimmage_type
401858434,2026,1,regular,Marshall,Penn State,away,raw,total_yards,147,161.0,14.0,14.0,fumble_or_safety_swallows_scrimmage_type
401858434,2026,1,regular,Marshall,Penn State,away,raw,rush_attempts,26,23,-3,3,fumble_or_safety_swallows_scrimmage_type
401858434,2026,1,regular,Marshall,Penn State,away,raw,rush_yards,44,58.0,14.0,14.0,fumble_or_safety_swallows_scrimmage_type
401858434,2026,1,regular,Marshall,Penn State,away,raw,turnovers,2,1,-1,1,no_play_penalty
401858434,2026,1,regular,Marshall,Penn State,away,raw,fumbles_lost,1,0,-1,1,no_play_penalty
401858434,2026,1,regular,Marshall,Penn State,away,raw,third_down_conversions,1,2,1,1,no_play_penalty
401856667,2026,1,regular,Texas State,Texas,away,raw,total_plays,70,66,-4,4,fumble_or_safety_swallows_scrimmage_type
401856667,2026,1,regular,Texas State,Texas,away,raw,pass_attempts,29,28,-1,1,fumble_or_safety_swallows_scrimmage_type
401856667,2026,1,regular,Texas State,Texas,away,raw,rush_attempts,41,38,-3,3,fumble_or_safety_swallows_scrimmage_type
401856667,2026,1,regular,Texas State,Texas,away,raw,turnovers,3,2,-1,1,no_play_penalty
401856667,2026,1,regular,Texas State,Texas,away,raw,fumbles_lost,2,1,-1,1,no_play_penalty
401862694,2026,1,regular,Charlotte,The Citadel,home,raw,total_plays,74,71,-3,3,sack_accounting
401862694,2026,1,regular,Charlotte,The Citadel,home,raw,total_yards,538,532.0,-6.0,6.0,sack_accounting
401862694,2026,1,regular,Charlotte,The Citadel,home,raw,pass_attempts,41,38,-3,3,sack_accounting
401862694,2026,1,regular,Charlotte,The Citadel,home,raw,completions,28,27,-1,1,two_point_attempt
401862694,2026,1,regular,Charlotte,The Citadel,home,raw,net_pass_yards,322,316.0,-6.0,6.0,sack_accounting
401862694,2026,1,regular,Charlotte,The Citadel,home,raw,turnovers,2,1,-1,1,two_point_attempt
401862694,2026,1,regular,Charlotte,The Citadel,home,raw,interceptions,2,1,-1,1,two_point_attempt
401856666,2026,1,regular,Tennessee,Furman,home,raw,total_plays,74,72,-2,2,fumble_or_safety_swallows_scrimmage_type
401856666,2026,1,regular,Tennessee,Furman,home,raw,total_yards,638,636.0,-2.0,2.0,fumble_or_safety_swallows_scrimmage_type
401856666,2026,1,regular,Tennessee,Furman,home,raw,rush_attempts,47,45,-2,2,fumble_or_safety_swallows_scrimmage_type
401856666,2026,1,regular,Tennessee,Furman,home,raw,rush_yards,329,327.0,-2.0,2.0,fumble_or_safety_swallows_scrimmage_type
401856666,2026,1,regular,Tennessee,Furman,home,raw,turnovers,2,0,-2,2,kneel_accounting
401856666,2026,1,regular,Tennessee,Furman,home,raw,fumbles_lost,2,0,-2,2,kneel_accounting
401856666,2026,1,regular,Tennessee,Furman,home,raw,third_down_attempts,11,10,-1,1,kneel_accounting
401856666,2026,1,regular,Furman,Tennessee,away,raw,total_plays,58,57,-1,1,fumble_or_safety_swallows_scrimmage_type
401856666,2026,1,regular,Furman,Tennessee,away,raw,total_yards,221,229.0,8.0,8.0,fumble_or_safety_swallows_scrimmage_type
401856666,2026,1,regular,Furman,Tennessee,away,raw,net_pass_yards,43,50.0,7.0,7.0,fumble_or_safety_swallows_scrimmage_type
401856666,2026,1,regular,Furman,Tennessee,away,raw,rush_attempts,36,35,-1,1,fumble_or_safety_swallows_scrimmage_type
401856666,2026,1,regular,Furman,Tennessee,away,raw,rush_yards,178,179.0,1.0,1.0,fumble_or_safety_swallows_scrimmage_type
401856666,2026,1,regular,Furman,Tennessee,away,raw,third_down_attempts,15,14,-1,1,kneel_accounting
401856772,2026,1,regular,Tulsa,Oklahoma State,home,raw,turnovers,1,0,-1,1,kneel_accounting
401856772,2026,1,regular,Tulsa,Oklahoma State,home,raw,interceptions,1,0,-1,1,kneel_accounting
401856772,2026,1,regular,Oklahoma State,Tulsa,away,raw,total_plays,86,83,-3,3,fumble_or_safety_swallows_scrimmage_type
401856772,2026,1,regular,Oklahoma State,Tulsa,away,raw,total_yards,368,372.0,4.0,4.0,fumble_or_safety_swallows_scrimmage_type
401856772,2026,1,regular,Oklahoma State,Tulsa,away,raw,pass_attempts,49,48,-1,1,fumble_or_safety_swallows_scrimmage_type
401856772,2026,1,regular,Oklahoma State,Tulsa,away,raw,rush_attempts,37,35,-2,2,fumble_or_safety_swallows_scrimmage_type
401856772,2026,1,regular,Oklahoma State,Tulsa,away,raw,rush_yards,127,131.0,4.0,4.0,fumble_or_safety_swallows_scrimmage_type
401856772,2026,1,regular,Oklahoma State,Tulsa,away,raw,turnovers,4,2,-2,2,kneel_accounting
401856772,2026,1,regular,Oklahoma State,Tulsa,away,raw,interceptions,2,1,-1,1,kneel_accounting
401856772,2026,1,regular,Oklahoma State,Tulsa,away,raw,fumbles_lost,2,1,-1,1,kneel_accounting
401856772,2026,1,regular,Oklahoma State,Tulsa,away,raw,third_down_attempts,16,14,-2,2,kneel_accounting
401856772,2026,1,regular,Oklahoma State,Tulsa,away,raw,fourth_down_attempts,6,5,-1,1,kneel_accounting
401858426,2026,1,regular,Northern Illinois,Iowa,away,raw,total_plays,55,53,-2,2,fumble_or_safety_swallows_scrimmage_type
401858426,2026,1,regular,Northern Illinois,Iowa,away,raw,total_yards,120,130.0,10.0,10.0,fumble_or_safety_swallows_scrimmage_type
401858426,2026,1,regular,Northern Illinois,Iowa,away,raw,pass_attempts,24,23,-1,1,fumble_or_safety_swallows_scrimmage_type
401858426,2026,1,regular,Northern Illinois,Iowa,away,raw,rush_attempts,31,30,-1,1,fumble_or_safety_swallows_scrimmage_type
401858426,2026,1,regular,Northern Illinois,Iowa,away,raw,rush_yards,7,17.0,10.0,10.0,fumble_or_safety_swallows_scrimmage_type
401858426,2026,1,regular,Northern Illinois,Iowa,away,raw,third_down_attempts,15,14,-1,1,kneel_accounting
401856635,2026,1,regular,Arkansas,North Alabama,home,raw,total_plays,84,81,-3,3,fumble_or_safety_swallows_scrimmage_type
401856635,2026,1,regular,Arkansas,North Alabama,home,raw,total_yards,415,402.0,-13.0,13.0,fumble_or_safety_swallows_scrimmage_type
401856635,2026,1,regular,Arkansas,North Alabama,home,raw,rush_attempts,49,46,-3,3,fumble_or_safety_swallows_scrimmage_type
401856635,2026,1,regular,Arkansas,North Alabama,home,raw,rush_yards,148,135.0,-13.0,13.0,fumble_or_safety_swallows_scrimmage_type
401856635,2026,1,regular,Arkansas,North Alabama,home,raw,turnovers,3,2,-1,1,kneel_accounting
401856635,2026,1,regular,Arkansas,North Alabama,home,raw,fumbles_lost,2,1,-1,1,kneel_accounting
401856635,2026,1,regular,North Alabama,Arkansas,away,raw,total_plays,44,42,-2,2,fumble_or_safety_swallows_scrimmage_type
401856635,2026,1,regular,North Alabama,Arkansas,away,raw,total_yards,153,166.0,13.0,13.0,fumble_or_safety_swallows_scrimmage_type
401856635,2026,1,regular,North Alabama,Arkansas,away,raw,pass_attempts,24,23,-1,1,fumble_or_safety_swallows_scrimmage_type
401856635,2026,1,regular,North Alabama,Arkansas,away,raw,completions,12,11,-1,1,kneel_accounting
401856635,2026,1,regular,North Alabama,Arkansas,away,raw,rush_attempts,20,19,-1,1,fumble_or_safety_swallows_scrimmage_type
401856635,2026,1,regular,North Alabama,Arkansas,away,raw,rush_yards,40,53.0,13.0,13.0,fumble_or_safety_swallows_scrimmage_type
401856635,2026,1,regular,North Alabama,Arkansas,away,raw,turnovers,1,0,-1,1,kneel_accounting
401856635,2026,1,regular,North Alabama,Arkansas,away,raw,fumbles_lost,1,0,-1,1,kneel_accounting
401868356,2026,1,regular,Southern Miss,Alcorn State,home,raw,total_plays,84,82,-2,2,fumble_or_safety_swallows_scrimmage_type
401868356,2026,1,regular,Southern Miss,Alcorn State,home,raw,total_yards,543,539.0,-4.0,4.0,fumble_or_safety_swallows_scrimmage_type
401868356,2026,1,regular,Southern Miss,Alcorn State,home,raw,pass_attempts,27,26,-1,1,fumble_or_safety_swallows_scrimmage_type
401868356,2026,1,regular,Southern Miss,Alcorn State,home,raw,rush_attempts,57,56,-1,1,fumble_or_safety_swallows_scrimmage_type
401868356,2026,1,regular,Southern Miss,Alcorn State,home,raw,rush_yards,317,313.0,-4.0,4.0,fumble_or_safety_swallows_scrimmage_type
401868356,2026,1,regular,Southern Miss,Alcorn State,home,raw,third_down_attempts,12,10,-2,2,kneel_accounting
401868356,2026,1,regular,Southern Miss,Alcorn State,home,raw,third_down_conversions,5,4,-1,1,kneel_accounting
401868356,2026,1,regular,Alcorn State,Southern Miss,away,raw,total_plays,58,57,-1,1,fumble_or_safety_swallows_scrimmage_type
401868356,2026,1,regular,Alcorn State,Southern Miss,away,raw,total_yards,223,209.0,-14.0,14.0,fumble_or_safety_swallows_scrimmage_type
401868356,2026,1,regular,Alcorn State,Southern Miss,away,raw,pass_attempts,23,22,-1,1,fumble_or_safety_swallows_scrimmage_type
401868356,2026,1,regular,Alcorn State,Southern Miss,away,raw,rush_yards,104,90.0,-14.0,14.0,fumble_or_safety_swallows_scrimmage_type
401868356,2026,1,regular,Alcorn State,Southern Miss,away,raw,turnovers,5,4,-1,1,kneel_accounting
401868356,2026,1,regular,Alcorn State,Southern Miss,away,raw,interceptions,4,3,-1,1,kneel_accounting
401867973,2026,1,regular,Old Dominion,Norfolk State,home,raw,total_plays,55,53,-2,2,fumble_or_safety_swallows_scrimmage_type
401867973,2026,1,regular,Old Dominion,Norfolk State,home,raw,total_yards,319,301.0,-18.0,18.0,fumble_or_safety_swallows_scrimmage_type
401867973,2026,1,regular,Old Dominion,Norfolk State,home,raw,pass_attempts,13,12,-1,1,fumble_or_safety_swallows_scrimmage_type
401867973,2026,1,regular,Old Dominion,Norfolk State,home,raw,rush_attempts,42,41,-1,1,fumble_or_safety_swallows_scrimmage_type
401867973,2026,1,regular,Old Dominion,Norfolk State,home,raw,rush_yards,182,164.0,-18.0,18.0,fumble_or_safety_swallows_scrimmage_type
401867973,2026,1,regular,Norfolk State,Old Dominion,away,raw,total_plays,60,57,-3,3,fumble_or_safety_swallows_scrimmage_type
401867973,2026,1,regular,Norfolk State,Old Dominion,away,raw,total_yards,220,217.0,-3.0,3.0,fumble_or_safety_swallows_scrimmage_type
401867973,2026,1,regular,Norfolk State,Old Dominion,away,raw,pass_attempts,20,19,-1,1,fumble_or_safety_swallows_scrimmage_type
401867973,2026,1,regular,Norfolk State,Old Dominion,away,raw,rush_attempts,40,38,-2,2,fumble_or_safety_swallows_scrimmage_type
401867973,2026,1,regular,Norfolk State,Old Dominion,away,raw,rush_yards,126,123.0,-3.0,3.0,fumble_or_safety_swallows_scrimmage_type
401867973,2026,1,regular,Norfolk State,Old Dominion,away,raw,turnovers,3,1,-2,2,kneel_accounting
401867973,2026,1,regular,Norfolk State,Old Dominion,away,raw,fumbles_lost,2,0,-2,2,kneel_accounting
401867973,2026,1,regular,Norfolk State,Old Dominion,away,raw,third_down_attempts,15,13,-2,2,kneel_accounting
401867973,2026,1,regular,Norfolk State,Old Dominion,away,raw,fourth_down_attempts,3,2,-1,1,kneel_accounting
401860878,2026,1,regular,Wyoming,Colorado State,away,raw,total_plays,53,49,-4,4,fumble_or_safety_swallows_scrimmage_type
401860878,2026,1,regular,Wyoming,Colorado State,away,raw,total_yards,273,278.0,5.0,5.0,fumble_or_safety_swallows_scrimmage_type
401860878,2026,1,regular,Wyoming,Colorado State,away,raw,pass_attempts,19,17,-2,2,fumble_or_safety_swallows_scrimmage_type
401860878,2026,1,regular,Wyoming,Colorado State,away,raw,rush_attempts,34,32,-2,2,fumble_or_safety_swallows_scrimmage_type
401860878,2026,1,regular,Wyoming,Colorado State,away,raw,rush_yards,143,148.0,5.0,5.0,fumble_or_safety_swallows_scrimmage_type
401860878,2026,1,regular,Wyoming,Colorado State,away,raw,turnovers,4,2,-2,2,kneel_accounting
401860878,2026,1,regular,Wyoming,Colorado State,away,raw,interceptions,3,2,-1,1,kneel_accounting
401860878,2026,1,regular,Wyoming,Colorado State,away,raw,fumbles_lost,1,0,-1,1,kneel_accounting
401860878,2026,1,regular,Wyoming,Colorado State,away,raw,third_down_attempts,8,7,-1,1,kneel_accounting
401860878,2026,1,regular,Wyoming,Colorado State,away,raw,fourth_down_attempts,1,0,-1,1,kneel_accounting
401868170,2026,1,regular,Georgia Southern,Charleston Southern,home,raw,points,31,32,1,1,no_play_penalty
401868170,2026,1,regular,Georgia Southern,Charleston Southern,home,raw,total_plays,77,78,1,1,fumble_or_safety_swallows_scrimmage_type
401868170,2026,1,regular,Georgia Southern,Charleston Southern,home,raw,total_yards,513,509.0,-4.0,4.0,fumble_or_safety_swallows_scrimmage_type
401868170,2026,1,regular,Georgia Southern,Charleston Southern,home,raw,pass_attempts,47,46,-1,1,fumble_or_safety_swallows_scrimmage_type
401868170,2026,1,regular,Georgia Southern,Charleston Southern,home,raw,completions,33,32,-1,1,no_play_penalty
401868170,2026,1,regular,Georgia Southern,Charleston Southern,home,raw,net_pass_yards,351,341.0,-10.0,10.0,fumble_or_safety_swallows_scrimmage_type
401868170,2026,1,regular,Georgia Southern,Charleston Southern,home,raw,rush_attempts,30,32,2,2,fumble_or_safety_swallows_scrimmage_type
401868170,2026,1,regular,Georgia Southern,Charleston Southern,home,raw,rush_yards,162,168.0,6.0,6.0,fumble_or_safety_swallows_scrimmage_type
401868170,2026,1,regular,Georgia Southern,Charleston Southern,home,raw,turnovers,1,0,-1,1,no_play_penalty
401868170,2026,1,regular,Georgia Southern,Charleston Southern,home,raw,fumbles_lost,1,0,-1,1,no_play_penalty
401868170,2026,1,regular,Georgia Southern,Charleston Southern,home,raw,third_down_attempts,13,15,2,2,no_play_penalty
401868170,2026,1,regular,Georgia Southern,Charleston Southern,home,raw,third_down_conversions,5,6,1,1,no_play_penalty
401868170,2026,1,regular,Charleston Southern,Georgia Southern,away,raw,total_plays,60,59,-1,1,fumble_or_safety_swallows_scrimmage_type
401868170,2026,1,regular,Charleston Southern,Georgia Southern,away,raw,total_yards,117,132.0,15.0,15.0,fumble_or_safety_swallows_scrimmage_type
401868170,2026,1,regular,Charleston Southern,Georgia Southern,away,raw,rush_attempts,31,30,-1,1,fumble_or_safety_swallows_scrimmage_type
401868170,2026,1,regular,Charleston Southern,Georgia Southern,away,raw,rush_yards,8,23.0,15.0,15.0,fumble_or_safety_swallows_scrimmage_type
401868170,2026,1,regular,Charleston Southern,Georgia Southern,away,raw,turnovers,2,0,-2,2,no_play_penalty
401868170,2026,1,regular,Charleston Southern,Georgia Southern,away,raw,interceptions,1,0,-1,1,no_play_penalty
401868170,2026,1,regular,Charleston Southern,Georgia Southern,away,raw,fumbles_lost,1,0,-1,1,no_play_penalty
401868170,2026,1,regular,Charleston Southern,Georgia Southern,away,raw,third_down_attempts,18,17,-1,1,no_play_penalty
401868140,2026,1,regular,Jacksonville State,Eastern Kentucky,home,raw,turnovers,1,0,-1,1,no_play_penalty
401868140,2026,1,regular,Jacksonville State,Eastern Kentucky,home,raw,interceptions,1,0,-1,1,no_play_penalty
401868140,2026,1,regular,Jacksonville State,Eastern Kentucky,home,raw,third_down_attempts,11,12,1,1,no_play_penalty
401868140,2026,1,regular,Eastern Kentucky,Jacksonville State,away,raw,total_plays,57,53,-4,4,fumble_or_safety_swallows_scrimmage_type
401868140,2026,1,regular,Eastern Kentucky,Jacksonville State,away,raw,total_yards,285,302.0,17.0,17.0,fumble_or_safety_swallows_scrimmage_type
401868140,2026,1,regular,Eastern Kentucky,Jacksonville State,away,raw,pass_attempts,19,17,-2,2,fumble_or_safety_swallows_scrimmage_type
401868140,2026,1,regular,Eastern Kentucky,Jacksonville State,away,raw,rush_attempts,38,36,-2,2,fumble_or_safety_swallows_scrimmage_type
401868140,2026,1,regular,Eastern Kentucky,Jacksonville State,away,raw,rush_yards,195,212.0,17.0,17.0,fumble_or_safety_swallows_scrimmage_type
401868140,2026,1,regular,Eastern Kentucky,Jacksonville State,away,raw,third_down_attempts,11,10,-1,1,no_play_penalty
401856771,2026,1,regular,Kansas State,Nicholls,home,raw,total_plays,71,69,-2,2,fumble_or_safety_swallows_scrimmage_type
401856771,2026,1,regular,Kansas State,Nicholls,home,raw,total_yards,559,569.0,10.0,10.0,fumble_or_safety_swallows_scrimmage_type
401856771,2026,1,regular,Kansas State,Nicholls,home,raw,rush_attempts,44,42,-2,2,fumble_or_safety_swallows_scrimmage_type
401856771,2026,1,regular,Kansas State,Nicholls,home,raw,rush_yards,312,322.0,10.0,10.0,fumble_or_safety_swallows_scrimmage_type
401856771,2026,1,regular,Nicholls,Kansas State,away,raw,total_plays,58,55,-3,3,fumble_or_safety_swallows_scrimmage_type
401856771,2026,1,regular,Nicholls,Kansas State,away,raw,total_yards,122,135.0,13.0,13.0,fumble_or_safety_swallows_scrimmage_type
401856771,2026,1,regular,Nicholls,Kansas State,away,raw,rush_attempts,39,36,-3,3,fumble_or_safety_swallows_scrimmage_type
401856771,2026,1,regular,Nicholls,Kansas State,away,raw,rush_yards,92,105.0,13.0,13.0,fumble_or_safety_swallows_scrimmage_type
401856771,2026,1,regular,Nicholls,Kansas State,away,raw,turnovers,1,0,-1,1,no_play_penalty
401856771,2026,1,regular,Nicholls,Kansas State,away,raw,fumbles_lost,1,0,-1,1,no_play_penalty
401856770,2026,1,regular,Texas Tech,Abilene Christian,home,raw,turnovers,1,0,-1,1,no_play_penalty
401856770,2026,1,regular,Texas Tech,Abilene Christian,home,raw,interceptions,1,0,-1,1,no_play_penalty
401856770,2026,1,regular,Abilene Christian,Texas Tech,away,raw,total_plays,61,59,-2,2,fumble_or_safety_swallows_scrimmage_type
401856770,2026,1,regular,Abilene Christian,Texas Tech,away,raw,total_yards,194,196.0,2.0,2.0,fumble_or_safety_swallows_scrimmage_type
401856770,2026,1,regular,Abilene Christian,Texas Tech,away,raw,pass_attempts,32,31,-1,1,fumble_or_safety_swallows_scrimmage_type
401856770,2026,1,regular,Abilene Christian,Texas Tech,away,raw,rush_attempts,29,28,-1,1,fumble_or_safety_swallows_scrimmage_type
401856770,2026,1,regular,Abilene Christian,Texas Tech,away,raw,rush_yards,75,77.0,2.0,2.0,fumble_or_safety_swallows_scrimmage_type
401856770,2026,1,regular,Abilene Christian,Texas Tech,away,raw,turnovers,1,0,-1,1,no_play_penalty
401856770,2026,1,regular,Abilene Christian,Texas Tech,away,raw,interceptions,1,0,-1,1,no_play_penalty
401862699,2026,1,regular,Florida International,South Florida,away,raw,total_plays,75,72,-3,3,fumble_or_safety_swallows_scrimmage_type
401862699,2026,1,regular,Florida International,South Florida,away,raw,total_yards,381,379.0,-2.0,2.0,fumble_or_safety_swallows_scrimmage_type
401862699,2026,1,regular,Florida International,South Florida,away,raw,pass_attempts,50,48,-2,2,fumble_or_safety_swallows_scrimmage_type
401862699,2026,1,regular,Florida International,South Florida,away,raw,rush_attempts,25,24,-1,1,fumble_or_safety_swallows_scrimmage_type
401862699,2026,1,regular,Florida International,South Florida,away,raw,rush_yards,80,78.0,-2.0,2.0,fumble_or_safety_swallows_scrimmage_type
401862699,2026,1,regular,Florida International,South Florida,away,raw,turnovers,3,2,-1,1,no_play_penalty
401862699,2026,1,regular,Florida International,South Florida,away,raw,fumbles_lost,1,0,-1,1,no_play_penalty
401862699,2026,1,regular,Florida International,South Florida,away,raw,third_down_attempts,17,16,-1,1,no_play_penalty
401862699,2026,1,regular,Florida International,South Florida,away,raw,fourth_down_attempts,7,5,-2,2,no_play_penalty
401856668,2026,1,regular,Texas A&M,Missouri State,home,raw,total_plays,85,84,-1,1,fumble_or_safety_swallows_scrimmage_type
401856668,2026,1,regular,Texas A&M,Missouri State,home,raw,total_yards,505,489.0,-16.0,16.0,fumble_or_safety_swallows_scrimmage_type
401856668,2026,1,regular,Texas A&M,Missouri State,home,raw,pass_attempts,38,37,-1,1,fumble_or_safety_swallows_scrimmage_type
401856668,2026,1,regular,Texas A&M,Missouri State,home,raw,completions,25,24,-1,1,no_play_penalty
401856668,2026,1,regular,Texas A&M,Missouri State,home,raw,net_pass_yards,269,253.0,-16.0,16.0,fumble_or_safety_swallows_scrimmage_type
401856668,2026,1,regular,Texas A&M,Missouri State,home,raw,turnovers,1,0,-1,1,no_play_penalty
401856668,2026,1,regular,Texas A&M,Missouri State,home,raw,fumbles_lost,1,0,-1,1,no_play_penalty
401856668,2026,1,regular,Texas A&M,Missouri State,home,raw,third_down_attempts,14,13,-1,1,no_play_penalty
401856668,2026,1,regular,Missouri State,Texas A&M,away,raw,total_plays,40,38,-2,2,fumble_or_safety_swallows_scrimmage_type
401856668,2026,1,regular,Missouri State,Texas A&M,away,raw,total_yards,67,78.0,11.0,11.0,fumble_or_safety_swallows_scrimmage_type
401856668,2026,1,regular,Missouri State,Texas A&M,away,raw,rush_attempts,23,21,-2,2,fumble_or_safety_swallows_scrimmage_type
401856668,2026,1,regular,Missouri State,Texas A&M,away,raw,rush_yards,37,48.0,11.0,11.0,fumble_or_safety_swallows_scrimmage_type
401856668,2026,1,regular,Missouri State,Texas A&M,away,raw,turnovers,3,1,-2,2,no_play_penalty
401856668,2026,1,regular,Missouri State,Texas A&M,away,raw,fumbles_lost,3,1,-2,2,no_play_penalty
401856668,2026,1,regular,Missouri State,Texas A&M,away,raw,third_down_attempts,10,11,1,1,no_play_penalty
401856668,2026,1,regular,Missouri State,Texas A&M,away,raw,third_down_conversions,1,2,1,1,no_play_penalty
401862695,2026,1,regular,Memphis,Arkansas State,home,raw,total_plays,63,62,-1,1,sack_accounting
401862695,2026,1,regular,Memphis,Arkansas State,home,raw,pass_attempts,15,14,-1,1,sack_accounting
401862695,2026,1,regular,Arkansas State,Memphis,away,raw,total_plays,59,56,-3,3,sack_accounting
401862695,2026,1,regular,Arkansas State,Memphis,away,raw,total_yards,434,438.0,4.0,4.0,sack_accounting
401862695,2026,1,regular,Arkansas State,Memphis,away,raw,pass_attempts,30,27,-3,3,sack_accounting
401862695,2026,1,regular,Arkansas State,Memphis,away,raw,rush_yards,109,113.0,4.0,4.0,sack_accounting
401862695,2026,1,regular,Arkansas State,Memphis,away,raw,turnovers,4,3,-1,1,kneel_accounting
401862695,2026,1,regular,Arkansas State,Memphis,away,raw,interceptions,4,3,-1,1,kneel_accounting
401862695,2026,1,regular,Arkansas State,Memphis,away,raw,third_down_attempts,10,9,-1,1,kneel_accounting
401868316,2026,1,regular,South Alabama,SE Louisiana,home,raw,total_plays,86,84,-2,2,fumble_or_safety_swallows_scrimmage_type
401868316,2026,1,regular,South Alabama,SE Louisiana,home,raw,total_yards,395,410.0,15.0,15.0,fumble_or_safety_swallows_scrimmage_type
401868316,2026,1,regular,South Alabama,SE Louisiana,home,raw,rush_attempts,59,57,-2,2,fumble_or_safety_swallows_scrimmage_type
401868316,2026,1,regular,South Alabama,SE Louisiana,home,raw,rush_yards,241,256.0,15.0,15.0,fumble_or_safety_swallows_scrimmage_type
401868316,2026,1,regular,South Alabama,SE Louisiana,home,raw,third_down_attempts,17,16,-1,1,no_play_penalty
401868316,2026,1,regular,South Alabama,SE Louisiana,home,raw,third_down_conversions,7,8,1,1,no_play_penalty
401868316,2026,1,regular,SE Louisiana,South Alabama,away,raw,total_plays,37,35,-2,2,fumble_or_safety_swallows_scrimmage_type
401868316,2026,1,regular,SE Louisiana,South Alabama,away,raw,total_yards,231,244.0,13.0,13.0,fumble_or_safety_swallows_scrimmage_type
401868316,2026,1,regular,SE Louisiana,South Alabama,away,raw,pass_attempts,20,19,-1,1,fumble_or_safety_swallows_scrimmage_type
401868316,2026,1,regular,SE Louisiana,South Alabama,away,raw,rush_attempts,17,16,-1,1,fumble_or_safety_swallows_scrimmage_type
401868316,2026,1,regular,SE Louisiana,South Alabama,away,raw,rush_yards,45,58.0,13.0,13.0,fumble_or_safety_swallows_scrimmage_type
401868316,2026,1,regular,SE Louisiana,South Alabama,away,raw,turnovers,2,0,-2,2,no_play_penalty
401868316,2026,1,regular,SE Louisiana,South Alabama,away,raw,interceptions,2,0,-2,2,no_play_penalty
401870763,2026,1,regular,Troy,Sam Houston,home,raw,total_plays,66,65,-1,1,fumble_or_safety_swallows_scrimmage_type
401870763,2026,1,regular,Troy,Sam Houston,home,raw,total_yards,342,352.0,10.0,10.0,fumble_or_safety_swallows_scrimmage_type
401870763,2026,1,regular,Troy,Sam Houston,home,raw,rush_attempts,42,41,-1,1,fumble_or_safety_swallows_scrimmage_type
401870763,2026,1,regular,Troy,Sam Houston,home,raw,rush_yards,177,187.0,10.0,10.0,fumble_or_safety_swallows_scrimmage_type
401870763,2026,1,regular,Sam Houston,Troy,away,raw,total_plays,70,69,-1,1,fumble_or_safety_swallows_scrimmage_type
401870763,2026,1,regular,Sam Houston,Troy,away,raw,pass_attempts,46,45,-1,1,fumble_or_safety_swallows_scrimmage_type
401870763,2026,1,regular,Sam Houston,Troy,away,raw,turnovers,1,0,-1,1,kneel_accounting
401870763,2026,1,regular,Sam Houston,Troy,away,raw,interceptions,1,0,-1,1,kneel_accounting
401862697,2026,1,regular,Rice,Houston Christian,home,raw,total_plays,80,79,-1,1,fumble_or_safety_swallows_scrimmage_type
401862697,2026,1,regular,Rice,Houston Christian,home,raw,total_yards,493,477.0,-16.0,16.0,fumble_or_safety_swallows_scrimmage_type
401862697,2026,1,regular,Rice,Houston Christian,home,raw,rush_attempts,70,69,-1,1,fumble_or_safety_swallows_scrimmage_type
401862697,2026,1,regular,Rice,Houston Christian,home,raw,rush_yards,465,449.0,-16.0,16.0,fumble_or_safety_swallows_scrimmage_type
401862697,2026,1,regular,Houston Christian,Rice,away,raw,total_plays,58,56,-2,2,fumble_or_safety_swallows_scrimmage_type
401862697,2026,1,regular,Houston Christian,Rice,away,raw,total_yards,244,246.0,2.0,2.0,fumble_or_safety_swallows_scrimmage_type
401862697,2026,1,regular,Houston Christian,Rice,away,raw,pass_attempts,23,22,-1,1,fumble_or_safety_swallows_scrimmage_type
401862697,2026,1,regular,Houston Christian,Rice,away,raw,rush_attempts,35,34,-1,1,fumble_or_safety_swallows_scrimmage_type
401862697,2026,1,regular,Houston Christian,Rice,away,raw,rush_yards,148,150.0,2.0,2.0,fumble_or_safety_swallows_scrimmage_type
401862697,2026,1,regular,Houston Christian,Rice,away,raw,fourth_down_attempts,4,3,-1,1,no_play_penalty
401860880,2026,1,regular,Utah State,Idaho State,home,raw,total_plays,88,85,-3,3,fumble_or_safety_swallows_scrimmage_type
401860880,2026,1,regular,Utah State,Idaho State,home,raw,total_yards,407,421.0,14.0,14.0,fumble_or_safety_swallows_scrimmage_type
401860880,2026,1,regular,Utah State,Idaho State,home,raw,pass_attempts,44,40,-4,4,fumble_or_safety_swallows_scrimmage_type
401860880,2026,1,regular,Utah State,Idaho State,home,raw,completions,20,19,-1,1,kneel_accounting
401860880,2026,1,regular,Utah State,Idaho State,home,raw,net_pass_yards,245,231.0,-14.0,14.0,fumble_or_safety_swallows_scrimmage_type
401860880,2026,1,regular,Utah State,Idaho State,home,raw,rush_attempts,44,45,1,1,fumble_or_safety_swallows_scrimmage_type
401860880,2026,1,regular,Utah State,Idaho State,home,raw,rush_yards,162,190.0,28.0,28.0,fumble_or_safety_swallows_scrimmage_type
401860880,2026,1,regular,Utah State,Idaho State,home,raw,turnovers,4,2,-2,2,kneel_accounting
401860880,2026,1,regular,Utah State,Idaho State,home,raw,interceptions,4,2,-2,2,kneel_accounting
401856669,2026,1,regular,Vanderbilt,Austin Peay,home,raw,total_plays,63,61,-2,2,fumble_or_safety_swallows_scrimmage_type
401856669,2026,1,regular,Vanderbilt,Austin Peay,home,raw,total_yards,396,390.0,-6.0,6.0,fumble_or_safety_swallows_scrimmage_type
401856669,2026,1,regular,Vanderbilt,Austin Peay,home,raw,rush_attempts,38,36,-2,2,fumble_or_safety_swallows_scrimmage_type
401856669,2026,1,regular,Vanderbilt,Austin Peay,home,raw,rush_yards,187,181.0,-6.0,6.0,fumble_or_safety_swallows_scrimmage_type
401856669,2026,1,regular,Austin Peay,Vanderbilt,away,raw,total_yards,178,184.0,6.0,6.0,fumble_or_safety_swallows_scrimmage_type
401856669,2026,1,regular,Austin Peay,Vanderbilt,away,raw,rush_yards,62,68.0,6.0,6.0,fumble_or_safety_swallows_scrimmage_type
401867866,2026,1,regular,Middle Tennessee,Murray State,home,raw,total_plays,48,47,-1,1,fumble_or_safety_swallows_scrimmage_type
401867866,2026,1,regular,Middle Tennessee,Murray State,home,raw,total_yards,396,395.0,-1.0,1.0,fumble_or_safety_swallows_scrimmage_type
401867866,2026,1,regular,Middle Tennessee,Murray State,home,raw,pass_attempts,26,25,-1,1,fumble_or_safety_swallows_scrimmage_type
401867866,2026,1,regular,Middle Tennessee,Murray State,home,raw,completions,20,19,-1,1,no_play_penalty
401867866,2026,1,regular,Middle Tennessee,Murray State,home,raw,net_pass_yards,200,199.0,-1.0,1.0,fumble_or_safety_swallows_scrimmage_type
401867866,2026,1,regular,Murray State,Middle Tennessee,away,raw,total_plays,49,48,-1,1,fumble_or_safety_swallows_scrimmage_type
401867866,2026,1,regular,Murray State,Middle Tennessee,away,raw,total_yards,290,287.0,-3.0,3.0,fumble_or_safety_swallows_scrimmage_type
401867866,2026,1,regular,Murray State,Middle Tennessee,away,raw,rush_attempts,27,26,-1,1,fumble_or_safety_swallows_scrimmage_type
401867866,2026,1,regular,Murray State,Middle Tennessee,away,raw,rush_yards,145,142.0,-3.0,3.0,fumble_or_safety_swallows_scrimmage_type
401856662,2026,1,regular,UL Monroe,Mississippi State,away,raw,total_yards,278,264.0,-14.0,14.0,sack_accounting
401856662,2026,1,regular,UL Monroe,Mississippi State,away,raw,net_pass_yards,140,125.0,-15.0,15.0,sack_accounting
401856662,2026,1,regular,UL Monroe,Mississippi State,away,raw,rush_yards,138,139.0,1.0,1.0,sack_accounting
401858211,2026,1,regular,Virginia Tech,VMI,home,raw,total_plays,72,71,-1,1,fumble_or_safety_swallows_scrimmage_type
401858211,2026,1,regular,Virginia Tech,VMI,home,raw,total_yards,619,607.0,-12.0,12.0,fumble_or_safety_swallows_scrimmage_type
401858211,2026,1,regular,Virginia Tech,VMI,home,raw,pass_attempts,32,31,-1,1,fumble_or_safety_swallows_scrimmage_type
401858211,2026,1,regular,Virginia Tech,VMI,home,raw,completions,27,26,-1,1,no_play_penalty
401858211,2026,1,regular,Virginia Tech,VMI,home,raw,net_pass_yards,351,339.0,-12.0,12.0,fumble_or_safety_swallows_scrimmage_type
401858211,2026,1,regular,Virginia Tech,VMI,home,raw,turnovers,2,1,-1,1,no_play_penalty
401858211,2026,1,regular,Virginia Tech,VMI,home,raw,fumbles_lost,2,1,-1,1,no_play_penalty
401858211,2026,1,regular,VMI,Virginia Tech,away,raw,total_plays,56,52,-4,4,fumble_or_safety_swallows_scrimmage_type
401858211,2026,1,regular,VMI,Virginia Tech,away,raw,total_yards,83,78.0,-5.0,5.0,fumble_or_safety_swallows_scrimmage_type
401858211,2026,1,regular,VMI,Virginia Tech,away,raw,pass_attempts,13,11,-2,2,fumble_or_safety_swallows_scrimmage_type
401858211,2026,1,regular,VMI,Virginia Tech,away,raw,completions,5,4,-1,1,no_play_penalty
401858211,2026,1,regular,VMI,Virginia Tech,away,raw,net_pass_yards,87,54.0,-33.0,33.0,fumble_or_safety_swallows_scrimmage_type
401858211,2026,1,regular,VMI,Virginia Tech,away,raw,rush_attempts,43,41,-2,2,fumble_or_safety_swallows_scrimmage_type
401858211,2026,1,regular,VMI,Virginia Tech,away,raw,rush_yards,-4,24.0,28.0,28.0,fumble_or_safety_swallows_scrimmage_type
401858211,2026,1,regular,VMI,Virginia Tech,away,raw,third_down_attempts,17,14,-3,3,no_play_penalty
401856660,2026,1,regular,LSU,Clemson,home,raw,pass_attempts,36,35,-1,1,sack_accounting
401856660,2026,1,regular,LSU,Clemson,home,raw,rush_attempts,58,59,1,1,sack_accounting
401856660,2026,1,regular,Clemson,LSU,away,raw,total_plays,48,47,-1,1,sack_accounting
401856660,2026,1,regular,Clemson,LSU,away,raw,pass_attempts,22,21,-1,1,sack_accounting
401856660,2026,1,regular,Clemson,LSU,away,raw,third_down_attempts,13,12,-1,1,no_play_penalty
401869129,2026,1,regular,Louisiana Tech,Northwestern State,home,raw,total_plays,59,58,-1,1,fumble_or_safety_swallows_scrimmage_type
401869129,2026,1,regular,Louisiana Tech,Northwestern State,home,raw,pass_attempts,22,21,-1,1,fumble_or_safety_swallows_scrimmage_type
401869129,2026,1,regular,Northwestern State,Louisiana Tech,away,raw,total_plays,61,60,-1,1,fumble_or_safety_swallows_scrimmage_type
401869129,2026,1,regular,Northwestern State,Louisiana Tech,away,raw,total_yards,129,135.0,6.0,6.0,fumble_or_safety_swallows_scrimmage_type
401869129,2026,1,regular,Northwestern State,Louisiana Tech,away,raw,rush_attempts,45,44,-1,1,fumble_or_safety_swallows_scrimmage_type
401869129,2026,1,regular,Northwestern State,Louisiana Tech,away,raw,rush_yards,86,92.0,6.0,6.0,fumble_or_safety_swallows_scrimmage_type
401858428,2026,1,regular,Michigan,Western Michigan,home,raw,total_plays,48,46,-2,2,fumble_or_safety_swallows_scrimmage_type
401858428,2026,1,regular,Michigan,Western Michigan,home,raw,total_yards,276,264.0,-12.0,12.0,fumble_or_safety_swallows_scrimmage_type
401858428,2026,1,regular,Michigan,Western Michigan,home,raw,pass_attempts,23,22,-1,1,fumble_or_safety_swallows_scrimmage_type
401858428,2026,1,regular,Michigan,Western Michigan,home,raw,rush_attempts,25,24,-1,1,fumble_or_safety_swallows_scrimmage_type
401858428,2026,1,regular,Michigan,Western Michigan,home,raw,rush_yards,106,94.0,-12.0,12.0,fumble_or_safety_swallows_scrimmage_type
401858428,2026,1,regular,Michigan,Western Michigan,home,raw,turnovers,3,1,-2,2,kneel_accounting
401858428,2026,1,regular,Michigan,Western Michigan,home,raw,interceptions,1,0,-1,1,kneel_accounting
401858428,2026,1,regular,Michigan,Western Michigan,home,raw,fumbles_lost,2,1,-1,1,kneel_accounting
401858428,2026,1,regular,Michigan,Western Michigan,home,raw,third_down_conversions,3,4,1,1,kneel_accounting
401858428,2026,1,regular,Western Michigan,Michigan,away,raw,total_plays,67,65,-2,2,fumble_or_safety_swallows_scrimmage_type
401858428,2026,1,regular,Western Michigan,Michigan,away,raw,total_yards,221,233.0,12.0,12.0,fumble_or_safety_swallows_scrimmage_type
401858428,2026,1,regular,Western Michigan,Michigan,away,raw,rush_attempts,46,44,-2,2,fumble_or_safety_swallows_scrimmage_type
401858428,2026,1,regular,Western Michigan,Michigan,away,raw,rush_yards,132,144.0,12.0,12.0,fumble_or_safety_swallows_scrimmage_type
401858428,2026,1,regular,Western Michigan,Michigan,away,raw,third_down_attempts,18,17,-1,1,kneel_accounting
401856637,2026,1,regular,Florida,Florida Atlantic,home,raw,total_plays,67,66,-1,1,fumble_or_safety_swallows_scrimmage_type
401856637,2026,1,regular,Florida,Florida Atlantic,home,raw,pass_attempts,26,25,-1,1,fumble_or_safety_swallows_scrimmage_type
401856637,2026,1,regular,Florida,Florida Atlantic,home,raw,third_down_attempts,9,8,-1,1,no_play_penalty
401856637,2026,1,regular,Florida Atlantic,Florida,away,raw,total_plays,90,86,-4,4,fumble_or_safety_swallows_scrimmage_type
401856637,2026,1,regular,Florida Atlantic,Florida,away,raw,total_yards,396,409.0,13.0,13.0,fumble_or_safety_swallows_scrimmage_type
401856637,2026,1,regular,Florida Atlantic,Florida,away,raw,pass_attempts,53,51,-2,2,fumble_or_safety_swallows_scrimmage_type
401856637,2026,1,regular,Florida Atlantic,Florida,away,raw,rush_attempts,37,35,-2,2,fumble_or_safety_swallows_scrimmage_type
401856637,2026,1,regular,Florida Atlantic,Florida,away,raw,rush_yards,120,133.0,13.0,13.0,fumble_or_safety_swallows_scrimmage_type
401856637,2026,1,regular,Florida Atlantic,Florida,away,raw,turnovers,3,2,-1,1,no_play_penalty
401856637,2026,1,regular,Florida Atlantic,Florida,away,raw,interceptions,2,1,-1,1,no_play_penalty
401856637,2026,1,regular,Florida Atlantic,Florida,away,raw,third_down_attempts,22,21,-1,1,no_play_penalty
401856637,2026,1,regular,Florida Atlantic,Florida,away,raw,fourth_down_attempts,7,6,-1,1,no_play_penalty
401856775,2026,1,regular,Utah Tech,BYU,away,raw,total_plays,56,54,-2,2,fumble_or_safety_swallows_scrimmage_type
401856775,2026,1,regular,Utah Tech,BYU,away,raw,total_yards,184,190.0,6.0,6.0,fumble_or_safety_swallows_scrimmage_type
401856775,2026,1,regular,Utah Tech,BYU,away,raw,pass_attempts,31,30,-1,1,fumble_or_safety_swallows_scrimmage_type
401856775,2026,1,regular,Utah Tech,BYU,away,raw,rush_attempts,25,24,-1,1,fumble_or_safety_swallows_scrimmage_type
401856775,2026,1,regular,Utah Tech,BYU,away,raw,rush_yards,49,55.0,6.0,6.0,fumble_or_safety_swallows_scrimmage_type
401856775,2026,1,regular,Utah Tech,BYU,away,raw,turnovers,4,3,-1,1,kneel_accounting
401856775,2026,1,regular,Utah Tech,BYU,away,raw,fumbles_lost,1,0,-1,1,kneel_accounting
401856775,2026,1,regular,Utah Tech,BYU,away,raw,third_down_attempts,13,12,-1,1,kneel_accounting
401858431,2026,1,regular,Northwestern,South Dakota State,home,raw,total_plays,55,54,-1,1,sack_accounting
401858431,2026,1,regular,Northwestern,South Dakota State,home,raw,total_yards,497,493.0,-4.0,4.0,sack_accounting
401858431,2026,1,regular,Northwestern,South Dakota State,home,raw,rush_attempts,31,30,-1,1,sack_accounting
401858431,2026,1,regular,Northwestern,South Dakota State,home,raw,rush_yards,224,220.0,-4.0,4.0,sack_accounting
401858431,2026,1,regular,South Dakota State,Northwestern,away,raw,pass_attempts,48,47,-1,1,sack_accounting
401858431,2026,1,regular,South Dakota State,Northwestern,away,raw,rush_attempts,40,41,1,1,sack_accounting
401869142,2026,1,regular,Louisiana,Lamar,home,raw,total_yards,474,477.0,3.0,3.0,fumble_or_safety_swallows_scrimmage_type
401869142,2026,1,regular,Louisiana,Lamar,home,raw,completions,19,20,1,1,kneel_accounting
401869142,2026,1,regular,Louisiana,Lamar,home,raw,rush_yards,243,246.0,3.0,3.0,fumble_or_safety_swallows_scrimmage_type
401869142,2026,1,regular,Louisiana,Lamar,home,raw,turnovers,3,1,-2,2,kneel_accounting
401869142,2026,1,regular,Louisiana,Lamar,home,raw,interceptions,3,1,-2,2,kneel_accounting
401869142,2026,1,regular,Lamar,Louisiana,away,raw,total_plays,60,57,-3,3,fumble_or_safety_swallows_scrimmage_type
401869142,2026,1,regular,Lamar,Louisiana,away,raw,total_yards,205,219.0,14.0,14.0,fumble_or_safety_swallows_scrimmage_type
401869142,2026,1,regular,Lamar,Louisiana,away,raw,pass_attempts,31,30,-1,1,fumble_or_safety_swallows_scrimmage_type
401869142,2026,1,regular,Lamar,Louisiana,away,raw,rush_attempts,29,27,-2,2,fumble_or_safety_swallows_scrimmage_type
401869142,2026,1,regular,Lamar,Louisiana,away,raw,rush_yards,56,70.0,14.0,14.0,fumble_or_safety_swallows_scrimmage_type
401869142,2026,1,regular,Lamar,Louisiana,away,raw,turnovers,4,2,-2,2,kneel_accounting
401869142,2026,1,regular,Lamar,Louisiana,away,raw,interceptions,3,2,-1,1,kneel_accounting
401869142,2026,1,regular,Lamar,Louisiana,away,raw,fumbles_lost,1,0,-1,1,kneel_accounting
401858427,2026,1,regular,Hampton,Maryland,away,raw,total_plays,50,47,-3,3,fumble_or_safety_swallows_scrimmage_type
401858427,2026,1,regular,Hampton,Maryland,away,raw,total_yards,85,99.0,14.0,14.0,fumble_or_safety_swallows_scrimmage_type
401858427,2026,1,regular,Hampton,Maryland,away,raw,pass_attempts,19,17,-2,2,fumble_or_safety_swallows_scrimmage_type
401858427,2026,1,regular,Hampton,Maryland,away,raw,rush_attempts,31,30,-1,1,fumble_or_safety_swallows_scrimmage_type
401858427,2026,1,regular,Hampton,Maryland,away,raw,rush_yards,10,24.0,14.0,14.0,fumble_or_safety_swallows_scrimmage_type
401858427,2026,1,regular,Hampton,Maryland,away,raw,turnovers,3,2,-1,1,kneel_accounting
401858427,2026,1,regular,Hampton,Maryland,away,raw,interceptions,3,2,-1,1,kneel_accounting
401858427,2026,1,regular,Hampton,Maryland,away,raw,third_down_attempts,15,13,-2,2,kneel_accounting
401870790,2026,1,regular,New Mexico State,Mercyhurst,home,raw,total_plays,65,63,-2,2,fumble_or_safety_swallows_scrimmage_type
401870790,2026,1,regular,New Mexico State,Mercyhurst,home,raw,total_yards,530,533.0,3.0,3.0,fumble_or_safety_swallows_scrimmage_type
401870790,2026,1,regular,New Mexico State,Mercyhurst,home,raw,net_pass_yards,295,318.0,23.0,23.0,fumble_or_safety_swallows_scrimmage_type
401870790,2026,1,regular,New Mexico State,Mercyhurst,home,raw,rush_attempts,42,40,-2,2,fumble_or_safety_swallows_scrimmage_type
401870790,2026,1,regular,New Mexico State,Mercyhurst,home,raw,rush_yards,235,215.0,-20.0,20.0,fumble_or_safety_swallows_scrimmage_type
401870790,2026,1,regular,Mercyhurst,New Mexico State,away,raw,total_plays,58,55,-3,3,fumble_or_safety_swallows_scrimmage_type
401870790,2026,1,regular,Mercyhurst,New Mexico State,away,raw,total_yards,237,234.0,-3.0,3.0,fumble_or_safety_swallows_scrimmage_type
401870790,2026,1,regular,Mercyhurst,New Mexico State,away,raw,pass_attempts,31,29,-2,2,fumble_or_safety_swallows_scrimmage_type
401870790,2026,1,regular,Mercyhurst,New Mexico State,away,raw,rush_attempts,27,26,-1,1,fumble_or_safety_swallows_scrimmage_type
401870790,2026,1,regular,Mercyhurst,New Mexico State,away,raw,rush_yards,70,67.0,-3.0,3.0,fumble_or_safety_swallows_scrimmage_type
401870790,2026,1,regular,Mercyhurst,New Mexico State,away,raw,turnovers,2,1,-1,1,kneel_accounting
401870790,2026,1,regular,Mercyhurst,New Mexico State,away,raw,interceptions,2,1,-1,1,kneel_accounting
401870790,2026,1,regular,Mercyhurst,New Mexico State,away,raw,third_down_attempts,13,12,-1,1,kneel_accounting
401860879,2026,1,regular,San Diego State,Portland State,home,raw,total_plays,63,61,-2,2,fumble_or_safety_swallows_scrimmage_type
401860879,2026,1,regular,San Diego State,Portland State,home,raw,total_yards,394,370.0,-24.0,24.0,fumble_or_safety_swallows_scrimmage_type
401860879,2026,1,regular,San Diego State,Portland State,home,raw,rush_attempts,42,40,-2,2,fumble_or_safety_swallows_scrimmage_type
401860879,2026,1,regular,San Diego State,Portland State,home,raw,rush_yards,237,213.0,-24.0,24.0,fumble_or_safety_swallows_scrimmage_type
401860879,2026,1,regular,San Diego State,Portland State,home,raw,turnovers,3,2,-1,1,kneel_accounting
401860879,2026,1,regular,San Diego State,Portland State,home,raw,fumbles_lost,2,1,-1,1,kneel_accounting
401860879,2026,1,regular,San Diego State,Portland State,home,raw,third_down_attempts,12,11,-1,1,kneel_accounting
401860879,2026,1,regular,Portland State,San Diego State,away,raw,total_plays,82,80,-2,2,fumble_or_safety_swallows_scrimmage_type
401860879,2026,1,regular,Portland State,San Diego State,away,raw,total_yards,375,369.0,-6.0,6.0,fumble_or_safety_swallows_scrimmage_type
401860879,2026,1,regular,Portland State,San Diego State,away,raw,pass_attempts,52,51,-1,1,fumble_or_safety_swallows_scrimmage_type
401860879,2026,1,regular,Portland State,San Diego State,away,raw,rush_attempts,30,29,-1,1,fumble_or_safety_swallows_scrimmage_type
401860879,2026,1,regular,Portland State,San Diego State,away,raw,rush_yards,95,89.0,-6.0,6.0,fumble_or_safety_swallows_scrimmage_type
401860879,2026,1,regular,Portland State,San Diego State,away,raw,turnovers,3,1,-2,2,kneel_accounting
401860879,2026,1,regular,Portland State,San Diego State,away,raw,interceptions,2,1,-1,1,kneel_accounting
401860879,2026,1,regular,Portland State,San Diego State,away,raw,fumbles_lost,1,0,-1,1,kneel_accounting
401856773,2026,1,regular,Arizona,Northern Arizona,home,raw,total_plays,72,68,-4,4,fumble_or_safety_swallows_scrimmage_type
401856773,2026,1,regular,Arizona,Northern Arizona,home,raw,total_yards,520,469.0,-51.0,51.0,fumble_or_safety_swallows_scrimmage_type
401856773,2026,1,regular,Arizona,Northern Arizona,home,raw,pass_attempts,37,35,-2,2,fumble_or_safety_swallows_scrimmage_type
401856773,2026,1,regular,Arizona,Northern Arizona,home,raw,completions,27,26,-1,1,no_play_penalty
401856773,2026,1,regular,Arizona,Northern Arizona,home,raw,net_pass_yards,314,283.0,-31.0,31.0,fumble_or_safety_swallows_scrimmage_type
401856773,2026,1,regular,Arizona,Northern Arizona,home,raw,rush_attempts,35,33,-2,2,fumble_or_safety_swallows_scrimmage_type
401856773,2026,1,regular,Arizona,Northern Arizona,home,raw,rush_yards,206,186.0,-20.0,20.0,fumble_or_safety_swallows_scrimmage_type
401856773,2026,1,regular,Arizona,Northern Arizona,home,raw,turnovers,3,2,-1,1,no_play_penalty
401856773,2026,1,regular,Arizona,Northern Arizona,home,raw,fumbles_lost,2,1,-1,1,no_play_penalty
401856773,2026,1,regular,Northern Arizona,Arizona,away,raw,total_plays,52,51,-1,1,fumble_or_safety_swallows_scrimmage_type
401856773,2026,1,regular,Northern Arizona,Arizona,away,raw,total_yards,193,164.0,-29.0,29.0,fumble_or_safety_swallows_scrimmage_type
401856773,2026,1,regular,Northern Arizona,Arizona,away,raw,net_pass_yards,200,171.0,-29.0,29.0,fumble_or_safety_swallows_scrimmage_type
401856773,2026,1,regular,Northern Arizona,Arizona,away,raw,rush_attempts,21,20,-1,1,fumble_or_safety_swallows_scrimmage_type
401856773,2026,1,regular,Northern Arizona,Arizona,away,raw,third_down_conversions,4,3,-1,1,no_play_penalty
401856774,2026,1,regular,Arizona State,Morgan State,home,raw,total_plays,71,69,-2,2,fumble_or_safety_swallows_scrimmage_type
401856774,2026,1,regular,Arizona State,Morgan State,home,raw,total_yards,681,697.0,16.0,16.0,fumble_or_safety_swallows_scrimmage_type
401856774,2026,1,regular,Arizona State,Morgan State,home,raw,rush_attempts,35,33,-2,2,fumble_or_safety_swallows_scrimmage_type
401856774,2026,1,regular,Arizona State,Morgan State,home,raw,rush_yards,249,265.0,16.0,16.0,fumble_or_safety_swallows_scrimmage_type
401856774,2026,1,regular,Arizona State,Morgan State,home,raw,turnovers,1,0,-1,1,no_play_penalty
401856774,2026,1,regular,Arizona State,Morgan State,home,raw,fumbles_lost,1,0,-1,1,no_play_penalty
401856774,2026,1,regular,Arizona State,Morgan State,home,raw,third_down_attempts,10,9,-1,1,no_play_penalty
401864497,2026,1,regular,Hawai'i,UNLV,home,raw,total_plays,76,74,-2,2,fumble_or_safety_swallows_scrimmage_type
401864497,2026,1,regular,Hawai'i,UNLV,home,raw,total_yards,294,265.0,-29.0,29.0,fumble_or_safety_swallows_scrimmage_type
401864497,2026,1,regular,Hawai'i,UNLV,home,raw,pass_attempts,43,41,-2,2,fumble_or_safety_swallows_scrimmage_type
401864497,2026,1,regular,Hawai'i,UNLV,home,raw,completions,17,14,-3,3,kneel_accounting
401864497,2026,1,regular,Hawai'i,UNLV,home,raw,net_pass_yards,176,147.0,-29.0,29.0,fumble_or_safety_swallows_scrimmage_type
401864497,2026,1,regular,Hawai'i,UNLV,home,raw,third_down_attempts,20,21,1,1,kneel_accounting
401864498,2026,1,regular,New Mexico,Central Michigan,home,raw,total_plays,69,68,-1,1,fumble_or_safety_swallows_scrimmage_type
401864498,2026,1,regular,New Mexico,Central Michigan,home,raw,total_yards,364,352.0,-12.0,12.0,fumble_or_safety_swallows_scrimmage_type
401864498,2026,1,regular,New Mexico,Central Michigan,home,raw,rush_attempts,44,43,-1,1,fumble_or_safety_swallows_scrimmage_type
401864498,2026,1,regular,New Mexico,Central Michigan,home,raw,rush_yards,205,193.0,-12.0,12.0,fumble_or_safety_swallows_scrimmage_type
401864498,2026,1,regular,Central Michigan,New Mexico,away,raw,total_plays,48,47,-1,1,fumble_or_safety_swallows_scrimmage_type
401864498,2026,1,regular,Central Michigan,New Mexico,away,raw,total_yards,149,165.0,16.0,16.0,fumble_or_safety_swallows_scrimmage_type
401864498,2026,1,regular,Central Michigan,New Mexico,away,raw,rush_attempts,32,31,-1,1,fumble_or_safety_swallows_scrimmage_type
401864498,2026,1,regular,Central Michigan,New Mexico,away,raw,rush_yards,119,135.0,16.0,16.0,fumble_or_safety_swallows_scrimmage_type
401864498,2026,1,regular,Central Michigan,New Mexico,away,raw,turnovers,2,1,-1,1,no_play_penalty
401864498,2026,1,regular,Central Michigan,New Mexico,away,raw,fumbles_lost,1,0,-1,1,no_play_penalty
401864498,2026,1,regular,Central Michigan,New Mexico,away,raw,fourth_down_attempts,3,2,-1,1,no_play_penalty
401866411,2026,1,regular,Sacramento State,Mississippi Valley State,home,raw,total_yards,453,465.0,12.0,12.0,fumble_or_safety_swallows_scrimmage_type
401866411,2026,1,regular,Sacramento State,Mississippi Valley State,home,raw,rush_yards,203,215.0,12.0,12.0,fumble_or_safety_swallows_scrimmage_type
401866411,2026,1,regular,Sacramento State,Mississippi Valley State,home,raw,turnovers,2,1,-1,1,kneel_accounting
401866411,2026,1,regular,Sacramento State,Mississippi Valley State,home,raw,interceptions,1,0,-1,1,kneel_accounting
401866411,2026,1,regular,Mississippi Valley State,Sacramento State,away,raw,total_plays,53,50,-3,3,fumble_or_safety_swallows_scrimmage_type
401866411,2026,1,regular,Mississippi Valley State,Sacramento State,away,raw,total_yards,147,153.0,6.0,6.0,fumble_or_safety_swallows_scrimmage_type
401866411,2026,1,regular,Mississippi Valley State,Sacramento State,away,raw,rush_attempts,34,31,-3,3,fumble_or_safety_swallows_scrimmage_type
401866411,2026,1,regular,Mississippi Valley State,Sacramento State,away,raw,rush_yards,104,110.0,6.0,6.0,fumble_or_safety_swallows_scrimmage_type
401866411,2026,1,regular,Mississippi Valley State,Sacramento State,away,raw,turnovers,1,0,-1,1,kneel_accounting
401866411,2026,1,regular,Mississippi Valley State,Sacramento State,away,raw,fumbles_lost,1,0,-1,1,kneel_accounting
401858210,2026,1,regular,California,UCLA,home,raw,total_plays,87,85,-2,2,fumble_or_safety_swallows_scrimmage_type
401858210,2026,1,regular,California,UCLA,home,raw,total_yards,410,416.0,6.0,6.0,fumble_or_safety_swallows_scrimmage_type
401858210,2026,1,regular,California,UCLA,home,raw,pass_attempts,47,45,-2,2,fumble_or_safety_swallows_scrimmage_type
401858210,2026,1,regular,California,UCLA,home,raw,rush_yards,119,125.0,6.0,6.0,fumble_or_safety_swallows_scrimmage_type
401858210,2026,1,regular,California,UCLA,home,raw,turnovers,3,2,-1,1,kneel_accounting
401858210,2026,1,regular,California,UCLA,home,raw,fumbles_lost,1,0,-1,1,kneel_accounting
401858210,2026,1,regular,California,UCLA,home,raw,third_down_attempts,21,19,-2,2,kneel_accounting
401858210,2026,1,regular,UCLA,California,away,raw,total_plays,54,51,-3,3,fumble_or_safety_swallows_scrimmage_type
401858210,2026,1,regular,UCLA,California,away,raw,total_yards,461,448.0,-13.0,13.0,fumble_or_safety_swallows_scrimmage_type
401858210,2026,1,regular,UCLA,California,away,raw,pass_attempts,22,21,-1,1,fumble_or_safety_swallows_scrimmage_type
401858210,2026,1,regular,UCLA,California,away,raw,rush_attempts,32,30,-2,2,fumble_or_safety_swallows_scrimmage_type
401858210,2026,1,regular,UCLA,California,away,raw,rush_yards,277,264.0,-13.0,13.0,fumble_or_safety_swallows_scrimmage_type
401858210,2026,1,regular,UCLA,California,away,raw,turnovers,1,0,-1,1,kneel_accounting
401858210,2026,1,regular,UCLA,California,away,raw,interceptions,1,0,-1,1,kneel_accounting
401858210,2026,1,regular,UCLA,California,away,raw,third_down_conversions,6,5,-1,1,kneel_accounting
401864432,2026,1,regular,Nevada,Western Kentucky,home,raw,total_plays,58,57,-1,1,fumble_or_safety_swallows_scrimmage_type
401864432,2026,1,regular,Nevada,Western Kentucky,home,raw,pass_attempts,16,15,-1,1,fumble_or_safety_swallows_scrimmage_type
401864432,2026,1,regular,Nevada,Western Kentucky,home,raw,turnovers,1,0,-1,1,kneel_accounting
401864432,2026,1,regular,Nevada,Western Kentucky,home,raw,interceptions,1,0,-1,1,kneel_accounting
401864432,2026,1,regular,Western Kentucky,Nevada,away,raw,total_plays,82,80,-2,2,fumble_or_safety_swallows_scrimmage_type
401864432,2026,1,regular,Western Kentucky,Nevada,away,raw,total_yards,367,374.0,7.0,7.0,fumble_or_safety_swallows_scrimmage_type
401864432,2026,1,regular,Western Kentucky,Nevada,away,raw,pass_attempts,40,39,-1,1,fumble_or_safety_swallows_scrimmage_type
401864432,2026,1,regular,Western Kentucky,Nevada,away,raw,completions,24,23,-1,1,kneel_accounting
401864432,2026,1,regular,Western Kentucky,Nevada,away,raw,net_pass_yards,203,198.0,-5.0,5.0,fumble_or_safety_swallows_scrimmage_type
401864432,2026,1,regular,Western Kentucky,Nevada,away,raw,rush_attempts,42,41,-1,1,fumble_or_safety_swallows_scrimmage_type
401864432,2026,1,regular,Western Kentucky,Nevada,away,raw,rush_yards,164,176.0,12.0,12.0,fumble_or_safety_swallows_scrimmage_type
401864432,2026,1,regular,Western Kentucky,Nevada,away,raw,turnovers,2,0,-2,2,kneel_accounting
401864432,2026,1,regular,Western Kentucky,Nevada,away,raw,fumbles_lost,2,0,-2,2,kneel_accounting
401864432,2026,1,regular,Western Kentucky,Nevada,away,raw,third_down_attempts,17,16,-1,1,kneel_accounting
401858437,2026,1,regular,Washington,Washington State,home,raw,total_plays,64,62,-2,2,fumble_or_safety_swallows_scrimmage_type
401858437,2026,1,regular,Washington,Washington State,home,raw,total_yards,402,403.0,1.0,1.0,fumble_or_safety_swallows_scrimmage_type
401858437,2026,1,regular,Washington,Washington State,home,raw,pass_attempts,35,34,-1,1,fumble_or_safety_swallows_scrimmage_type
401858437,2026,1,regular,Washington,Washington State,home,raw,completions,24,23,-1,1,kneel_accounting
401858437,2026,1,regular,Washington,Washington State,home,raw,net_pass_yards,268,263.0,-5.0,5.0,fumble_or_safety_swallows_scrimmage_type
401858437,2026,1,regular,Washington,Washington State,home,raw,rush_attempts,29,28,-1,1,fumble_or_safety_swallows_scrimmage_type
401858437,2026,1,regular,Washington,Washington State,home,raw,rush_yards,134,140.0,6.0,6.0,fumble_or_safety_swallows_scrimmage_type
401858437,2026,1,regular,Washington State,Washington,away,raw,total_plays,56,53,-3,3,fumble_or_safety_swallows_scrimmage_type
401858437,2026,1,regular,Washington State,Washington,away,raw,total_yards,242,240.0,-2.0,2.0,fumble_or_safety_swallows_scrimmage_type
401858437,2026,1,regular,Washington State,Washington,away,raw,pass_attempts,25,23,-2,2,fumble_or_safety_swallows_scrimmage_type
401858437,2026,1,regular,Washington State,Washington,away,raw,rush_attempts,31,30,-1,1,fumble_or_safety_swallows_scrimmage_type
401858437,2026,1,regular,Washington State,Washington,away,raw,rush_yards,100,98.0,-2.0,2.0,fumble_or_safety_swallows_scrimmage_type
401858437,2026,1,regular,Washington State,Washington,away,raw,turnovers,3,1,-2,2,kneel_accounting
401858437,2026,1,regular,Washington State,Washington,away,raw,interceptions,2,1,-1,1,kneel_accounting
401858437,2026,1,regular,Washington State,Washington,away,raw,fumbles_lost,1,0,-1,1,kneel_accounting
401858437,2026,1,regular,Washington State,Washington,away,raw,third_down_attempts,9,10,1,1,kneel_accounting
401856661,2026,1,regular,Ole Miss,Louisville,home,raw,total_plays,78,76,-2,2,fumble_or_safety_swallows_scrimmage_type
401856661,2026,1,regular,Ole Miss,Louisville,home,raw,total_yards,488,504.0,16.0,16.0,fumble_or_safety_swallows_scrimmage_type
401856661,2026,1,regular,Ole Miss,Louisville,home,raw,rush_attempts,41,39,-2,2,fumble_or_safety_swallows_scrimmage_type
401856661,2026,1,regular,Ole Miss,Louisville,home,raw,rush_yards,152,168.0,16.0,16.0,fumble_or_safety_swallows_scrimmage_type
401856661,2026,1,regular,Ole Miss,Louisville,home,raw,fourth_down_attempts,2,1,-1,1,spike_accounting
401856661,2026,1,regular,Louisville,Ole Miss,away,raw,total_plays,68,67,-1,1,fumble_or_safety_swallows_scrimmage_type
401856661,2026,1,regular,Louisville,Ole Miss,away,raw,total_yards,469,501.0,32.0,32.0,fumble_or_safety_swallows_scrimmage_type
401856661,2026,1,regular,Louisville,Ole Miss,away,raw,rush_attempts,39,38,-1,1,fumble_or_safety_swallows_scrimmage_type
401856661,2026,1,regular,Louisville,Ole Miss,away,raw,rush_yards,162,194.0,32.0,32.0,fumble_or_safety_swallows_scrimmage_type
401856661,2026,1,regular,Louisville,Ole Miss,away,raw,fourth_down_attempts,1,0,-1,1,spike_accounting
401858438,2026,1,regular,Notre Dame,Wisconsin,home,raw,total_plays,61,59,-2,2,fumble_or_safety_swallows_scrimmage_type
401858438,2026,1,regular,Notre Dame,Wisconsin,home,raw,total_yards,350,357.0,7.0,7.0,fumble_or_safety_swallows_scrimmage_type
401858438,2026,1,regular,Notre Dame,Wisconsin,home,raw,rush_attempts,32,30,-2,2,fumble_or_safety_swallows_scrimmage_type
401858438,2026,1,regular,Notre Dame,Wisconsin,home,raw,rush_yards,111,118.0,7.0,7.0,fumble_or_safety_swallows_scrimmage_type
401858438,2026,1,regular,Notre Dame,Wisconsin,home,raw,third_down_attempts,9,8,-1,1,no_play_penalty
401858438,2026,1,regular,Wisconsin,Notre Dame,away,raw,total_plays,61,60,-1,1,fumble_or_safety_swallows_scrimmage_type
401858438,2026,1,regular,Wisconsin,Notre Dame,away,raw,pass_attempts,30,29,-1,1,fumble_or_safety_swallows_scrimmage_type
401858438,2026,1,regular,Wisconsin,Notre Dame,away,raw,turnovers,2,1,-1,1,no_play_penalty
401858438,2026,1,regular,Wisconsin,Notre Dame,away,raw,fumbles_lost,1,0,-1,1,no_play_penalty
401858212,2026,1,regular,Florida State,SMU,home,raw,total_plays,68,67,-1,1,sack_accounting
401858212,2026,1,regular,Florida State,SMU,home,raw,total_yards,324,325.0,1.0,1.0,sack_accounting
401858212,2026,1,regular,Florida State,SMU,home,raw,net_pass_yards,125,123.0,-2.0,2.0,sack_accounting
401858212,2026,1,regular,Florida State,SMU,home,raw,rush_attempts,45,44,-1,1,sack_accounting
401858212,2026,1,regular,Florida State,SMU,home,raw,rush_yards,199,202.0,3.0,3.0,sack_accounting
401858212,2026,1,regular,Florida State,SMU,home,raw,turnovers,1,0,-1,1,no_play_penalty
401858212,2026,1,regular,Florida State,SMU,home,raw,fumbles_lost,1,0,-1,1,no_play_penalty
401858212,2026,1,regular,Florida State,SMU,home,raw,third_down_attempts,15,14,-1,1,no_play_penalty
401858212,2026,1,regular,Florida State,SMU,home,raw,fourth_down_conversions,2,3,1,1,no_play_penalty
401858212,2026,1,regular,SMU,Florida State,away,raw,total_plays,67,65,-2,2,sack_accounting
401858212,2026,1,regular,SMU,Florida State,away,raw,total_yards,585,587.0,2.0,2.0,sack_accounting
401858212,2026,1,regular,SMU,Florida State,away,raw,pass_attempts,36,34,-2,2,sack_accounting
401858212,2026,1,regular,SMU,Florida State,away,raw,net_pass_yards,430,432.0,2.0,2.0,sack_accounting
401858212,2026,1,regular,SMU,Florida State,away,raw,turnovers,4,2,-2,2,no_play_penalty
401858212,2026,1,regular,SMU,Florida State,away,raw,fumbles_lost,2,0,-2,2,no_play_penalty
401858212,2026,1,regular,SMU,Florida State,away,raw,third_down_attempts,14,13,-1,1,no_play_penalty
401858213,2026,2,regular,Miami,Florida A&M,home,raw,total_plays,73,71,-2,2,fumble_or_safety_swallows_scrimmage_type
401858213,2026,2,regular,Miami,Florida A&M,home,raw,total_yards,856,839.0,-17.0,17.0,fumble_or_safety_swallows_scrimmage_type
401858213,2026,2,regular,Miami,Florida A&M,home,raw,pass_attempts,29,27,-2,2,fumble_or_safety_swallows_scrimmage_type
401858213,2026,2,regular,Miami,Florida A&M,home,raw,completions,27,25,-2,2,no_play_penalty
401858213,2026,2,regular,Miami,Florida A&M,home,raw,net_pass_yards,426,411.0,-15.0,15.0,fumble_or_safety_swallows_scrimmage_type
401858213,2026,2,regular,Miami,Florida A&M,home,raw,rush_yards,430,428.0,-2.0,2.0,fumble_or_safety_swallows_scrimmage_type
401858213,2026,2,regular,Miami,Florida A&M,home,raw,third_down_attempts,3,2,-1,1,no_play_penalty
401858213,2026,2,regular,Florida A&M,Miami,away,raw,total_plays,47,46,-1,1,fumble_or_safety_swallows_scrimmage_type
401858213,2026,2,regular,Florida A&M,Miami,away,raw,total_yards,107,115.0,8.0,8.0,fumble_or_safety_swallows_scrimmage_type
401858213,2026,2,regular,Florida A&M,Miami,away,raw,rush_attempts,21,20,-1,1,fumble_or_safety_swallows_scrimmage_type
401858213,2026,2,regular,Florida A&M,Miami,away,raw,rush_yards,37,45.0,8.0,8.0,fumble_or_safety_swallows_scrimmage_type
401858215,2026,2,regular,Louisville,Villanova,home,raw,total_plays,66,64,-2,2,fumble_or_safety_swallows_scrimmage_type
401858215,2026,2,regular,Louisville,Villanova,home,raw,total_yards,635,626.0,-9.0,9.0,fumble_or_safety_swallows_scrimmage_type
401858215,2026,2,regular,Louisville,Villanova,home,raw,rush_attempts,38,36,-2,2,fumble_or_safety_swallows_scrimmage_type
401858215,2026,2,regular,Louisville,Villanova,home,raw,rush_yards,260,251.0,-9.0,9.0,fumble_or_safety_swallows_scrimmage_type
401858215,2026,2,regular,Villanova,Louisville,away,raw,total_plays,62,60,-2,2,fumble_or_safety_swallows_scrimmage_type
401858215,2026,2,regular,Villanova,Louisville,away,raw,total_yards,253,261.0,8.0,8.0,fumble_or_safety_swallows_scrimmage_type
401858215,2026,2,regular,Villanova,Louisville,away,raw,rush_attempts,28,26,-2,2,fumble_or_safety_swallows_scrimmage_type
401858215,2026,2,regular,Villanova,Louisville,away,raw,rush_yards,75,83.0,8.0,8.0,fumble_or_safety_swallows_scrimmage_type
401858215,2026,2,regular,Villanova,Louisville,away,raw,turnovers,1,0,-1,1,spike_accounting
401858215,2026,2,regular,Villanova,Louisville,away,raw,fumbles_lost,1,0,-1,1,spike_accounting
401858215,2026,2,regular,Villanova,Louisville,away,raw,third_down_attempts,14,15,1,1,spike_accounting
401858220,2026,2,regular,Norfolk State,Virginia,away,raw,total_plays,65,63,-2,2,sack_accounting
401858220,2026,2,regular,Norfolk State,Virginia,away,raw,total_yards,223,224.0,1.0,1.0,sack_accounting
401858220,2026,2,regular,Norfolk State,Virginia,away,raw,pass_attempts,34,32,-2,2,sack_accounting
401858220,2026,2,regular,Norfolk State,Virginia,away,raw,rush_yards,55,56.0,1.0,1.0,sack_accounting
401858220,2026,2,regular,Norfolk State,Virginia,away,raw,turnovers,3,1,-2,2,kneel_accounting
401858220,2026,2,regular,Norfolk State,Virginia,away,raw,interceptions,3,1,-2,2,kneel_accounting
401858220,2026,2,regular,Norfolk State,Virginia,away,raw,third_down_attempts,17,16,-1,1,kneel_accounting
401858220,2026,2,regular,Norfolk State,Virginia,away,raw,fourth_down_attempts,2,1,-1,1,kneel_accounting
401858222,2026,2,regular,NC State,Richmond,home,raw,total_yards,734,732.0,-2.0,2.0,fumble_or_safety_swallows_scrimmage_type
401858222,2026,2,regular,NC State,Richmond,home,raw,pass_attempts,24,25,1,1,fumble_or_safety_swallows_scrimmage_type
401858222,2026,2,regular,NC State,Richmond,home,raw,rush_attempts,45,44,-1,1,fumble_or_safety_swallows_scrimmage_type
401858222,2026,2,regular,NC State,Richmond,home,raw,rush_yards,428,426.0,-2.0,2.0,fumble_or_safety_swallows_scrimmage_type
401858222,2026,2,regular,NC State,Richmond,home,raw,turnovers,1,0,-1,1,no_play_penalty
401858222,2026,2,regular,NC State,Richmond,home,raw,fumbles_lost,1,0,-1,1,no_play_penalty
401858222,2026,2,regular,NC State,Richmond,home,raw,third_down_attempts,10,11,1,1,no_play_penalty
401858222,2026,2,regular,Richmond,NC State,away,raw,total_plays,49,46,-3,3,fumble_or_safety_swallows_scrimmage_type
401858222,2026,2,regular,Richmond,NC State,away,raw,total_yards,110,133.0,23.0,23.0,fumble_or_safety_swallows_scrimmage_type
401858222,2026,2,regular,Richmond,NC State,away,raw,pass_attempts,27,26,-1,1,fumble_or_safety_swallows_scrimmage_type
401858222,2026,2,regular,Richmond,NC State,away,raw,rush_attempts,22,20,-2,2,fumble_or_safety_swallows_scrimmage_type
401858222,2026,2,regular,Richmond,NC State,away,raw,rush_yards,34,57.0,23.0,23.0,fumble_or_safety_swallows_scrimmage_type
401858222,2026,2,regular,Richmond,NC State,away,raw,third_down_attempts,13,12,-1,1,no_play_penalty
401858222,2026,2,regular,Richmond,NC State,away,raw,fourth_down_attempts,1,0,-1,1,no_play_penalty
401858214,2026,2,regular,Boston College,Rutgers,home,raw,total_plays,61,59,-2,2,fumble_or_safety_swallows_scrimmage_type
401858214,2026,2,regular,Boston College,Rutgers,home,raw,total_yards,402,391.0,-11.0,11.0,fumble_or_safety_swallows_scrimmage_type
401858214,2026,2,regular,Boston College,Rutgers,home,raw,pass_attempts,29,28,-1,1,fumble_or_safety_swallows_scrimmage_type
401858214,2026,2,regular,Boston College,Rutgers,home,raw,rush_attempts,32,31,-1,1,fumble_or_safety_swallows_scrimmage_type
401858214,2026,2,regular,Boston College,Rutgers,home,raw,rush_yards,150,139.0,-11.0,11.0,fumble_or_safety_swallows_scrimmage_type
401858214,2026,2,regular,Boston College,Rutgers,home,raw,turnovers,3,2,-1,1,kneel_accounting
401858214,2026,2,regular,Boston College,Rutgers,home,raw,interceptions,2,1,-1,1,kneel_accounting
401858214,2026,2,regular,Rutgers,Boston College,away,raw,total_plays,68,65,-3,3,fumble_or_safety_swallows_scrimmage_type
401858214,2026,2,regular,Rutgers,Boston College,away,raw,total_yards,384,376.0,-8.0,8.0,fumble_or_safety_swallows_scrimmage_type
401858214,2026,2,regular,Rutgers,Boston College,away,raw,pass_attempts,27,24,-3,3,fumble_or_safety_swallows_scrimmage_type
401858214,2026,2,regular,Rutgers,Boston College,away,raw,completions,18,17,-1,1,kneel_accounting
401858214,2026,2,regular,Rutgers,Boston College,away,raw,net_pass_yards,230,222.0,-8.0,8.0,fumble_or_safety_swallows_scrimmage_type
401858214,2026,2,regular,Rutgers,Boston College,away,raw,turnovers,4,3,-1,1,kneel_accounting
401858214,2026,2,regular,Rutgers,Boston College,away,raw,interceptions,4,3,-1,1,kneel_accounting
401858214,2026,2,regular,Rutgers,Boston College,away,raw,third_down_attempts,12,11,-1,1,kneel_accounting
401858214,2026,2,regular,Rutgers,Boston College,away,raw,fourth_down_attempts,5,4,-1,1,kneel_accounting
401856678,2026,2,regular,Kansas,Missouri,home,raw,total_plays,67,61,-6,6,fumble_or_safety_swallows_scrimmage_type
401856678,2026,2,regular,Kansas,Missouri,home,raw,total_yards,255,261.0,6.0,6.0,fumble_or_safety_swallows_scrimmage_type
401856678,2026,2,regular,Kansas,Missouri,home,raw,pass_attempts,31,29,-2,2,fumble_or_safety_swallows_scrimmage_type
401856678,2026,2,regular,Kansas,Missouri,home,raw,completions,14,13,-1,1,kneel_accounting
401856678,2026,2,regular,Kansas,Missouri,home,raw,net_pass_yards,174,158.0,-16.0,16.0,fumble_or_safety_swallows_scrimmage_type
401856678,2026,2,regular,Kansas,Missouri,home,raw,rush_attempts,36,32,-4,4,fumble_or_safety_swallows_scrimmage_type
401856678,2026,2,regular,Kansas,Missouri,home,raw,rush_yards,81,103.0,22.0,22.0,fumble_or_safety_swallows_scrimmage_type
401856678,2026,2,regular,Kansas,Missouri,home,raw,turnovers,3,0,-3,3,kneel_accounting
401856678,2026,2,regular,Kansas,Missouri,home,raw,interceptions,2,0,-2,2,kneel_accounting
401856678,2026,2,regular,Kansas,Missouri,home,raw,fumbles_lost,1,0,-1,1,kneel_accounting
401856678,2026,2,regular,Kansas,Missouri,home,raw,fourth_down_attempts,5,4,-1,1,kneel_accounting
401856678,2026,2,regular,Missouri,Kansas,away,raw,total_plays,71,68,-3,3,fumble_or_safety_swallows_scrimmage_type
401856678,2026,2,regular,Missouri,Kansas,away,raw,total_yards,469,468.0,-1.0,1.0,fumble_or_safety_swallows_scrimmage_type
401856678,2026,2,regular,Missouri,Kansas,away,raw,rush_attempts,41,38,-3,3,fumble_or_safety_swallows_scrimmage_type
401856678,2026,2,regular,Missouri,Kansas,away,raw,rush_yards,177,176.0,-1.0,1.0,fumble_or_safety_swallows_scrimmage_type
401856678,2026,2,regular,Missouri,Kansas,away,raw,turnovers,1,0,-1,1,kneel_accounting
401856678,2026,2,regular,Missouri,Kansas,away,raw,fumbles_lost,1,0,-1,1,kneel_accounting
401856782,2026,2,regular,Oklahoma State,Oregon,home,raw,fourth_down_attempts,1,2,1,1,kneel_accounting
401856782,2026,2,regular,Oregon,Oklahoma State,away,raw,total_plays,59,58,-1,1,fumble_or_safety_swallows_scrimmage_type
401856782,2026,2,regular,Oregon,Oklahoma State,away,raw,total_yards,281,288.0,7.0,7.0,fumble_or_safety_swallows_scrimmage_type
401856782,2026,2,regular,Oregon,Oklahoma State,away,raw,rush_attempts,30,29,-1,1,fumble_or_safety_swallows_scrimmage_type
401856782,2026,2,regular,Oregon,Oklahoma State,away,raw,rush_yards,90,97.0,7.0,7.0,fumble_or_safety_swallows_scrimmage_type
401858442,2026,2,regular,Temple,Penn State,home,raw,total_plays,55,54,-1,1,fumble_or_safety_swallows_scrimmage_type
401858442,2026,2,regular,Temple,Penn State,home,raw,pass_attempts,22,21,-1,1,fumble_or_safety_swallows_scrimmage_type
401858442,2026,2,regular,Penn State,Temple,away,raw,total_plays,61,64,3,3,fumble_or_safety_swallows_scrimmage_type
401858442,2026,2,regular,Penn State,Temple,away,raw,total_yards,416,351.0,-65.0,65.0,fumble_or_safety_swallows_scrimmage_type
401858442,2026,2,regular,Penn State,Temple,away,raw,pass_attempts,27,26,-1,1,fumble_or_safety_swallows_scrimmage_type
401858442,2026,2,regular,Penn State,Temple,away,raw,completions,21,20,-1,1,kneel_accounting
401858442,2026,2,regular,Penn State,Temple,away,raw,net_pass_yards,268,248.0,-20.0,20.0,fumble_or_safety_swallows_scrimmage_type
401858442,2026,2,regular,Penn State,Temple,away,raw,rush_attempts,34,38,4,4,fumble_or_safety_swallows_scrimmage_type
401858442,2026,2,regular,Penn State,Temple,away,raw,rush_yards,148,103.0,-45.0,45.0,fumble_or_safety_swallows_scrimmage_type
401868187,2026,2,regular,Liberty,Gardner-Webb,home,raw,total_plays,66,64,-2,2,fumble_or_safety_swallows_scrimmage_type
401868187,2026,2,regular,Liberty,Gardner-Webb,home,raw,total_yards,379,377.0,-2.0,2.0,fumble_or_safety_swallows_scrimmage_type
401868187,2026,2,regular,Liberty,Gardner-Webb,home,raw,rush_attempts,45,43,-2,2,fumble_or_safety_swallows_scrimmage_type
401868187,2026,2,regular,Liberty,Gardner-Webb,home,raw,rush_yards,193,191.0,-2.0,2.0,fumble_or_safety_swallows_scrimmage_type
401868187,2026,2,regular,Liberty,Gardner-Webb,home,raw,turnovers,2,1,-1,1,kneel_accounting
401868187,2026,2,regular,Liberty,Gardner-Webb,home,raw,fumbles_lost,2,1,-1,1,kneel_accounting
401868187,2026,2,regular,Gardner-Webb,Liberty,away,raw,total_plays,71,69,-2,2,fumble_or_safety_swallows_scrimmage_type
401868187,2026,2,regular,Gardner-Webb,Liberty,away,raw,total_yards,304,334.0,30.0,30.0,fumble_or_safety_swallows_scrimmage_type
401868187,2026,2,regular,Gardner-Webb,Liberty,away,raw,pass_attempts,38,37,-1,1,fumble_or_safety_swallows_scrimmage_type
401868187,2026,2,regular,Gardner-Webb,Liberty,away,raw,rush_attempts,33,32,-1,1,fumble_or_safety_swallows_scrimmage_type
401868187,2026,2,regular,Gardner-Webb,Liberty,away,raw,rush_yards,118,148.0,30.0,30.0,fumble_or_safety_swallows_scrimmage_type
401868187,2026,2,regular,Gardner-Webb,Liberty,away,raw,turnovers,3,2,-1,1,kneel_accounting
401868187,2026,2,regular,Gardner-Webb,Liberty,away,raw,fumbles_lost,1,0,-1,1,kneel_accounting
401856781,2026,2,regular,Kansas State,Washington State,home,raw,total_plays,74,72,-2,2,fumble_or_safety_swallows_scrimmage_type
401856781,2026,2,regular,Kansas State,Washington State,home,raw,pass_attempts,34,32,-2,2,fumble_or_safety_swallows_scrimmage_type
401856781,2026,2,regular,Kansas State,Washington State,home,raw,turnovers,2,1,-1,1,no_play_penalty
401856781,2026,2,regular,Kansas State,Washington State,home,raw,interceptions,2,1,-1,1,no_play_penalty
401856781,2026,2,regular,Kansas State,Washington State,home,raw,fourth_down_attempts,1,0,-1,1,no_play_penalty
401856781,2026,2,regular,Washington State,Kansas State,away,raw,total_plays,50,49,-1,1,fumble_or_safety_swallows_scrimmage_type
401856781,2026,2,regular,Washington State,Kansas State,away,raw,total_yards,166,160.0,-6.0,6.0,fumble_or_safety_swallows_scrimmage_type
401856781,2026,2,regular,Washington State,Kansas State,away,raw,rush_attempts,30,29,-1,1,fumble_or_safety_swallows_scrimmage_type
401856781,2026,2,regular,Washington State,Kansas State,away,raw,rush_yards,101,95.0,-6.0,6.0,fumble_or_safety_swallows_scrimmage_type
401858224,2026,2,regular,Purdue,Wake Forest,home,raw,total_plays,82,81,-1,1,fumble_or_safety_swallows_scrimmage_type
401858224,2026,2,regular,Purdue,Wake Forest,home,raw,total_yards,455,461.0,6.0,6.0,fumble_or_safety_swallows_scrimmage_type
401858224,2026,2,regular,Purdue,Wake Forest,home,raw,rush_attempts,40,39,-1,1,fumble_or_safety_swallows_scrimmage_type
401858224,2026,2,regular,Purdue,Wake Forest,home,raw,rush_yards,126,132.0,6.0,6.0,fumble_or_safety_swallows_scrimmage_type
401858224,2026,2,regular,Purdue,Wake Forest,home,raw,third_down_attempts,14,15,1,1,no_play_penalty
401858224,2026,2,regular,Wake Forest,Purdue,away,raw,total_plays,68,67,-1,1,fumble_or_safety_swallows_scrimmage_type
401858224,2026,2,regular,Wake Forest,Purdue,away,raw,total_yards,411,414.0,3.0,3.0,fumble_or_safety_swallows_scrimmage_type
401858224,2026,2,regular,Wake Forest,Purdue,away,raw,rush_attempts,41,40,-1,1,fumble_or_safety_swallows_scrimmage_type
401858224,2026,2,regular,Wake Forest,Purdue,away,raw,rush_yards,186,189.0,3.0,3.0,fumble_or_safety_swallows_scrimmage_type
401858221,2026,2,regular,Virginia Tech,Old Dominion,home,raw,total_plays,86,85,-1,1,fumble_or_safety_swallows_scrimmage_type
401858221,2026,2,regular,Virginia Tech,Old Dominion,home,raw,total_yards,416,421.0,5.0,5.0,fumble_or_safety_swallows_scrimmage_type
401858221,2026,2,regular,Virginia Tech,Old Dominion,home,raw,rush_attempts,42,41,-1,1,fumble_or_safety_swallows_scrimmage_type
401858221,2026,2,regular,Virginia Tech,Old Dominion,home,raw,rush_yards,89,94.0,5.0,5.0,fumble_or_safety_swallows_scrimmage_type
401858221,2026,2,regular,Virginia Tech,Old Dominion,home,raw,turnovers,2,0,-2,2,no_play_penalty
401858221,2026,2,regular,Virginia Tech,Old Dominion,home,raw,fumbles_lost,2,0,-2,2,no_play_penalty
401858221,2026,2,regular,Virginia Tech,Old Dominion,home,raw,third_down_attempts,21,20,-1,1,no_play_penalty
401858221,2026,2,regular,Old Dominion,Virginia Tech,away,raw,total_plays,52,45,-7,7,fumble_or_safety_swallows_scrimmage_type
401858221,2026,2,regular,Old Dominion,Virginia Tech,away,raw,total_yards,310,216.0,-94.0,94.0,fumble_or_safety_swallows_scrimmage_type
401858221,2026,2,regular,Old Dominion,Virginia Tech,away,raw,pass_attempts,21,19,-2,2,fumble_or_safety_swallows_scrimmage_type
401858221,2026,2,regular,Old Dominion,Virginia Tech,away,raw,completions,13,12,-1,1,no_play_penalty
401858221,2026,2,regular,Old Dominion,Virginia Tech,away,raw,net_pass_yards,187,153.0,-34.0,34.0,fumble_or_safety_swallows_scrimmage_type
401858221,2026,2,regular,Old Dominion,Virginia Tech,away,raw,rush_attempts,31,26,-5,5,fumble_or_safety_swallows_scrimmage_type
401858221,2026,2,regular,Old Dominion,Virginia Tech,away,raw,rush_yards,123,63.0,-60.0,60.0,fumble_or_safety_swallows_scrimmage_type
401858221,2026,2,regular,Old Dominion,Virginia Tech,away,raw,turnovers,3,1,-2,2,no_play_penalty
401858221,2026,2,regular,Old Dominion,Virginia Tech,away,raw,fumbles_lost,3,1,-2,2,no_play_penalty
401858221,2026,2,regular,Old Dominion,Virginia Tech,away,raw,third_down_attempts,13,11,-2,2,no_play_penalty
401858221,2026,2,regular,Old Dominion,Virginia Tech,away,raw,third_down_conversions,4,3,-1,1,no_play_penalty
401858221,2026,2,regular,Old Dominion,Virginia Tech,away,raw,fourth_down_attempts,2,1,-1,1,no_play_penalty
401858221,2026,2,regular,Old Dominion,Virginia Tech,away,raw,fourth_down_conversions,2,1,-1,1,no_play_penalty
401864571,2026,2,regular,East Carolina,App State,home,raw,total_yards,417,430.0,13.0,13.0,fumble_or_safety_swallows_scrimmage_type
401864571,2026,2,regular,East Carolina,App State,home,raw,pass_attempts,37,38,1,1,fumble_or_safety_swallows_scrimmage_type
401864571,2026,2,regular,East Carolina,App State,home,raw,rush_attempts,35,34,-1,1,fumble_or_safety_swallows_scrimmage_type
401864571,2026,2,regular,East Carolina,App State,home,raw,rush_yards,187,200.0,13.0,13.0,fumble_or_safety_swallows_scrimmage_type
401864571,2026,2,regular,East Carolina,App State,home,raw,turnovers,2,1,-1,1,kneel_accounting
401864571,2026,2,regular,East Carolina,App State,home,raw,fumbles_lost,1,0,-1,1,kneel_accounting
401864571,2026,2,regular,East Carolina,App State,home,raw,third_down_attempts,13,12,-1,1,kneel_accounting
401864571,2026,2,regular,East Carolina,App State,home,raw,fourth_down_attempts,2,3,1,1,kneel_accounting
401864571,2026,2,regular,App State,East Carolina,away,raw,total_plays,72,71,-1,1,fumble_or_safety_swallows_scrimmage_type
401864571,2026,2,regular,App State,East Carolina,away,raw,total_yards,396,391.0,-5.0,5.0,fumble_or_safety_swallows_scrimmage_type
401864571,2026,2,regular,App State,East Carolina,away,raw,rush_attempts,44,43,-1,1,fumble_or_safety_swallows_scrimmage_type
401864571,2026,2,regular,App State,East Carolina,away,raw,rush_yards,129,124.0,-5.0,5.0,fumble_or_safety_swallows_scrimmage_type
401864571,2026,2,regular,App State,East Carolina,away,raw,third_down_attempts,14,15,1,1,kneel_accounting
401864571,2026,2,regular,App State,East Carolina,away,raw,third_down_conversions,5,6,1,1,kneel_accounting
401862702,2026,2,regular,Army,South Florida,home,raw,total_plays,62,61,-1,1,fumble_or_safety_swallows_scrimmage_type
401862702,2026,2,regular,Army,South Florida,home,raw,total_yards,347,333.0,-14.0,14.0,fumble_or_safety_swallows_scrimmage_type
401862702,2026,2,regular,Army,South Florida,home,raw,pass_attempts,11,10,-1,1,fumble_or_safety_swallows_scrimmage_type
401862702,2026,2,regular,Army,South Florida,home,raw,completions,10,9,-1,1,kneel_accounting
401862702,2026,2,regular,Army,South Florida,home,raw,net_pass_yards,128,114.0,-14.0,14.0,fumble_or_safety_swallows_scrimmage_type
401862702,2026,2,regular,Army,South Florida,home,raw,turnovers,1,0,-1,1,kneel_accounting
401862702,2026,2,regular,Army,South Florida,home,raw,fumbles_lost,1,0,-1,1,kneel_accounting
401856679,2026,2,regular,Michigan,Oklahoma,home,raw,total_plays,58,56,-2,2,fumble_or_safety_swallows_scrimmage_type
401856679,2026,2,regular,Michigan,Oklahoma,home,raw,total_yards,263,262.0,-1.0,1.0,fumble_or_safety_swallows_scrimmage_type
401856679,2026,2,regular,Michigan,Oklahoma,home,raw,rush_attempts,41,39,-2,2,fumble_or_safety_swallows_scrimmage_type
401856679,2026,2,regular,Michigan,Oklahoma,home,raw,rush_yards,152,151.0,-1.0,1.0,fumble_or_safety_swallows_scrimmage_type
401856679,2026,2,regular,Michigan,Oklahoma,home,raw,third_down_attempts,13,12,-1,1,no_play_penalty
401856679,2026,2,regular,Oklahoma,Michigan,away,raw,total_plays,62,60,-2,2,fumble_or_safety_swallows_scrimmage_type
401856679,2026,2,regular,Oklahoma,Michigan,away,raw,total_yards,289,283.0,-6.0,6.0,fumble_or_safety_swallows_scrimmage_type
401856679,2026,2,regular,Oklahoma,Michigan,away,raw,pass_attempts,33,31,-2,2,fumble_or_safety_swallows_scrimmage_type
401856679,2026,2,regular,Oklahoma,Michigan,away,raw,completions,17,16,-1,1,no_play_penalty
401856679,2026,2,regular,Oklahoma,Michigan,away,raw,net_pass_yards,189,181.0,-8.0,8.0,fumble_or_safety_swallows_scrimmage_type
401856679,2026,2,regular,Oklahoma,Michigan,away,raw,rush_yards,100,102.0,2.0,2.0,fumble_or_safety_swallows_scrimmage_type
401856679,2026,2,regular,Oklahoma,Michigan,away,raw,third_down_attempts,13,12,-1,1,no_play_penalty
401867929,2026,2,regular,James Madison,Wagner,home,raw,total_plays,62,60,-2,2,fumble_or_safety_swallows_scrimmage_type
401867929,2026,2,regular,James Madison,Wagner,home,raw,total_yards,588,600.0,12.0,12.0,fumble_or_safety_swallows_scrimmage_type
401867929,2026,2,regular,James Madison,Wagner,home,raw,rush_attempts,35,33,-2,2,fumble_or_safety_swallows_scrimmage_type
401867929,2026,2,regular,James Madison,Wagner,home,raw,rush_yards,290,302.0,12.0,12.0,fumble_or_safety_swallows_scrimmage_type
401867929,2026,2,regular,James Madison,Wagner,home,raw,turnovers,1,0,-1,1,kneel_accounting
401867929,2026,2,regular,James Madison,Wagner,home,raw,fumbles_lost,1,0,-1,1,kneel_accounting
401867929,2026,2,regular,James Madison,Wagner,home,raw,fourth_down_attempts,1,0,-1,1,kneel_accounting
401867929,2026,2,regular,Wagner,James Madison,away,raw,total_plays,67,66,-1,1,fumble_or_safety_swallows_scrimmage_type
401867929,2026,2,regular,Wagner,James Madison,away,raw,total_yards,204,213.0,9.0,9.0,fumble_or_safety_swallows_scrimmage_type
401867929,2026,2,regular,Wagner,James Madison,away,raw,rush_attempts,40,39,-1,1,fumble_or_safety_swallows_scrimmage_type
401867929,2026,2,regular,Wagner,James Madison,away,raw,rush_yards,86,95.0,9.0,9.0,fumble_or_safety_swallows_scrimmage_type
401867929,2026,2,regular,Wagner,James Madison,away,raw,turnovers,2,0,-2,2,kneel_accounting
401867929,2026,2,regular,Wagner,James Madison,away,raw,fumbles_lost,2,0,-2,2,kneel_accounting
401858439,2026,2,regular,Indiana,Howard,home,raw,total_plays,62,60,-2,2,fumble_or_safety_swallows_scrimmage_type
401858439,2026,2,regular,Indiana,Howard,home,raw,total_yards,505,513.0,8.0,8.0,fumble_or_safety_swallows_scrimmage_type
401858439,2026,2,regular,Indiana,Howard,home,raw,rush_attempts,46,44,-2,2,fumble_or_safety_swallows_scrimmage_type
401858439,2026,2,regular,Indiana,Howard,home,raw,rush_yards,296,304.0,8.0,8.0,fumble_or_safety_swallows_scrimmage_type
401858439,2026,2,regular,Indiana,Howard,home,raw,turnovers,1,0,-1,1,no_play_penalty
401858439,2026,2,regular,Indiana,Howard,home,raw,fumbles_lost,1,0,-1,1,no_play_penalty
401858439,2026,2,regular,Howard,Indiana,away,raw,total_plays,47,45,-2,2,fumble_or_safety_swallows_scrimmage_type
401858439,2026,2,regular,Howard,Indiana,away,raw,total_yards,57,66.0,9.0,9.0,fumble_or_safety_swallows_scrimmage_type
401858439,2026,2,regular,Howard,Indiana,away,raw,pass_attempts,20,19,-1,1,fumble_or_safety_swallows_scrimmage_type
401858439,2026,2,regular,Howard,Indiana,away,raw,rush_attempts,27,26,-1,1,fumble_or_safety_swallows_scrimmage_type
401858439,2026,2,regular,Howard,Indiana,away,raw,rush_yards,13,22.0,9.0,9.0,fumble_or_safety_swallows_scrimmage_type
401858439,2026,2,regular,Howard,Indiana,away,raw,third_down_attempts,14,13,-1,1,no_play_penalty
401866416,2026,2,regular,Kent State,Wofford,home,raw,total_plays,72,70,-2,2,fumble_or_safety_swallows_scrimmage_type
401866416,2026,2,regular,Kent State,Wofford,home,raw,total_yards,448,466.0,18.0,18.0,fumble_or_safety_swallows_scrimmage_type
401866416,2026,2,regular,Kent State,Wofford,home,raw,pass_attempts,28,27,-1,1,fumble_or_safety_swallows_scrimmage_type
401866416,2026,2,regular,Kent State,Wofford,home,raw,rush_attempts,44,43,-1,1,fumble_or_safety_swallows_scrimmage_type
401866416,2026,2,regular,Kent State,Wofford,home,raw,rush_yards,195,213.0,18.0,18.0,fumble_or_safety_swallows_scrimmage_type
401866416,2026,2,regular,Kent State,Wofford,home,raw,turnovers,3,1,-2,2,kneel_accounting
401866416,2026,2,regular,Kent State,Wofford,home,raw,interceptions,2,1,-1,1,kneel_accounting
401866416,2026,2,regular,Kent State,Wofford,home,raw,fumbles_lost,1,0,-1,1,kneel_accounting
401866416,2026,2,regular,Kent State,Wofford,home,raw,third_down_attempts,19,18,-1,1,kneel_accounting
401866416,2026,2,regular,Kent State,Wofford,home,raw,fourth_down_attempts,3,2,-1,1,kneel_accounting
401866416,2026,2,regular,Wofford,Kent State,away,raw,total_plays,53,52,-1,1,fumble_or_safety_swallows_scrimmage_type
401866416,2026,2,regular,Wofford,Kent State,away,raw,pass_attempts,27,26,-1,1,fumble_or_safety_swallows_scrimmage_type
401866416,2026,2,regular,Wofford,Kent State,away,raw,turnovers,2,1,-1,1,kneel_accounting
401866416,2026,2,regular,Wofford,Kent State,away,raw,interceptions,2,1,-1,1,kneel_accounting
401858218,2026,2,regular,East Tennessee State,North Carolina,away,raw,total_plays,67,64,-3,3,fumble_or_safety_swallows_scrimmage_type
401858218,2026,2,regular,East Tennessee State,North Carolina,away,raw,total_yards,255,232.0,-23.0,23.0,fumble_or_safety_swallows_scrimmage_type
401858218,2026,2,regular,East Tennessee State,North Carolina,away,raw,rush_attempts,35,32,-3,3,fumble_or_safety_swallows_scrimmage_type
401858218,2026,2,regular,East Tennessee State,North Carolina,away,raw,rush_yards,77,54.0,-23.0,23.0,fumble_or_safety_swallows_scrimmage_type
401858218,2026,2,regular,East Tennessee State,North Carolina,away,raw,turnovers,2,1,-1,1,no_play_penalty
401858218,2026,2,regular,East Tennessee State,North Carolina,away,raw,fumbles_lost,1,0,-1,1,no_play_penalty
401856683,2026,2,regular,Texas A&M,Arizona State,home,raw,total_plays,60,59,-1,1,fumble_or_safety_swallows_scrimmage_type
401856683,2026,2,regular,Texas A&M,Arizona State,home,raw,total_yards,255,265.0,10.0,10.0,fumble_or_safety_swallows_scrimmage_type
401856683,2026,2,regular,Texas A&M,Arizona State,home,raw,rush_attempts,35,34,-1,1,fumble_or_safety_swallows_scrimmage_type
401856683,2026,2,regular,Texas A&M,Arizona State,home,raw,rush_yards,92,102.0,10.0,10.0,fumble_or_safety_swallows_scrimmage_type
401856683,2026,2,regular,Texas A&M,Arizona State,home,raw,fourth_down_attempts,2,1,-1,1,kneel_accounting
401856683,2026,2,regular,Arizona State,Texas A&M,away,raw,total_plays,63,58,-5,5,fumble_or_safety_swallows_scrimmage_type
401856683,2026,2,regular,Arizona State,Texas A&M,away,raw,total_yards,369,363.0,-6.0,6.0,fumble_or_safety_swallows_scrimmage_type
401856683,2026,2,regular,Arizona State,Texas A&M,away,raw,pass_attempts,34,31,-3,3,fumble_or_safety_swallows_scrimmage_type
401856683,2026,2,regular,Arizona State,Texas A&M,away,raw,completions,21,20,-1,1,kneel_accounting
401856683,2026,2,regular,Arizona State,Texas A&M,away,raw,rush_attempts,29,27,-2,2,fumble_or_safety_swallows_scrimmage_type
401856683,2026,2,regular,Arizona State,Texas A&M,away,raw,rush_yards,115,109.0,-6.0,6.0,fumble_or_safety_swallows_scrimmage_type
401856683,2026,2,regular,Arizona State,Texas A&M,away,raw,turnovers,4,0,-4,4,kneel_accounting
401856683,2026,2,regular,Arizona State,Texas A&M,away,raw,interceptions,2,0,-2,2,kneel_accounting
401856683,2026,2,regular,Arizona State,Texas A&M,away,raw,fumbles_lost,2,0,-2,2,kneel_accounting
401856683,2026,2,regular,Arizona State,Texas A&M,away,raw,third_down_attempts,12,11,-1,1,kneel_accounting
401856683,2026,2,regular,Arizona State,Texas A&M,away,raw,fourth_down_attempts,3,1,-2,2,kneel_accounting
401856683,2026,2,regular,Arizona State,Texas A&M,away,raw,fourth_down_conversions,1,0,-1,1,kneel_accounting
401856673,2026,2,regular,Georgia,Western Kentucky,home,raw,total_plays,60,56,-4,4,fumble_or_safety_swallows_scrimmage_type
401856673,2026,2,regular,Georgia,Western Kentucky,home,raw,total_yards,493,474.0,-19.0,19.0,fumble_or_safety_swallows_scrimmage_type
401856673,2026,2,regular,Georgia,Western Kentucky,home,raw,rush_attempts,35,31,-4,4,fumble_or_safety_swallows_scrimmage_type
401856673,2026,2,regular,Georgia,Western Kentucky,home,raw,rush_yards,234,215.0,-19.0,19.0,fumble_or_safety_swallows_scrimmage_type
401856673,2026,2,regular,Georgia,Western Kentucky,home,raw,turnovers,2,0,-2,2,kneel_accounting
401856673,2026,2,regular,Georgia,Western Kentucky,home,raw,fumbles_lost,2,0,-2,2,kneel_accounting
401856673,2026,2,regular,Georgia,Western Kentucky,home,raw,third_down_attempts,12,10,-2,2,kneel_accounting
401856673,2026,2,regular,Western Kentucky,Georgia,away,raw,total_plays,74,70,-4,4,fumble_or_safety_swallows_scrimmage_type
401856673,2026,2,regular,Western Kentucky,Georgia,away,raw,total_yards,225,232.0,7.0,7.0,fumble_or_safety_swallows_scrimmage_type
401856673,2026,2,regular,Western Kentucky,Georgia,away,raw,pass_attempts,37,35,-2,2,fumble_or_safety_swallows_scrimmage_type
401856673,2026,2,regular,Western Kentucky,Georgia,away,raw,rush_attempts,37,35,-2,2,fumble_or_safety_swallows_scrimmage_type
401856673,2026,2,regular,Western Kentucky,Georgia,away,raw,rush_yards,110,117.0,7.0,7.0,fumble_or_safety_swallows_scrimmage_type
401856673,2026,2,regular,Western Kentucky,Georgia,away,raw,turnovers,4,3,-1,1,kneel_accounting
401856673,2026,2,regular,Western Kentucky,Georgia,away,raw,fumbles_lost,2,1,-1,1,kneel_accounting
401856673,2026,2,regular,Western Kentucky,Georgia,away,raw,third_down_attempts,20,19,-1,1,kneel_accounting
401866415,2026,2,regular,Central Michigan,Colgate,home,raw,total_plays,63,60,-3,3,fumble_or_safety_swallows_scrimmage_type
401866415,2026,2,regular,Central Michigan,Colgate,home,raw,total_yards,276,283.0,7.0,7.0,fumble_or_safety_swallows_scrimmage_type
401866415,2026,2,regular,Central Michigan,Colgate,home,raw,pass_attempts,21,19,-2,2,fumble_or_safety_swallows_scrimmage_type
401866415,2026,2,regular,Central Michigan,Colgate,home,raw,rush_attempts,42,41,-1,1,fumble_or_safety_swallows_scrimmage_type
401866415,2026,2,regular,Central Michigan,Colgate,home,raw,rush_yards,200,207.0,7.0,7.0,fumble_or_safety_swallows_scrimmage_type
401866415,2026,2,regular,Central Michigan,Colgate,home,raw,turnovers,3,1,-2,2,kneel_accounting
401866415,2026,2,regular,Central Michigan,Colgate,home,raw,interceptions,2,1,-1,1,kneel_accounting
401866415,2026,2,regular,Central Michigan,Colgate,home,raw,fumbles_lost,1,0,-1,1,kneel_accounting
401866415,2026,2,regular,Central Michigan,Colgate,home,raw,third_down_attempts,16,14,-2,2,kneel_accounting
401866415,2026,2,regular,Colgate,Central Michigan,away,raw,total_plays,62,57,-5,5,fumble_or_safety_swallows_scrimmage_type
401866415,2026,2,regular,Colgate,Central Michigan,away,raw,total_yards,219,228.0,9.0,9.0,fumble_or_safety_swallows_scrimmage_type
401866415,2026,2,regular,Colgate,Central Michigan,away,raw,pass_attempts,31,29,-2,2,fumble_or_safety_swallows_scrimmage_type
401866415,2026,2,regular,Colgate,Central Michigan,away,raw,rush_attempts,31,28,-3,3,fumble_or_safety_swallows_scrimmage_type
401866415,2026,2,regular,Colgate,Central Michigan,away,raw,rush_yards,95,104.0,9.0,9.0,fumble_or_safety_swallows_scrimmage_type
401866415,2026,2,regular,Colgate,Central Michigan,away,raw,turnovers,4,1,-3,3,kneel_accounting
401866415,2026,2,regular,Colgate,Central Michigan,away,raw,interceptions,2,0,-2,2,kneel_accounting
401866415,2026,2,regular,Colgate,Central Michigan,away,raw,fumbles_lost,2,1,-1,1,kneel_accounting
401866415,2026,2,regular,Colgate,Central Michigan,away,raw,third_down_attempts,14,12,-2,2,kneel_accounting
401866417,2026,2,regular,Miami (OH),Holy Cross,home,raw,total_plays,54,53,-1,1,fumble_or_safety_swallows_scrimmage_type
401866417,2026,2,regular,Miami (OH),Holy Cross,home,raw,total_yards,437,438.0,1.0,1.0,fumble_or_safety_swallows_scrimmage_type
401866417,2026,2,regular,Miami (OH),Holy Cross,home,raw,rush_attempts,39,38,-1,1,fumble_or_safety_swallows_scrimmage_type
401866417,2026,2,regular,Miami (OH),Holy Cross,home,raw,rush_yards,201,202.0,1.0,1.0,fumble_or_safety_swallows_scrimmage_type
401856791,2026,2,regular,West Virginia,UT Martin,home,raw,total_plays,63,62,-1,1,fumble_or_safety_swallows_scrimmage_type
401856791,2026,2,regular,West Virginia,UT Martin,home,raw,total_yards,525,532.0,7.0,7.0,fumble_or_safety_swallows_scrimmage_type
401856791,2026,2,regular,West Virginia,UT Martin,home,raw,rush_attempts,51,50,-1,1,fumble_or_safety_swallows_scrimmage_type
401856791,2026,2,regular,West Virginia,UT Martin,home,raw,rush_yards,316,323.0,7.0,7.0,fumble_or_safety_swallows_scrimmage_type
401856791,2026,2,regular,West Virginia,UT Martin,home,raw,turnovers,1,0,-1,1,no_play_penalty
401856791,2026,2,regular,West Virginia,UT Martin,home,raw,fumbles_lost,1,0,-1,1,no_play_penalty
401856791,2026,2,regular,West Virginia,UT Martin,home,raw,third_down_attempts,12,11,-1,1,no_play_penalty
401856791,2026,2,regular,UT Martin,West Virginia,away,raw,total_plays,70,69,-1,1,fumble_or_safety_swallows_scrimmage_type
401856791,2026,2,regular,UT Martin,West Virginia,away,raw,rush_attempts,37,36,-1,1,fumble_or_safety_swallows_scrimmage_type
401866413,2026,2,regular,Ball State,Stony Brook,home,raw,total_plays,68,66,-2,2,fumble_or_safety_swallows_scrimmage_type
401866413,2026,2,regular,Ball State,Stony Brook,home,raw,total_yards,482,458.0,-24.0,24.0,fumble_or_safety_swallows_scrimmage_type
401866413,2026,2,regular,Ball State,Stony Brook,home,raw,rush_attempts,36,34,-2,2,fumble_or_safety_swallows_scrimmage_type
401866413,2026,2,regular,Ball State,Stony Brook,home,raw,rush_yards,226,202.0,-24.0,24.0,fumble_or_safety_swallows_scrimmage_type
401866413,2026,2,regular,Stony Brook,Ball State,away,raw,total_plays,64,63,-1,1,fumble_or_safety_swallows_scrimmage_type
401866413,2026,2,regular,Stony Brook,Ball State,away,raw,total_yards,330,334.0,4.0,4.0,fumble_or_safety_swallows_scrimmage_type
401866413,2026,2,regular,Stony Brook,Ball State,away,raw,pass_attempts,36,35,-1,1,fumble_or_safety_swallows_scrimmage_type
401866413,2026,2,regular,Stony Brook,Ball State,away,raw,rush_yards,183,187.0,4.0,4.0,fumble_or_safety_swallows_scrimmage_type
401866413,2026,2,regular,Stony Brook,Ball State,away,raw,third_down_attempts,15,14,-1,1,kneel_accounting
401856677,2026,2,regular,Minnesota,Mississippi State,home,raw,total_yards,292,251.0,-41.0,41.0,fumble_or_safety_swallows_scrimmage_type
401856677,2026,2,regular,Minnesota,Mississippi State,home,raw,net_pass_yards,279,238.0,-41.0,41.0,fumble_or_safety_swallows_scrimmage_type
401856677,2026,2,regular,Mississippi State,Minnesota,away,raw,total_plays,68,67,-1,1,fumble_or_safety_swallows_scrimmage_type
401856677,2026,2,regular,Mississippi State,Minnesota,away,raw,total_yards,479,484.0,5.0,5.0,fumble_or_safety_swallows_scrimmage_type
401856677,2026,2,regular,Mississippi State,Minnesota,away,raw,rush_attempts,46,45,-1,1,fumble_or_safety_swallows_scrimmage_type
401856677,2026,2,regular,Mississippi State,Minnesota,away,raw,rush_yards,252,257.0,5.0,5.0,fumble_or_safety_swallows_scrimmage_type
401856677,2026,2,regular,Mississippi State,Minnesota,away,raw,turnovers,1,0,-1,1,no_play_penalty
401856677,2026,2,regular,Mississippi State,Minnesota,away,raw,fumbles_lost,1,0,-1,1,no_play_penalty
401856674,2026,2,regular,Kentucky,Alabama,home,raw,total_plays,64,59,-5,5,fumble_or_safety_swallows_scrimmage_type
401856674,2026,2,regular,Kentucky,Alabama,home,raw,total_yards,209,223.0,14.0,14.0,fumble_or_safety_swallows_scrimmage_type
401856674,2026,2,regular,Kentucky,Alabama,home,raw,pass_attempts,32,30,-2,2,fumble_or_safety_swallows_scrimmage_type
401856674,2026,2,regular,Kentucky,Alabama,home,raw,completions,18,17,-1,1,spike_accounting
401856674,2026,2,regular,Kentucky,Alabama,home,raw,net_pass_yards,146,145.0,-1.0,1.0,fumble_or_safety_swallows_scrimmage_type
401856674,2026,2,regular,Kentucky,Alabama,home,raw,rush_attempts,32,29,-3,3,fumble_or_safety_swallows_scrimmage_type
401856674,2026,2,regular,Kentucky,Alabama,home,raw,rush_yards,63,78.0,15.0,15.0,fumble_or_safety_swallows_scrimmage_type
401856674,2026,2,regular,Kentucky,Alabama,home,raw,turnovers,3,2,-1,1,spike_accounting
401856674,2026,2,regular,Kentucky,Alabama,home,raw,fumbles_lost,2,1,-1,1,spike_accounting
401856674,2026,2,regular,Kentucky,Alabama,home,raw,third_down_attempts,14,12,-2,2,spike_accounting
401856674,2026,2,regular,Kentucky,Alabama,home,raw,fourth_down_attempts,4,5,1,1,spike_accounting
401856674,2026,2,regular,Alabama,Kentucky,away,raw,total_plays,63,60,-3,3,fumble_or_safety_swallows_scrimmage_type
401856674,2026,2,regular,Alabama,Kentucky,away,raw,total_yards,343,349.0,6.0,6.0,fumble_or_safety_swallows_scrimmage_type
401856674,2026,2,regular,Alabama,Kentucky,away,raw,pass_attempts,23,22,-1,1,fumble_or_safety_swallows_scrimmage_type
401856674,2026,2,regular,Alabama,Kentucky,away,raw,rush_attempts,40,38,-2,2,fumble_or_safety_swallows_scrimmage_type
401856674,2026,2,regular,Alabama,Kentucky,away,raw,rush_yards,155,161.0,6.0,6.0,fumble_or_safety_swallows_scrimmage_type
401856674,2026,2,regular,Alabama,Kentucky,away,raw,turnovers,3,2,-1,1,spike_accounting
401856674,2026,2,regular,Alabama,Kentucky,away,raw,fumbles_lost,1,0,-1,1,spike_accounting
401856674,2026,2,regular,Alabama,Kentucky,away,raw,third_down_attempts,11,10,-1,1,spike_accounting
401856790,2026,2,regular,Pittsburgh,UCF,home,raw,total_plays,72,71,-1,1,fumble_or_safety_swallows_scrimmage_type
401856790,2026,2,regular,Pittsburgh,UCF,home,raw,total_yards,315,317.0,2.0,2.0,fumble_or_safety_swallows_scrimmage_type
401856790,2026,2,regular,Pittsburgh,UCF,home,raw,rush_attempts,43,42,-1,1,fumble_or_safety_swallows_scrimmage_type
401856790,2026,2,regular,Pittsburgh,UCF,home,raw,rush_yards,103,105.0,2.0,2.0,fumble_or_safety_swallows_scrimmage_type
401856790,2026,2,regular,UCF,Pittsburgh,away,raw,points,7,13,6,6,kneel_accounting
401856790,2026,2,regular,UCF,Pittsburgh,away,raw,total_plays,53,50,-3,3,fumble_or_safety_swallows_scrimmage_type
401856790,2026,2,regular,UCF,Pittsburgh,away,raw,total_yards,206,241.0,35.0,35.0,fumble_or_safety_swallows_scrimmage_type
401856790,2026,2,regular,UCF,Pittsburgh,away,raw,rush_attempts,22,19,-3,3,fumble_or_safety_swallows_scrimmage_type
401856790,2026,2,regular,UCF,Pittsburgh,away,raw,rush_yards,20,55.0,35.0,35.0,fumble_or_safety_swallows_scrimmage_type
401858444,2026,2,regular,UConn,Maryland,home,raw,total_plays,52,50,-2,2,fumble_or_safety_swallows_scrimmage_type
401858444,2026,2,regular,UConn,Maryland,home,raw,total_yards,223,240.0,17.0,17.0,fumble_or_safety_swallows_scrimmage_type
401858444,2026,2,regular,UConn,Maryland,home,raw,rush_attempts,31,29,-2,2,fumble_or_safety_swallows_scrimmage_type
401858444,2026,2,regular,UConn,Maryland,home,raw,rush_yards,67,84.0,17.0,17.0,fumble_or_safety_swallows_scrimmage_type
401858444,2026,2,regular,UConn,Maryland,home,raw,turnovers,1,0,-1,1,no_play_penalty
401858444,2026,2,regular,UConn,Maryland,home,raw,fumbles_lost,1,0,-1,1,no_play_penalty
401858444,2026,2,regular,UConn,Maryland,home,raw,third_down_attempts,11,10,-1,1,no_play_penalty
401858444,2026,2,regular,Maryland,UConn,away,raw,total_plays,78,77,-1,1,fumble_or_safety_swallows_scrimmage_type
401858444,2026,2,regular,Maryland,UConn,away,raw,pass_attempts,42,41,-1,1,fumble_or_safety_swallows_scrimmage_type
401858444,2026,2,regular,Maryland,UConn,away,raw,completions,35,34,-1,1,no_play_penalty
401858216,2026,2,regular,Syracuse,California,home,raw,total_plays,86,84,-2,2,fumble_or_safety_swallows_scrimmage_type
401858216,2026,2,regular,Syracuse,California,home,raw,total_yards,436,431.0,-5.0,5.0,fumble_or_safety_swallows_scrimmage_type
401858216,2026,2,regular,Syracuse,California,home,raw,pass_attempts,50,49,-1,1,fumble_or_safety_swallows_scrimmage_type
401858216,2026,2,regular,Syracuse,California,home,raw,completions,25,26,1,1,kneel_accounting
401858216,2026,2,regular,Syracuse,California,home,raw,rush_attempts,36,35,-1,1,fumble_or_safety_swallows_scrimmage_type
401858216,2026,2,regular,Syracuse,California,home,raw,rush_yards,118,113.0,-5.0,5.0,fumble_or_safety_swallows_scrimmage_type
401858216,2026,2,regular,Syracuse,California,home,raw,turnovers,3,2,-1,1,kneel_accounting
401858216,2026,2,regular,Syracuse,California,home,raw,interceptions,3,2,-1,1,kneel_accounting
401858216,2026,2,regular,Syracuse,California,home,raw,third_down_attempts,17,15,-2,2,kneel_accounting
401858216,2026,2,regular,California,Syracuse,away,raw,third_down_attempts,12,13,1,1,kneel_accounting
401856785,2026,2,regular,Colorado,Weber State,home,raw,total_plays,73,71,-2,2,fumble_or_safety_swallows_scrimmage_type
401856785,2026,2,regular,Colorado,Weber State,home,raw,total_yards,578,585.0,7.0,7.0,fumble_or_safety_swallows_scrimmage_type
401856785,2026,2,regular,Colorado,Weber State,home,raw,pass_attempts,35,34,-1,1,fumble_or_safety_swallows_scrimmage_type
401856785,2026,2,regular,Colorado,Weber State,home,raw,completions,26,25,-1,1,kneel_accounting
401856785,2026,2,regular,Colorado,Weber State,home,raw,net_pass_yards,398,397.0,-1.0,1.0,fumble_or_safety_swallows_scrimmage_type
401856785,2026,2,regular,Colorado,Weber State,home,raw,rush_attempts,38,37,-1,1,fumble_or_safety_swallows_scrimmage_type
401856785,2026,2,regular,Colorado,Weber State,home,raw,rush_yards,180,188.0,8.0,8.0,fumble_or_safety_swallows_scrimmage_type
401856785,2026,2,regular,Colorado,Weber State,home,raw,turnovers,2,0,-2,2,kneel_accounting
401856785,2026,2,regular,Colorado,Weber State,home,raw,fumbles_lost,2,0,-2,2,kneel_accounting
401856785,2026,2,regular,Weber State,Colorado,away,raw,total_plays,81,78,-3,3,fumble_or_safety_swallows_scrimmage_type
401856785,2026,2,regular,Weber State,Colorado,away,raw,total_yards,372,368.0,-4.0,4.0,fumble_or_safety_swallows_scrimmage_type
401856785,2026,2,regular,Weber State,Colorado,away,raw,pass_attempts,52,51,-1,1,fumble_or_safety_swallows_scrimmage_type
401856785,2026,2,regular,Weber State,Colorado,away,raw,completions,22,21,-1,1,kneel_accounting
401856785,2026,2,regular,Weber State,Colorado,away,raw,rush_attempts,29,27,-2,2,fumble_or_safety_swallows_scrimmage_type
401856785,2026,2,regular,Weber State,Colorado,away,raw,rush_yards,127,123.0,-4.0,4.0,fumble_or_safety_swallows_scrimmage_type
401856785,2026,2,regular,Weber State,Colorado,away,raw,turnovers,2,1,-1,1,kneel_accounting
401856785,2026,2,regular,Weber State,Colorado,away,raw,interceptions,1,0,-1,1,kneel_accounting
401856785,2026,2,regular,Weber State,Colorado,away,raw,third_down_attempts,17,16,-1,1,kneel_accounting
401856785,2026,2,regular,Weber State,Colorado,away,raw,third_down_conversions,8,7,-1,1,kneel_accounting
401856810,2026,2,regular,Arizona,BYU,away,raw,total_plays,62,61,-1,1,sack_accounting
401856810,2026,2,regular,Arizona,BYU,away,raw,total_yards,327,330.0,3.0,3.0,sack_accounting
401856810,2026,2,regular,Arizona,BYU,away,raw,pass_attempts,31,30,-1,1,sack_accounting
401856810,2026,2,regular,Arizona,BYU,away,raw,rush_yards,97,100.0,3.0,3.0,sack_accounting
401856810,2026,2,regular,Arizona,BYU,away,raw,turnovers,1,0,-1,1,kneel_accounting
401856810,2026,2,regular,Arizona,BYU,away,raw,interceptions,1,0,-1,1,kneel_accounting
401856810,2026,2,regular,Arizona,BYU,away,raw,third_down_attempts,12,11,-1,1,kneel_accounting
401858440,2026,2,regular,Michigan State,Eastern Michigan,home,raw,total_plays,71,70,-1,1,fumble_or_safety_swallows_scrimmage_type
401858440,2026,2,regular,Michigan State,Eastern Michigan,home,raw,total_yards,472,476.0,4.0,4.0,fumble_or_safety_swallows_scrimmage_type
401858440,2026,2,regular,Michigan State,Eastern Michigan,home,raw,rush_attempts,45,44,-1,1,fumble_or_safety_swallows_scrimmage_type
401858440,2026,2,regular,Michigan State,Eastern Michigan,home,raw,rush_yards,258,262.0,4.0,4.0,fumble_or_safety_swallows_scrimmage_type
401858440,2026,2,regular,Michigan State,Eastern Michigan,home,raw,third_down_attempts,15,14,-1,1,no_play_penalty
401858440,2026,2,regular,Michigan State,Eastern Michigan,home,raw,third_down_conversions,10,9,-1,1,no_play_penalty
401858440,2026,2,regular,Michigan State,Eastern Michigan,home,raw,fourth_down_attempts,3,4,1,1,no_play_penalty
401858440,2026,2,regular,Eastern Michigan,Michigan State,away,raw,total_plays,52,51,-1,1,fumble_or_safety_swallows_scrimmage_type
401858440,2026,2,regular,Eastern Michigan,Michigan State,away,raw,total_yards,219,203.0,-16.0,16.0,fumble_or_safety_swallows_scrimmage_type
401858440,2026,2,regular,Eastern Michigan,Michigan State,away,raw,pass_attempts,26,25,-1,1,fumble_or_safety_swallows_scrimmage_type
401858440,2026,2,regular,Eastern Michigan,Michigan State,away,raw,completions,16,15,-1,1,no_play_penalty
401858440,2026,2,regular,Eastern Michigan,Michigan State,away,raw,net_pass_yards,118,98.0,-20.0,20.0,fumble_or_safety_swallows_scrimmage_type
401858440,2026,2,regular,Eastern Michigan,Michigan State,away,raw,rush_yards,101,105.0,4.0,4.0,fumble_or_safety_swallows_scrimmage_type
401858440,2026,2,regular,Eastern Michigan,Michigan State,away,raw,third_down_attempts,13,12,-1,1,no_play_penalty
401866412,2026,2,regular,Akron,Robert Morris,home,raw,total_plays,72,69,-3,3,fumble_or_safety_swallows_scrimmage_type
401866412,2026,2,regular,Akron,Robert Morris,home,raw,total_yards,523,511.0,-12.0,12.0,fumble_or_safety_swallows_scrimmage_type
401866412,2026,2,regular,Akron,Robert Morris,home,raw,pass_attempts,33,32,-1,1,fumble_or_safety_swallows_scrimmage_type
401866412,2026,2,regular,Akron,Robert Morris,home,raw,completions,28,27,-1,1,no_play_penalty
401866412,2026,2,regular,Akron,Robert Morris,home,raw,net_pass_yards,282,275.0,-7.0,7.0,fumble_or_safety_swallows_scrimmage_type
401866412,2026,2,regular,Akron,Robert Morris,home,raw,rush_attempts,39,37,-2,2,fumble_or_safety_swallows_scrimmage_type
401866412,2026,2,regular,Akron,Robert Morris,home,raw,rush_yards,241,236.0,-5.0,5.0,fumble_or_safety_swallows_scrimmage_type
401866412,2026,2,regular,Akron,Robert Morris,home,raw,turnovers,1,0,-1,1,no_play_penalty
401866412,2026,2,regular,Akron,Robert Morris,home,raw,fumbles_lost,1,0,-1,1,no_play_penalty
401866412,2026,2,regular,Akron,Robert Morris,home,raw,third_down_attempts,11,10,-1,1,no_play_penalty
401866412,2026,2,regular,Robert Morris,Akron,away,raw,total_plays,49,46,-3,3,fumble_or_safety_swallows_scrimmage_type
401866412,2026,2,regular,Robert Morris,Akron,away,raw,total_yards,194,208.0,14.0,14.0,fumble_or_safety_swallows_scrimmage_type
401866412,2026,2,regular,Robert Morris,Akron,away,raw,pass_attempts,30,29,-1,1,fumble_or_safety_swallows_scrimmage_type
401866412,2026,2,regular,Robert Morris,Akron,away,raw,completions,20,19,-1,1,no_play_penalty
401866412,2026,2,regular,Robert Morris,Akron,away,raw,net_pass_yards,180,181.0,1.0,1.0,fumble_or_safety_swallows_scrimmage_type
401866412,2026,2,regular,Robert Morris,Akron,away,raw,rush_attempts,19,17,-2,2,fumble_or_safety_swallows_scrimmage_type
401866412,2026,2,regular,Robert Morris,Akron,away,raw,rush_yards,14,27.0,13.0,13.0,fumble_or_safety_swallows_scrimmage_type
401866412,2026,2,regular,Robert Morris,Akron,away,raw,turnovers,2,1,-1,1,no_play_penalty
401866412,2026,2,regular,Robert Morris,Akron,away,raw,fumbles_lost,2,1,-1,1,no_play_penalty
401866412,2026,2,regular,Robert Morris,Akron,away,raw,third_down_attempts,12,11,-1,1,no_play_penalty
401862708,2026,2,regular,UAB,UL Monroe,home,raw,total_plays,68,67,-1,1,sack_accounting
401862708,2026,2,regular,UAB,UL Monroe,home,raw,pass_attempts,16,15,-1,1,sack_accounting
401862708,2026,2,regular,UAB,UL Monroe,home,raw,turnovers,2,0,-2,2,kneel_accounting
401862708,2026,2,regular,UAB,UL Monroe,home,raw,interceptions,1,0,-1,1,kneel_accounting
401862708,2026,2,regular,UAB,UL Monroe,home,raw,fumbles_lost,1,0,-1,1,kneel_accounting
401862708,2026,2,regular,UL Monroe,UAB,away,raw,total_plays,63,62,-1,1,sack_accounting
401862708,2026,2,regular,UL Monroe,UAB,away,raw,pass_attempts,20,19,-1,1,sack_accounting
401862708,2026,2,regular,UL Monroe,UAB,away,raw,turnovers,1,0,-1,1,kneel_accounting
401862708,2026,2,regular,UL Monroe,UAB,away,raw,interceptions,1,0,-1,1,kneel_accounting
401866420,2026,2,regular,Sacred Heart,Massachusetts,away,raw,total_plays,67,65,-2,2,fumble_or_safety_swallows_scrimmage_type
401866420,2026,2,regular,Sacred Heart,Massachusetts,away,raw,total_yards,303,300.0,-3.0,3.0,fumble_or_safety_swallows_scrimmage_type
401866420,2026,2,regular,Sacred Heart,Massachusetts,away,raw,pass_attempts,25,24,-1,1,fumble_or_safety_swallows_scrimmage_type
401866420,2026,2,regular,Sacred Heart,Massachusetts,away,raw,rush_attempts,42,41,-1,1,fumble_or_safety_swallows_scrimmage_type
401866420,2026,2,regular,Sacred Heart,Massachusetts,away,raw,rush_yards,143,140.0,-3.0,3.0,fumble_or_safety_swallows_scrimmage_type
401866420,2026,2,regular,Sacred Heart,Massachusetts,away,raw,third_down_attempts,13,11,-2,2,kneel_accounting
401866420,2026,2,regular,Sacred Heart,Massachusetts,away,raw,fourth_down_attempts,3,2,-1,1,kneel_accounting
401866420,2026,2,regular,Sacred Heart,Massachusetts,away,raw,fourth_down_conversions,2,1,-1,1,kneel_accounting
401858446,2026,2,regular,Washington,Utah State,home,raw,total_plays,74,73,-1,1,fumble_or_safety_swallows_scrimmage_type
401858446,2026,2,regular,Washington,Utah State,home,raw,rush_attempts,33,32,-1,1,fumble_or_safety_swallows_scrimmage_type
401858446,2026,2,regular,Washington,Utah State,home,raw,third_down_attempts,17,16,-1,1,spike_accounting
401858446,2026,2,regular,Utah State,Washington,away,raw,total_plays,58,56,-2,2,fumble_or_safety_swallows_scrimmage_type
401858446,2026,2,regular,Utah State,Washington,away,raw,pass_attempts,29,27,-2,2,fumble_or_safety_swallows_scrimmage_type
401858446,2026,2,regular,Utah State,Washington,away,raw,turnovers,3,1,-2,2,spike_accounting
401858446,2026,2,regular,Utah State,Washington,away,raw,interceptions,3,1,-2,2,spike_accounting
401866419,2026,2,regular,Toledo,Central Connecticut,home,raw,turnovers,2,1,-1,1,kneel_accounting
401866419,2026,2,regular,Toledo,Central Connecticut,home,raw,fumbles_lost,1,0,-1,1,kneel_accounting
401866419,2026,2,regular,Toledo,Central Connecticut,home,raw,third_down_attempts,13,15,2,2,kneel_accounting
401866419,2026,2,regular,Toledo,Central Connecticut,home,raw,third_down_conversions,8,9,1,1,kneel_accounting
401866419,2026,2,regular,Central Connecticut,Toledo,away,raw,total_yards,139,142.0,3.0,3.0,sack_accounting
401866419,2026,2,regular,Central Connecticut,Toledo,away,raw,rush_yards,73,76.0,3.0,3.0,sack_accounting
401866419,2026,2,regular,Central Connecticut,Toledo,away,raw,turnovers,1,2,1,1,kneel_accounting
401866419,2026,2,regular,Central Connecticut,Toledo,away,raw,fumbles_lost,0,1,1,1,kneel_accounting
401859184,2026,2,regular,Rice,Notre Dame,away,raw,total_plays,46,41,-5,5,fumble_or_safety_swallows_scrimmage_type
401859184,2026,2,regular,Rice,Notre Dame,away,raw,total_yards,128,124.0,-4.0,4.0,fumble_or_safety_swallows_scrimmage_type
401859184,2026,2,regular,Rice,Notre Dame,away,raw,rush_attempts,34,29,-5,5,fumble_or_safety_swallows_scrimmage_type
401859184,2026,2,regular,Rice,Notre Dame,away,raw,rush_yards,64,60.0,-4.0,4.0,fumble_or_safety_swallows_scrimmage_type
401859184,2026,2,regular,Rice,Notre Dame,away,raw,third_down_attempts,12,10,-2,2,no_play_penalty
401860884,2026,2,regular,Texas State,UTSA,home,raw,total_plays,80,76,-4,4,fumble_or_safety_swallows_scrimmage_type
401860884,2026,2,regular,Texas State,UTSA,home,raw,total_yards,481,475.0,-6.0,6.0,fumble_or_safety_swallows_scrimmage_type
401860884,2026,2,regular,Texas State,UTSA,home,raw,pass_attempts,30,28,-2,2,fumble_or_safety_swallows_scrimmage_type
401860884,2026,2,regular,Texas State,UTSA,home,raw,completions,17,16,-1,1,no_play_penalty
401860884,2026,2,regular,Texas State,UTSA,home,raw,net_pass_yards,192,195.0,3.0,3.0,fumble_or_safety_swallows_scrimmage_type
401860884,2026,2,regular,Texas State,UTSA,home,raw,rush_attempts,50,48,-2,2,fumble_or_safety_swallows_scrimmage_type
401860884,2026,2,regular,Texas State,UTSA,home,raw,rush_yards,289,280.0,-9.0,9.0,fumble_or_safety_swallows_scrimmage_type
401860884,2026,2,regular,Texas State,UTSA,home,raw,turnovers,3,2,-1,1,no_play_penalty
401860884,2026,2,regular,Texas State,UTSA,home,raw,interceptions,2,1,-1,1,no_play_penalty
401860884,2026,2,regular,Texas State,UTSA,home,raw,third_down_attempts,17,15,-2,2,no_play_penalty
401858217,2026,2,regular,Illinois,Duke,home,raw,total_plays,68,67,-1,1,fumble_or_safety_swallows_scrimmage_type
401858217,2026,2,regular,Illinois,Duke,home,raw,pass_attempts,36,35,-1,1,fumble_or_safety_swallows_scrimmage_type
401858217,2026,2,regular,Illinois,Duke,home,raw,third_down_attempts,12,11,-1,1,kneel_accounting
401858217,2026,2,regular,Duke,Illinois,away,raw,total_plays,57,55,-2,2,fumble_or_safety_swallows_scrimmage_type
401858217,2026,2,regular,Duke,Illinois,away,raw,total_yards,376,375.0,-1.0,1.0,fumble_or_safety_swallows_scrimmage_type
401858217,2026,2,regular,Duke,Illinois,away,raw,pass_attempts,22,21,-1,1,fumble_or_safety_swallows_scrimmage_type
401858217,2026,2,regular,Duke,Illinois,away,raw,completions,15,14,-1,1,kneel_accounting
401858217,2026,2,regular,Duke,Illinois,away,raw,net_pass_yards,206,203.0,-3.0,3.0,fumble_or_safety_swallows_scrimmage_type
401858217,2026,2,regular,Duke,Illinois,away,raw,rush_attempts,35,34,-1,1,fumble_or_safety_swallows_scrimmage_type
401858217,2026,2,regular,Duke,Illinois,away,raw,rush_yards,170,172.0,2.0,2.0,fumble_or_safety_swallows_scrimmage_type
401862705,2026,2,regular,North Texas,UNLV,home,raw,total_yards,444,447.0,3.0,3.0,fumble_or_safety_swallows_scrimmage_type
401862705,2026,2,regular,North Texas,UNLV,home,raw,rush_yards,183,186.0,3.0,3.0,fumble_or_safety_swallows_scrimmage_type
401862705,2026,2,regular,UNLV,North Texas,away,raw,total_plays,72,68,-4,4,fumble_or_safety_swallows_scrimmage_type
401862705,2026,2,regular,UNLV,North Texas,away,raw,total_yards,301,304.0,3.0,3.0,fumble_or_safety_swallows_scrimmage_type
401862705,2026,2,regular,UNLV,North Texas,away,raw,pass_attempts,33,32,-1,1,fumble_or_safety_swallows_scrimmage_type
401862705,2026,2,regular,UNLV,North Texas,away,raw,completions,19,18,-1,1,kneel_accounting
401862705,2026,2,regular,UNLV,North Texas,away,raw,net_pass_yards,203,196.0,-7.0,7.0,fumble_or_safety_swallows_scrimmage_type
401862705,2026,2,regular,UNLV,North Texas,away,raw,rush_attempts,39,36,-3,3,fumble_or_safety_swallows_scrimmage_type
401862705,2026,2,regular,UNLV,North Texas,away,raw,rush_yards,98,108.0,10.0,10.0,fumble_or_safety_swallows_scrimmage_type
401862705,2026,2,regular,UNLV,North Texas,away,raw,turnovers,4,2,-2,2,kneel_accounting
401862705,2026,2,regular,UNLV,North Texas,away,raw,interceptions,1,0,-1,1,kneel_accounting
401862705,2026,2,regular,UNLV,North Texas,away,raw,fumbles_lost,3,2,-1,1,kneel_accounting
401862705,2026,2,regular,UNLV,North Texas,away,raw,third_down_attempts,17,16,-1,1,kneel_accounting
401864506,2026,2,regular,Wyoming,Northern Colorado,home,raw,total_plays,60,58,-2,2,fumble_or_safety_swallows_scrimmage_type
401864506,2026,2,regular,Wyoming,Northern Colorado,home,raw,total_yards,304,301.0,-3.0,3.0,fumble_or_safety_swallows_scrimmage_type
401864506,2026,2,regular,Wyoming,Northern Colorado,home,raw,rush_attempts,34,32,-2,2,fumble_or_safety_swallows_scrimmage_type
401864506,2026,2,regular,Wyoming,Northern Colorado,home,raw,rush_yards,155,152.0,-3.0,3.0,fumble_or_safety_swallows_scrimmage_type
401864506,2026,2,regular,Wyoming,Northern Colorado,home,raw,turnovers,2,1,-1,1,kneel_accounting
401864506,2026,2,regular,Wyoming,Northern Colorado,home,raw,fumbles_lost,2,1,-1,1,kneel_accounting
401864506,2026,2,regular,Wyoming,Northern Colorado,home,raw,third_down_attempts,12,11,-1,1,kneel_accounting
401864506,2026,2,regular,Wyoming,Northern Colorado,home,raw,third_down_conversions,5,6,1,1,kneel_accounting
401864506,2026,2,regular,Wyoming,Northern Colorado,home,raw,fourth_down_attempts,1,0,-1,1,kneel_accounting
401864506,2026,2,regular,Wyoming,Northern Colorado,home,raw,fourth_down_conversions,1,0,-1,1,kneel_accounting
401864506,2026,2,regular,Northern Colorado,Wyoming,away,raw,total_yards,345,346.0,1.0,1.0,fumble_or_safety_swallows_scrimmage_type
401864506,2026,2,regular,Northern Colorado,Wyoming,away,raw,rush_yards,139,140.0,1.0,1.0,fumble_or_safety_swallows_scrimmage_type
401864506,2026,2,regular,Northern Colorado,Wyoming,away,raw,turnovers,2,1,-1,1,kneel_accounting
401864506,2026,2,regular,Northern Colorado,Wyoming,away,raw,interceptions,2,1,-1,1,kneel_accounting
401865252,2026,2,regular,New Mexico,Mercyhurst,home,raw,total_plays,70,69,-1,1,fumble_or_safety_swallows_scrimmage_type
401865252,2026,2,regular,New Mexico,Mercyhurst,home,raw,total_yards,460,469.0,9.0,9.0,fumble_or_safety_swallows_scrimmage_type
401865252,2026,2,regular,New Mexico,Mercyhurst,home,raw,rush_attempts,52,51,-1,1,fumble_or_safety_swallows_scrimmage_type
401865252,2026,2,regular,New Mexico,Mercyhurst,home,raw,rush_yards,287,296.0,9.0,9.0,fumble_or_safety_swallows_scrimmage_type
401865252,2026,2,regular,New Mexico,Mercyhurst,home,raw,turnovers,0,1,1,1,no_play_penalty
401865252,2026,2,regular,New Mexico,Mercyhurst,home,raw,fumbles_lost,0,1,1,1,no_play_penalty
401865252,2026,2,regular,New Mexico,Mercyhurst,home,raw,third_down_attempts,13,12,-1,1,no_play_penalty
401865252,2026,2,regular,Mercyhurst,New Mexico,away,raw,total_plays,55,49,-6,6,fumble_or_safety_swallows_scrimmage_type
401865252,2026,2,regular,Mercyhurst,New Mexico,away,raw,total_yards,155,189.0,34.0,34.0,fumble_or_safety_swallows_scrimmage_type
401865252,2026,2,regular,Mercyhurst,New Mexico,away,raw,pass_attempts,27,24,-3,3,fumble_or_safety_swallows_scrimmage_type
401865252,2026,2,regular,Mercyhurst,New Mexico,away,raw,rush_attempts,28,25,-3,3,fumble_or_safety_swallows_scrimmage_type
401865252,2026,2,regular,Mercyhurst,New Mexico,away,raw,rush_yards,18,52.0,34.0,34.0,fumble_or_safety_swallows_scrimmage_type
401865252,2026,2,regular,Mercyhurst,New Mexico,away,raw,turnovers,6,3,-3,3,no_play_penalty
401865252,2026,2,regular,Mercyhurst,New Mexico,away,raw,interceptions,4,3,-1,1,no_play_penalty
401865252,2026,2,regular,Mercyhurst,New Mexico,away,raw,fumbles_lost,2,0,-2,2,no_play_penalty
401865252,2026,2,regular,Mercyhurst,New Mexico,away,raw,third_down_attempts,13,11,-2,2,no_play_penalty
401868326,2026,2,regular,Troy,Alabama State,home,raw,total_plays,68,67,-1,1,fumble_or_safety_swallows_scrimmage_type
401868326,2026,2,regular,Troy,Alabama State,home,raw,total_yards,427,423.0,-4.0,4.0,fumble_or_safety_swallows_scrimmage_type
401868326,2026,2,regular,Troy,Alabama State,home,raw,rush_attempts,39,38,-1,1,fumble_or_safety_swallows_scrimmage_type
401868326,2026,2,regular,Troy,Alabama State,home,raw,rush_yards,226,222.0,-4.0,4.0,fumble_or_safety_swallows_scrimmage_type
401868326,2026,2,regular,Alabama State,Troy,away,raw,total_yards,221,232.0,11.0,11.0,fumble_or_safety_swallows_scrimmage_type
401868326,2026,2,regular,Alabama State,Troy,away,raw,pass_attempts,24,25,1,1,fumble_or_safety_swallows_scrimmage_type
401868326,2026,2,regular,Alabama State,Troy,away,raw,rush_attempts,34,33,-1,1,fumble_or_safety_swallows_scrimmage_type
401868326,2026,2,regular,Alabama State,Troy,away,raw,rush_yards,116,127.0,11.0,11.0,fumble_or_safety_swallows_scrimmage_type
401868326,2026,2,regular,Alabama State,Troy,away,raw,turnovers,1,0,-1,1,kneel_accounting
401868326,2026,2,regular,Alabama State,Troy,away,raw,fumbles_lost,1,0,-1,1,kneel_accounting
401858223,2026,2,regular,SMU,UC Davis,home,raw,total_plays,56,55,-1,1,fumble_or_safety_swallows_scrimmage_type
401858223,2026,2,regular,SMU,UC Davis,home,raw,rush_attempts,24,23,-1,1,fumble_or_safety_swallows_scrimmage_type
401858223,2026,2,regular,UC Davis,SMU,away,raw,total_plays,60,59,-1,1,fumble_or_safety_swallows_scrimmage_type
401858223,2026,2,regular,UC Davis,SMU,away,raw,total_yards,233,226.0,-7.0,7.0,fumble_or_safety_swallows_scrimmage_type
401858223,2026,2,regular,UC Davis,SMU,away,raw,pass_attempts,36,35,-1,1,fumble_or_safety_swallows_scrimmage_type
401858223,2026,2,regular,UC Davis,SMU,away,raw,completions,19,18,-1,1,kneel_accounting
401858223,2026,2,regular,UC Davis,SMU,away,raw,net_pass_yards,171,164.0,-7.0,7.0,fumble_or_safety_swallows_scrimmage_type
401858223,2026,2,regular,UC Davis,SMU,away,raw,third_down_attempts,13,14,1,1,kneel_accounting
401858223,2026,2,regular,UC Davis,SMU,away,raw,fourth_down_conversions,2,1,-1,1,kneel_accounting
401856684,2026,2,regular,Vanderbilt,Delaware,home,raw,total_plays,69,67,-2,2,fumble_or_safety_swallows_scrimmage_type
401856684,2026,2,regular,Vanderbilt,Delaware,home,raw,total_yards,339,348.0,9.0,9.0,fumble_or_safety_swallows_scrimmage_type
401856684,2026,2,regular,Vanderbilt,Delaware,home,raw,rush_attempts,38,36,-2,2,fumble_or_safety_swallows_scrimmage_type
401856684,2026,2,regular,Vanderbilt,Delaware,home,raw,rush_yards,100,109.0,9.0,9.0,fumble_or_safety_swallows_scrimmage_type
401856684,2026,2,regular,Delaware,Vanderbilt,away,raw,total_plays,68,63,-5,5,fumble_or_safety_swallows_scrimmage_type
401856684,2026,2,regular,Delaware,Vanderbilt,away,raw,total_yards,338,357.0,19.0,19.0,fumble_or_safety_swallows_scrimmage_type
401856684,2026,2,regular,Delaware,Vanderbilt,away,raw,pass_attempts,32,29,-3,3,fumble_or_safety_swallows_scrimmage_type
401856684,2026,2,regular,Delaware,Vanderbilt,away,raw,completions,15,14,-1,1,kneel_accounting
401856684,2026,2,regular,Delaware,Vanderbilt,away,raw,net_pass_yards,240,236.0,-4.0,4.0,fumble_or_safety_swallows_scrimmage_type
401856684,2026,2,regular,Delaware,Vanderbilt,away,raw,rush_attempts,36,34,-2,2,fumble_or_safety_swallows_scrimmage_type
401856684,2026,2,regular,Delaware,Vanderbilt,away,raw,rush_yards,98,121.0,23.0,23.0,fumble_or_safety_swallows_scrimmage_type
401856684,2026,2,regular,Delaware,Vanderbilt,away,raw,turnovers,2,0,-2,2,kneel_accounting
401856684,2026,2,regular,Delaware,Vanderbilt,away,raw,interceptions,2,0,-2,2,kneel_accounting
401856672,2026,2,regular,Florida,Campbell,home,raw,turnovers,2,1,-1,1,no_play_penalty
401856672,2026,2,regular,Florida,Campbell,home,raw,fumbles_lost,1,0,-1,1,no_play_penalty
401856672,2026,2,regular,Campbell,Florida,away,raw,total_plays,63,61,-2,2,fumble_or_safety_swallows_scrimmage_type
401856672,2026,2,regular,Campbell,Florida,away,raw,total_yards,210,199.0,-11.0,11.0,fumble_or_safety_swallows_scrimmage_type
401856672,2026,2,regular,Campbell,Florida,away,raw,net_pass_yards,148,133.0,-15.0,15.0,fumble_or_safety_swallows_scrimmage_type
401856672,2026,2,regular,Campbell,Florida,away,raw,rush_attempts,25,23,-2,2,fumble_or_safety_swallows_scrimmage_type
401856672,2026,2,regular,Campbell,Florida,away,raw,rush_yards,62,66.0,4.0,4.0,fumble_or_safety_swallows_scrimmage_type
401856672,2026,2,regular,Campbell,Florida,away,raw,third_down_attempts,18,17,-1,1,no_play_penalty
401860881,2026,2,regular,Memphis,Boise State,away,raw,total_plays,52,51,-1,1,sack_accounting
401860881,2026,2,regular,Memphis,Boise State,away,raw,pass_attempts,26,25,-1,1,sack_accounting
401860881,2026,2,regular,Memphis,Boise State,away,raw,turnovers,1,0,-1,1,kneel_accounting
401860881,2026,2,regular,Memphis,Boise State,away,raw,interceptions,1,0,-1,1,kneel_accounting
401866418,2026,2,regular,Ohio,Jacksonville State,home,raw,total_plays,66,64,-2,2,fumble_or_safety_swallows_scrimmage_type
401866418,2026,2,regular,Ohio,Jacksonville State,home,raw,total_yards,262,257.0,-5.0,5.0,fumble_or_safety_swallows_scrimmage_type
401866418,2026,2,regular,Ohio,Jacksonville State,home,raw,rush_attempts,46,44,-2,2,fumble_or_safety_swallows_scrimmage_type
401866418,2026,2,regular,Ohio,Jacksonville State,home,raw,rush_yards,165,160.0,-5.0,5.0,fumble_or_safety_swallows_scrimmage_type
401866418,2026,2,regular,Jacksonville State,Ohio,away,raw,total_plays,72,69,-3,3,fumble_or_safety_swallows_scrimmage_type
401866418,2026,2,regular,Jacksonville State,Ohio,away,raw,total_yards,447,428.0,-19.0,19.0,fumble_or_safety_swallows_scrimmage_type
401866418,2026,2,regular,Jacksonville State,Ohio,away,raw,pass_attempts,26,25,-1,1,fumble_or_safety_swallows_scrimmage_type
401866418,2026,2,regular,Jacksonville State,Ohio,away,raw,completions,20,19,-1,1,kneel_accounting
401866418,2026,2,regular,Jacksonville State,Ohio,away,raw,net_pass_yards,286,279.0,-7.0,7.0,fumble_or_safety_swallows_scrimmage_type
401866418,2026,2,regular,Jacksonville State,Ohio,away,raw,rush_attempts,46,44,-2,2,fumble_or_safety_swallows_scrimmage_type
401866418,2026,2,regular,Jacksonville State,Ohio,away,raw,rush_yards,161,149.0,-12.0,12.0,fumble_or_safety_swallows_scrimmage_type
401866418,2026,2,regular,Jacksonville State,Ohio,away,raw,turnovers,1,0,-1,1,kneel_accounting
401866418,2026,2,regular,Jacksonville State,Ohio,away,raw,fumbles_lost,1,0,-1,1,kneel_accounting
401866414,2026,2,regular,Florida International,Buffalo,home,raw,total_plays,76,79,3,3,fumble_or_safety_swallows_scrimmage_type
401866414,2026,2,regular,Florida International,Buffalo,home,raw,total_yards,540,537.0,-3.0,3.0,fumble_or_safety_swallows_scrimmage_type
401866414,2026,2,regular,Florida International,Buffalo,home,raw,pass_attempts,37,38,1,1,fumble_or_safety_swallows_scrimmage_type
401866414,2026,2,regular,Florida International,Buffalo,home,raw,rush_attempts,39,41,2,2,fumble_or_safety_swallows_scrimmage_type
401866414,2026,2,regular,Florida International,Buffalo,home,raw,rush_yards,154,151.0,-3.0,3.0,fumble_or_safety_swallows_scrimmage_type
401866414,2026,2,regular,Buffalo,Florida International,away,raw,total_plays,66,65,-1,1,fumble_or_safety_swallows_scrimmage_type
401866414,2026,2,regular,Buffalo,Florida International,away,raw,total_yards,308,320.0,12.0,12.0,fumble_or_safety_swallows_scrimmage_type
401866414,2026,2,regular,Buffalo,Florida International,away,raw,completions,22,23,1,1,no_play_penalty
401866414,2026,2,regular,Buffalo,Florida International,away,raw,net_pass_yards,249,248.0,-1.0,1.0,fumble_or_safety_swallows_scrimmage_type
401866414,2026,2,regular,Buffalo,Florida International,away,raw,rush_attempts,25,24,-1,1,fumble_or_safety_swallows_scrimmage_type
401866414,2026,2,regular,Buffalo,Florida International,away,raw,rush_yards,59,72.0,13.0,13.0,fumble_or_safety_swallows_scrimmage_type
401866414,2026,2,regular,Buffalo,Florida International,away,raw,turnovers,3,1,-2,2,no_play_penalty
401866414,2026,2,regular,Buffalo,Florida International,away,raw,fumbles_lost,2,0,-2,2,no_play_penalty
401866414,2026,2,regular,Buffalo,Florida International,away,raw,third_down_attempts,17,16,-1,1,no_play_penalty
401866421,2026,2,regular,Monmouth,Western Michigan,away,raw,total_plays,90,86,-4,4,fumble_or_safety_swallows_scrimmage_type
401866421,2026,2,regular,Monmouth,Western Michigan,away,raw,total_yards,431,404.0,-27.0,27.0,fumble_or_safety_swallows_scrimmage_type
401866421,2026,2,regular,Monmouth,Western Michigan,away,raw,rush_attempts,44,40,-4,4,fumble_or_safety_swallows_scrimmage_type
401866421,2026,2,regular,Monmouth,Western Michigan,away,raw,rush_yards,158,131.0,-27.0,27.0,fumble_or_safety_swallows_scrimmage_type
401866421,2026,2,regular,Monmouth,Western Michigan,away,raw,turnovers,2,1,-1,1,kneel_accounting
401866421,2026,2,regular,Monmouth,Western Michigan,away,raw,fumbles_lost,2,1,-1,1,kneel_accounting
401864503,2026,2,regular,Northern Illinois,Illinois State,home,raw,total_plays,66,65,-1,1,sack_accounting
401864503,2026,2,regular,Northern Illinois,Illinois State,home,raw,pass_attempts,30,29,-1,1,sack_accounting
401864503,2026,2,regular,Northern Illinois,Illinois State,home,raw,turnovers,2,0,-2,2,kneel_accounting
401864503,2026,2,regular,Northern Illinois,Illinois State,home,raw,interceptions,2,0,-2,2,kneel_accounting
401864503,2026,2,regular,Illinois State,Northern Illinois,away,raw,total_plays,63,62,-1,1,sack_accounting
401864503,2026,2,regular,Illinois State,Northern Illinois,away,raw,total_yards,254,258.0,4.0,4.0,sack_accounting
401864503,2026,2,regular,Illinois State,Northern Illinois,away,raw,pass_attempts,27,26,-1,1,sack_accounting
401864503,2026,2,regular,Illinois State,Northern Illinois,away,raw,rush_yards,101,105.0,4.0,4.0,sack_accounting
401864503,2026,2,regular,Illinois State,Northern Illinois,away,raw,turnovers,2,1,-1,1,kneel_accounting
401864503,2026,2,regular,Illinois State,Northern Illinois,away,raw,interceptions,2,1,-1,1,kneel_accounting
401856787,2026,2,regular,Southern,Houston,away,raw,total_plays,42,39,-3,3,fumble_or_safety_swallows_scrimmage_type
401856787,2026,2,regular,Southern,Houston,away,raw,total_yards,121,139.0,18.0,18.0,fumble_or_safety_swallows_scrimmage_type
401856787,2026,2,regular,Southern,Houston,away,raw,pass_attempts,20,19,-1,1,fumble_or_safety_swallows_scrimmage_type
401856787,2026,2,regular,Southern,Houston,away,raw,rush_attempts,22,20,-2,2,fumble_or_safety_swallows_scrimmage_type
401856787,2026,2,regular,Southern,Houston,away,raw,rush_yards,-6,12.0,18.0,18.0,fumble_or_safety_swallows_scrimmage_type
401856787,2026,2,regular,Southern,Houston,away,raw,turnovers,3,2,-1,1,no_play_penalty
401856787,2026,2,regular,Southern,Houston,away,raw,fumbles_lost,2,1,-1,1,no_play_penalty
401856787,2026,2,regular,Southern,Houston,away,raw,third_down_attempts,13,10,-3,3,no_play_penalty
401871046,2026,2,regular,Missouri State,Lindenwood,home,raw,third_down_attempts,13,14,1,1,kneel_accounting
401871046,2026,2,regular,Lindenwood,Missouri State,away,raw,total_plays,54,52,-2,2,fumble_or_safety_swallows_scrimmage_type
401871046,2026,2,regular,Lindenwood,Missouri State,away,raw,total_yards,223,215.0,-8.0,8.0,fumble_or_safety_swallows_scrimmage_type
401871046,2026,2,regular,Lindenwood,Missouri State,away,raw,rush_attempts,34,32,-2,2,fumble_or_safety_swallows_scrimmage_type
401871046,2026,2,regular,Lindenwood,Missouri State,away,raw,rush_yards,118,110.0,-8.0,8.0,fumble_or_safety_swallows_scrimmage_type
401871046,2026,2,regular,Lindenwood,Missouri State,away,raw,third_down_attempts,13,12,-1,1,kneel_accounting
401871045,2026,2,regular,Marshall,Middle Tennessee,home,raw,total_plays,61,59,-2,2,fumble_or_safety_swallows_scrimmage_type
401871045,2026,2,regular,Marshall,Middle Tennessee,home,raw,total_yards,310,329.0,19.0,19.0,fumble_or_safety_swallows_scrimmage_type
401871045,2026,2,regular,Marshall,Middle Tennessee,home,raw,rush_attempts,38,36,-2,2,fumble_or_safety_swallows_scrimmage_type
401871045,2026,2,regular,Marshall,Middle Tennessee,home,raw,rush_yards,129,148.0,19.0,19.0,fumble_or_safety_swallows_scrimmage_type
401871045,2026,2,regular,Marshall,Middle Tennessee,home,raw,turnovers,1,0,-1,1,kneel_accounting
401871045,2026,2,regular,Marshall,Middle Tennessee,home,raw,fumbles_lost,1,0,-1,1,kneel_accounting
401871045,2026,2,regular,Marshall,Middle Tennessee,home,raw,third_down_conversions,4,3,-1,1,kneel_accounting
401871045,2026,2,regular,Middle Tennessee,Marshall,away,raw,total_plays,69,67,-2,2,fumble_or_safety_swallows_scrimmage_type
401871045,2026,2,regular,Middle Tennessee,Marshall,away,raw,total_yards,352,343.0,-9.0,9.0,fumble_or_safety_swallows_scrimmage_type
401871045,2026,2,regular,Middle Tennessee,Marshall,away,raw,pass_attempts,47,46,-1,1,fumble_or_safety_swallows_scrimmage_type
401871045,2026,2,regular,Middle Tennessee,Marshall,away,raw,rush_attempts,22,21,-1,1,fumble_or_safety_swallows_scrimmage_type
401871045,2026,2,regular,Middle Tennessee,Marshall,away,raw,rush_yards,109,100.0,-9.0,9.0,fumble_or_safety_swallows_scrimmage_type
401856680,2026,2,regular,South Carolina,Towson,home,raw,total_plays,67,65,-2,2,fumble_or_safety_swallows_scrimmage_type
401856680,2026,2,regular,South Carolina,Towson,home,raw,total_yards,502,482.0,-20.0,20.0,fumble_or_safety_swallows_scrimmage_type
401856680,2026,2,regular,South Carolina,Towson,home,raw,rush_attempts,41,39,-2,2,fumble_or_safety_swallows_scrimmage_type
401856680,2026,2,regular,South Carolina,Towson,home,raw,rush_yards,405,385.0,-20.0,20.0,fumble_or_safety_swallows_scrimmage_type
401856680,2026,2,regular,South Carolina,Towson,home,raw,turnovers,2,0,-2,2,kneel_accounting
401856680,2026,2,regular,South Carolina,Towson,home,raw,interceptions,1,0,-1,1,kneel_accounting
401856680,2026,2,regular,South Carolina,Towson,home,raw,fumbles_lost,1,0,-1,1,kneel_accounting
401856680,2026,2,regular,South Carolina,Towson,home,raw,third_down_attempts,14,13,-1,1,kneel_accounting
401856680,2026,2,regular,South Carolina,Towson,home,raw,third_down_conversions,7,6,-1,1,kneel_accounting
401856680,2026,2,regular,Towson,South Carolina,away,raw,total_yards,203,200.0,-3.0,3.0,fumble_or_safety_swallows_scrimmage_type
401856680,2026,2,regular,Towson,South Carolina,away,raw,rush_yards,21,18.0,-3.0,3.0,fumble_or_safety_swallows_scrimmage_type
401858441,2026,2,regular,Nebraska,Bowling Green,home,raw,total_plays,66,65,-1,1,fumble_or_safety_swallows_scrimmage_type
401858441,2026,2,regular,Nebraska,Bowling Green,home,raw,total_yards,546,533.0,-13.0,13.0,fumble_or_safety_swallows_scrimmage_type
401858441,2026,2,regular,Nebraska,Bowling Green,home,raw,rush_attempts,34,33,-1,1,fumble_or_safety_swallows_scrimmage_type
401858441,2026,2,regular,Nebraska,Bowling Green,home,raw,rush_yards,264,251.0,-13.0,13.0,fumble_or_safety_swallows_scrimmage_type
401858441,2026,2,regular,Bowling Green,Nebraska,away,raw,total_plays,48,44,-4,4,fumble_or_safety_swallows_scrimmage_type
401858441,2026,2,regular,Bowling Green,Nebraska,away,raw,total_yards,169,180.0,11.0,11.0,fumble_or_safety_swallows_scrimmage_type
401858441,2026,2,regular,Bowling Green,Nebraska,away,raw,pass_attempts,16,15,-1,1,fumble_or_safety_swallows_scrimmage_type
401858441,2026,2,regular,Bowling Green,Nebraska,away,raw,rush_attempts,32,29,-3,3,fumble_or_safety_swallows_scrimmage_type
401858441,2026,2,regular,Bowling Green,Nebraska,away,raw,rush_yards,85,96.0,11.0,11.0,fumble_or_safety_swallows_scrimmage_type
401858441,2026,2,regular,Bowling Green,Nebraska,away,raw,turnovers,2,1,-1,1,no_play_penalty
401858441,2026,2,regular,Bowling Green,Nebraska,away,raw,fumbles_lost,1,0,-1,1,no_play_penalty
401858441,2026,2,regular,Bowling Green,Nebraska,away,raw,third_down_attempts,12,9,-3,3,no_play_penalty
401856681,2026,2,regular,Georgia Tech,Tennessee,home,raw,total_plays,71,69,-2,2,sack_accounting
401856681,2026,2,regular,Georgia Tech,Tennessee,home,raw,pass_attempts,40,38,-2,2,sack_accounting
401856681,2026,2,regular,Georgia Tech,Tennessee,home,raw,turnovers,2,1,-1,1,no_play_penalty
401856681,2026,2,regular,Georgia Tech,Tennessee,home,raw,interceptions,2,1,-1,1,no_play_penalty
401856786,2026,2,regular,Cincinnati,Western Carolina,home,raw,total_plays,80,78,-2,2,fumble_or_safety_swallows_scrimmage_type
401856786,2026,2,regular,Cincinnati,Western Carolina,home,raw,total_yards,690,683.0,-7.0,7.0,fumble_or_safety_swallows_scrimmage_type
401856786,2026,2,regular,Cincinnati,Western Carolina,home,raw,pass_attempts,31,30,-1,1,fumble_or_safety_swallows_scrimmage_type
401856786,2026,2,regular,Cincinnati,Western Carolina,home,raw,completions,28,27,-1,1,no_play_penalty
401856786,2026,2,regular,Cincinnati,Western Carolina,home,raw,net_pass_yards,272,268.0,-4.0,4.0,fumble_or_safety_swallows_scrimmage_type
401856786,2026,2,regular,Cincinnati,Western Carolina,home,raw,rush_attempts,49,48,-1,1,fumble_or_safety_swallows_scrimmage_type
401856786,2026,2,regular,Cincinnati,Western Carolina,home,raw,rush_yards,418,415.0,-3.0,3.0,fumble_or_safety_swallows_scrimmage_type
401856786,2026,2,regular,Western Carolina,Cincinnati,away,raw,total_plays,57,56,-1,1,fumble_or_safety_swallows_scrimmage_type
401856786,2026,2,regular,Western Carolina,Cincinnati,away,raw,rush_attempts,20,19,-1,1,fumble_or_safety_swallows_scrimmage_type
401862707,2026,2,regular,Sam Houston,Tulsa,home,raw,total_plays,66,63,-3,3,fumble_or_safety_swallows_scrimmage_type
401862707,2026,2,regular,Sam Houston,Tulsa,home,raw,total_yards,371,393.0,22.0,22.0,fumble_or_safety_swallows_scrimmage_type
401862707,2026,2,regular,Sam Houston,Tulsa,home,raw,rush_attempts,31,28,-3,3,fumble_or_safety_swallows_scrimmage_type
401862707,2026,2,regular,Sam Houston,Tulsa,home,raw,rush_yards,55,77.0,22.0,22.0,fumble_or_safety_swallows_scrimmage_type
401862707,2026,2,regular,Sam Houston,Tulsa,home,raw,turnovers,1,0,-1,1,kneel_accounting
401862707,2026,2,regular,Sam Houston,Tulsa,home,raw,fumbles_lost,1,0,-1,1,kneel_accounting
401862707,2026,2,regular,Sam Houston,Tulsa,home,raw,third_down_attempts,13,14,1,1,kneel_accounting
401862707,2026,2,regular,Sam Houston,Tulsa,home,raw,fourth_down_attempts,2,1,-1,1,kneel_accounting
401869955,2026,2,regular,Georgia State,Kennesaw State,away,raw,total_plays,70,68,-2,2,fumble_or_safety_swallows_scrimmage_type
401869955,2026,2,regular,Georgia State,Kennesaw State,away,raw,total_yards,483,472.0,-11.0,11.0,fumble_or_safety_swallows_scrimmage_type
401869955,2026,2,regular,Georgia State,Kennesaw State,away,raw,rush_attempts,47,45,-2,2,fumble_or_safety_swallows_scrimmage_type
401869955,2026,2,regular,Georgia State,Kennesaw State,away,raw,rush_yards,230,219.0,-11.0,11.0,fumble_or_safety_swallows_scrimmage_type
401869955,2026,2,regular,Georgia State,Kennesaw State,away,raw,turnovers,2,1,-1,1,kneel_accounting
401869955,2026,2,regular,Georgia State,Kennesaw State,away,raw,fumbles_lost,1,0,-1,1,kneel_accounting
401860882,2026,2,regular,Southern Utah,Colorado State,away,raw,total_plays,64,60,-4,4,fumble_or_safety_swallows_scrimmage_type
401860882,2026,2,regular,Southern Utah,Colorado State,away,raw,total_yards,442,404.0,-38.0,38.0,fumble_or_safety_swallows_scrimmage_type
401860882,2026,2,regular,Southern Utah,Colorado State,away,raw,pass_attempts,25,22,-3,3,fumble_or_safety_swallows_scrimmage_type
401860882,2026,2,regular,Southern Utah,Colorado State,away,raw,completions,13,11,-2,2,kneel_accounting
401860882,2026,2,regular,Southern Utah,Colorado State,away,raw,net_pass_yards,236,184.0,-52.0,52.0,fumble_or_safety_swallows_scrimmage_type
401860882,2026,2,regular,Southern Utah,Colorado State,away,raw,rush_attempts,39,38,-1,1,fumble_or_safety_swallows_scrimmage_type
401860882,2026,2,regular,Southern Utah,Colorado State,away,raw,rush_yards,206,220.0,14.0,14.0,fumble_or_safety_swallows_scrimmage_type
401860882,2026,2,regular,Southern Utah,Colorado State,away,raw,turnovers,4,3,-1,1,kneel_accounting
401860882,2026,2,regular,Southern Utah,Colorado State,away,raw,fumbles_lost,2,1,-1,1,kneel_accounting
401860882,2026,2,regular,Southern Utah,Colorado State,away,raw,third_down_attempts,14,13,-1,1,kneel_accounting
401868241,2026,2,regular,Arkansas State,West Georgia,home,raw,total_plays,57,55,-2,2,fumble_or_safety_swallows_scrimmage_type
401868241,2026,2,regular,Arkansas State,West Georgia,home,raw,total_yards,391,398.0,7.0,7.0,fumble_or_safety_swallows_scrimmage_type
401868241,2026,2,regular,Arkansas State,West Georgia,home,raw,rush_attempts,40,38,-2,2,fumble_or_safety_swallows_scrimmage_type
401868241,2026,2,regular,Arkansas State,West Georgia,home,raw,rush_yards,256,263.0,7.0,7.0,fumble_or_safety_swallows_scrimmage_type
401868241,2026,2,regular,Arkansas State,West Georgia,home,raw,turnovers,1,0,-1,1,spike_accounting
401868241,2026,2,regular,Arkansas State,West Georgia,home,raw,fumbles_lost,1,0,-1,1,spike_accounting
401868241,2026,2,regular,West Georgia,Arkansas State,away,raw,total_plays,58,54,-4,4,fumble_or_safety_swallows_scrimmage_type
401868241,2026,2,regular,West Georgia,Arkansas State,away,raw,total_yards,246,237.0,-9.0,9.0,fumble_or_safety_swallows_scrimmage_type
401868241,2026,2,regular,West Georgia,Arkansas State,away,raw,pass_attempts,34,31,-3,3,fumble_or_safety_swallows_scrimmage_type
401868241,2026,2,regular,West Georgia,Arkansas State,away,raw,completions,19,17,-2,2,spike_accounting
401868241,2026,2,regular,West Georgia,Arkansas State,away,raw,net_pass_yards,174,168.0,-6.0,6.0,fumble_or_safety_swallows_scrimmage_type
401868241,2026,2,regular,West Georgia,Arkansas State,away,raw,rush_attempts,24,23,-1,1,fumble_or_safety_swallows_scrimmage_type
401868241,2026,2,regular,West Georgia,Arkansas State,away,raw,rush_yards,72,69.0,-3.0,3.0,fumble_or_safety_swallows_scrimmage_type
401868241,2026,2,regular,West Georgia,Arkansas State,away,raw,turnovers,4,0,-4,4,spike_accounting
401868241,2026,2,regular,West Georgia,Arkansas State,away,raw,interceptions,2,0,-2,2,spike_accounting
401868241,2026,2,regular,West Georgia,Arkansas State,away,raw,fumbles_lost,2,0,-2,2,spike_accounting
401868241,2026,2,regular,West Georgia,Arkansas State,away,raw,third_down_attempts,15,14,-1,1,spike_accounting
401864575,2026,2,regular,Tulane,South Alabama,home,raw,total_plays,51,50,-1,1,fumble_or_safety_swallows_scrimmage_type
401864575,2026,2,regular,Tulane,South Alabama,home,raw,total_yards,424,430.0,6.0,6.0,fumble_or_safety_swallows_scrimmage_type
401864575,2026,2,regular,Tulane,South Alabama,home,raw,rush_attempts,29,28,-1,1,fumble_or_safety_swallows_scrimmage_type
401864575,2026,2,regular,Tulane,South Alabama,home,raw,rush_yards,212,218.0,6.0,6.0,fumble_or_safety_swallows_scrimmage_type
401864575,2026,2,regular,South Alabama,Tulane,away,raw,total_yards,478,482.0,4.0,4.0,fumble_or_safety_swallows_scrimmage_type
401864575,2026,2,regular,South Alabama,Tulane,away,raw,rush_yards,182,186.0,4.0,4.0,fumble_or_safety_swallows_scrimmage_type
401864575,2026,2,regular,South Alabama,Tulane,away,raw,third_down_conversions,10,9,-1,1,kneel_accounting
401864575,2026,2,regular,South Alabama,Tulane,away,raw,fourth_down_attempts,2,3,1,1,kneel_accounting
401864575,2026,2,regular,South Alabama,Tulane,away,raw,fourth_down_conversions,0,1,1,1,kneel_accounting
401858443,2026,2,regular,UCLA,San Diego State,home,raw,total_plays,66,65,-1,1,sack_accounting
401858443,2026,2,regular,UCLA,San Diego State,home,raw,pass_attempts,23,22,-1,1,sack_accounting
401858443,2026,2,regular,UCLA,San Diego State,home,raw,third_down_attempts,11,10,-1,1,kneel_accounting
401858443,2026,2,regular,San Diego State,UCLA,away,raw,total_plays,56,55,-1,1,sack_accounting
401858443,2026,2,regular,San Diego State,UCLA,away,raw,total_yards,189,192.0,3.0,3.0,sack_accounting
401858443,2026,2,regular,San Diego State,UCLA,away,raw,pass_attempts,18,17,-1,1,sack_accounting
401858443,2026,2,regular,San Diego State,UCLA,away,raw,rush_yards,144,147.0,3.0,3.0,sack_accounting
401858443,2026,2,regular,San Diego State,UCLA,away,raw,third_down_attempts,12,11,-1,1,kneel_accounting
401856682,2026,2,regular,Texas,Ohio State,home,raw,total_plays,78,74,-4,4,fumble_or_safety_swallows_scrimmage_type
401856682,2026,2,regular,Texas,Ohio State,home,raw,total_yards,336,327.0,-9.0,9.0,fumble_or_safety_swallows_scrimmage_type
401856682,2026,2,regular,Texas,Ohio State,home,raw,pass_attempts,37,34,-3,3,fumble_or_safety_swallows_scrimmage_type
401856682,2026,2,regular,Texas,Ohio State,home,raw,completions,23,21,-2,2,kneel_accounting
401856682,2026,2,regular,Texas,Ohio State,home,raw,net_pass_yards,195,186.0,-9.0,9.0,fumble_or_safety_swallows_scrimmage_type
401856682,2026,2,regular,Texas,Ohio State,home,raw,rush_attempts,41,40,-1,1,fumble_or_safety_swallows_scrimmage_type
401856682,2026,2,regular,Texas,Ohio State,home,raw,turnovers,2,1,-1,1,kneel_accounting
401856682,2026,2,regular,Texas,Ohio State,home,raw,fumbles_lost,1,0,-1,1,kneel_accounting
401856682,2026,2,regular,Texas,Ohio State,home,raw,third_down_attempts,16,15,-1,1,kneel_accounting
401856682,2026,2,regular,Texas,Ohio State,home,raw,third_down_conversions,9,8,-1,1,kneel_accounting
401856682,2026,2,regular,Ohio State,Texas,away,raw,turnovers,1,0,-1,1,kneel_accounting
401856682,2026,2,regular,Ohio State,Texas,away,raw,interceptions,1,0,-1,1,kneel_accounting
401868008,2026,2,regular,Coastal Carolina,Fordham,home,raw,total_plays,69,68,-1,1,fumble_or_safety_swallows_scrimmage_type
401868008,2026,2,regular,Coastal Carolina,Fordham,home,raw,total_yards,460,461.0,1.0,1.0,fumble_or_safety_swallows_scrimmage_type
401868008,2026,2,regular,Coastal Carolina,Fordham,home,raw,rush_attempts,41,40,-1,1,fumble_or_safety_swallows_scrimmage_type
401868008,2026,2,regular,Coastal Carolina,Fordham,home,raw,rush_yards,251,252.0,1.0,1.0,fumble_or_safety_swallows_scrimmage_type
401868008,2026,2,regular,Coastal Carolina,Fordham,home,raw,third_down_attempts,13,14,1,1,no_play_penalty
401868008,2026,2,regular,Fordham,Coastal Carolina,away,raw,total_plays,54,53,-1,1,fumble_or_safety_swallows_scrimmage_type
401868008,2026,2,regular,Fordham,Coastal Carolina,away,raw,total_yards,215,221.0,6.0,6.0,fumble_or_safety_swallows_scrimmage_type
401868008,2026,2,regular,Fordham,Coastal Carolina,away,raw,rush_attempts,33,32,-1,1,fumble_or_safety_swallows_scrimmage_type
401868008,2026,2,regular,Fordham,Coastal Carolina,away,raw,rush_yards,114,120.0,6.0,6.0,fumble_or_safety_swallows_scrimmage_type
401868008,2026,2,regular,Fordham,Coastal Carolina,away,raw,turnovers,4,1,-3,3,no_play_penalty
401868008,2026,2,regular,Fordham,Coastal Carolina,away,raw,interceptions,3,1,-2,2,no_play_penalty
401868008,2026,2,regular,Fordham,Coastal Carolina,away,raw,fumbles_lost,1,0,-1,1,no_play_penalty
401867796,2026,2,regular,LSU,Louisiana Tech,home,raw,total_plays,85,80,-5,5,fumble_or_safety_swallows_scrimmage_type
401867796,2026,2,regular,LSU,Louisiana Tech,home,raw,total_yards,528,489.0,-39.0,39.0,fumble_or_safety_swallows_scrimmage_type
401867796,2026,2,regular,LSU,Louisiana Tech,home,raw,pass_attempts,41,37,-4,4,fumble_or_safety_swallows_scrimmage_type
401867796,2026,2,regular,LSU,Louisiana Tech,home,raw,completions,27,26,-1,1,no_play_penalty
401867796,2026,2,regular,LSU,Louisiana Tech,home,raw,net_pass_yards,381,369.0,-12.0,12.0,fumble_or_safety_swallows_scrimmage_type
401867796,2026,2,regular,LSU,Louisiana Tech,home,raw,rush_attempts,44,43,-1,1,fumble_or_safety_swallows_scrimmage_type
401867796,2026,2,regular,LSU,Louisiana Tech,home,raw,rush_yards,147,120.0,-27.0,27.0,fumble_or_safety_swallows_scrimmage_type
401867796,2026,2,regular,LSU,Louisiana Tech,home,raw,turnovers,4,2,-2,2,no_play_penalty
401867796,2026,2,regular,LSU,Louisiana Tech,home,raw,interceptions,3,1,-2,2,no_play_penalty
401867796,2026,2,regular,LSU,Louisiana Tech,home,raw,third_down_attempts,17,15,-2,2,no_play_penalty
401867796,2026,2,regular,Louisiana Tech,LSU,away,raw,total_plays,55,51,-4,4,fumble_or_safety_swallows_scrimmage_type
401867796,2026,2,regular,Louisiana Tech,LSU,away,raw,total_yards,140,120.0,-20.0,20.0,fumble_or_safety_swallows_scrimmage_type
401867796,2026,2,regular,Louisiana Tech,LSU,away,raw,pass_attempts,24,21,-3,3,fumble_or_safety_swallows_scrimmage_type
401867796,2026,2,regular,Louisiana Tech,LSU,away,raw,completions,14,12,-2,2,no_play_penalty
401867796,2026,2,regular,Louisiana Tech,LSU,away,raw,net_pass_yards,143,126.0,-17.0,17.0,fumble_or_safety_swallows_scrimmage_type
401867796,2026,2,regular,Louisiana Tech,LSU,away,raw,rush_attempts,31,30,-1,1,fumble_or_safety_swallows_scrimmage_type
401867796,2026,2,regular,Louisiana Tech,LSU,away,raw,rush_yards,-3,-6.0,-3.0,3.0,fumble_or_safety_swallows_scrimmage_type
401867796,2026,2,regular,Louisiana Tech,LSU,away,raw,turnovers,3,2,-1,1,no_play_penalty
401867796,2026,2,regular,Louisiana Tech,LSU,away,raw,interceptions,1,0,-1,1,no_play_penalty
401867796,2026,2,regular,Louisiana Tech,LSU,away,raw,third_down_attempts,14,12,-2,2,no_play_penalty
401862703,2026,2,regular,Florida Atlantic,Navy,home,raw,total_plays,77,75,-2,2,fumble_or_safety_swallows_scrimmage_type
401862703,2026,2,regular,Florida Atlantic,Navy,home,raw,total_yards,428,481.0,53.0,53.0,fumble_or_safety_swallows_scrimmage_type
401862703,2026,2,regular,Florida Atlantic,Navy,home,raw,net_pass_yards,386,393.0,7.0,7.0,fumble_or_safety_swallows_scrimmage_type
401862703,2026,2,regular,Florida Atlantic,Navy,home,raw,rush_attempts,44,42,-2,2,fumble_or_safety_swallows_scrimmage_type
401862703,2026,2,regular,Florida Atlantic,Navy,home,raw,rush_yards,42,88.0,46.0,46.0,fumble_or_safety_swallows_scrimmage_type
401862703,2026,2,regular,Florida Atlantic,Navy,home,raw,fourth_down_attempts,3,2,-1,1,kneel_accounting
401862703,2026,2,regular,Navy,Florida Atlantic,away,raw,total_plays,59,55,-4,4,fumble_or_safety_swallows_scrimmage_type
401862703,2026,2,regular,Navy,Florida Atlantic,away,raw,total_yards,393,374.0,-19.0,19.0,fumble_or_safety_swallows_scrimmage_type
401862703,2026,2,regular,Navy,Florida Atlantic,away,raw,pass_attempts,23,20,-3,3,fumble_or_safety_swallows_scrimmage_type
401862703,2026,2,regular,Navy,Florida Atlantic,away,raw,rush_attempts,36,35,-1,1,fumble_or_safety_swallows_scrimmage_type
401862703,2026,2,regular,Navy,Florida Atlantic,away,raw,rush_yards,246,227.0,-19.0,19.0,fumble_or_safety_swallows_scrimmage_type
401858219,2026,2,regular,Clemson,Georgia Southern,home,raw,total_plays,74,72,-2,2,fumble_or_safety_swallows_scrimmage_type
401858219,2026,2,regular,Clemson,Georgia Southern,home,raw,total_yards,347,345.0,-2.0,2.0,fumble_or_safety_swallows_scrimmage_type
401858219,2026,2,regular,Clemson,Georgia Southern,home,raw,rush_attempts,39,37,-2,2,fumble_or_safety_swallows_scrimmage_type
401858219,2026,2,regular,Clemson,Georgia Southern,home,raw,rush_yards,150,148.0,-2.0,2.0,fumble_or_safety_swallows_scrimmage_type
401858219,2026,2,regular,Clemson,Georgia Southern,home,raw,third_down_attempts,14,13,-1,1,kneel_accounting
401858219,2026,2,regular,Georgia Southern,Clemson,away,raw,total_plays,66,65,-1,1,fumble_or_safety_swallows_scrimmage_type
401858219,2026,2,regular,Georgia Southern,Clemson,away,raw,total_yards,266,256.0,-10.0,10.0,fumble_or_safety_swallows_scrimmage_type
401858219,2026,2,regular,Georgia Southern,Clemson,away,raw,rush_attempts,18,17,-1,1,fumble_or_safety_swallows_scrimmage_type
401858219,2026,2,regular,Georgia Southern,Clemson,away,raw,rush_yards,22,12.0,-10.0,10.0,fumble_or_safety_swallows_scrimmage_type
401858219,2026,2,regular,Georgia Southern,Clemson,away,raw,turnovers,1,0,-1,1,kneel_accounting
401858219,2026,2,regular,Georgia Southern,Clemson,away,raw,fumbles_lost,1,0,-1,1,kneel_accounting
401856783,2026,2,regular,Oregon State,Texas Tech,home,raw,total_plays,71,70,-1,1,fumble_or_safety_swallows_scrimmage_type
401856783,2026,2,regular,Oregon State,Texas Tech,home,raw,pass_attempts,52,51,-1,1,fumble_or_safety_swallows_scrimmage_type
401856783,2026,2,regular,Oregon State,Texas Tech,home,raw,third_down_attempts,15,14,-1,1,no_play_penalty
401856783,2026,2,regular,Texas Tech,Oregon State,away,raw,total_plays,74,72,-2,2,fumble_or_safety_swallows_scrimmage_type
401856783,2026,2,regular,Texas Tech,Oregon State,away,raw,total_yards,352,350.0,-2.0,2.0,fumble_or_safety_swallows_scrimmage_type
401856783,2026,2,regular,Texas Tech,Oregon State,away,raw,rush_attempts,46,44,-2,2,fumble_or_safety_swallows_scrimmage_type
401856783,2026,2,regular,Texas Tech,Oregon State,away,raw,rush_yards,155,153.0,-2.0,2.0,fumble_or_safety_swallows_scrimmage_type
401856783,2026,2,regular,Texas Tech,Oregon State,away,raw,turnovers,1,0,-1,1,no_play_penalty
401856783,2026,2,regular,Texas Tech,Oregon State,away,raw,fumbles_lost,1,0,-1,1,no_play_penalty
401856671,2026,2,regular,Auburn,Southern Miss,home,raw,total_plays,84,83,-1,1,fumble_or_safety_swallows_scrimmage_type
401856671,2026,2,regular,Auburn,Southern Miss,home,raw,total_yards,610,594.0,-16.0,16.0,fumble_or_safety_swallows_scrimmage_type
401856671,2026,2,regular,Auburn,Southern Miss,home,raw,pass_attempts,33,34,1,1,fumble_or_safety_swallows_scrimmage_type
401856671,2026,2,regular,Auburn,Southern Miss,home,raw,completions,20,21,1,1,no_play_penalty
401856671,2026,2,regular,Auburn,Southern Miss,home,raw,net_pass_yards,267,270.0,3.0,3.0,fumble_or_safety_swallows_scrimmage_type
401856671,2026,2,regular,Auburn,Southern Miss,home,raw,rush_attempts,51,49,-2,2,fumble_or_safety_swallows_scrimmage_type
401856671,2026,2,regular,Auburn,Southern Miss,home,raw,rush_yards,343,324.0,-19.0,19.0,fumble_or_safety_swallows_scrimmage_type
401856671,2026,2,regular,Auburn,Southern Miss,home,raw,turnovers,1,0,-1,1,no_play_penalty
401856671,2026,2,regular,Auburn,Southern Miss,home,raw,fumbles_lost,1,0,-1,1,no_play_penalty
401856671,2026,2,regular,Southern Miss,Auburn,away,raw,total_plays,58,56,-2,2,fumble_or_safety_swallows_scrimmage_type
401856671,2026,2,regular,Southern Miss,Auburn,away,raw,total_yards,221,224.0,3.0,3.0,fumble_or_safety_swallows_scrimmage_type
401856671,2026,2,regular,Southern Miss,Auburn,away,raw,pass_attempts,33,32,-1,1,fumble_or_safety_swallows_scrimmage_type
401856671,2026,2,regular,Southern Miss,Auburn,away,raw,rush_attempts,25,24,-1,1,fumble_or_safety_swallows_scrimmage_type
401856671,2026,2,regular,Southern Miss,Auburn,away,raw,rush_yards,50,53.0,3.0,3.0,fumble_or_safety_swallows_scrimmage_type
401856671,2026,2,regular,Southern Miss,Auburn,away,raw,turnovers,2,1,-1,1,no_play_penalty
401856671,2026,2,regular,Southern Miss,Auburn,away,raw,interceptions,2,1,-1,1,no_play_penalty
401856676,2026,2,regular,Charlotte,Ole Miss,away,raw,total_plays,61,60,-1,1,sack_accounting
401856676,2026,2,regular,Charlotte,Ole Miss,away,raw,pass_attempts,28,27,-1,1,sack_accounting
401856676,2026,2,regular,Charlotte,Ole Miss,away,raw,turnovers,1,0,-1,1,no_play_penalty
401856676,2026,2,regular,Charlotte,Ole Miss,away,raw,interceptions,1,0,-1,1,no_play_penalty
401856676,2026,2,regular,Charlotte,Ole Miss,away,raw,third_down_attempts,14,13,-1,1,no_play_penalty
401856789,2026,2,regular,TCU,Grambling,home,raw,total_plays,69,68,-1,1,fumble_or_safety_swallows_scrimmage_type
401856789,2026,2,regular,TCU,Grambling,home,raw,total_yards,676,644.0,-32.0,32.0,fumble_or_safety_swallows_scrimmage_type
401856789,2026,2,regular,TCU,Grambling,home,raw,rush_attempts,37,36,-1,1,fumble_or_safety_swallows_scrimmage_type
401856789,2026,2,regular,TCU,Grambling,home,raw,rush_yards,285,253.0,-32.0,32.0,fumble_or_safety_swallows_scrimmage_type
401856789,2026,2,regular,Grambling,TCU,away,raw,total_plays,53,51,-2,2,fumble_or_safety_swallows_scrimmage_type
401856789,2026,2,regular,Grambling,TCU,away,raw,total_yards,210,211.0,1.0,1.0,fumble_or_safety_swallows_scrimmage_type
401856789,2026,2,regular,Grambling,TCU,away,raw,pass_attempts,25,24,-1,1,fumble_or_safety_swallows_scrimmage_type
401856789,2026,2,regular,Grambling,TCU,away,raw,rush_attempts,28,27,-1,1,fumble_or_safety_swallows_scrimmage_type
401856789,2026,2,regular,Grambling,TCU,away,raw,rush_yards,20,21.0,1.0,1.0,fumble_or_safety_swallows_scrimmage_type
401856789,2026,2,regular,Grambling,TCU,away,raw,turnovers,2,1,-1,1,kneel_accounting
401856789,2026,2,regular,Grambling,TCU,away,raw,interceptions,2,1,-1,1,kneel_accounting
401856789,2026,2,regular,Grambling,TCU,away,raw,third_down_attempts,14,13,-1,1,kneel_accounting
401856784,2026,2,regular,Baylor,Prairie View A&M,home,raw,total_plays,84,81,-3,3,fumble_or_safety_swallows_scrimmage_type
401856784,2026,2,regular,Baylor,Prairie View A&M,home,raw,total_yards,552,556.0,4.0,4.0,fumble_or_safety_swallows_scrimmage_type
401856784,2026,2,regular,Baylor,Prairie View A&M,home,raw,pass_attempts,42,39,-3,3,fumble_or_safety_swallows_scrimmage_type
401856784,2026,2,regular,Baylor,Prairie View A&M,home,raw,rush_yards,232,236.0,4.0,4.0,fumble_or_safety_swallows_scrimmage_type
401856784,2026,2,regular,Baylor,Prairie View A&M,home,raw,turnovers,3,0,-3,3,spike_accounting
401856784,2026,2,regular,Baylor,Prairie View A&M,home,raw,interceptions,3,0,-3,3,spike_accounting
401856784,2026,2,regular,Prairie View A&M,Baylor,away,raw,total_yards,110,160.0,50.0,50.0,fumble_or_safety_swallows_scrimmage_type
401856784,2026,2,regular,Prairie View A&M,Baylor,away,raw,pass_attempts,27,26,-1,1,fumble_or_safety_swallows_scrimmage_type
401856784,2026,2,regular,Prairie View A&M,Baylor,away,raw,completions,14,12,-2,2,spike_accounting
401856784,2026,2,regular,Prairie View A&M,Baylor,away,raw,net_pass_yards,74,79.0,5.0,5.0,fumble_or_safety_swallows_scrimmage_type
401856784,2026,2,regular,Prairie View A&M,Baylor,away,raw,rush_attempts,25,26,1,1,fumble_or_safety_swallows_scrimmage_type
401856784,2026,2,regular,Prairie View A&M,Baylor,away,raw,rush_yards,36,81.0,45.0,45.0,fumble_or_safety_swallows_scrimmage_type
401856784,2026,2,regular,Prairie View A&M,Baylor,away,raw,third_down_attempts,16,17,1,1,spike_accounting
401856784,2026,2,regular,Prairie View A&M,Baylor,away,raw,third_down_conversions,4,5,1,1,spike_accounting
401864504,2026,2,regular,San José State,Cal Poly,home,raw,total_plays,78,77,-1,1,fumble_or_safety_swallows_scrimmage_type
401864504,2026,2,regular,San José State,Cal Poly,home,raw,total_yards,493,489.0,-4.0,4.0,fumble_or_safety_swallows_scrimmage_type
401864504,2026,2,regular,San José State,Cal Poly,home,raw,rush_attempts,44,43,-1,1,fumble_or_safety_swallows_scrimmage_type
401864504,2026,2,regular,San José State,Cal Poly,home,raw,rush_yards,255,251.0,-4.0,4.0,fumble_or_safety_swallows_scrimmage_type
401864504,2026,2,regular,San José State,Cal Poly,home,raw,third_down_attempts,12,11,-1,1,kneel_accounting
401864504,2026,2,regular,Cal Poly,San José State,away,raw,total_plays,69,67,-2,2,fumble_or_safety_swallows_scrimmage_type
401864504,2026,2,regular,Cal Poly,San José State,away,raw,total_yards,340,343.0,3.0,3.0,fumble_or_safety_swallows_scrimmage_type
401864504,2026,2,regular,Cal Poly,San José State,away,raw,pass_attempts,40,39,-1,1,fumble_or_safety_swallows_scrimmage_type
401864504,2026,2,regular,Cal Poly,San José State,away,raw,rush_attempts,29,28,-1,1,fumble_or_safety_swallows_scrimmage_type
401864504,2026,2,regular,Cal Poly,San José State,away,raw,rush_yards,91,94.0,3.0,3.0,fumble_or_safety_swallows_scrimmage_type
401864504,2026,2,regular,Cal Poly,San José State,away,raw,turnovers,2,1,-1,1,kneel_accounting
401864504,2026,2,regular,Cal Poly,San José State,away,raw,interceptions,2,1,-1,1,kneel_accounting
401864505,2026,2,regular,UTEP,Texas Southern,home,raw,total_plays,54,52,-2,2,fumble_or_safety_swallows_scrimmage_type
401864505,2026,2,regular,UTEP,Texas Southern,home,raw,total_yards,491,454.0,-37.0,37.0,fumble_or_safety_swallows_scrimmage_type
401864505,2026,2,regular,UTEP,Texas Southern,home,raw,pass_attempts,21,20,-1,1,fumble_or_safety_swallows_scrimmage_type
401864505,2026,2,regular,UTEP,Texas Southern,home,raw,completions,14,13,-1,1,kneel_accounting
401864505,2026,2,regular,UTEP,Texas Southern,home,raw,net_pass_yards,239,210.0,-29.0,29.0,fumble_or_safety_swallows_scrimmage_type
401864505,2026,2,regular,UTEP,Texas Southern,home,raw,rush_attempts,33,32,-1,1,fumble_or_safety_swallows_scrimmage_type
401864505,2026,2,regular,UTEP,Texas Southern,home,raw,rush_yards,252,244.0,-8.0,8.0,fumble_or_safety_swallows_scrimmage_type
401864505,2026,2,regular,UTEP,Texas Southern,home,raw,turnovers,1,2,1,1,kneel_accounting
401864505,2026,2,regular,UTEP,Texas Southern,home,raw,fumbles_lost,1,2,1,1,kneel_accounting
401864505,2026,2,regular,Texas Southern,UTEP,away,raw,total_plays,62,59,-3,3,fumble_or_safety_swallows_scrimmage_type
401864505,2026,2,regular,Texas Southern,UTEP,away,raw,total_yards,211,209.0,-2.0,2.0,fumble_or_safety_swallows_scrimmage_type
401864505,2026,2,regular,Texas Southern,UTEP,away,raw,rush_attempts,40,37,-3,3,fumble_or_safety_swallows_scrimmage_type
401864505,2026,2,regular,Texas Southern,UTEP,away,raw,rush_yards,112,110.0,-2.0,2.0,fumble_or_safety_swallows_scrimmage_type
401864505,2026,2,regular,Texas Southern,UTEP,away,raw,turnovers,2,1,-1,1,kneel_accounting
401864505,2026,2,regular,Texas Southern,UTEP,away,raw,fumbles_lost,1,0,-1,1,kneel_accounting
401864505,2026,2,regular,Texas Southern,UTEP,away,raw,third_down_attempts,17,16,-1,1,kneel_accounting
401864502,2026,2,regular,Air Force,North Dakota State,home,raw,total_plays,66,65,-1,1,sack_accounting
401864502,2026,2,regular,Air Force,North Dakota State,home,raw,pass_attempts,15,14,-1,1,sack_accounting
401864502,2026,2,regular,Air Force,North Dakota State,home,raw,third_down_attempts,14,13,-1,1,kneel_accounting
401864502,2026,2,regular,North Dakota State,Air Force,away,raw,total_plays,60,59,-1,1,sack_accounting
401864502,2026,2,regular,North Dakota State,Air Force,away,raw,total_yards,374,379.0,5.0,5.0,sack_accounting
401864502,2026,2,regular,North Dakota State,Air Force,away,raw,pass_attempts,23,22,-1,1,sack_accounting
401864502,2026,2,regular,North Dakota State,Air Force,away,raw,rush_yards,146,151.0,5.0,5.0,sack_accounting
401864502,2026,2,regular,North Dakota State,Air Force,away,raw,third_down_attempts,12,11,-1,1,kneel_accounting
401856670,2026,2,regular,Utah,Arkansas,home,raw,total_plays,62,58,-4,4,fumble_or_safety_swallows_scrimmage_type
401856670,2026,2,regular,Utah,Arkansas,home,raw,total_yards,442,430.0,-12.0,12.0,fumble_or_safety_swallows_scrimmage_type
401856670,2026,2,regular,Utah,Arkansas,home,raw,pass_attempts,28,26,-2,2,fumble_or_safety_swallows_scrimmage_type
401856670,2026,2,regular,Utah,Arkansas,home,raw,completions,20,19,-1,1,kneel_accounting
401856670,2026,2,regular,Utah,Arkansas,home,raw,net_pass_yards,301,297.0,-4.0,4.0,fumble_or_safety_swallows_scrimmage_type
401856670,2026,2,regular,Utah,Arkansas,home,raw,rush_attempts,34,32,-2,2,fumble_or_safety_swallows_scrimmage_type
401856670,2026,2,regular,Utah,Arkansas,home,raw,rush_yards,141,133.0,-8.0,8.0,fumble_or_safety_swallows_scrimmage_type
401856670,2026,2,regular,Arkansas,Utah,away,raw,total_plays,76,75,-1,1,fumble_or_safety_swallows_scrimmage_type
401856670,2026,2,regular,Arkansas,Utah,away,raw,pass_attempts,48,47,-1,1,fumble_or_safety_swallows_scrimmage_type
401856670,2026,2,regular,Arkansas,Utah,away,raw,turnovers,1,0,-1,1,kneel_accounting
401856670,2026,2,regular,Arkansas,Utah,away,raw,interceptions,1,0,-1,1,kneel_accounting
401860883,2026,2,regular,Fresno State,Sacramento State,home,raw,total_plays,63,62,-1,1,fumble_or_safety_swallows_scrimmage_type
401860883,2026,2,regular,Fresno State,Sacramento State,home,raw,total_yards,542,544.0,2.0,2.0,fumble_or_safety_swallows_scrimmage_type
401860883,2026,2,regular,Fresno State,Sacramento State,home,raw,net_pass_yards,349,351.0,2.0,2.0,fumble_or_safety_swallows_scrimmage_type
401860883,2026,2,regular,Fresno State,Sacramento State,home,raw,rush_attempts,33,32,-1,1,fumble_or_safety_swallows_scrimmage_type
401860883,2026,2,regular,Fresno State,Sacramento State,home,raw,third_down_attempts,8,9,1,1,spike_accounting
401860883,2026,2,regular,Sacramento State,Fresno State,away,raw,total_plays,65,64,-1,1,fumble_or_safety_swallows_scrimmage_type
401860883,2026,2,regular,Sacramento State,Fresno State,away,raw,total_yards,262,267.0,5.0,5.0,fumble_or_safety_swallows_scrimmage_type
401860883,2026,2,regular,Sacramento State,Fresno State,away,raw,completions,15,16,1,1,spike_accounting
401860883,2026,2,regular,Sacramento State,Fresno State,away,raw,net_pass_yards,150,153.0,3.0,3.0,fumble_or_safety_swallows_scrimmage_type
401860883,2026,2,regular,Sacramento State,Fresno State,away,raw,rush_attempts,34,33,-1,1,fumble_or_safety_swallows_scrimmage_type
401860883,2026,2,regular,Sacramento State,Fresno State,away,raw,rush_yards,112,114.0,2.0,2.0,fumble_or_safety_swallows_scrimmage_type
401860883,2026,2,regular,Sacramento State,Fresno State,away,raw,fourth_down_attempts,4,5,1,1,spike_accounting
401860883,2026,2,regular,Sacramento State,Fresno State,away,raw,fourth_down_conversions,1,2,1,1,spike_accounting
401864500,2026,2,regular,Nevada,Montana State,home,raw,total_plays,71,69,-2,2,fumble_or_safety_swallows_scrimmage_type
401864500,2026,2,regular,Nevada,Montana State,home,raw,total_yards,349,343.0,-6.0,6.0,fumble_or_safety_swallows_scrimmage_type
401864500,2026,2,regular,Nevada,Montana State,home,raw,pass_attempts,36,34,-2,2,fumble_or_safety_swallows_scrimmage_type
401864500,2026,2,regular,Nevada,Montana State,home,raw,completions,19,18,-1,1,kneel_accounting
401864500,2026,2,regular,Nevada,Montana State,home,raw,net_pass_yards,167,161.0,-6.0,6.0,fumble_or_safety_swallows_scrimmage_type
401864500,2026,2,regular,Nevada,Montana State,home,raw,turnovers,4,1,-3,3,kneel_accounting
401864500,2026,2,regular,Nevada,Montana State,home,raw,interceptions,3,0,-3,3,kneel_accounting
401864500,2026,2,regular,Montana State,Nevada,away,raw,total_plays,63,62,-1,1,fumble_or_safety_swallows_scrimmage_type
401864500,2026,2,regular,Montana State,Nevada,away,raw,total_yards,330,342.0,12.0,12.0,fumble_or_safety_swallows_scrimmage_type
401864500,2026,2,regular,Montana State,Nevada,away,raw,rush_attempts,40,39,-1,1,fumble_or_safety_swallows_scrimmage_type
401864500,2026,2,regular,Montana State,Nevada,away,raw,rush_yards,151,163.0,12.0,12.0,fumble_or_safety_swallows_scrimmage_type
401858445,2026,2,regular,USC,Louisiana,home,raw,total_plays,71,70,-1,1,fumble_or_safety_swallows_scrimmage_type
401858445,2026,2,regular,USC,Louisiana,home,raw,total_yards,483,476.0,-7.0,7.0,fumble_or_safety_swallows_scrimmage_type
401858445,2026,2,regular,USC,Louisiana,home,raw,pass_attempts,31,30,-1,1,fumble_or_safety_swallows_scrimmage_type
401858445,2026,2,regular,USC,Louisiana,home,raw,rush_yards,214,207.0,-7.0,7.0,fumble_or_safety_swallows_scrimmage_type
401858445,2026,2,regular,USC,Louisiana,home,raw,third_down_attempts,15,13,-2,2,kneel_accounting
401858445,2026,2,regular,USC,Louisiana,home,raw,third_down_conversions,11,9,-2,2,kneel_accounting
401858445,2026,2,regular,Louisiana,USC,away,raw,total_plays,52,51,-1,1,fumble_or_safety_swallows_scrimmage_type
401858445,2026,2,regular,Louisiana,USC,away,raw,total_yards,358,362.0,4.0,4.0,fumble_or_safety_swallows_scrimmage_type
401858445,2026,2,regular,Louisiana,USC,away,raw,rush_attempts,30,29,-1,1,fumble_or_safety_swallows_scrimmage_type
401858445,2026,2,regular,Louisiana,USC,away,raw,rush_yards,146,150.0,4.0,4.0,fumble_or_safety_swallows_scrimmage_type
401864578,2026,2,regular,Hawai'i,New Mexico State,home,raw,total_plays,72,73,1,1,fumble_or_safety_swallows_scrimmage_type
401864578,2026,2,regular,Hawai'i,New Mexico State,home,raw,total_yards,420,423.0,3.0,3.0,fumble_or_safety_swallows_scrimmage_type
401864578,2026,2,regular,Hawai'i,New Mexico State,home,raw,pass_attempts,46,47,1,1,fumble_or_safety_swallows_scrimmage_type
401864578,2026,2,regular,Hawai'i,New Mexico State,home,raw,rush_yards,67,70.0,3.0,3.0,fumble_or_safety_swallows_scrimmage_type
401864578,2026,2,regular,Hawai'i,New Mexico State,home,raw,third_down_attempts,15,14,-1,1,kneel_accounting
401864578,2026,2,regular,New Mexico State,Hawai'i,away,raw,total_plays,66,61,-5,5,fumble_or_safety_swallows_scrimmage_type
401864578,2026,2,regular,New Mexico State,Hawai'i,away,raw,total_yards,380,389.0,9.0,9.0,fumble_or_safety_swallows_scrimmage_type
401864578,2026,2,regular,New Mexico State,Hawai'i,away,raw,pass_attempts,35,34,-1,1,fumble_or_safety_swallows_scrimmage_type
401864578,2026,2,regular,New Mexico State,Hawai'i,away,raw,net_pass_yards,256,241.0,-15.0,15.0,fumble_or_safety_swallows_scrimmage_type
401864578,2026,2,regular,New Mexico State,Hawai'i,away,raw,rush_attempts,31,27,-4,4,fumble_or_safety_swallows_scrimmage_type
401864578,2026,2,regular,New Mexico State,Hawai'i,away,raw,rush_yards,124,148.0,24.0,24.0,fumble_or_safety_swallows_scrimmage_type
401864578,2026,2,regular,New Mexico State,Hawai'i,away,raw,turnovers,3,1,-2,2,kneel_accounting
401864578,2026,2,regular,New Mexico State,Hawai'i,away,raw,interceptions,2,1,-1,1,kneel_accounting
401864578,2026,2,regular,New Mexico State,Hawai'i,away,raw,fumbles_lost,1,0,-1,1,kneel_accounting
401864578,2026,2,regular,New Mexico State,Hawai'i,away,raw,third_down_attempts,10,8,-2,2,kneel_accounting
401858225,2026,3,regular,Pittsburgh,Syracuse,home,raw,total_plays,60,59,-1,1,sack_accounting
401858225,2026,3,regular,Pittsburgh,Syracuse,home,raw,pass_attempts,23,22,-1,1,sack_accounting
401858225,2026,3,regular,Pittsburgh,Syracuse,home,raw,turnovers,1,0,-1,1,kneel_accounting
401858225,2026,3,regular,Pittsburgh,Syracuse,home,raw,interceptions,1,0,-1,1,kneel_accounting
401858225,2026,3,regular,Syracuse,Pittsburgh,away,raw,total_plays,70,68,-2,2,sack_accounting
401858225,2026,3,regular,Syracuse,Pittsburgh,away,raw,pass_attempts,32,30,-2,2,sack_accounting
401858225,2026,3,regular,Syracuse,Pittsburgh,away,raw,third_down_attempts,14,13,-1,1,kneel_accounting
401856766,2026,1,regular,TCU,North Carolina,home,canon,turnovers,1,0,-1,1,no_play_penalty
401856766,2026,1,regular,TCU,North Carolina,home,canon,fumbles_lost,1,0,-1,1,no_play_penalty
401856766,2026,1,regular,TCU,North Carolina,home,canon,third_down_attempts,16,17,1,1,no_play_penalty
401856766,2026,1,regular,TCU,North Carolina,home,canon,fourth_down_attempts,5,4,-1,1,no_play_penalty
401864494,2026,1,regular,USC,San José State,home,canon,total_plays,76,75,-1,1,sack_accounting
401864494,2026,1,regular,USC,San José State,home,canon,pass_attempts,36,35,-1,1,sack_accounting
401864494,2026,1,regular,USC,San José State,home,canon,third_down_attempts,13,12,-1,1,kneel_accounting
401864494,2026,1,regular,San José State,USC,away,canon,total_yards,336,257.0,-79.0,79.0,sack_accounting
401864494,2026,1,regular,San José State,USC,away,canon,net_pass_yards,234,155.0,-79.0,79.0,sack_accounting
401858202,2026,1,regular,NC State,Virginia,away,canon,turnovers,2,1,-1,1,no_play_penalty
401858202,2026,1,regular,NC State,Virginia,away,canon,fumbles_lost,1,0,-1,1,no_play_penalty
401864577,2026,1,regular,Jacksonville State,North Dakota State,away,canon,total_plays,54,53,-1,1,fumble_or_safety_swallows_scrimmage_type
401864577,2026,1,regular,Jacksonville State,North Dakota State,away,canon,total_yards,170,185.0,15.0,15.0,fumble_or_safety_swallows_scrimmage_type
401864577,2026,1,regular,Jacksonville State,North Dakota State,away,canon,pass_attempts,23,22,-1,1,fumble_or_safety_swallows_scrimmage_type
401864577,2026,1,regular,Jacksonville State,North Dakota State,away,canon,rush_yards,85,100.0,15.0,15.0,fumble_or_safety_swallows_scrimmage_type
401864577,2026,1,regular,Jacksonville State,North Dakota State,away,canon,turnovers,2,1,-1,1,kneel_accounting
401864577,2026,1,regular,Jacksonville State,North Dakota State,away,canon,interceptions,1,0,-1,1,kneel_accounting
401866408,2026,1,regular,Eastern Michigan,Sacramento State,home,canon,total_yards,348,387.0,39.0,39.0,fumble_or_safety_swallows_scrimmage_type
401866408,2026,1,regular,Eastern Michigan,Sacramento State,home,canon,rush_yards,69,108.0,39.0,39.0,fumble_or_safety_swallows_scrimmage_type
401866408,2026,1,regular,Eastern Michigan,Sacramento State,home,canon,third_down_attempts,15,14,-1,1,kneel_accounting
401866408,2026,1,regular,Sacramento State,Eastern Michigan,away,canon,total_plays,63,62,-1,1,fumble_or_safety_swallows_scrimmage_type
401866408,2026,1,regular,Sacramento State,Eastern Michigan,away,canon,total_yards,268,273.0,5.0,5.0,fumble_or_safety_swallows_scrimmage_type
401866408,2026,1,regular,Sacramento State,Eastern Michigan,away,canon,pass_attempts,46,45,-1,1,fumble_or_safety_swallows_scrimmage_type
401866408,2026,1,regular,Sacramento State,Eastern Michigan,away,canon,net_pass_yards,219,224.0,5.0,5.0,fumble_or_safety_swallows_scrimmage_type
401866408,2026,1,regular,Sacramento State,Eastern Michigan,away,canon,turnovers,2,1,-1,1,kneel_accounting
401866408,2026,1,regular,Sacramento State,Eastern Michigan,away,canon,fumbles_lost,1,0,-1,1,kneel_accounting
401866408,2026,1,regular,Sacramento State,Eastern Michigan,away,canon,third_down_attempts,14,13,-1,1,kneel_accounting
401858201,2026,1,regular,Stanford,Hawai'i,home,canon,third_down_attempts,16,15,-1,1,no_play_penalty
401858201,2026,1,regular,Hawai'i,Stanford,away,canon,total_plays,74,73,-1,1,fumble_or_safety_swallows_scrimmage_type
401858201,2026,1,regular,Hawai'i,Stanford,away,canon,total_yards,322,323.0,1.0,1.0,fumble_or_safety_swallows_scrimmage_type
401858201,2026,1,regular,Hawai'i,Stanford,away,canon,rush_attempts,22,21,-1,1,fumble_or_safety_swallows_scrimmage_type
401858201,2026,1,regular,Hawai'i,Stanford,away,canon,rush_yards,46,47.0,1.0,1.0,fumble_or_safety_swallows_scrimmage_type
401858201,2026,1,regular,Hawai'i,Stanford,away,canon,turnovers,1,0,-1,1,no_play_penalty
401858201,2026,1,regular,Hawai'i,Stanford,away,canon,fumbles_lost,1,0,-1,1,no_play_penalty
401858201,2026,1,regular,Hawai'i,Stanford,away,canon,third_down_attempts,19,16,-3,3,no_play_penalty
401858201,2026,1,regular,Hawai'i,Stanford,away,canon,third_down_conversions,8,6,-2,2,no_play_penalty
401864570,2026,1,regular,New Mexico State,Florida State,away,canon,total_plays,66,65,-1,1,sack_accounting
401864570,2026,1,regular,New Mexico State,Florida State,away,canon,total_yards,319,332.0,13.0,13.0,sack_accounting
401864570,2026,1,regular,New Mexico State,Florida State,away,canon,rush_attempts,23,22,-1,1,sack_accounting
401864570,2026,1,regular,New Mexico State,Florida State,away,canon,rush_yards,47,60.0,13.0,13.0,sack_accounting
401862693,2026,1,regular,UNLV,Memphis,home,canon,total_plays,79,78,-1,1,fumble_or_safety_swallows_scrimmage_type
401862693,2026,1,regular,UNLV,Memphis,home,canon,rush_attempts,41,40,-1,1,fumble_or_safety_swallows_scrimmage_type
401862693,2026,1,regular,UNLV,Memphis,home,canon,turnovers,0,1,1,1,spike_accounting
401862693,2026,1,regular,UNLV,Memphis,home,canon,fumbles_lost,0,1,1,1,spike_accounting
401862693,2026,1,regular,Memphis,UNLV,away,canon,total_plays,60,59,-1,1,fumble_or_safety_swallows_scrimmage_type
401862693,2026,1,regular,Memphis,UNLV,away,canon,total_yards,418,416.0,-2.0,2.0,fumble_or_safety_swallows_scrimmage_type
401862693,2026,1,regular,Memphis,UNLV,away,canon,rush_attempts,34,33,-1,1,fumble_or_safety_swallows_scrimmage_type
401862693,2026,1,regular,Memphis,UNLV,away,canon,rush_yards,195,193.0,-2.0,2.0,fumble_or_safety_swallows_scrimmage_type
401862693,2026,1,regular,Memphis,UNLV,away,canon,turnovers,1,0,-1,1,spike_accounting
401862693,2026,1,regular,Memphis,UNLV,away,canon,fumbles_lost,1,0,-1,1,spike_accounting
401858423,2026,1,regular,Rutgers,Massachusetts,home,canon,total_plays,63,59,-4,4,fumble_or_safety_swallows_scrimmage_type
401858423,2026,1,regular,Rutgers,Massachusetts,home,canon,total_yards,349,348.0,-1.0,1.0,fumble_or_safety_swallows_scrimmage_type
401858423,2026,1,regular,Rutgers,Massachusetts,home,canon,pass_attempts,38,35,-3,3,fumble_or_safety_swallows_scrimmage_type
401858423,2026,1,regular,Rutgers,Massachusetts,home,canon,rush_attempts,25,24,-1,1,fumble_or_safety_swallows_scrimmage_type
401858423,2026,1,regular,Rutgers,Massachusetts,home,canon,rush_yards,30,29.0,-1.0,1.0,fumble_or_safety_swallows_scrimmage_type
401858423,2026,1,regular,Rutgers,Massachusetts,home,canon,turnovers,4,2,-2,2,kneel_accounting
401858423,2026,1,regular,Rutgers,Massachusetts,home,canon,interceptions,3,2,-1,1,kneel_accounting
401858423,2026,1,regular,Rutgers,Massachusetts,home,canon,fumbles_lost,1,0,-1,1,kneel_accounting
401858423,2026,1,regular,Massachusetts,Rutgers,away,canon,turnovers,0,1,1,1,kneel_accounting
401858423,2026,1,regular,Massachusetts,Rutgers,away,canon,interceptions,0,1,1,1,kneel_accounting
401866409,2026,1,regular,Buffalo,UAlbany,home,canon,total_yards,340,348.0,8.0,8.0,fumble_or_safety_swallows_scrimmage_type
401866409,2026,1,regular,Buffalo,UAlbany,home,canon,rush_yards,151,159.0,8.0,8.0,fumble_or_safety_swallows_scrimmage_type
401866409,2026,1,regular,Buffalo,UAlbany,home,canon,turnovers,1,0,-1,1,kneel_accounting
401866409,2026,1,regular,Buffalo,UAlbany,home,canon,fumbles_lost,1,0,-1,1,kneel_accounting
401866409,2026,1,regular,Buffalo,UAlbany,home,canon,third_down_attempts,21,20,-1,1,kneel_accounting
401864425,2026,1,regular,Kennesaw State,West Georgia,home,canon,total_plays,81,80,-1,1,fumble_or_safety_swallows_scrimmage_type
401864425,2026,1,regular,Kennesaw State,West Georgia,home,canon,total_yards,508,523.0,15.0,15.0,fumble_or_safety_swallows_scrimmage_type
401864425,2026,1,regular,Kennesaw State,West Georgia,home,canon,pass_attempts,34,33,-1,1,fumble_or_safety_swallows_scrimmage_type
401864425,2026,1,regular,Kennesaw State,West Georgia,home,canon,net_pass_yards,211,226.0,15.0,15.0,fumble_or_safety_swallows_scrimmage_type
401864425,2026,1,regular,Kennesaw State,West Georgia,home,canon,third_down_attempts,14,13,-1,1,no_play_penalty
401864425,2026,1,regular,West Georgia,Kennesaw State,away,canon,turnovers,2,1,-1,1,no_play_penalty
401864425,2026,1,regular,West Georgia,Kennesaw State,away,canon,fumbles_lost,2,1,-1,1,no_play_penalty
401864424,2026,1,regular,Delaware,Merrimack,home,canon,total_plays,73,71,-2,2,fumble_or_safety_swallows_scrimmage_type
401864424,2026,1,regular,Delaware,Merrimack,home,canon,total_yards,547,524.0,-23.0,23.0,fumble_or_safety_swallows_scrimmage_type
401864424,2026,1,regular,Delaware,Merrimack,home,canon,pass_attempts,44,42,-2,2,fumble_or_safety_swallows_scrimmage_type
401864424,2026,1,regular,Delaware,Merrimack,home,canon,completions,24,23,-1,1,kneel_accounting
401864424,2026,1,regular,Delaware,Merrimack,home,canon,net_pass_yards,435,411.0,-24.0,24.0,fumble_or_safety_swallows_scrimmage_type
401864424,2026,1,regular,Delaware,Merrimack,home,canon,rush_yards,112,113.0,1.0,1.0,fumble_or_safety_swallows_scrimmage_type
401864424,2026,1,regular,Delaware,Merrimack,home,canon,turnovers,1,2,1,1,kneel_accounting
401864424,2026,1,regular,Delaware,Merrimack,home,canon,fumbles_lost,0,1,1,1,kneel_accounting
401864424,2026,1,regular,Delaware,Merrimack,home,canon,third_down_attempts,13,12,-1,1,kneel_accounting
401864424,2026,1,regular,Merrimack,Delaware,away,canon,turnovers,2,1,-1,1,kneel_accounting
401864424,2026,1,regular,Merrimack,Delaware,away,canon,fumbles_lost,1,0,-1,1,kneel_accounting
401864424,2026,1,regular,Merrimack,Delaware,away,canon,third_down_attempts,16,17,1,1,kneel_accounting
401858204,2026,1,regular,Wake Forest,Akron,home,canon,total_plays,68,67,-1,1,fumble_or_safety_swallows_scrimmage_type
401858204,2026,1,regular,Wake Forest,Akron,home,canon,total_yards,559,555.0,-4.0,4.0,fumble_or_safety_swallows_scrimmage_type
401858204,2026,1,regular,Wake Forest,Akron,home,canon,rush_attempts,33,32,-1,1,fumble_or_safety_swallows_scrimmage_type
401858204,2026,1,regular,Wake Forest,Akron,home,canon,rush_yards,203,199.0,-4.0,4.0,fumble_or_safety_swallows_scrimmage_type
401858204,2026,1,regular,Wake Forest,Akron,home,canon,third_down_attempts,15,14,-1,1,kneel_accounting
401858204,2026,1,regular,Akron,Wake Forest,away,canon,total_plays,69,68,-1,1,fumble_or_safety_swallows_scrimmage_type
401858204,2026,1,regular,Akron,Wake Forest,away,canon,total_yards,305,302.0,-3.0,3.0,fumble_or_safety_swallows_scrimmage_type
401858204,2026,1,regular,Akron,Wake Forest,away,canon,rush_attempts,36,35,-1,1,fumble_or_safety_swallows_scrimmage_type
401858204,2026,1,regular,Akron,Wake Forest,away,canon,rush_yards,149,146.0,-3.0,3.0,fumble_or_safety_swallows_scrimmage_type
401856767,2026,1,regular,UCF,Bethune-Cookman,home,canon,total_plays,60,59,-1,1,fumble_or_safety_swallows_scrimmage_type
401856767,2026,1,regular,UCF,Bethune-Cookman,home,canon,pass_attempts,22,21,-1,1,fumble_or_safety_swallows_scrimmage_type
401856767,2026,1,regular,UCF,Bethune-Cookman,home,canon,turnovers,1,2,1,1,no_play_penalty
401856767,2026,1,regular,UCF,Bethune-Cookman,home,canon,interceptions,1,2,1,1,no_play_penalty
401856767,2026,1,regular,Bethune-Cookman,UCF,away,canon,total_yards,181,183.0,2.0,2.0,fumble_or_safety_swallows_scrimmage_type
401856767,2026,1,regular,Bethune-Cookman,UCF,away,canon,pass_attempts,20,19,-1,1,fumble_or_safety_swallows_scrimmage_type
401856767,2026,1,regular,Bethune-Cookman,UCF,away,canon,rush_attempts,40,41,1,1,fumble_or_safety_swallows_scrimmage_type
401856767,2026,1,regular,Bethune-Cookman,UCF,away,canon,rush_yards,107,109.0,2.0,2.0,fumble_or_safety_swallows_scrimmage_type
401856767,2026,1,regular,Bethune-Cookman,UCF,away,canon,turnovers,2,0,-2,2,no_play_penalty
401856767,2026,1,regular,Bethune-Cookman,UCF,away,canon,interceptions,1,0,-1,1,no_play_penalty
401856767,2026,1,regular,Bethune-Cookman,UCF,away,canon,fumbles_lost,1,0,-1,1,no_play_penalty
401856767,2026,1,regular,Bethune-Cookman,UCF,away,canon,third_down_attempts,16,15,-1,1,no_play_penalty
401856663,2026,1,regular,Missouri,Arkansas-Pine Bluff,home,canon,total_plays,78,77,-1,1,fumble_or_safety_swallows_scrimmage_type
401856663,2026,1,regular,Missouri,Arkansas-Pine Bluff,home,canon,total_yards,562,553.0,-9.0,9.0,fumble_or_safety_swallows_scrimmage_type
401856663,2026,1,regular,Missouri,Arkansas-Pine Bluff,home,canon,rush_attempts,45,44,-1,1,fumble_or_safety_swallows_scrimmage_type
401856663,2026,1,regular,Missouri,Arkansas-Pine Bluff,home,canon,rush_yards,205,196.0,-9.0,9.0,fumble_or_safety_swallows_scrimmage_type
401856663,2026,1,regular,Arkansas-Pine Bluff,Missouri,away,canon,total_plays,53,52,-1,1,fumble_or_safety_swallows_scrimmage_type
401856663,2026,1,regular,Arkansas-Pine Bluff,Missouri,away,canon,total_yards,198,243.0,45.0,45.0,fumble_or_safety_swallows_scrimmage_type
401856663,2026,1,regular,Arkansas-Pine Bluff,Missouri,away,canon,rush_attempts,29,28,-1,1,fumble_or_safety_swallows_scrimmage_type
401856663,2026,1,regular,Arkansas-Pine Bluff,Missouri,away,canon,rush_yards,89,134.0,45.0,45.0,fumble_or_safety_swallows_scrimmage_type
401856663,2026,1,regular,Arkansas-Pine Bluff,Missouri,away,canon,third_down_attempts,13,12,-1,1,no_play_penalty
401856663,2026,1,regular,Arkansas-Pine Bluff,Missouri,away,canon,third_down_conversions,3,2,-1,1,no_play_penalty
401856663,2026,1,regular,Arkansas-Pine Bluff,Missouri,away,canon,fourth_down_attempts,1,0,-1,1,no_play_penalty
401856776,2026,1,regular,Georgia Tech,Colorado,home,canon,turnovers,1,0,-1,1,no_play_penalty
401856776,2026,1,regular,Georgia Tech,Colorado,home,canon,fumbles_lost,1,0,-1,1,no_play_penalty
401856776,2026,1,regular,Colorado,Georgia Tech,away,canon,total_plays,76,75,-1,1,fumble_or_safety_swallows_scrimmage_type
401856776,2026,1,regular,Colorado,Georgia Tech,away,canon,total_yards,307,290.0,-17.0,17.0,fumble_or_safety_swallows_scrimmage_type
401856776,2026,1,regular,Colorado,Georgia Tech,away,canon,completions,14,13,-1,1,no_play_penalty
401856776,2026,1,regular,Colorado,Georgia Tech,away,canon,net_pass_yards,124,116.0,-8.0,8.0,fumble_or_safety_swallows_scrimmage_type
401856776,2026,1,regular,Colorado,Georgia Tech,away,canon,rush_attempts,49,48,-1,1,fumble_or_safety_swallows_scrimmage_type
401856776,2026,1,regular,Colorado,Georgia Tech,away,canon,rush_yards,183,174.0,-9.0,9.0,fumble_or_safety_swallows_scrimmage_type
401856776,2026,1,regular,Colorado,Georgia Tech,away,canon,turnovers,0,1,1,1,no_play_penalty
401856776,2026,1,regular,Colorado,Georgia Tech,away,canon,fumbles_lost,0,1,1,1,no_play_penalty
401856776,2026,1,regular,Colorado,Georgia Tech,away,canon,third_down_attempts,17,16,-1,1,no_play_penalty
401856768,2026,1,regular,Idaho,Utah,away,canon,total_plays,61,60,-1,1,fumble_or_safety_swallows_scrimmage_type
401856768,2026,1,regular,Idaho,Utah,away,canon,pass_attempts,30,29,-1,1,fumble_or_safety_swallows_scrimmage_type
401856768,2026,1,regular,Idaho,Utah,away,canon,turnovers,2,1,-1,1,kneel_accounting
401856768,2026,1,regular,Idaho,Utah,away,canon,fumbles_lost,1,0,-1,1,kneel_accounting
401856768,2026,1,regular,Idaho,Utah,away,canon,third_down_attempts,13,12,-1,1,kneel_accounting
401858424,2026,1,regular,UAB,Illinois,away,canon,total_plays,79,76,-3,3,sack_accounting
401858424,2026,1,regular,UAB,Illinois,away,canon,total_yards,413,411.0,-2.0,2.0,sack_accounting
401858424,2026,1,regular,UAB,Illinois,away,canon,pass_attempts,31,29,-2,2,sack_accounting
401858424,2026,1,regular,UAB,Illinois,away,canon,rush_attempts,48,47,-1,1,sack_accounting
401858424,2026,1,regular,UAB,Illinois,away,canon,rush_yards,194,192.0,-2.0,2.0,sack_accounting
401858424,2026,1,regular,UAB,Illinois,away,canon,turnovers,1,0,-1,1,kneel_accounting
401858424,2026,1,regular,UAB,Illinois,away,canon,interceptions,1,0,-1,1,kneel_accounting
401858424,2026,1,regular,UAB,Illinois,away,canon,fourth_down_attempts,4,3,-1,1,kneel_accounting
401864495,2026,1,regular,San José State,Eastern Michigan,away,canon,total_plays,77,75,-2,2,fumble_or_safety_swallows_scrimmage_type
401864495,2026,1,regular,San José State,Eastern Michigan,away,canon,total_yards,453,458.0,5.0,5.0,fumble_or_safety_swallows_scrimmage_type
401864495,2026,1,regular,San José State,Eastern Michigan,away,canon,pass_attempts,41,40,-1,1,fumble_or_safety_swallows_scrimmage_type
401864495,2026,1,regular,San José State,Eastern Michigan,away,canon,rush_attempts,36,35,-1,1,fumble_or_safety_swallows_scrimmage_type
401864495,2026,1,regular,San José State,Eastern Michigan,away,canon,rush_yards,137,142.0,5.0,5.0,fumble_or_safety_swallows_scrimmage_type
401864495,2026,1,regular,San José State,Eastern Michigan,away,canon,turnovers,2,0,-2,2,kneel_accounting
401864495,2026,1,regular,San José State,Eastern Michigan,away,canon,interceptions,1,0,-1,1,kneel_accounting
401864495,2026,1,regular,San José State,Eastern Michigan,away,canon,fumbles_lost,1,0,-1,1,kneel_accounting
401866623,2026,1,regular,Georgia State,North Carolina A&T,home,canon,total_plays,71,69,-2,2,sack_accounting
401866623,2026,1,regular,Georgia State,North Carolina A&T,home,canon,total_yards,563,550.0,-13.0,13.0,sack_accounting
401866623,2026,1,regular,Georgia State,North Carolina A&T,home,canon,rush_attempts,38,36,-2,2,sack_accounting
401866623,2026,1,regular,Georgia State,North Carolina A&T,home,canon,rush_yards,284,271.0,-13.0,13.0,sack_accounting
401866623,2026,1,regular,North Carolina A&T,Georgia State,away,canon,total_yards,209,210.0,1.0,1.0,sack_accounting
401866623,2026,1,regular,North Carolina A&T,Georgia State,away,canon,rush_yards,84,85.0,1.0,1.0,sack_accounting
401866623,2026,1,regular,North Carolina A&T,Georgia State,away,canon,third_down_attempts,14,15,1,1,kneel_accounting
401858435,2026,1,regular,Purdue,Indiana State,home,canon,total_plays,74,73,-1,1,fumble_or_safety_swallows_scrimmage_type
401858435,2026,1,regular,Purdue,Indiana State,home,canon,total_yards,523,518.0,-5.0,5.0,fumble_or_safety_swallows_scrimmage_type
401858435,2026,1,regular,Purdue,Indiana State,home,canon,rush_attempts,40,39,-1,1,fumble_or_safety_swallows_scrimmage_type
401858435,2026,1,regular,Purdue,Indiana State,home,canon,rush_yards,177,172.0,-5.0,5.0,fumble_or_safety_swallows_scrimmage_type
401858435,2026,1,regular,Indiana State,Purdue,away,canon,total_plays,46,45,-1,1,fumble_or_safety_swallows_scrimmage_type
401858435,2026,1,regular,Indiana State,Purdue,away,canon,total_yards,284,285.0,1.0,1.0,fumble_or_safety_swallows_scrimmage_type
401858435,2026,1,regular,Indiana State,Purdue,away,canon,pass_attempts,22,21,-1,1,fumble_or_safety_swallows_scrimmage_type
401858435,2026,1,regular,Indiana State,Purdue,away,canon,rush_yards,66,67.0,1.0,1.0,fumble_or_safety_swallows_scrimmage_type
401858435,2026,1,regular,Indiana State,Purdue,away,canon,third_down_attempts,12,11,-1,1,no_play_penalty
401858429,2026,1,regular,Toledo,Michigan State,away,canon,total_plays,41,40,-1,1,fumble_or_safety_swallows_scrimmage_type
401858429,2026,1,regular,Toledo,Michigan State,away,canon,pass_attempts,21,20,-1,1,fumble_or_safety_swallows_scrimmage_type
401858429,2026,1,regular,Toledo,Michigan State,away,canon,turnovers,1,0,-1,1,kneel_accounting
401858429,2026,1,regular,Toledo,Michigan State,away,canon,interceptions,1,0,-1,1,kneel_accounting
401858429,2026,1,regular,Toledo,Michigan State,away,canon,third_down_attempts,8,7,-1,1,kneel_accounting
401856664,2026,1,regular,Oklahoma,UTEP,home,canon,total_plays,58,59,1,1,fumble_or_safety_swallows_scrimmage_type
401856664,2026,1,regular,Oklahoma,UTEP,home,canon,total_yards,401,413.0,12.0,12.0,fumble_or_safety_swallows_scrimmage_type
401856664,2026,1,regular,Oklahoma,UTEP,home,canon,pass_attempts,19,20,1,1,fumble_or_safety_swallows_scrimmage_type
401856664,2026,1,regular,Oklahoma,UTEP,home,canon,completions,12,13,1,1,no_play_penalty
401856664,2026,1,regular,Oklahoma,UTEP,home,canon,net_pass_yards,231,243.0,12.0,12.0,fumble_or_safety_swallows_scrimmage_type
401856664,2026,1,regular,Oklahoma,UTEP,home,canon,turnovers,1,0,-1,1,no_play_penalty
401856664,2026,1,regular,Oklahoma,UTEP,home,canon,fumbles_lost,1,0,-1,1,no_play_penalty
401856664,2026,1,regular,UTEP,Oklahoma,away,canon,turnovers,2,3,1,1,no_play_penalty
401856664,2026,1,regular,UTEP,Oklahoma,away,canon,fumbles_lost,2,3,1,1,no_play_penalty
401856664,2026,1,regular,UTEP,Oklahoma,away,canon,third_down_attempts,13,12,-1,1,no_play_penalty
401856664,2026,1,regular,UTEP,Oklahoma,away,canon,fourth_down_attempts,2,3,1,1,no_play_penalty
401856769,2026,1,regular,Kansas,Long Island University,home,canon,turnovers,1,0,-1,1,no_play_penalty
401856769,2026,1,regular,Kansas,Long Island University,home,canon,fumbles_lost,1,0,-1,1,no_play_penalty
401856769,2026,1,regular,Long Island University,Kansas,away,canon,total_yards,146,155.0,9.0,9.0,fumble_or_safety_swallows_scrimmage_type
401856769,2026,1,regular,Long Island University,Kansas,away,canon,rush_yards,35,44.0,9.0,9.0,fumble_or_safety_swallows_scrimmage_type
401856769,2026,1,regular,Long Island University,Kansas,away,canon,third_down_attempts,13,12,-1,1,no_play_penalty
401858206,2026,1,regular,Stanford,Miami,home,canon,fourth_down_attempts,2,1,-1,1,kneel_accounting
401858206,2026,1,regular,Miami,Stanford,away,canon,turnovers,2,1,-1,1,kneel_accounting
401858206,2026,1,regular,Miami,Stanford,away,canon,fumbles_lost,1,0,-1,1,kneel_accounting
401858436,2026,1,regular,USC,Fresno State,home,canon,turnovers,2,0,-2,2,kneel_accounting
401858436,2026,1,regular,USC,Fresno State,home,canon,fumbles_lost,2,0,-2,2,kneel_accounting
401858436,2026,1,regular,Fresno State,USC,away,canon,total_plays,44,42,-2,2,fumble_or_safety_swallows_scrimmage_type
401858436,2026,1,regular,Fresno State,USC,away,canon,total_yards,116,133.0,17.0,17.0,fumble_or_safety_swallows_scrimmage_type
401858436,2026,1,regular,Fresno State,USC,away,canon,rush_attempts,29,27,-2,2,fumble_or_safety_swallows_scrimmage_type
401858436,2026,1,regular,Fresno State,USC,away,canon,rush_yards,39,56.0,17.0,17.0,fumble_or_safety_swallows_scrimmage_type
401858436,2026,1,regular,Fresno State,USC,away,canon,turnovers,2,1,-1,1,kneel_accounting
401858436,2026,1,regular,Fresno State,USC,away,canon,fumbles_lost,1,0,-1,1,kneel_accounting
401858436,2026,1,regular,Fresno State,USC,away,canon,third_down_attempts,10,8,-2,2,kneel_accounting
401856780,2026,1,regular,West Virginia,Coastal Carolina,home,canon,third_down_attempts,18,17,-1,1,kneel_accounting
401856780,2026,1,regular,Coastal Carolina,West Virginia,away,canon,turnovers,2,1,-1,1,kneel_accounting
401856780,2026,1,regular,Coastal Carolina,West Virginia,away,canon,fumbles_lost,2,1,-1,1,kneel_accounting
401858430,2026,1,regular,Nebraska,Ohio,home,canon,total_plays,74,73,-1,1,fumble_or_safety_swallows_scrimmage_type
401858430,2026,1,regular,Nebraska,Ohio,home,canon,total_yards,523,506.0,-17.0,17.0,fumble_or_safety_swallows_scrimmage_type
401858430,2026,1,regular,Nebraska,Ohio,home,canon,pass_attempts,32,31,-1,1,fumble_or_safety_swallows_scrimmage_type
401858430,2026,1,regular,Nebraska,Ohio,home,canon,completions,18,17,-1,1,no_play_penalty
401858430,2026,1,regular,Nebraska,Ohio,home,canon,net_pass_yards,275,258.0,-17.0,17.0,fumble_or_safety_swallows_scrimmage_type
401858430,2026,1,regular,Nebraska,Ohio,home,canon,third_down_attempts,14,15,1,1,no_play_penalty
401858430,2026,1,regular,Ohio,Nebraska,away,canon,total_plays,65,64,-1,1,fumble_or_safety_swallows_scrimmage_type
401858430,2026,1,regular,Ohio,Nebraska,away,canon,total_yards,303,304.0,1.0,1.0,fumble_or_safety_swallows_scrimmage_type
401858430,2026,1,regular,Ohio,Nebraska,away,canon,pass_attempts,32,31,-1,1,fumble_or_safety_swallows_scrimmage_type
401858430,2026,1,regular,Ohio,Nebraska,away,canon,rush_yards,139,140.0,1.0,1.0,fumble_or_safety_swallows_scrimmage_type
401858430,2026,1,regular,Ohio,Nebraska,away,canon,third_down_attempts,15,14,-1,1,no_play_penalty
401861962,2026,1,regular,UConn,Lafayette,home,canon,total_plays,73,70,-3,3,fumble_or_safety_swallows_scrimmage_type
401861962,2026,1,regular,UConn,Lafayette,home,canon,total_yards,671,670.0,-1.0,1.0,fumble_or_safety_swallows_scrimmage_type
401861962,2026,1,regular,UConn,Lafayette,home,canon,pass_attempts,33,30,-3,3,fumble_or_safety_swallows_scrimmage_type
401861962,2026,1,regular,UConn,Lafayette,home,canon,completions,25,24,-1,1,no_play_penalty
401861962,2026,1,regular,UConn,Lafayette,home,canon,net_pass_yards,370,369.0,-1.0,1.0,fumble_or_safety_swallows_scrimmage_type
401861962,2026,1,regular,UConn,Lafayette,home,canon,third_down_attempts,12,11,-1,1,no_play_penalty
401861962,2026,1,regular,UConn,Lafayette,home,canon,fourth_down_attempts,3,2,-1,1,no_play_penalty
401861962,2026,1,regular,Lafayette,UConn,away,canon,total_plays,72,71,-1,1,fumble_or_safety_swallows_scrimmage_type
401861962,2026,1,regular,Lafayette,UConn,away,canon,total_yards,209,204.0,-5.0,5.0,fumble_or_safety_swallows_scrimmage_type
401861962,2026,1,regular,Lafayette,UConn,away,canon,pass_attempts,42,41,-1,1,fumble_or_safety_swallows_scrimmage_type
401861962,2026,1,regular,Lafayette,UConn,away,canon,completions,21,20,-1,1,no_play_penalty
401861962,2026,1,regular,Lafayette,UConn,away,canon,net_pass_yards,145,140.0,-5.0,5.0,fumble_or_safety_swallows_scrimmage_type
401861962,2026,1,regular,Lafayette,UConn,away,canon,third_down_attempts,18,17,-1,1,no_play_penalty
401858208,2026,1,regular,Syracuse,New Hampshire,home,canon,total_yards,513,537.0,24.0,24.0,fumble_or_safety_swallows_scrimmage_type
401858208,2026,1,regular,Syracuse,New Hampshire,home,canon,rush_yards,238,262.0,24.0,24.0,fumble_or_safety_swallows_scrimmage_type
401858208,2026,1,regular,New Hampshire,Syracuse,away,canon,total_plays,60,58,-2,2,fumble_or_safety_swallows_scrimmage_type
401858208,2026,1,regular,New Hampshire,Syracuse,away,canon,total_yards,159,169.0,10.0,10.0,fumble_or_safety_swallows_scrimmage_type
401858208,2026,1,regular,New Hampshire,Syracuse,away,canon,pass_attempts,26,25,-1,1,fumble_or_safety_swallows_scrimmage_type
401858208,2026,1,regular,New Hampshire,Syracuse,away,canon,rush_attempts,34,33,-1,1,fumble_or_safety_swallows_scrimmage_type
401858208,2026,1,regular,New Hampshire,Syracuse,away,canon,rush_yards,60,70.0,10.0,10.0,fumble_or_safety_swallows_scrimmage_type
401858208,2026,1,regular,New Hampshire,Syracuse,away,canon,fourth_down_attempts,0,1,1,1,kneel_accounting
401856778,2026,1,regular,Houston,Oregon State,home,canon,total_plays,72,71,-1,1,fumble_or_safety_swallows_scrimmage_type
401856778,2026,1,regular,Houston,Oregon State,home,canon,pass_attempts,31,30,-1,1,fumble_or_safety_swallows_scrimmage_type
401856778,2026,1,regular,Houston,Oregon State,home,canon,turnovers,2,1,-1,1,no_play_penalty
401856778,2026,1,regular,Houston,Oregon State,home,canon,interceptions,1,0,-1,1,no_play_penalty
401862701,2026,1,regular,Bryant,Army,away,canon,third_down_attempts,14,13,-1,1,kneel_accounting
401862701,2026,1,regular,Bryant,Army,away,canon,third_down_conversions,3,2,-1,1,kneel_accounting
401869960,2026,1,regular,Liberty,James Madison,away,canon,total_plays,65,66,1,1,fumble_or_safety_swallows_scrimmage_type
401869960,2026,1,regular,Liberty,James Madison,away,canon,total_yards,321,310.0,-11.0,11.0,fumble_or_safety_swallows_scrimmage_type
401869960,2026,1,regular,Liberty,James Madison,away,canon,rush_attempts,38,39,1,1,fumble_or_safety_swallows_scrimmage_type
401869960,2026,1,regular,Liberty,James Madison,away,canon,rush_yards,91,80.0,-11.0,11.0,fumble_or_safety_swallows_scrimmage_type
401858425,2026,1,regular,North Texas,Indiana,away,canon,total_plays,67,66,-1,1,sack_accounting
401858425,2026,1,regular,North Texas,Indiana,away,canon,pass_attempts,29,28,-1,1,sack_accounting
401858425,2026,1,regular,North Texas,Indiana,away,canon,fourth_down_attempts,3,2,-1,1,no_play_penalty
401856634,2026,1,regular,Alabama,East Carolina,home,canon,total_plays,81,79,-2,2,sack_accounting
401856634,2026,1,regular,Alabama,East Carolina,home,canon,total_yards,487,472.0,-15.0,15.0,sack_accounting
401856634,2026,1,regular,Alabama,East Carolina,home,canon,pass_attempts,32,31,-1,1,sack_accounting
401856634,2026,1,regular,Alabama,East Carolina,home,canon,completions,19,18,-1,1,accepted_or_declined_penalty
401856634,2026,1,regular,Alabama,East Carolina,home,canon,net_pass_yards,260,248.0,-12.0,12.0,sack_accounting
401856634,2026,1,regular,Alabama,East Carolina,home,canon,rush_attempts,49,48,-1,1,sack_accounting
401856634,2026,1,regular,Alabama,East Carolina,home,canon,rush_yards,227,224.0,-3.0,3.0,sack_accounting
401856634,2026,1,regular,East Carolina,Alabama,away,canon,total_plays,41,40,-1,1,sack_accounting
401856634,2026,1,regular,East Carolina,Alabama,away,canon,pass_attempts,19,18,-1,1,sack_accounting
401866410,2026,1,regular,Bowling Green,Tarleton State,home,canon,total_plays,67,66,-1,1,fumble_or_safety_swallows_scrimmage_type
401866410,2026,1,regular,Bowling Green,Tarleton State,home,canon,total_yards,366,381.0,15.0,15.0,fumble_or_safety_swallows_scrimmage_type
401866410,2026,1,regular,Bowling Green,Tarleton State,home,canon,net_pass_yards,262,278.0,16.0,16.0,fumble_or_safety_swallows_scrimmage_type
401866410,2026,1,regular,Bowling Green,Tarleton State,home,canon,rush_attempts,37,36,-1,1,fumble_or_safety_swallows_scrimmage_type
401866410,2026,1,regular,Bowling Green,Tarleton State,home,canon,rush_yards,104,103.0,-1.0,1.0,fumble_or_safety_swallows_scrimmage_type
401866410,2026,1,regular,Bowling Green,Tarleton State,home,canon,turnovers,2,1,-1,1,no_play_penalty
401866410,2026,1,regular,Bowling Green,Tarleton State,home,canon,fumbles_lost,2,1,-1,1,no_play_penalty
401866410,2026,1,regular,Tarleton State,Bowling Green,away,canon,total_yards,464,457.0,-7.0,7.0,fumble_or_safety_swallows_scrimmage_type
401866410,2026,1,regular,Tarleton State,Bowling Green,away,canon,rush_yards,258,251.0,-7.0,7.0,fumble_or_safety_swallows_scrimmage_type
401866410,2026,1,regular,Tarleton State,Bowling Green,away,canon,turnovers,1,2,1,1,no_play_penalty
401866410,2026,1,regular,Tarleton State,Bowling Green,away,canon,fumbles_lost,1,2,1,1,no_play_penalty
401866410,2026,1,regular,Tarleton State,Bowling Green,away,canon,third_down_attempts,10,9,-1,1,no_play_penalty
401858432,2026,1,regular,Ball State,Ohio State,away,canon,total_plays,60,59,-1,1,sack_accounting
401858432,2026,1,regular,Ball State,Ohio State,away,canon,pass_attempts,37,36,-1,1,sack_accounting
401858432,2026,1,regular,Ball State,Ohio State,away,canon,turnovers,1,0,-1,1,kneel_accounting
401858432,2026,1,regular,Ball State,Ohio State,away,canon,interceptions,1,0,-1,1,kneel_accounting
401858432,2026,1,regular,Ball State,Ohio State,away,canon,third_down_attempts,14,13,-1,1,kneel_accounting
401858207,2026,1,regular,Pittsburgh,Miami (OH),home,canon,total_plays,75,76,1,1,fumble_or_safety_swallows_scrimmage_type
401858207,2026,1,regular,Pittsburgh,Miami (OH),home,canon,pass_attempts,44,45,1,1,fumble_or_safety_swallows_scrimmage_type
401858207,2026,1,regular,Pittsburgh,Miami (OH),home,canon,completions,34,35,1,1,no_play_penalty
401858207,2026,1,regular,Pittsburgh,Miami (OH),home,canon,third_down_attempts,10,11,1,1,no_play_penalty
401858207,2026,1,regular,Miami (OH),Pittsburgh,away,canon,total_yards,289,276.0,-13.0,13.0,fumble_or_safety_swallows_scrimmage_type
401858207,2026,1,regular,Miami (OH),Pittsburgh,away,canon,net_pass_yards,261,248.0,-13.0,13.0,fumble_or_safety_swallows_scrimmage_type
401858207,2026,1,regular,Miami (OH),Pittsburgh,away,canon,third_down_attempts,13,14,1,1,no_play_penalty
401858207,2026,1,regular,Miami (OH),Pittsburgh,away,canon,third_down_conversions,3,4,1,1,no_play_penalty
401856665,2026,1,regular,South Carolina,Kent State,home,canon,third_down_attempts,8,9,1,1,kneel_accounting
401856665,2026,1,regular,South Carolina,Kent State,home,canon,third_down_conversions,7,8,1,1,kneel_accounting
401864496,2026,1,regular,Duquesne,Air Force,away,canon,total_plays,43,42,-1,1,sack_accounting
401864496,2026,1,regular,Duquesne,Air Force,away,canon,pass_attempts,22,21,-1,1,sack_accounting
401864496,2026,1,regular,Duquesne,Air Force,away,canon,third_down_attempts,11,10,-1,1,no_play_penalty
401856659,2026,1,regular,Kentucky,Youngstown State,home,canon,total_plays,61,59,-2,2,fumble_or_safety_swallows_scrimmage_type
401856659,2026,1,regular,Kentucky,Youngstown State,home,canon,total_yards,506,502.0,-4.0,4.0,fumble_or_safety_swallows_scrimmage_type
401856659,2026,1,regular,Kentucky,Youngstown State,home,canon,pass_attempts,27,26,-1,1,fumble_or_safety_swallows_scrimmage_type
401856659,2026,1,regular,Kentucky,Youngstown State,home,canon,completions,18,17,-1,1,kneel_accounting
401856659,2026,1,regular,Kentucky,Youngstown State,home,canon,net_pass_yards,301,300.0,-1.0,1.0,fumble_or_safety_swallows_scrimmage_type
401856659,2026,1,regular,Kentucky,Youngstown State,home,canon,rush_attempts,34,33,-1,1,fumble_or_safety_swallows_scrimmage_type
401856659,2026,1,regular,Kentucky,Youngstown State,home,canon,rush_yards,205,202.0,-3.0,3.0,fumble_or_safety_swallows_scrimmage_type
401856659,2026,1,regular,Youngstown State,Kentucky,away,canon,turnovers,1,0,-1,1,kneel_accounting
401856659,2026,1,regular,Youngstown State,Kentucky,away,canon,fumbles_lost,1,0,-1,1,kneel_accounting
401856659,2026,1,regular,Youngstown State,Kentucky,away,canon,third_down_attempts,15,14,-1,1,kneel_accounting
401856779,2026,1,regular,Iowa State,Southeast Missouri State,home,canon,turnovers,1,0,-1,1,no_play_penalty
401856779,2026,1,regular,Iowa State,Southeast Missouri State,home,canon,fumbles_lost,1,0,-1,1,no_play_penalty
401856779,2026,1,regular,Southeast Missouri State,Iowa State,away,canon,total_yards,209,259.0,50.0,50.0,fumble_or_safety_swallows_scrimmage_type
401856779,2026,1,regular,Southeast Missouri State,Iowa State,away,canon,rush_yards,67,117.0,50.0,50.0,fumble_or_safety_swallows_scrimmage_type
401856779,2026,1,regular,Southeast Missouri State,Iowa State,away,canon,turnovers,3,2,-1,1,no_play_penalty
401856779,2026,1,regular,Southeast Missouri State,Iowa State,away,canon,fumbles_lost,2,1,-1,1,no_play_penalty
401856779,2026,1,regular,Southeast Missouri State,Iowa State,away,canon,third_down_attempts,16,15,-1,1,no_play_penalty
401862698,2026,1,regular,Temple,Rhode Island,home,canon,total_yards,369,368.0,-1.0,1.0,fumble_or_safety_swallows_scrimmage_type
401862698,2026,1,regular,Temple,Rhode Island,home,canon,rush_yards,227,226.0,-1.0,1.0,fumble_or_safety_swallows_scrimmage_type
401862698,2026,1,regular,Temple,Rhode Island,home,canon,turnovers,1,0,-1,1,kneel_accounting
401862698,2026,1,regular,Temple,Rhode Island,home,canon,fumbles_lost,1,0,-1,1,kneel_accounting
401862698,2026,1,regular,Temple,Rhode Island,home,canon,third_down_attempts,12,11,-1,1,kneel_accounting
401862698,2026,1,regular,Temple,Rhode Island,home,canon,fourth_down_conversions,2,1,-1,1,kneel_accounting
401862698,2026,1,regular,Rhode Island,Temple,away,canon,total_plays,61,59,-2,2,fumble_or_safety_swallows_scrimmage_type
401862698,2026,1,regular,Rhode Island,Temple,away,canon,pass_attempts,31,29,-2,2,fumble_or_safety_swallows_scrimmage_type
401856658,2026,1,regular,Georgia,Tennessee State,home,canon,total_plays,60,58,-2,2,sack_accounting
401856658,2026,1,regular,Georgia,Tennessee State,home,canon,total_yards,660,582.0,-78.0,78.0,sack_accounting
401856658,2026,1,regular,Georgia,Tennessee State,home,canon,pass_attempts,33,31,-2,2,sack_accounting
401856658,2026,1,regular,Georgia,Tennessee State,home,canon,completions,25,23,-2,2,kneel_accounting
401856658,2026,1,regular,Georgia,Tennessee State,home,canon,net_pass_yards,388,310.0,-78.0,78.0,sack_accounting
401856658,2026,1,regular,Tennessee State,Georgia,away,canon,total_plays,58,57,-1,1,sack_accounting
401856658,2026,1,regular,Tennessee State,Georgia,away,canon,total_yards,109,119.0,10.0,10.0,sack_accounting
401856658,2026,1,regular,Tennessee State,Georgia,away,canon,rush_attempts,32,31,-1,1,sack_accounting
401856658,2026,1,regular,Tennessee State,Georgia,away,canon,rush_yards,10,20.0,10.0,10.0,sack_accounting
401856658,2026,1,regular,Tennessee State,Georgia,away,canon,third_down_attempts,17,16,-1,1,kneel_accounting
401856636,2026,1,regular,Auburn,Baylor,home,canon,total_plays,76,72,-4,4,fumble_or_safety_swallows_scrimmage_type
401856636,2026,1,regular,Auburn,Baylor,home,canon,total_yards,389,371.0,-18.0,18.0,fumble_or_safety_swallows_scrimmage_type
401856636,2026,1,regular,Auburn,Baylor,home,canon,pass_attempts,35,31,-4,4,fumble_or_safety_swallows_scrimmage_type
401856636,2026,1,regular,Auburn,Baylor,home,canon,completions,26,25,-1,1,no_play_penalty
401856636,2026,1,regular,Auburn,Baylor,home,canon,net_pass_yards,259,241.0,-18.0,18.0,fumble_or_safety_swallows_scrimmage_type
401856636,2026,1,regular,Auburn,Baylor,home,canon,turnovers,3,1,-2,2,no_play_penalty
401856636,2026,1,regular,Auburn,Baylor,home,canon,interceptions,3,1,-2,2,no_play_penalty
401856636,2026,1,regular,Auburn,Baylor,home,canon,third_down_attempts,18,17,-1,1,no_play_penalty
401856636,2026,1,regular,Baylor,Auburn,away,canon,total_plays,99,97,-2,2,fumble_or_safety_swallows_scrimmage_type
401856636,2026,1,regular,Baylor,Auburn,away,canon,total_yards,436,438.0,2.0,2.0,fumble_or_safety_swallows_scrimmage_type
401856636,2026,1,regular,Baylor,Auburn,away,canon,pass_attempts,54,53,-1,1,fumble_or_safety_swallows_scrimmage_type
401856636,2026,1,regular,Baylor,Auburn,away,canon,rush_attempts,45,44,-1,1,fumble_or_safety_swallows_scrimmage_type
401856636,2026,1,regular,Baylor,Auburn,away,canon,rush_yards,103,105.0,2.0,2.0,fumble_or_safety_swallows_scrimmage_type
401856636,2026,1,regular,Baylor,Auburn,away,canon,turnovers,2,3,1,1,no_play_penalty
401856636,2026,1,regular,Baylor,Auburn,away,canon,interceptions,1,2,1,1,no_play_penalty
401856636,2026,1,regular,Baylor,Auburn,away,canon,third_down_attempts,22,20,-2,2,no_play_penalty
401856777,2026,1,regular,Cincinnati,Boston College,home,canon,third_down_attempts,12,11,-1,1,kneel_accounting
401856777,2026,1,regular,Cincinnati,Boston College,home,canon,third_down_conversions,5,4,-1,1,kneel_accounting
401856777,2026,1,regular,Boston College,Cincinnati,away,canon,total_plays,73,72,-1,1,fumble_or_safety_swallows_scrimmage_type
401856777,2026,1,regular,Boston College,Cincinnati,away,canon,total_yards,388,385.0,-3.0,3.0,fumble_or_safety_swallows_scrimmage_type
401856777,2026,1,regular,Boston College,Cincinnati,away,canon,rush_attempts,38,37,-1,1,fumble_or_safety_swallows_scrimmage_type
401856777,2026,1,regular,Boston College,Cincinnati,away,canon,rush_yards,165,162.0,-3.0,3.0,fumble_or_safety_swallows_scrimmage_type
401856777,2026,1,regular,Boston College,Cincinnati,away,canon,turnovers,2,1,-1,1,kneel_accounting
401856777,2026,1,regular,Boston College,Cincinnati,away,canon,fumbles_lost,1,0,-1,1,kneel_accounting
401858433,2026,1,regular,Oregon,Boise State,home,canon,total_plays,63,64,1,1,sack_accounting
401858433,2026,1,regular,Oregon,Boise State,home,canon,total_yards,497,506.0,9.0,9.0,sack_accounting
401858433,2026,1,regular,Oregon,Boise State,home,canon,pass_attempts,38,39,1,1,sack_accounting
401858433,2026,1,regular,Oregon,Boise State,home,canon,completions,28,29,1,1,kneel_accounting
401858433,2026,1,regular,Oregon,Boise State,home,canon,net_pass_yards,378,387.0,9.0,9.0,sack_accounting
401858433,2026,1,regular,Oregon,Boise State,home,canon,turnovers,1,0,-1,1,kneel_accounting
401858433,2026,1,regular,Oregon,Boise State,home,canon,fumbles_lost,1,0,-1,1,kneel_accounting
401858433,2026,1,regular,Boise State,Oregon,away,canon,total_plays,65,66,1,1,sack_accounting
401858433,2026,1,regular,Boise State,Oregon,away,canon,total_yards,274,276.0,2.0,2.0,sack_accounting
401858433,2026,1,regular,Boise State,Oregon,away,canon,rush_attempts,36,37,1,1,sack_accounting
401858433,2026,1,regular,Boise State,Oregon,away,canon,rush_yards,93,95.0,2.0,2.0,sack_accounting
401866627,2026,1,regular,App State,Maine,home,canon,total_plays,72,71,-1,1,fumble_or_safety_swallows_scrimmage_type
401866627,2026,1,regular,App State,Maine,home,canon,total_yards,647,645.0,-2.0,2.0,fumble_or_safety_swallows_scrimmage_type
401866627,2026,1,regular,App State,Maine,home,canon,rush_attempts,39,38,-1,1,fumble_or_safety_swallows_scrimmage_type
401866627,2026,1,regular,App State,Maine,home,canon,rush_yards,299,297.0,-2.0,2.0,fumble_or_safety_swallows_scrimmage_type
401866627,2026,1,regular,App State,Maine,home,canon,turnovers,1,0,-1,1,no_play_penalty
401866627,2026,1,regular,App State,Maine,home,canon,fumbles_lost,1,0,-1,1,no_play_penalty
401866627,2026,1,regular,Maine,App State,away,canon,total_plays,60,59,-1,1,fumble_or_safety_swallows_scrimmage_type
401866627,2026,1,regular,Maine,App State,away,canon,pass_attempts,32,31,-1,1,fumble_or_safety_swallows_scrimmage_type
401862700,2026,1,regular,UT Rio Grande Valley,UTSA,away,canon,total_plays,81,80,-1,1,fumble_or_safety_swallows_scrimmage_type
401862700,2026,1,regular,UT Rio Grande Valley,UTSA,away,canon,total_yards,422,448.0,26.0,26.0,fumble_or_safety_swallows_scrimmage_type
401862700,2026,1,regular,UT Rio Grande Valley,UTSA,away,canon,pass_attempts,47,46,-1,1,fumble_or_safety_swallows_scrimmage_type
401862700,2026,1,regular,UT Rio Grande Valley,UTSA,away,canon,net_pass_yards,245,271.0,26.0,26.0,fumble_or_safety_swallows_scrimmage_type
401862700,2026,1,regular,UT Rio Grande Valley,UTSA,away,canon,fourth_down_attempts,3,2,-1,1,kneel_accounting
401864499,2026,1,regular,North Dakota State,Fordham,home,canon,total_plays,69,67,-2,2,fumble_or_safety_swallows_scrimmage_type
401864499,2026,1,regular,North Dakota State,Fordham,home,canon,total_yards,373,364.0,-9.0,9.0,fumble_or_safety_swallows_scrimmage_type
401864499,2026,1,regular,North Dakota State,Fordham,home,canon,rush_attempts,43,41,-2,2,fumble_or_safety_swallows_scrimmage_type
401864499,2026,1,regular,North Dakota State,Fordham,home,canon,rush_yards,128,119.0,-9.0,9.0,fumble_or_safety_swallows_scrimmage_type
401864499,2026,1,regular,Fordham,North Dakota State,away,canon,total_plays,48,45,-3,3,fumble_or_safety_swallows_scrimmage_type
401864499,2026,1,regular,Fordham,North Dakota State,away,canon,pass_attempts,22,19,-3,3,fumble_or_safety_swallows_scrimmage_type
401864499,2026,1,regular,Fordham,North Dakota State,away,canon,turnovers,4,2,-2,2,kneel_accounting
401864499,2026,1,regular,Fordham,North Dakota State,away,canon,interceptions,3,2,-1,1,kneel_accounting
401864499,2026,1,regular,Fordham,North Dakota State,away,canon,fumbles_lost,1,0,-1,1,kneel_accounting
401864499,2026,1,regular,Fordham,North Dakota State,away,canon,third_down_attempts,12,9,-3,3,kneel_accounting
401858209,2026,1,regular,Duke,Tulane,home,canon,total_plays,77,76,-1,1,fumble_or_safety_swallows_scrimmage_type
401858209,2026,1,regular,Duke,Tulane,home,canon,total_yards,381,378.0,-3.0,3.0,fumble_or_safety_swallows_scrimmage_type
401858209,2026,1,regular,Duke,Tulane,home,canon,pass_attempts,28,27,-1,1,fumble_or_safety_swallows_scrimmage_type
401858209,2026,1,regular,Duke,Tulane,home,canon,completions,13,12,-1,1,kneel_accounting
401858209,2026,1,regular,Duke,Tulane,home,canon,net_pass_yards,131,128.0,-3.0,3.0,fumble_or_safety_swallows_scrimmage_type
401858209,2026,1,regular,Duke,Tulane,home,canon,turnovers,1,0,-1,1,kneel_accounting
401858209,2026,1,regular,Duke,Tulane,home,canon,fumbles_lost,1,0,-1,1,kneel_accounting
401858209,2026,1,regular,Duke,Tulane,home,canon,third_down_attempts,18,17,-1,1,kneel_accounting
401858209,2026,1,regular,Tulane,Duke,away,canon,total_plays,56,54,-2,2,fumble_or_safety_swallows_scrimmage_type
401858209,2026,1,regular,Tulane,Duke,away,canon,total_yards,258,259.0,1.0,1.0,fumble_or_safety_swallows_scrimmage_type
401858209,2026,1,regular,Tulane,Duke,away,canon,rush_attempts,26,24,-2,2,fumble_or_safety_swallows_scrimmage_type
401858209,2026,1,regular,Tulane,Duke,away,canon,rush_yards,54,55.0,1.0,1.0,fumble_or_safety_swallows_scrimmage_type
401858434,2026,1,regular,Penn State,Marshall,home,canon,total_yards,487,539.0,52.0,52.0,fumble_or_safety_swallows_scrimmage_type
401858434,2026,1,regular,Penn State,Marshall,home,canon,net_pass_yards,324,376.0,52.0,52.0,fumble_or_safety_swallows_scrimmage_type
401858434,2026,1,regular,Penn State,Marshall,home,canon,turnovers,0,1,1,1,no_play_penalty
401858434,2026,1,regular,Penn State,Marshall,home,canon,fumbles_lost,0,1,1,1,no_play_penalty
401858434,2026,1,regular,Marshall,Penn State,away,canon,total_yards,147,155.0,8.0,8.0,fumble_or_safety_swallows_scrimmage_type
401858434,2026,1,regular,Marshall,Penn State,away,canon,rush_yards,44,52.0,8.0,8.0,fumble_or_safety_swallows_scrimmage_type
401858434,2026,1,regular,Marshall,Penn State,away,canon,turnovers,2,1,-1,1,no_play_penalty
401858434,2026,1,regular,Marshall,Penn State,away,canon,fumbles_lost,1,0,-1,1,no_play_penalty
401858434,2026,1,regular,Marshall,Penn State,away,canon,third_down_conversions,1,2,1,1,no_play_penalty
401856667,2026,1,regular,Texas State,Texas,away,canon,total_plays,70,69,-1,1,fumble_or_safety_swallows_scrimmage_type
401856667,2026,1,regular,Texas State,Texas,away,canon,total_yards,349,409.0,60.0,60.0,fumble_or_safety_swallows_scrimmage_type
401856667,2026,1,regular,Texas State,Texas,away,canon,pass_attempts,29,28,-1,1,fumble_or_safety_swallows_scrimmage_type
401856667,2026,1,regular,Texas State,Texas,away,canon,rush_yards,161,221.0,60.0,60.0,fumble_or_safety_swallows_scrimmage_type
401856667,2026,1,regular,Texas State,Texas,away,canon,turnovers,3,2,-1,1,no_play_penalty
401856667,2026,1,regular,Texas State,Texas,away,canon,fumbles_lost,2,1,-1,1,no_play_penalty
401862694,2026,1,regular,Charlotte,The Citadel,home,canon,total_plays,74,71,-3,3,sack_accounting
401862694,2026,1,regular,Charlotte,The Citadel,home,canon,total_yards,538,532.0,-6.0,6.0,sack_accounting
401862694,2026,1,regular,Charlotte,The Citadel,home,canon,pass_attempts,41,38,-3,3,sack_accounting
401862694,2026,1,regular,Charlotte,The Citadel,home,canon,completions,28,27,-1,1,two_point_attempt
401862694,2026,1,regular,Charlotte,The Citadel,home,canon,net_pass_yards,322,316.0,-6.0,6.0,sack_accounting
401862694,2026,1,regular,Charlotte,The Citadel,home,canon,turnovers,2,1,-1,1,two_point_attempt
401862694,2026,1,regular,Charlotte,The Citadel,home,canon,interceptions,2,1,-1,1,two_point_attempt
401856666,2026,1,regular,Tennessee,Furman,home,canon,turnovers,2,0,-2,2,kneel_accounting
401856666,2026,1,regular,Tennessee,Furman,home,canon,fumbles_lost,2,0,-2,2,kneel_accounting
401856666,2026,1,regular,Tennessee,Furman,home,canon,third_down_attempts,11,10,-1,1,kneel_accounting
401856666,2026,1,regular,Furman,Tennessee,away,canon,total_yards,221,228.0,7.0,7.0,fumble_or_safety_swallows_scrimmage_type
401856666,2026,1,regular,Furman,Tennessee,away,canon,net_pass_yards,43,50.0,7.0,7.0,fumble_or_safety_swallows_scrimmage_type
401856666,2026,1,regular,Furman,Tennessee,away,canon,turnovers,0,1,1,1,kneel_accounting
401856666,2026,1,regular,Furman,Tennessee,away,canon,fumbles_lost,0,1,1,1,kneel_accounting
401856666,2026,1,regular,Furman,Tennessee,away,canon,third_down_attempts,15,14,-1,1,kneel_accounting
401856772,2026,1,regular,Tulsa,Oklahoma State,home,canon,turnovers,1,0,-1,1,kneel_accounting
401856772,2026,1,regular,Tulsa,Oklahoma State,home,canon,interceptions,1,0,-1,1,kneel_accounting
401856772,2026,1,regular,Oklahoma State,Tulsa,away,canon,total_plays,86,85,-1,1,fumble_or_safety_swallows_scrimmage_type
401856772,2026,1,regular,Oklahoma State,Tulsa,away,canon,pass_attempts,49,48,-1,1,fumble_or_safety_swallows_scrimmage_type
401856772,2026,1,regular,Oklahoma State,Tulsa,away,canon,turnovers,4,2,-2,2,kneel_accounting
401856772,2026,1,regular,Oklahoma State,Tulsa,away,canon,interceptions,2,1,-1,1,kneel_accounting
401856772,2026,1,regular,Oklahoma State,Tulsa,away,canon,fumbles_lost,2,1,-1,1,kneel_accounting
401856772,2026,1,regular,Oklahoma State,Tulsa,away,canon,third_down_attempts,16,14,-2,2,kneel_accounting
401856772,2026,1,regular,Oklahoma State,Tulsa,away,canon,fourth_down_attempts,6,5,-1,1,kneel_accounting
401858426,2026,1,regular,Northern Illinois,Iowa,away,canon,total_plays,55,54,-1,1,fumble_or_safety_swallows_scrimmage_type
401858426,2026,1,regular,Northern Illinois,Iowa,away,canon,pass_attempts,24,23,-1,1,fumble_or_safety_swallows_scrimmage_type
401858426,2026,1,regular,Northern Illinois,Iowa,away,canon,third_down_attempts,15,14,-1,1,kneel_accounting
401856635,2026,1,regular,Arkansas,North Alabama,home,canon,total_plays,84,83,-1,1,fumble_or_safety_swallows_scrimmage_type
401856635,2026,1,regular,Arkansas,North Alabama,home,canon,total_yards,415,407.0,-8.0,8.0,fumble_or_safety_swallows_scrimmage_type
401856635,2026,1,regular,Arkansas,North Alabama,home,canon,rush_attempts,49,48,-1,1,fumble_or_safety_swallows_scrimmage_type
401856635,2026,1,regular,Arkansas,North Alabama,home,canon,rush_yards,148,140.0,-8.0,8.0,fumble_or_safety_swallows_scrimmage_type
401856635,2026,1,regular,Arkansas,North Alabama,home,canon,turnovers,3,2,-1,1,kneel_accounting
401856635,2026,1,regular,Arkansas,North Alabama,home,canon,fumbles_lost,2,1,-1,1,kneel_accounting
401856635,2026,1,regular,North Alabama,Arkansas,away,canon,total_plays,44,43,-1,1,fumble_or_safety_swallows_scrimmage_type
401856635,2026,1,regular,North Alabama,Arkansas,away,canon,pass_attempts,24,23,-1,1,fumble_or_safety_swallows_scrimmage_type
401856635,2026,1,regular,North Alabama,Arkansas,away,canon,completions,12,11,-1,1,kneel_accounting
401856635,2026,1,regular,North Alabama,Arkansas,away,canon,turnovers,1,0,-1,1,kneel_accounting
401856635,2026,1,regular,North Alabama,Arkansas,away,canon,fumbles_lost,1,0,-1,1,kneel_accounting
401868356,2026,1,regular,Southern Miss,Alcorn State,home,canon,total_plays,84,83,-1,1,fumble_or_safety_swallows_scrimmage_type
401868356,2026,1,regular,Southern Miss,Alcorn State,home,canon,pass_attempts,27,26,-1,1,fumble_or_safety_swallows_scrimmage_type
401868356,2026,1,regular,Southern Miss,Alcorn State,home,canon,third_down_attempts,12,10,-2,2,kneel_accounting
401868356,2026,1,regular,Southern Miss,Alcorn State,home,canon,third_down_conversions,5,4,-1,1,kneel_accounting
401868356,2026,1,regular,Alcorn State,Southern Miss,away,canon,pass_attempts,23,22,-1,1,fumble_or_safety_swallows_scrimmage_type
401868356,2026,1,regular,Alcorn State,Southern Miss,away,canon,rush_attempts,35,36,1,1,fumble_or_safety_swallows_scrimmage_type
401868356,2026,1,regular,Alcorn State,Southern Miss,away,canon,turnovers,5,4,-1,1,kneel_accounting
401868356,2026,1,regular,Alcorn State,Southern Miss,away,canon,interceptions,4,3,-1,1,kneel_accounting
401867973,2026,1,regular,Old Dominion,Norfolk State,home,canon,total_plays,55,54,-1,1,fumble_or_safety_swallows_scrimmage_type
401867973,2026,1,regular,Old Dominion,Norfolk State,home,canon,pass_attempts,13,12,-1,1,fumble_or_safety_swallows_scrimmage_type
401867973,2026,1,regular,Norfolk State,Old Dominion,away,canon,total_plays,60,59,-1,1,fumble_or_safety_swallows_scrimmage_type
401867973,2026,1,regular,Norfolk State,Old Dominion,away,canon,total_yards,220,249.0,29.0,29.0,fumble_or_safety_swallows_scrimmage_type
401867973,2026,1,regular,Norfolk State,Old Dominion,away,canon,pass_attempts,20,19,-1,1,fumble_or_safety_swallows_scrimmage_type
401867973,2026,1,regular,Norfolk State,Old Dominion,away,canon,rush_yards,126,155.0,29.0,29.0,fumble_or_safety_swallows_scrimmage_type
401867973,2026,1,regular,Norfolk State,Old Dominion,away,canon,turnovers,3,1,-2,2,kneel_accounting
401867973,2026,1,regular,Norfolk State,Old Dominion,away,canon,fumbles_lost,2,0,-2,2,kneel_accounting
401867973,2026,1,regular,Norfolk State,Old Dominion,away,canon,third_down_attempts,15,13,-2,2,kneel_accounting
401867973,2026,1,regular,Norfolk State,Old Dominion,away,canon,fourth_down_attempts,3,2,-1,1,kneel_accounting
401860878,2026,1,regular,Wyoming,Colorado State,away,canon,total_plays,53,51,-2,2,fumble_or_safety_swallows_scrimmage_type
401860878,2026,1,regular,Wyoming,Colorado State,away,canon,total_yards,273,284.0,11.0,11.0,fumble_or_safety_swallows_scrimmage_type
401860878,2026,1,regular,Wyoming,Colorado State,away,canon,pass_attempts,19,17,-2,2,fumble_or_safety_swallows_scrimmage_type
401860878,2026,1,regular,Wyoming,Colorado State,away,canon,rush_yards,143,154.0,11.0,11.0,fumble_or_safety_swallows_scrimmage_type
401860878,2026,1,regular,Wyoming,Colorado State,away,canon,turnovers,4,2,-2,2,kneel_accounting
401860878,2026,1,regular,Wyoming,Colorado State,away,canon,interceptions,3,2,-1,1,kneel_accounting
401860878,2026,1,regular,Wyoming,Colorado State,away,canon,fumbles_lost,1,0,-1,1,kneel_accounting
401860878,2026,1,regular,Wyoming,Colorado State,away,canon,third_down_attempts,8,7,-1,1,kneel_accounting
401860878,2026,1,regular,Wyoming,Colorado State,away,canon,fourth_down_attempts,1,0,-1,1,kneel_accounting
401868170,2026,1,regular,Georgia Southern,Charleston Southern,home,canon,points,31,32,1,1,no_play_penalty
401868170,2026,1,regular,Georgia Southern,Charleston Southern,home,canon,total_plays,77,79,2,2,fumble_or_safety_swallows_scrimmage_type
401868170,2026,1,regular,Georgia Southern,Charleston Southern,home,canon,total_yards,513,519.0,6.0,6.0,fumble_or_safety_swallows_scrimmage_type
401868170,2026,1,regular,Georgia Southern,Charleston Southern,home,canon,rush_attempts,30,32,2,2,fumble_or_safety_swallows_scrimmage_type
401868170,2026,1,regular,Georgia Southern,Charleston Southern,home,canon,rush_yards,162,168.0,6.0,6.0,fumble_or_safety_swallows_scrimmage_type
401868170,2026,1,regular,Georgia Southern,Charleston Southern,home,canon,turnovers,1,0,-1,1,no_play_penalty
401868170,2026,1,regular,Georgia Southern,Charleston Southern,home,canon,fumbles_lost,1,0,-1,1,no_play_penalty
401868170,2026,1,regular,Georgia Southern,Charleston Southern,home,canon,third_down_attempts,13,15,2,2,no_play_penalty
401868170,2026,1,regular,Georgia Southern,Charleston Southern,home,canon,third_down_conversions,5,6,1,1,no_play_penalty
401868170,2026,1,regular,Charleston Southern,Georgia Southern,away,canon,total_yards,117,118.0,1.0,1.0,fumble_or_safety_swallows_scrimmage_type
401868170,2026,1,regular,Charleston Southern,Georgia Southern,away,canon,rush_yards,8,9.0,1.0,1.0,fumble_or_safety_swallows_scrimmage_type
401868170,2026,1,regular,Charleston Southern,Georgia Southern,away,canon,turnovers,2,0,-2,2,no_play_penalty
401868170,2026,1,regular,Charleston Southern,Georgia Southern,away,canon,interceptions,1,0,-1,1,no_play_penalty
401868170,2026,1,regular,Charleston Southern,Georgia Southern,away,canon,fumbles_lost,1,0,-1,1,no_play_penalty
401868170,2026,1,regular,Charleston Southern,Georgia Southern,away,canon,third_down_attempts,18,17,-1,1,no_play_penalty
401868140,2026,1,regular,Jacksonville State,Eastern Kentucky,home,canon,turnovers,1,0,-1,1,no_play_penalty
401868140,2026,1,regular,Jacksonville State,Eastern Kentucky,home,canon,interceptions,1,0,-1,1,no_play_penalty
401868140,2026,1,regular,Jacksonville State,Eastern Kentucky,home,canon,third_down_attempts,11,12,1,1,no_play_penalty
401868140,2026,1,regular,Eastern Kentucky,Jacksonville State,away,canon,total_plays,57,55,-2,2,fumble_or_safety_swallows_scrimmage_type
401868140,2026,1,regular,Eastern Kentucky,Jacksonville State,away,canon,pass_attempts,19,17,-2,2,fumble_or_safety_swallows_scrimmage_type
401868140,2026,1,regular,Eastern Kentucky,Jacksonville State,away,canon,third_down_attempts,11,10,-1,1,no_play_penalty
401856771,2026,1,regular,Nicholls,Kansas State,away,canon,total_yards,122,134.0,12.0,12.0,fumble_or_safety_swallows_scrimmage_type
401856771,2026,1,regular,Nicholls,Kansas State,away,canon,rush_yards,92,104.0,12.0,12.0,fumble_or_safety_swallows_scrimmage_type
401856771,2026,1,regular,Nicholls,Kansas State,away,canon,turnovers,1,0,-1,1,no_play_penalty
401856771,2026,1,regular,Nicholls,Kansas State,away,canon,fumbles_lost,1,0,-1,1,no_play_penalty
401856770,2026,1,regular,Abilene Christian,Texas Tech,away,canon,total_plays,61,60,-1,1,fumble_or_safety_swallows_scrimmage_type
401856770,2026,1,regular,Abilene Christian,Texas Tech,away,canon,pass_attempts,32,31,-1,1,fumble_or_safety_swallows_scrimmage_type
401856770,2026,1,regular,Abilene Christian,Texas Tech,away,canon,turnovers,1,0,-1,1,no_play_penalty
401856770,2026,1,regular,Abilene Christian,Texas Tech,away,canon,interceptions,1,0,-1,1,no_play_penalty
401862699,2026,1,regular,Florida International,South Florida,away,canon,total_plays,75,73,-2,2,fumble_or_safety_swallows_scrimmage_type
401862699,2026,1,regular,Florida International,South Florida,away,canon,pass_attempts,50,48,-2,2,fumble_or_safety_swallows_scrimmage_type
401862699,2026,1,regular,Florida International,South Florida,away,canon,turnovers,3,2,-1,1,no_play_penalty
401862699,2026,1,regular,Florida International,South Florida,away,canon,fumbles_lost,1,0,-1,1,no_play_penalty
401862699,2026,1,regular,Florida International,South Florida,away,canon,third_down_attempts,17,16,-1,1,no_play_penalty
401862699,2026,1,regular,Florida International,South Florida,away,canon,fourth_down_attempts,7,5,-2,2,no_play_penalty
401856668,2026,1,regular,Texas A&M,Missouri State,home,canon,turnovers,1,0,-1,1,no_play_penalty
401856668,2026,1,regular,Texas A&M,Missouri State,home,canon,fumbles_lost,1,0,-1,1,no_play_penalty
401856668,2026,1,regular,Texas A&M,Missouri State,home,canon,third_down_attempts,14,13,-1,1,no_play_penalty
401856668,2026,1,regular,Missouri State,Texas A&M,away,canon,total_yards,67,74.0,7.0,7.0,fumble_or_safety_swallows_scrimmage_type
401856668,2026,1,regular,Missouri State,Texas A&M,away,canon,rush_yards,37,44.0,7.0,7.0,fumble_or_safety_swallows_scrimmage_type
401856668,2026,1,regular,Missouri State,Texas A&M,away,canon,turnovers,3,1,-2,2,no_play_penalty
401856668,2026,1,regular,Missouri State,Texas A&M,away,canon,fumbles_lost,3,1,-2,2,no_play_penalty
401856668,2026,1,regular,Missouri State,Texas A&M,away,canon,third_down_attempts,10,11,1,1,no_play_penalty
401856668,2026,1,regular,Missouri State,Texas A&M,away,canon,third_down_conversions,1,2,1,1,no_play_penalty
401862695,2026,1,regular,Memphis,Arkansas State,home,canon,total_plays,63,62,-1,1,sack_accounting
401862695,2026,1,regular,Memphis,Arkansas State,home,canon,pass_attempts,15,14,-1,1,sack_accounting
401862695,2026,1,regular,Arkansas State,Memphis,away,canon,total_plays,59,56,-3,3,sack_accounting
401862695,2026,1,regular,Arkansas State,Memphis,away,canon,pass_attempts,30,27,-3,3,sack_accounting
401862695,2026,1,regular,Arkansas State,Memphis,away,canon,turnovers,4,3,-1,1,kneel_accounting
401862695,2026,1,regular,Arkansas State,Memphis,away,canon,interceptions,4,3,-1,1,kneel_accounting
401862695,2026,1,regular,Arkansas State,Memphis,away,canon,third_down_attempts,10,9,-1,1,kneel_accounting
401868316,2026,1,regular,South Alabama,SE Louisiana,home,canon,total_plays,86,85,-1,1,fumble_or_safety_swallows_scrimmage_type
401868316,2026,1,regular,South Alabama,SE Louisiana,home,canon,total_yards,395,405.0,10.0,10.0,fumble_or_safety_swallows_scrimmage_type
401868316,2026,1,regular,South Alabama,SE Louisiana,home,canon,rush_attempts,59,58,-1,1,fumble_or_safety_swallows_scrimmage_type
401868316,2026,1,regular,South Alabama,SE Louisiana,home,canon,rush_yards,241,251.0,10.0,10.0,fumble_or_safety_swallows_scrimmage_type
401868316,2026,1,regular,South Alabama,SE Louisiana,home,canon,third_down_attempts,17,16,-1,1,no_play_penalty
401868316,2026,1,regular,South Alabama,SE Louisiana,home,canon,third_down_conversions,7,8,1,1,no_play_penalty
401868316,2026,1,regular,SE Louisiana,South Alabama,away,canon,total_plays,37,36,-1,1,fumble_or_safety_swallows_scrimmage_type
401868316,2026,1,regular,SE Louisiana,South Alabama,away,canon,pass_attempts,20,19,-1,1,fumble_or_safety_swallows_scrimmage_type
401868316,2026,1,regular,SE Louisiana,South Alabama,away,canon,turnovers,2,0,-2,2,no_play_penalty
401868316,2026,1,regular,SE Louisiana,South Alabama,away,canon,interceptions,2,0,-2,2,no_play_penalty
401870763,2026,1,regular,Troy,Sam Houston,home,canon,total_yards,342,343.0,1.0,1.0,fumble_or_safety_swallows_scrimmage_type
401870763,2026,1,regular,Troy,Sam Houston,home,canon,rush_yards,177,178.0,1.0,1.0,fumble_or_safety_swallows_scrimmage_type
401870763,2026,1,regular,Troy,Sam Houston,home,canon,turnovers,0,1,1,1,kneel_accounting
401870763,2026,1,regular,Troy,Sam Houston,home,canon,interceptions,0,1,1,1,kneel_accounting
401870763,2026,1,regular,Sam Houston,Troy,away,canon,total_plays,70,69,-1,1,fumble_or_safety_swallows_scrimmage_type
401870763,2026,1,regular,Sam Houston,Troy,away,canon,pass_attempts,46,45,-1,1,fumble_or_safety_swallows_scrimmage_type
401870763,2026,1,regular,Sam Houston,Troy,away,canon,turnovers,1,0,-1,1,kneel_accounting
401870763,2026,1,regular,Sam Houston,Troy,away,canon,interceptions,1,0,-1,1,kneel_accounting
401862697,2026,1,regular,Houston Christian,Rice,away,canon,total_plays,58,57,-1,1,fumble_or_safety_swallows_scrimmage_type
401862697,2026,1,regular,Houston Christian,Rice,away,canon,total_yards,244,252.0,8.0,8.0,fumble_or_safety_swallows_scrimmage_type
401862697,2026,1,regular,Houston Christian,Rice,away,canon,pass_attempts,23,22,-1,1,fumble_or_safety_swallows_scrimmage_type
401862697,2026,1,regular,Houston Christian,Rice,away,canon,rush_yards,148,156.0,8.0,8.0,fumble_or_safety_swallows_scrimmage_type
401862697,2026,1,regular,Houston Christian,Rice,away,canon,fourth_down_attempts,4,3,-1,1,no_play_penalty
401860880,2026,1,regular,Utah State,Idaho State,home,canon,total_plays,88,86,-2,2,fumble_or_safety_swallows_scrimmage_type
401860880,2026,1,regular,Utah State,Idaho State,home,canon,total_yards,407,435.0,28.0,28.0,fumble_or_safety_swallows_scrimmage_type
401860880,2026,1,regular,Utah State,Idaho State,home,canon,pass_attempts,44,41,-3,3,fumble_or_safety_swallows_scrimmage_type
401860880,2026,1,regular,Utah State,Idaho State,home,canon,rush_attempts,44,45,1,1,fumble_or_safety_swallows_scrimmage_type
401860880,2026,1,regular,Utah State,Idaho State,home,canon,rush_yards,162,190.0,28.0,28.0,fumble_or_safety_swallows_scrimmage_type
401860880,2026,1,regular,Utah State,Idaho State,home,canon,turnovers,4,2,-2,2,kneel_accounting
401860880,2026,1,regular,Utah State,Idaho State,home,canon,interceptions,4,2,-2,2,kneel_accounting
401860880,2026,1,regular,Idaho State,Utah State,away,canon,turnovers,0,1,1,1,kneel_accounting
401860880,2026,1,regular,Idaho State,Utah State,away,canon,interceptions,0,1,1,1,kneel_accounting
401856669,2026,1,regular,Vanderbilt,Austin Peay,home,canon,total_plays,63,62,-1,1,fumble_or_safety_swallows_scrimmage_type
401856669,2026,1,regular,Vanderbilt,Austin Peay,home,canon,total_yards,396,394.0,-2.0,2.0,fumble_or_safety_swallows_scrimmage_type
401856669,2026,1,regular,Vanderbilt,Austin Peay,home,canon,rush_attempts,38,37,-1,1,fumble_or_safety_swallows_scrimmage_type
401856669,2026,1,regular,Vanderbilt,Austin Peay,home,canon,rush_yards,187,185.0,-2.0,2.0,fumble_or_safety_swallows_scrimmage_type
401856669,2026,1,regular,Austin Peay,Vanderbilt,away,canon,total_yards,178,182.0,4.0,4.0,fumble_or_safety_swallows_scrimmage_type
401856669,2026,1,regular,Austin Peay,Vanderbilt,away,canon,rush_yards,62,66.0,4.0,4.0,fumble_or_safety_swallows_scrimmage_type
401867866,2026,1,regular,Middle Tennessee,Murray State,home,canon,total_plays,48,47,-1,1,fumble_or_safety_swallows_scrimmage_type
401867866,2026,1,regular,Middle Tennessee,Murray State,home,canon,total_yards,396,395.0,-1.0,1.0,fumble_or_safety_swallows_scrimmage_type
401867866,2026,1,regular,Middle Tennessee,Murray State,home,canon,pass_attempts,26,25,-1,1,fumble_or_safety_swallows_scrimmage_type
401867866,2026,1,regular,Middle Tennessee,Murray State,home,canon,completions,20,19,-1,1,no_play_penalty
401867866,2026,1,regular,Middle Tennessee,Murray State,home,canon,net_pass_yards,200,199.0,-1.0,1.0,fumble_or_safety_swallows_scrimmage_type
401867866,2026,1,regular,Murray State,Middle Tennessee,away,canon,total_yards,290,287.0,-3.0,3.0,fumble_or_safety_swallows_scrimmage_type
401867866,2026,1,regular,Murray State,Middle Tennessee,away,canon,rush_yards,145,142.0,-3.0,3.0,fumble_or_safety_swallows_scrimmage_type
401856662,2026,1,regular,UL Monroe,Mississippi State,away,canon,total_yards,278,264.0,-14.0,14.0,sack_accounting
401856662,2026,1,regular,UL Monroe,Mississippi State,away,canon,net_pass_yards,140,125.0,-15.0,15.0,sack_accounting
401856662,2026,1,regular,UL Monroe,Mississippi State,away,canon,rush_yards,138,139.0,1.0,1.0,sack_accounting
401858211,2026,1,regular,Virginia Tech,VMI,home,canon,total_yards,619,613.0,-6.0,6.0,fumble_or_safety_swallows_scrimmage_type
401858211,2026,1,regular,Virginia Tech,VMI,home,canon,net_pass_yards,351,345.0,-6.0,6.0,fumble_or_safety_swallows_scrimmage_type
401858211,2026,1,regular,Virginia Tech,VMI,home,canon,turnovers,2,1,-1,1,no_play_penalty
401858211,2026,1,regular,Virginia Tech,VMI,home,canon,fumbles_lost,2,1,-1,1,no_play_penalty
401858211,2026,1,regular,VMI,Virginia Tech,away,canon,total_plays,56,54,-2,2,fumble_or_safety_swallows_scrimmage_type
401858211,2026,1,regular,VMI,Virginia Tech,away,canon,total_yards,83,52.0,-31.0,31.0,fumble_or_safety_swallows_scrimmage_type
401858211,2026,1,regular,VMI,Virginia Tech,away,canon,pass_attempts,13,11,-2,2,fumble_or_safety_swallows_scrimmage_type
401858211,2026,1,regular,VMI,Virginia Tech,away,canon,completions,5,4,-1,1,no_play_penalty
401858211,2026,1,regular,VMI,Virginia Tech,away,canon,net_pass_yards,87,54.0,-33.0,33.0,fumble_or_safety_swallows_scrimmage_type
401858211,2026,1,regular,VMI,Virginia Tech,away,canon,rush_yards,-4,-2.0,2.0,2.0,fumble_or_safety_swallows_scrimmage_type
401858211,2026,1,regular,VMI,Virginia Tech,away,canon,third_down_attempts,17,14,-3,3,no_play_penalty
401856660,2026,1,regular,LSU,Clemson,home,canon,pass_attempts,36,35,-1,1,sack_accounting
401856660,2026,1,regular,LSU,Clemson,home,canon,rush_attempts,58,59,1,1,sack_accounting
401856660,2026,1,regular,Clemson,LSU,away,canon,total_plays,48,47,-1,1,sack_accounting
401856660,2026,1,regular,Clemson,LSU,away,canon,pass_attempts,22,21,-1,1,sack_accounting
401856660,2026,1,regular,Clemson,LSU,away,canon,third_down_attempts,13,12,-1,1,no_play_penalty
401869129,2026,1,regular,Louisiana Tech,Northwestern State,home,canon,total_plays,59,58,-1,1,fumble_or_safety_swallows_scrimmage_type
401869129,2026,1,regular,Louisiana Tech,Northwestern State,home,canon,pass_attempts,22,21,-1,1,fumble_or_safety_swallows_scrimmage_type
401858428,2026,1,regular,Michigan,Western Michigan,home,canon,total_plays,48,47,-1,1,fumble_or_safety_swallows_scrimmage_type
401858428,2026,1,regular,Michigan,Western Michigan,home,canon,total_yards,276,277.0,1.0,1.0,fumble_or_safety_swallows_scrimmage_type
401858428,2026,1,regular,Michigan,Western Michigan,home,canon,pass_attempts,23,22,-1,1,fumble_or_safety_swallows_scrimmage_type
401858428,2026,1,regular,Michigan,Western Michigan,home,canon,rush_yards,106,107.0,1.0,1.0,fumble_or_safety_swallows_scrimmage_type
401858428,2026,1,regular,Michigan,Western Michigan,home,canon,turnovers,3,1,-2,2,kneel_accounting
401858428,2026,1,regular,Michigan,Western Michigan,home,canon,interceptions,1,0,-1,1,kneel_accounting
401858428,2026,1,regular,Michigan,Western Michigan,home,canon,fumbles_lost,2,1,-1,1,kneel_accounting
401858428,2026,1,regular,Michigan,Western Michigan,home,canon,third_down_conversions,3,4,1,1,kneel_accounting
401858428,2026,1,regular,Western Michigan,Michigan,away,canon,pass_attempts,21,22,1,1,fumble_or_safety_swallows_scrimmage_type
401858428,2026,1,regular,Western Michigan,Michigan,away,canon,net_pass_yards,89,82.0,-7.0,7.0,fumble_or_safety_swallows_scrimmage_type
401858428,2026,1,regular,Western Michigan,Michigan,away,canon,rush_attempts,46,45,-1,1,fumble_or_safety_swallows_scrimmage_type
401858428,2026,1,regular,Western Michigan,Michigan,away,canon,rush_yards,132,139.0,7.0,7.0,fumble_or_safety_swallows_scrimmage_type
401858428,2026,1,regular,Western Michigan,Michigan,away,canon,third_down_attempts,18,17,-1,1,kneel_accounting
401856637,2026,1,regular,Florida,Florida Atlantic,home,canon,total_plays,67,66,-1,1,fumble_or_safety_swallows_scrimmage_type
401856637,2026,1,regular,Florida,Florida Atlantic,home,canon,pass_attempts,26,25,-1,1,fumble_or_safety_swallows_scrimmage_type
401856637,2026,1,regular,Florida,Florida Atlantic,home,canon,turnovers,1,2,1,1,no_play_penalty
401856637,2026,1,regular,Florida,Florida Atlantic,home,canon,interceptions,1,2,1,1,no_play_penalty
401856637,2026,1,regular,Florida,Florida Atlantic,home,canon,third_down_attempts,9,8,-1,1,no_play_penalty
401856637,2026,1,regular,Florida Atlantic,Florida,away,canon,total_plays,90,88,-2,2,fumble_or_safety_swallows_scrimmage_type
401856637,2026,1,regular,Florida Atlantic,Florida,away,canon,pass_attempts,53,51,-2,2,fumble_or_safety_swallows_scrimmage_type
401856637,2026,1,regular,Florida Atlantic,Florida,away,canon,turnovers,3,2,-1,1,no_play_penalty
401856637,2026,1,regular,Florida Atlantic,Florida,away,canon,interceptions,2,1,-1,1,no_play_penalty
401856637,2026,1,regular,Florida Atlantic,Florida,away,canon,third_down_attempts,22,21,-1,1,no_play_penalty
401856637,2026,1,regular,Florida Atlantic,Florida,away,canon,fourth_down_attempts,7,6,-1,1,no_play_penalty
401856775,2026,1,regular,Utah Tech,BYU,away,canon,total_plays,56,55,-1,1,fumble_or_safety_swallows_scrimmage_type
401856775,2026,1,regular,Utah Tech,BYU,away,canon,pass_attempts,31,30,-1,1,fumble_or_safety_swallows_scrimmage_type
401856775,2026,1,regular,Utah Tech,BYU,away,canon,turnovers,4,3,-1,1,kneel_accounting
401856775,2026,1,regular,Utah Tech,BYU,away,canon,fumbles_lost,1,0,-1,1,kneel_accounting
401856775,2026,1,regular,Utah Tech,BYU,away,canon,third_down_attempts,13,12,-1,1,kneel_accounting
401858431,2026,1,regular,Northwestern,South Dakota State,home,canon,total_plays,55,54,-1,1,sack_accounting
401858431,2026,1,regular,Northwestern,South Dakota State,home,canon,total_yards,497,493.0,-4.0,4.0,sack_accounting
401858431,2026,1,regular,Northwestern,South Dakota State,home,canon,rush_attempts,31,30,-1,1,sack_accounting
401858431,2026,1,regular,Northwestern,South Dakota State,home,canon,rush_yards,224,220.0,-4.0,4.0,sack_accounting
401858431,2026,1,regular,South Dakota State,Northwestern,away,canon,pass_attempts,48,47,-1,1,sack_accounting
401858431,2026,1,regular,South Dakota State,Northwestern,away,canon,rush_attempts,40,41,1,1,sack_accounting
401869142,2026,1,regular,Louisiana,Lamar,home,canon,completions,19,20,1,1,kneel_accounting
401869142,2026,1,regular,Louisiana,Lamar,home,canon,turnovers,3,1,-2,2,kneel_accounting
401869142,2026,1,regular,Louisiana,Lamar,home,canon,interceptions,3,1,-2,2,kneel_accounting
401869142,2026,1,regular,Lamar,Louisiana,away,canon,total_plays,60,59,-1,1,fumble_or_safety_swallows_scrimmage_type
401869142,2026,1,regular,Lamar,Louisiana,away,canon,total_yards,205,210.0,5.0,5.0,fumble_or_safety_swallows_scrimmage_type
401869142,2026,1,regular,Lamar,Louisiana,away,canon,pass_attempts,31,30,-1,1,fumble_or_safety_swallows_scrimmage_type
401869142,2026,1,regular,Lamar,Louisiana,away,canon,rush_yards,56,61.0,5.0,5.0,fumble_or_safety_swallows_scrimmage_type
401869142,2026,1,regular,Lamar,Louisiana,away,canon,turnovers,4,2,-2,2,kneel_accounting
401869142,2026,1,regular,Lamar,Louisiana,away,canon,interceptions,3,2,-1,1,kneel_accounting
401869142,2026,1,regular,Lamar,Louisiana,away,canon,fumbles_lost,1,0,-1,1,kneel_accounting
401858427,2026,1,regular,Hampton,Maryland,away,canon,total_plays,50,48,-2,2,fumble_or_safety_swallows_scrimmage_type
401858427,2026,1,regular,Hampton,Maryland,away,canon,pass_attempts,19,17,-2,2,fumble_or_safety_swallows_scrimmage_type
401858427,2026,1,regular,Hampton,Maryland,away,canon,turnovers,3,2,-1,1,kneel_accounting
401858427,2026,1,regular,Hampton,Maryland,away,canon,interceptions,3,2,-1,1,kneel_accounting
401858427,2026,1,regular,Hampton,Maryland,away,canon,third_down_attempts,15,13,-2,2,kneel_accounting
401870790,2026,1,regular,New Mexico State,Mercyhurst,home,canon,total_plays,65,63,-2,2,fumble_or_safety_swallows_scrimmage_type
401870790,2026,1,regular,New Mexico State,Mercyhurst,home,canon,total_yards,530,533.0,3.0,3.0,fumble_or_safety_swallows_scrimmage_type
401870790,2026,1,regular,New Mexico State,Mercyhurst,home,canon,net_pass_yards,295,318.0,23.0,23.0,fumble_or_safety_swallows_scrimmage_type
401870790,2026,1,regular,New Mexico State,Mercyhurst,home,canon,rush_attempts,42,40,-2,2,fumble_or_safety_swallows_scrimmage_type
401870790,2026,1,regular,New Mexico State,Mercyhurst,home,canon,rush_yards,235,215.0,-20.0,20.0,fumble_or_safety_swallows_scrimmage_type
401870790,2026,1,regular,Mercyhurst,New Mexico State,away,canon,total_plays,58,56,-2,2,fumble_or_safety_swallows_scrimmage_type
401870790,2026,1,regular,Mercyhurst,New Mexico State,away,canon,pass_attempts,31,29,-2,2,fumble_or_safety_swallows_scrimmage_type
401870790,2026,1,regular,Mercyhurst,New Mexico State,away,canon,turnovers,2,1,-1,1,kneel_accounting
401870790,2026,1,regular,Mercyhurst,New Mexico State,away,canon,interceptions,2,1,-1,1,kneel_accounting
401870790,2026,1,regular,Mercyhurst,New Mexico State,away,canon,third_down_attempts,13,12,-1,1,kneel_accounting
401860879,2026,1,regular,San Diego State,Portland State,home,canon,total_plays,63,62,-1,1,fumble_or_safety_swallows_scrimmage_type
401860879,2026,1,regular,San Diego State,Portland State,home,canon,total_yards,394,382.0,-12.0,12.0,fumble_or_safety_swallows_scrimmage_type
401860879,2026,1,regular,San Diego State,Portland State,home,canon,rush_attempts,42,41,-1,1,fumble_or_safety_swallows_scrimmage_type
401860879,2026,1,regular,San Diego State,Portland State,home,canon,rush_yards,237,225.0,-12.0,12.0,fumble_or_safety_swallows_scrimmage_type
401860879,2026,1,regular,San Diego State,Portland State,home,canon,third_down_attempts,12,11,-1,1,kneel_accounting
401860879,2026,1,regular,Portland State,San Diego State,away,canon,total_plays,82,81,-1,1,fumble_or_safety_swallows_scrimmage_type
401860879,2026,1,regular,Portland State,San Diego State,away,canon,pass_attempts,52,51,-1,1,fumble_or_safety_swallows_scrimmage_type
401860879,2026,1,regular,Portland State,San Diego State,away,canon,turnovers,3,1,-2,2,kneel_accounting
401860879,2026,1,regular,Portland State,San Diego State,away,canon,interceptions,2,1,-1,1,kneel_accounting
401860879,2026,1,regular,Portland State,San Diego State,away,canon,fumbles_lost,1,0,-1,1,kneel_accounting
401856773,2026,1,regular,Arizona,Northern Arizona,home,canon,total_plays,72,71,-1,1,fumble_or_safety_swallows_scrimmage_type
401856773,2026,1,regular,Arizona,Northern Arizona,home,canon,pass_attempts,37,36,-1,1,fumble_or_safety_swallows_scrimmage_type
401856773,2026,1,regular,Arizona,Northern Arizona,home,canon,turnovers,3,2,-1,1,no_play_penalty
401856773,2026,1,regular,Arizona,Northern Arizona,home,canon,fumbles_lost,2,1,-1,1,no_play_penalty
401856773,2026,1,regular,Northern Arizona,Arizona,away,canon,total_yards,193,164.0,-29.0,29.0,fumble_or_safety_swallows_scrimmage_type
401856773,2026,1,regular,Northern Arizona,Arizona,away,canon,net_pass_yards,200,171.0,-29.0,29.0,fumble_or_safety_swallows_scrimmage_type
401856773,2026,1,regular,Northern Arizona,Arizona,away,canon,third_down_conversions,4,3,-1,1,no_play_penalty
401856774,2026,1,regular,Arizona State,Morgan State,home,canon,turnovers,1,0,-1,1,no_play_penalty
401856774,2026,1,regular,Arizona State,Morgan State,home,canon,fumbles_lost,1,0,-1,1,no_play_penalty
401856774,2026,1,regular,Arizona State,Morgan State,home,canon,third_down_attempts,10,9,-1,1,no_play_penalty
401864497,2026,1,regular,Hawai'i,UNLV,home,canon,total_yards,294,284.0,-10.0,10.0,fumble_or_safety_swallows_scrimmage_type
401864497,2026,1,regular,Hawai'i,UNLV,home,canon,completions,17,16,-1,1,kneel_accounting
401864497,2026,1,regular,Hawai'i,UNLV,home,canon,net_pass_yards,176,166.0,-10.0,10.0,fumble_or_safety_swallows_scrimmage_type
401864497,2026,1,regular,Hawai'i,UNLV,home,canon,third_down_attempts,20,21,1,1,kneel_accounting
401864498,2026,1,regular,New Mexico,Central Michigan,home,canon,total_yards,364,367.0,3.0,3.0,fumble_or_safety_swallows_scrimmage_type
401864498,2026,1,regular,New Mexico,Central Michigan,home,canon,rush_yards,205,208.0,3.0,3.0,fumble_or_safety_swallows_scrimmage_type
401864498,2026,1,regular,Central Michigan,New Mexico,away,canon,turnovers,2,1,-1,1,no_play_penalty
401864498,2026,1,regular,Central Michigan,New Mexico,away,canon,fumbles_lost,1,0,-1,1,no_play_penalty
401864498,2026,1,regular,Central Michigan,New Mexico,away,canon,fourth_down_attempts,3,2,-1,1,no_play_penalty
401866411,2026,1,regular,Sacramento State,Mississippi Valley State,home,canon,total_plays,70,71,1,1,fumble_or_safety_swallows_scrimmage_type
401866411,2026,1,regular,Sacramento State,Mississippi Valley State,home,canon,total_yards,453,462.0,9.0,9.0,fumble_or_safety_swallows_scrimmage_type
401866411,2026,1,regular,Sacramento State,Mississippi Valley State,home,canon,rush_attempts,41,42,1,1,fumble_or_safety_swallows_scrimmage_type
401866411,2026,1,regular,Sacramento State,Mississippi Valley State,home,canon,rush_yards,203,212.0,9.0,9.0,fumble_or_safety_swallows_scrimmage_type
401866411,2026,1,regular,Sacramento State,Mississippi Valley State,home,canon,turnovers,2,1,-1,1,kneel_accounting
401866411,2026,1,regular,Sacramento State,Mississippi Valley State,home,canon,interceptions,1,0,-1,1,kneel_accounting
401866411,2026,1,regular,Mississippi Valley State,Sacramento State,away,canon,total_plays,53,51,-2,2,fumble_or_safety_swallows_scrimmage_type
401866411,2026,1,regular,Mississippi Valley State,Sacramento State,away,canon,total_yards,147,143.0,-4.0,4.0,fumble_or_safety_swallows_scrimmage_type
401866411,2026,1,regular,Mississippi Valley State,Sacramento State,away,canon,rush_attempts,34,32,-2,2,fumble_or_safety_swallows_scrimmage_type
401866411,2026,1,regular,Mississippi Valley State,Sacramento State,away,canon,rush_yards,104,100.0,-4.0,4.0,fumble_or_safety_swallows_scrimmage_type
401866411,2026,1,regular,Mississippi Valley State,Sacramento State,away,canon,turnovers,1,0,-1,1,kneel_accounting
401866411,2026,1,regular,Mississippi Valley State,Sacramento State,away,canon,fumbles_lost,1,0,-1,1,kneel_accounting
401858210,2026,1,regular,California,UCLA,home,canon,total_plays,87,86,-1,1,fumble_or_safety_swallows_scrimmage_type
401858210,2026,1,regular,California,UCLA,home,canon,total_yards,410,416.0,6.0,6.0,fumble_or_safety_swallows_scrimmage_type
401858210,2026,1,regular,California,UCLA,home,canon,pass_attempts,47,45,-2,2,fumble_or_safety_swallows_scrimmage_type
401858210,2026,1,regular,California,UCLA,home,canon,rush_attempts,40,41,1,1,fumble_or_safety_swallows_scrimmage_type
401858210,2026,1,regular,California,UCLA,home,canon,rush_yards,119,125.0,6.0,6.0,fumble_or_safety_swallows_scrimmage_type
401858210,2026,1,regular,California,UCLA,home,canon,turnovers,3,2,-1,1,kneel_accounting
401858210,2026,1,regular,California,UCLA,home,canon,fumbles_lost,1,0,-1,1,kneel_accounting
401858210,2026,1,regular,California,UCLA,home,canon,third_down_attempts,21,19,-2,2,kneel_accounting
401858210,2026,1,regular,UCLA,California,away,canon,total_plays,54,52,-2,2,fumble_or_safety_swallows_scrimmage_type
401858210,2026,1,regular,UCLA,California,away,canon,total_yards,461,458.0,-3.0,3.0,fumble_or_safety_swallows_scrimmage_type
401858210,2026,1,regular,UCLA,California,away,canon,pass_attempts,22,21,-1,1,fumble_or_safety_swallows_scrimmage_type
401858210,2026,1,regular,UCLA,California,away,canon,rush_attempts,32,31,-1,1,fumble_or_safety_swallows_scrimmage_type
401858210,2026,1,regular,UCLA,California,away,canon,rush_yards,277,274.0,-3.0,3.0,fumble_or_safety_swallows_scrimmage_type
401858210,2026,1,regular,UCLA,California,away,canon,turnovers,1,0,-1,1,kneel_accounting
401858210,2026,1,regular,UCLA,California,away,canon,interceptions,1,0,-1,1,kneel_accounting
401858210,2026,1,regular,UCLA,California,away,canon,third_down_conversions,6,5,-1,1,kneel_accounting
401864432,2026,1,regular,Nevada,Western Kentucky,home,canon,total_plays,58,57,-1,1,fumble_or_safety_swallows_scrimmage_type
401864432,2026,1,regular,Nevada,Western Kentucky,home,canon,pass_attempts,16,15,-1,1,fumble_or_safety_swallows_scrimmage_type
401864432,2026,1,regular,Nevada,Western Kentucky,home,canon,turnovers,1,0,-1,1,kneel_accounting
401864432,2026,1,regular,Nevada,Western Kentucky,home,canon,interceptions,1,0,-1,1,kneel_accounting
401864432,2026,1,regular,Western Kentucky,Nevada,away,canon,total_plays,82,83,1,1,fumble_or_safety_swallows_scrimmage_type
401864432,2026,1,regular,Western Kentucky,Nevada,away,canon,total_yards,367,374.0,7.0,7.0,fumble_or_safety_swallows_scrimmage_type
401864432,2026,1,regular,Western Kentucky,Nevada,away,canon,rush_attempts,42,43,1,1,fumble_or_safety_swallows_scrimmage_type
401864432,2026,1,regular,Western Kentucky,Nevada,away,canon,rush_yards,164,171.0,7.0,7.0,fumble_or_safety_swallows_scrimmage_type
401864432,2026,1,regular,Western Kentucky,Nevada,away,canon,turnovers,2,0,-2,2,kneel_accounting
401864432,2026,1,regular,Western Kentucky,Nevada,away,canon,fumbles_lost,2,0,-2,2,kneel_accounting
401864432,2026,1,regular,Western Kentucky,Nevada,away,canon,third_down_attempts,17,16,-1,1,kneel_accounting
401858437,2026,1,regular,Washington,Washington State,home,canon,total_plays,64,63,-1,1,fumble_or_safety_swallows_scrimmage_type
401858437,2026,1,regular,Washington,Washington State,home,canon,total_yards,402,397.0,-5.0,5.0,fumble_or_safety_swallows_scrimmage_type
401858437,2026,1,regular,Washington,Washington State,home,canon,pass_attempts,35,34,-1,1,fumble_or_safety_swallows_scrimmage_type
401858437,2026,1,regular,Washington,Washington State,home,canon,completions,24,23,-1,1,kneel_accounting
401858437,2026,1,regular,Washington,Washington State,home,canon,net_pass_yards,268,263.0,-5.0,5.0,fumble_or_safety_swallows_scrimmage_type
401858437,2026,1,regular,Washington State,Washington,away,canon,total_plays,56,54,-2,2,fumble_or_safety_swallows_scrimmage_type
401858437,2026,1,regular,Washington State,Washington,away,canon,total_yards,242,244.0,2.0,2.0,fumble_or_safety_swallows_scrimmage_type
401858437,2026,1,regular,Washington State,Washington,away,canon,pass_attempts,25,23,-2,2,fumble_or_safety_swallows_scrimmage_type
401858437,2026,1,regular,Washington State,Washington,away,canon,rush_yards,100,102.0,2.0,2.0,fumble_or_safety_swallows_scrimmage_type
401858437,2026,1,regular,Washington State,Washington,away,canon,turnovers,3,1,-2,2,kneel_accounting
401858437,2026,1,regular,Washington State,Washington,away,canon,interceptions,2,1,-1,1,kneel_accounting
401858437,2026,1,regular,Washington State,Washington,away,canon,fumbles_lost,1,0,-1,1,kneel_accounting
401858437,2026,1,regular,Washington State,Washington,away,canon,third_down_attempts,9,10,1,1,kneel_accounting
401856661,2026,1,regular,Ole Miss,Louisville,home,canon,fourth_down_attempts,2,1,-1,1,spike_accounting
401856661,2026,1,regular,Louisville,Ole Miss,away,canon,fourth_down_attempts,1,0,-1,1,spike_accounting
401858438,2026,1,regular,Notre Dame,Wisconsin,home,canon,third_down_attempts,9,8,-1,1,no_play_penalty
401858438,2026,1,regular,Wisconsin,Notre Dame,away,canon,total_plays,61,60,-1,1,fumble_or_safety_swallows_scrimmage_type
401858438,2026,1,regular,Wisconsin,Notre Dame,away,canon,pass_attempts,30,29,-1,1,fumble_or_safety_swallows_scrimmage_type
401858438,2026,1,regular,Wisconsin,Notre Dame,away,canon,turnovers,2,1,-1,1,no_play_penalty
401858438,2026,1,regular,Wisconsin,Notre Dame,away,canon,fumbles_lost,1,0,-1,1,no_play_penalty
401858212,2026,1,regular,Florida State,SMU,home,canon,total_plays,68,67,-1,1,sack_accounting
401858212,2026,1,regular,Florida State,SMU,home,canon,total_yards,324,325.0,1.0,1.0,sack_accounting
401858212,2026,1,regular,Florida State,SMU,home,canon,net_pass_yards,125,123.0,-2.0,2.0,sack_accounting
401858212,2026,1,regular,Florida State,SMU,home,canon,rush_attempts,45,44,-1,1,sack_accounting
401858212,2026,1,regular,Florida State,SMU,home,canon,rush_yards,199,202.0,3.0,3.0,sack_accounting
401858212,2026,1,regular,Florida State,SMU,home,canon,turnovers,1,0,-1,1,no_play_penalty
401858212,2026,1,regular,Florida State,SMU,home,canon,fumbles_lost,1,0,-1,1,no_play_penalty
401858212,2026,1,regular,Florida State,SMU,home,canon,third_down_attempts,15,14,-1,1,no_play_penalty
401858212,2026,1,regular,Florida State,SMU,home,canon,fourth_down_conversions,2,3,1,1,no_play_penalty
401858212,2026,1,regular,SMU,Florida State,away,canon,total_plays,67,65,-2,2,sack_accounting
401858212,2026,1,regular,SMU,Florida State,away,canon,total_yards,585,587.0,2.0,2.0,sack_accounting
401858212,2026,1,regular,SMU,Florida State,away,canon,pass_attempts,36,34,-2,2,sack_accounting
401858212,2026,1,regular,SMU,Florida State,away,canon,net_pass_yards,430,432.0,2.0,2.0,sack_accounting
401858212,2026,1,regular,SMU,Florida State,away,canon,turnovers,4,2,-2,2,no_play_penalty
401858212,2026,1,regular,SMU,Florida State,away,canon,fumbles_lost,2,0,-2,2,no_play_penalty
401858212,2026,1,regular,SMU,Florida State,away,canon,third_down_attempts,14,13,-1,1,no_play_penalty
401858213,2026,2,regular,Miami,Florida A&M,home,canon,total_plays,73,71,-2,2,fumble_or_safety_swallows_scrimmage_type
401858213,2026,2,regular,Miami,Florida A&M,home,canon,total_yards,856,839.0,-17.0,17.0,fumble_or_safety_swallows_scrimmage_type
401858213,2026,2,regular,Miami,Florida A&M,home,canon,pass_attempts,29,27,-2,2,fumble_or_safety_swallows_scrimmage_type
401858213,2026,2,regular,Miami,Florida A&M,home,canon,completions,27,25,-2,2,no_play_penalty
401858213,2026,2,regular,Miami,Florida A&M,home,canon,net_pass_yards,426,411.0,-15.0,15.0,fumble_or_safety_swallows_scrimmage_type
401858213,2026,2,regular,Miami,Florida A&M,home,canon,rush_yards,430,428.0,-2.0,2.0,fumble_or_safety_swallows_scrimmage_type
401858213,2026,2,regular,Miami,Florida A&M,home,canon,third_down_attempts,3,2,-1,1,no_play_penalty
401858215,2026,2,regular,Louisville,Villanova,home,canon,total_plays,66,65,-1,1,fumble_or_safety_swallows_scrimmage_type
401858215,2026,2,regular,Louisville,Villanova,home,canon,total_yards,635,632.0,-3.0,3.0,fumble_or_safety_swallows_scrimmage_type
401858215,2026,2,regular,Louisville,Villanova,home,canon,rush_attempts,38,37,-1,1,fumble_or_safety_swallows_scrimmage_type
401858215,2026,2,regular,Louisville,Villanova,home,canon,rush_yards,260,257.0,-3.0,3.0,fumble_or_safety_swallows_scrimmage_type
401858215,2026,2,regular,Villanova,Louisville,away,canon,total_plays,62,61,-1,1,fumble_or_safety_swallows_scrimmage_type
401858215,2026,2,regular,Villanova,Louisville,away,canon,total_yards,253,249.0,-4.0,4.0,fumble_or_safety_swallows_scrimmage_type
401858215,2026,2,regular,Villanova,Louisville,away,canon,rush_attempts,28,27,-1,1,fumble_or_safety_swallows_scrimmage_type
401858215,2026,2,regular,Villanova,Louisville,away,canon,rush_yards,75,71.0,-4.0,4.0,fumble_or_safety_swallows_scrimmage_type
401858215,2026,2,regular,Villanova,Louisville,away,canon,turnovers,1,0,-1,1,spike_accounting
401858215,2026,2,regular,Villanova,Louisville,away,canon,fumbles_lost,1,0,-1,1,spike_accounting
401858215,2026,2,regular,Villanova,Louisville,away,canon,third_down_attempts,14,15,1,1,spike_accounting
401858220,2026,2,regular,Norfolk State,Virginia,away,canon,total_plays,65,63,-2,2,sack_accounting
401858220,2026,2,regular,Norfolk State,Virginia,away,canon,total_yards,223,224.0,1.0,1.0,sack_accounting
401858220,2026,2,regular,Norfolk State,Virginia,away,canon,pass_attempts,34,32,-2,2,sack_accounting
401858220,2026,2,regular,Norfolk State,Virginia,away,canon,rush_yards,55,56.0,1.0,1.0,sack_accounting
401858220,2026,2,regular,Norfolk State,Virginia,away,canon,turnovers,3,1,-2,2,kneel_accounting
401858220,2026,2,regular,Norfolk State,Virginia,away,canon,interceptions,3,1,-2,2,kneel_accounting
401858220,2026,2,regular,Norfolk State,Virginia,away,canon,third_down_attempts,17,16,-1,1,kneel_accounting
401858220,2026,2,regular,Norfolk State,Virginia,away,canon,fourth_down_attempts,2,1,-1,1,kneel_accounting
401858222,2026,2,regular,NC State,Richmond,home,canon,total_yards,734,732.0,-2.0,2.0,fumble_or_safety_swallows_scrimmage_type
401858222,2026,2,regular,NC State,Richmond,home,canon,pass_attempts,24,25,1,1,fumble_or_safety_swallows_scrimmage_type
401858222,2026,2,regular,NC State,Richmond,home,canon,rush_attempts,45,44,-1,1,fumble_or_safety_swallows_scrimmage_type
401858222,2026,2,regular,NC State,Richmond,home,canon,rush_yards,428,426.0,-2.0,2.0,fumble_or_safety_swallows_scrimmage_type
401858222,2026,2,regular,NC State,Richmond,home,canon,turnovers,1,0,-1,1,no_play_penalty
401858222,2026,2,regular,NC State,Richmond,home,canon,fumbles_lost,1,0,-1,1,no_play_penalty
401858222,2026,2,regular,NC State,Richmond,home,canon,third_down_attempts,10,11,1,1,no_play_penalty
401858222,2026,2,regular,Richmond,NC State,away,canon,total_plays,49,48,-1,1,fumble_or_safety_swallows_scrimmage_type
401858222,2026,2,regular,Richmond,NC State,away,canon,pass_attempts,27,26,-1,1,fumble_or_safety_swallows_scrimmage_type
401858222,2026,2,regular,Richmond,NC State,away,canon,third_down_attempts,13,12,-1,1,no_play_penalty
401858222,2026,2,regular,Richmond,NC State,away,canon,fourth_down_attempts,1,0,-1,1,no_play_penalty
401858214,2026,2,regular,Boston College,Rutgers,home,canon,total_plays,61,60,-1,1,fumble_or_safety_swallows_scrimmage_type
401858214,2026,2,regular,Boston College,Rutgers,home,canon,pass_attempts,29,28,-1,1,fumble_or_safety_swallows_scrimmage_type
401858214,2026,2,regular,Boston College,Rutgers,home,canon,turnovers,3,2,-1,1,kneel_accounting
401858214,2026,2,regular,Boston College,Rutgers,home,canon,interceptions,2,1,-1,1,kneel_accounting
401858214,2026,2,regular,Rutgers,Boston College,away,canon,total_plays,68,66,-2,2,fumble_or_safety_swallows_scrimmage_type
401858214,2026,2,regular,Rutgers,Boston College,away,canon,pass_attempts,27,25,-2,2,fumble_or_safety_swallows_scrimmage_type
401858214,2026,2,regular,Rutgers,Boston College,away,canon,third_down_attempts,12,11,-1,1,kneel_accounting
401858214,2026,2,regular,Rutgers,Boston College,away,canon,fourth_down_attempts,5,4,-1,1,kneel_accounting
401856678,2026,2,regular,Kansas,Missouri,home,canon,total_plays,67,65,-2,2,fumble_or_safety_swallows_scrimmage_type
401856678,2026,2,regular,Kansas,Missouri,home,canon,total_yards,255,239.0,-16.0,16.0,fumble_or_safety_swallows_scrimmage_type
401856678,2026,2,regular,Kansas,Missouri,home,canon,pass_attempts,31,29,-2,2,fumble_or_safety_swallows_scrimmage_type
401856678,2026,2,regular,Kansas,Missouri,home,canon,completions,14,13,-1,1,kneel_accounting
401856678,2026,2,regular,Kansas,Missouri,home,canon,net_pass_yards,174,158.0,-16.0,16.0,fumble_or_safety_swallows_scrimmage_type
401856678,2026,2,regular,Kansas,Missouri,home,canon,turnovers,3,0,-3,3,kneel_accounting
401856678,2026,2,regular,Kansas,Missouri,home,canon,interceptions,2,0,-2,2,kneel_accounting
401856678,2026,2,regular,Kansas,Missouri,home,canon,fumbles_lost,1,0,-1,1,kneel_accounting
401856678,2026,2,regular,Kansas,Missouri,home,canon,fourth_down_attempts,5,4,-1,1,kneel_accounting
401856678,2026,2,regular,Missouri,Kansas,away,canon,turnovers,1,2,1,1,kneel_accounting
401856678,2026,2,regular,Missouri,Kansas,away,canon,interceptions,0,1,1,1,kneel_accounting
401856782,2026,2,regular,Oklahoma State,Oregon,home,canon,total_plays,83,84,1,1,fumble_or_safety_swallows_scrimmage_type
401856782,2026,2,regular,Oklahoma State,Oregon,home,canon,total_yards,554,552.0,-2.0,2.0,fumble_or_safety_swallows_scrimmage_type
401856782,2026,2,regular,Oklahoma State,Oregon,home,canon,rush_attempts,40,41,1,1,fumble_or_safety_swallows_scrimmage_type
401856782,2026,2,regular,Oklahoma State,Oregon,home,canon,rush_yards,237,235.0,-2.0,2.0,fumble_or_safety_swallows_scrimmage_type
401856782,2026,2,regular,Oklahoma State,Oregon,home,canon,fourth_down_attempts,1,2,1,1,kneel_accounting
401856782,2026,2,regular,Oregon,Oklahoma State,away,canon,total_yards,281,283.0,2.0,2.0,fumble_or_safety_swallows_scrimmage_type
401856782,2026,2,regular,Oregon,Oklahoma State,away,canon,rush_yards,90,92.0,2.0,2.0,fumble_or_safety_swallows_scrimmage_type
401858442,2026,2,regular,Temple,Penn State,home,canon,total_plays,55,54,-1,1,fumble_or_safety_swallows_scrimmage_type
401858442,2026,2,regular,Temple,Penn State,home,canon,pass_attempts,22,21,-1,1,fumble_or_safety_swallows_scrimmage_type
401858442,2026,2,regular,Penn State,Temple,away,canon,total_plays,61,65,4,4,fumble_or_safety_swallows_scrimmage_type
401858442,2026,2,regular,Penn State,Temple,away,canon,total_yards,416,371.0,-45.0,45.0,fumble_or_safety_swallows_scrimmage_type
401858442,2026,2,regular,Penn State,Temple,away,canon,rush_attempts,34,38,4,4,fumble_or_safety_swallows_scrimmage_type
401858442,2026,2,regular,Penn State,Temple,away,canon,rush_yards,148,103.0,-45.0,45.0,fumble_or_safety_swallows_scrimmage_type
401868187,2026,2,regular,Liberty,Gardner-Webb,home,canon,total_plays,66,65,-1,1,fumble_or_safety_swallows_scrimmage_type
401868187,2026,2,regular,Liberty,Gardner-Webb,home,canon,total_yards,379,388.0,9.0,9.0,fumble_or_safety_swallows_scrimmage_type
401868187,2026,2,regular,Liberty,Gardner-Webb,home,canon,rush_attempts,45,44,-1,1,fumble_or_safety_swallows_scrimmage_type
401868187,2026,2,regular,Liberty,Gardner-Webb,home,canon,rush_yards,193,202.0,9.0,9.0,fumble_or_safety_swallows_scrimmage_type
401868187,2026,2,regular,Liberty,Gardner-Webb,home,canon,turnovers,2,1,-1,1,kneel_accounting
401868187,2026,2,regular,Liberty,Gardner-Webb,home,canon,fumbles_lost,2,1,-1,1,kneel_accounting
401868187,2026,2,regular,Gardner-Webb,Liberty,away,canon,total_plays,71,70,-1,1,fumble_or_safety_swallows_scrimmage_type
401868187,2026,2,regular,Gardner-Webb,Liberty,away,canon,total_yards,304,344.0,40.0,40.0,fumble_or_safety_swallows_scrimmage_type
401868187,2026,2,regular,Gardner-Webb,Liberty,away,canon,pass_attempts,38,37,-1,1,fumble_or_safety_swallows_scrimmage_type
401868187,2026,2,regular,Gardner-Webb,Liberty,away,canon,rush_yards,118,158.0,40.0,40.0,fumble_or_safety_swallows_scrimmage_type
401868187,2026,2,regular,Gardner-Webb,Liberty,away,canon,turnovers,3,1,-2,2,kneel_accounting
401868187,2026,2,regular,Gardner-Webb,Liberty,away,canon,interceptions,2,1,-1,1,kneel_accounting
401868187,2026,2,regular,Gardner-Webb,Liberty,away,canon,fumbles_lost,1,0,-1,1,kneel_accounting
401856781,2026,2,regular,Kansas State,Washington State,home,canon,total_plays,74,72,-2,2,fumble_or_safety_swallows_scrimmage_type
401856781,2026,2,regular,Kansas State,Washington State,home,canon,pass_attempts,34,32,-2,2,fumble_or_safety_swallows_scrimmage_type
401856781,2026,2,regular,Kansas State,Washington State,home,canon,turnovers,2,1,-1,1,no_play_penalty
401856781,2026,2,regular,Kansas State,Washington State,home,canon,interceptions,2,1,-1,1,no_play_penalty
401856781,2026,2,regular,Kansas State,Washington State,home,canon,fourth_down_attempts,1,0,-1,1,no_play_penalty
401858224,2026,2,regular,Purdue,Wake Forest,home,canon,third_down_attempts,14,15,1,1,no_play_penalty
401858221,2026,2,regular,Virginia Tech,Old Dominion,home,canon,total_yards,416,421.0,5.0,5.0,fumble_or_safety_swallows_scrimmage_type
401858221,2026,2,regular,Virginia Tech,Old Dominion,home,canon,rush_yards,89,94.0,5.0,5.0,fumble_or_safety_swallows_scrimmage_type
401858221,2026,2,regular,Virginia Tech,Old Dominion,home,canon,turnovers,2,1,-1,1,no_play_penalty
401858221,2026,2,regular,Virginia Tech,Old Dominion,home,canon,fumbles_lost,2,1,-1,1,no_play_penalty
401858221,2026,2,regular,Virginia Tech,Old Dominion,home,canon,third_down_attempts,21,20,-1,1,no_play_penalty
401858221,2026,2,regular,Old Dominion,Virginia Tech,away,canon,total_plays,52,49,-3,3,fumble_or_safety_swallows_scrimmage_type
401858221,2026,2,regular,Old Dominion,Virginia Tech,away,canon,total_yards,310,166.0,-144.0,144.0,fumble_or_safety_swallows_scrimmage_type
401858221,2026,2,regular,Old Dominion,Virginia Tech,away,canon,pass_attempts,21,19,-2,2,fumble_or_safety_swallows_scrimmage_type
401858221,2026,2,regular,Old Dominion,Virginia Tech,away,canon,completions,13,12,-1,1,no_play_penalty
401858221,2026,2,regular,Old Dominion,Virginia Tech,away,canon,net_pass_yards,187,153.0,-34.0,34.0,fumble_or_safety_swallows_scrimmage_type
401858221,2026,2,regular,Old Dominion,Virginia Tech,away,canon,rush_attempts,31,30,-1,1,fumble_or_safety_swallows_scrimmage_type
401858221,2026,2,regular,Old Dominion,Virginia Tech,away,canon,rush_yards,123,13.0,-110.0,110.0,fumble_or_safety_swallows_scrimmage_type
401858221,2026,2,regular,Old Dominion,Virginia Tech,away,canon,turnovers,3,1,-2,2,no_play_penalty
401858221,2026,2,regular,Old Dominion,Virginia Tech,away,canon,fumbles_lost,3,1,-2,2,no_play_penalty
401858221,2026,2,regular,Old Dominion,Virginia Tech,away,canon,third_down_attempts,13,11,-2,2,no_play_penalty
401858221,2026,2,regular,Old Dominion,Virginia Tech,away,canon,third_down_conversions,4,3,-1,1,no_play_penalty
401858221,2026,2,regular,Old Dominion,Virginia Tech,away,canon,fourth_down_attempts,2,1,-1,1,no_play_penalty
401858221,2026,2,regular,Old Dominion,Virginia Tech,away,canon,fourth_down_conversions,2,1,-1,1,no_play_penalty
401864571,2026,2,regular,East Carolina,App State,home,canon,total_plays,72,73,1,1,fumble_or_safety_swallows_scrimmage_type
401864571,2026,2,regular,East Carolina,App State,home,canon,total_yards,417,430.0,13.0,13.0,fumble_or_safety_swallows_scrimmage_type
401864571,2026,2,regular,East Carolina,App State,home,canon,pass_attempts,37,38,1,1,fumble_or_safety_swallows_scrimmage_type
401864571,2026,2,regular,East Carolina,App State,home,canon,rush_yards,187,200.0,13.0,13.0,fumble_or_safety_swallows_scrimmage_type
401864571,2026,2,regular,East Carolina,App State,home,canon,turnovers,2,1,-1,1,kneel_accounting
401864571,2026,2,regular,East Carolina,App State,home,canon,fumbles_lost,1,0,-1,1,kneel_accounting
401864571,2026,2,regular,East Carolina,App State,home,canon,third_down_attempts,13,12,-1,1,kneel_accounting
401864571,2026,2,regular,East Carolina,App State,home,canon,fourth_down_attempts,2,3,1,1,kneel_accounting
401864571,2026,2,regular,App State,East Carolina,away,canon,third_down_attempts,14,15,1,1,kneel_accounting
401864571,2026,2,regular,App State,East Carolina,away,canon,third_down_conversions,5,6,1,1,kneel_accounting
401862702,2026,2,regular,Army,South Florida,home,canon,turnovers,1,0,-1,1,kneel_accounting
401862702,2026,2,regular,Army,South Florida,home,canon,fumbles_lost,1,0,-1,1,kneel_accounting
401862702,2026,2,regular,South Florida,Army,away,canon,turnovers,0,1,1,1,kneel_accounting
401862702,2026,2,regular,South Florida,Army,away,canon,fumbles_lost,0,1,1,1,kneel_accounting
401856679,2026,2,regular,Michigan,Oklahoma,home,canon,third_down_attempts,13,12,-1,1,no_play_penalty
401856679,2026,2,regular,Oklahoma,Michigan,away,canon,total_plays,62,61,-1,1,fumble_or_safety_swallows_scrimmage_type
401856679,2026,2,regular,Oklahoma,Michigan,away,canon,total_yards,289,291.0,2.0,2.0,fumble_or_safety_swallows_scrimmage_type
401856679,2026,2,regular,Oklahoma,Michigan,away,canon,pass_attempts,33,32,-1,1,fumble_or_safety_swallows_scrimmage_type
401856679,2026,2,regular,Oklahoma,Michigan,away,canon,rush_yards,100,102.0,2.0,2.0,fumble_or_safety_swallows_scrimmage_type
401856679,2026,2,regular,Oklahoma,Michigan,away,canon,third_down_attempts,13,12,-1,1,no_play_penalty
401867929,2026,2,regular,James Madison,Wagner,home,canon,turnovers,1,0,-1,1,kneel_accounting
401867929,2026,2,regular,James Madison,Wagner,home,canon,fumbles_lost,1,0,-1,1,kneel_accounting
401867929,2026,2,regular,James Madison,Wagner,home,canon,fourth_down_attempts,1,0,-1,1,kneel_accounting
401867929,2026,2,regular,Wagner,James Madison,away,canon,turnovers,2,0,-2,2,kneel_accounting
401867929,2026,2,regular,Wagner,James Madison,away,canon,fumbles_lost,2,0,-2,2,kneel_accounting
401858439,2026,2,regular,Indiana,Howard,home,canon,total_plays,62,61,-1,1,fumble_or_safety_swallows_scrimmage_type
401858439,2026,2,regular,Indiana,Howard,home,canon,total_yards,505,508.0,3.0,3.0,fumble_or_safety_swallows_scrimmage_type
401858439,2026,2,regular,Indiana,Howard,home,canon,rush_attempts,46,45,-1,1,fumble_or_safety_swallows_scrimmage_type
401858439,2026,2,regular,Indiana,Howard,home,canon,rush_yards,296,299.0,3.0,3.0,fumble_or_safety_swallows_scrimmage_type
401858439,2026,2,regular,Indiana,Howard,home,canon,turnovers,1,0,-1,1,no_play_penalty
401858439,2026,2,regular,Indiana,Howard,home,canon,fumbles_lost,1,0,-1,1,no_play_penalty
401858439,2026,2,regular,Howard,Indiana,away,canon,total_plays,47,46,-1,1,fumble_or_safety_swallows_scrimmage_type
401858439,2026,2,regular,Howard,Indiana,away,canon,total_yards,57,121.0,64.0,64.0,fumble_or_safety_swallows_scrimmage_type
401858439,2026,2,regular,Howard,Indiana,away,canon,pass_attempts,20,19,-1,1,fumble_or_safety_swallows_scrimmage_type
401858439,2026,2,regular,Howard,Indiana,away,canon,rush_yards,13,77.0,64.0,64.0,fumble_or_safety_swallows_scrimmage_type
401858439,2026,2,regular,Howard,Indiana,away,canon,third_down_attempts,14,13,-1,1,no_play_penalty
401866416,2026,2,regular,Kent State,Wofford,home,canon,total_plays,72,71,-1,1,fumble_or_safety_swallows_scrimmage_type
401866416,2026,2,regular,Kent State,Wofford,home,canon,total_yards,448,466.0,18.0,18.0,fumble_or_safety_swallows_scrimmage_type
401866416,2026,2,regular,Kent State,Wofford,home,canon,pass_attempts,28,27,-1,1,fumble_or_safety_swallows_scrimmage_type
401866416,2026,2,regular,Kent State,Wofford,home,canon,rush_yards,195,213.0,18.0,18.0,fumble_or_safety_swallows_scrimmage_type
401866416,2026,2,regular,Kent State,Wofford,home,canon,turnovers,3,1,-2,2,kneel_accounting
401866416,2026,2,regular,Kent State,Wofford,home,canon,interceptions,2,1,-1,1,kneel_accounting
401866416,2026,2,regular,Kent State,Wofford,home,canon,fumbles_lost,1,0,-1,1,kneel_accounting
401866416,2026,2,regular,Kent State,Wofford,home,canon,third_down_attempts,19,18,-1,1,kneel_accounting
401866416,2026,2,regular,Kent State,Wofford,home,canon,fourth_down_attempts,3,2,-1,1,kneel_accounting
401866416,2026,2,regular,Wofford,Kent State,away,canon,total_plays,53,52,-1,1,fumble_or_safety_swallows_scrimmage_type
401866416,2026,2,regular,Wofford,Kent State,away,canon,pass_attempts,27,26,-1,1,fumble_or_safety_swallows_scrimmage_type
401866416,2026,2,regular,Wofford,Kent State,away,canon,turnovers,2,1,-1,1,kneel_accounting
401866416,2026,2,regular,Wofford,Kent State,away,canon,interceptions,2,1,-1,1,kneel_accounting
401858218,2026,2,regular,East Tennessee State,North Carolina,away,canon,total_plays,67,65,-2,2,fumble_or_safety_swallows_scrimmage_type
401858218,2026,2,regular,East Tennessee State,North Carolina,away,canon,total_yards,255,243.0,-12.0,12.0,fumble_or_safety_swallows_scrimmage_type
401858218,2026,2,regular,East Tennessee State,North Carolina,away,canon,rush_attempts,35,33,-2,2,fumble_or_safety_swallows_scrimmage_type
401858218,2026,2,regular,East Tennessee State,North Carolina,away,canon,rush_yards,77,65.0,-12.0,12.0,fumble_or_safety_swallows_scrimmage_type
401856683,2026,2,regular,Texas A&M,Arizona State,home,canon,fourth_down_attempts,2,1,-1,1,kneel_accounting
401856683,2026,2,regular,Arizona State,Texas A&M,away,canon,total_plays,63,61,-2,2,fumble_or_safety_swallows_scrimmage_type
401856683,2026,2,regular,Arizona State,Texas A&M,away,canon,pass_attempts,34,32,-2,2,fumble_or_safety_swallows_scrimmage_type
401856683,2026,2,regular,Arizona State,Texas A&M,away,canon,turnovers,4,0,-4,4,kneel_accounting
401856683,2026,2,regular,Arizona State,Texas A&M,away,canon,interceptions,2,0,-2,2,kneel_accounting
401856683,2026,2,regular,Arizona State,Texas A&M,away,canon,fumbles_lost,2,0,-2,2,kneel_accounting
401856683,2026,2,regular,Arizona State,Texas A&M,away,canon,third_down_attempts,12,11,-1,1,kneel_accounting
401856683,2026,2,regular,Arizona State,Texas A&M,away,canon,fourth_down_attempts,3,1,-2,2,kneel_accounting
401856683,2026,2,regular,Arizona State,Texas A&M,away,canon,fourth_down_conversions,1,0,-1,1,kneel_accounting
401856673,2026,2,regular,Georgia,Western Kentucky,home,canon,total_plays,60,59,-1,1,fumble_or_safety_swallows_scrimmage_type
401856673,2026,2,regular,Georgia,Western Kentucky,home,canon,total_yards,493,490.0,-3.0,3.0,fumble_or_safety_swallows_scrimmage_type
401856673,2026,2,regular,Georgia,Western Kentucky,home,canon,rush_attempts,35,34,-1,1,fumble_or_safety_swallows_scrimmage_type
401856673,2026,2,regular,Georgia,Western Kentucky,home,canon,rush_yards,234,231.0,-3.0,3.0,fumble_or_safety_swallows_scrimmage_type
401856673,2026,2,regular,Georgia,Western Kentucky,home,canon,turnovers,2,0,-2,2,kneel_accounting
401856673,2026,2,regular,Georgia,Western Kentucky,home,canon,fumbles_lost,2,0,-2,2,kneel_accounting
401856673,2026,2,regular,Georgia,Western Kentucky,home,canon,third_down_attempts,12,10,-2,2,kneel_accounting
401856673,2026,2,regular,Western Kentucky,Georgia,away,canon,total_plays,74,72,-2,2,fumble_or_safety_swallows_scrimmage_type
401856673,2026,2,regular,Western Kentucky,Georgia,away,canon,pass_attempts,37,35,-2,2,fumble_or_safety_swallows_scrimmage_type
401856673,2026,2,regular,Western Kentucky,Georgia,away,canon,turnovers,4,3,-1,1,kneel_accounting
401856673,2026,2,regular,Western Kentucky,Georgia,away,canon,fumbles_lost,2,1,-1,1,kneel_accounting
401856673,2026,2,regular,Western Kentucky,Georgia,away,canon,third_down_attempts,20,19,-1,1,kneel_accounting
401866415,2026,2,regular,Central Michigan,Colgate,home,canon,total_plays,63,61,-2,2,fumble_or_safety_swallows_scrimmage_type
401866415,2026,2,regular,Central Michigan,Colgate,home,canon,pass_attempts,21,19,-2,2,fumble_or_safety_swallows_scrimmage_type
401866415,2026,2,regular,Central Michigan,Colgate,home,canon,turnovers,3,1,-2,2,kneel_accounting
401866415,2026,2,regular,Central Michigan,Colgate,home,canon,interceptions,2,1,-1,1,kneel_accounting
401866415,2026,2,regular,Central Michigan,Colgate,home,canon,fumbles_lost,1,0,-1,1,kneel_accounting
401866415,2026,2,regular,Central Michigan,Colgate,home,canon,third_down_attempts,16,14,-2,2,kneel_accounting
401866415,2026,2,regular,Colgate,Central Michigan,away,canon,total_plays,62,60,-2,2,fumble_or_safety_swallows_scrimmage_type
401866415,2026,2,regular,Colgate,Central Michigan,away,canon,pass_attempts,31,29,-2,2,fumble_or_safety_swallows_scrimmage_type
401866415,2026,2,regular,Colgate,Central Michigan,away,canon,turnovers,4,1,-3,3,kneel_accounting
401866415,2026,2,regular,Colgate,Central Michigan,away,canon,interceptions,2,0,-2,2,kneel_accounting
401866415,2026,2,regular,Colgate,Central Michigan,away,canon,fumbles_lost,2,1,-1,1,kneel_accounting
401866415,2026,2,regular,Colgate,Central Michigan,away,canon,third_down_attempts,14,12,-2,2,kneel_accounting
401856791,2026,2,regular,West Virginia,UT Martin,home,canon,total_plays,63,62,-1,1,fumble_or_safety_swallows_scrimmage_type
401856791,2026,2,regular,West Virginia,UT Martin,home,canon,total_yards,525,532.0,7.0,7.0,fumble_or_safety_swallows_scrimmage_type
401856791,2026,2,regular,West Virginia,UT Martin,home,canon,rush_attempts,51,50,-1,1,fumble_or_safety_swallows_scrimmage_type
401856791,2026,2,regular,West Virginia,UT Martin,home,canon,rush_yards,316,323.0,7.0,7.0,fumble_or_safety_swallows_scrimmage_type
401856791,2026,2,regular,West Virginia,UT Martin,home,canon,turnovers,1,0,-1,1,no_play_penalty
401856791,2026,2,regular,West Virginia,UT Martin,home,canon,fumbles_lost,1,0,-1,1,no_play_penalty
401856791,2026,2,regular,West Virginia,UT Martin,home,canon,third_down_attempts,12,11,-1,1,no_play_penalty
401866413,2026,2,regular,Ball State,Stony Brook,home,canon,total_plays,68,67,-1,1,fumble_or_safety_swallows_scrimmage_type
401866413,2026,2,regular,Ball State,Stony Brook,home,canon,total_yards,482,463.0,-19.0,19.0,fumble_or_safety_swallows_scrimmage_type
401866413,2026,2,regular,Ball State,Stony Brook,home,canon,rush_attempts,36,35,-1,1,fumble_or_safety_swallows_scrimmage_type
401866413,2026,2,regular,Ball State,Stony Brook,home,canon,rush_yards,226,207.0,-19.0,19.0,fumble_or_safety_swallows_scrimmage_type
401866413,2026,2,regular,Stony Brook,Ball State,away,canon,total_plays,64,63,-1,1,fumble_or_safety_swallows_scrimmage_type
401866413,2026,2,regular,Stony Brook,Ball State,away,canon,total_yards,330,332.0,2.0,2.0,fumble_or_safety_swallows_scrimmage_type
401866413,2026,2,regular,Stony Brook,Ball State,away,canon,pass_attempts,36,35,-1,1,fumble_or_safety_swallows_scrimmage_type
401866413,2026,2,regular,Stony Brook,Ball State,away,canon,rush_yards,183,185.0,2.0,2.0,fumble_or_safety_swallows_scrimmage_type
401866413,2026,2,regular,Stony Brook,Ball State,away,canon,third_down_attempts,15,14,-1,1,kneel_accounting
401856677,2026,2,regular,Minnesota,Mississippi State,home,canon,total_yards,292,251.0,-41.0,41.0,fumble_or_safety_swallows_scrimmage_type
401856677,2026,2,regular,Minnesota,Mississippi State,home,canon,net_pass_yards,279,238.0,-41.0,41.0,fumble_or_safety_swallows_scrimmage_type
401856677,2026,2,regular,Mississippi State,Minnesota,away,canon,total_yards,479,484.0,5.0,5.0,fumble_or_safety_swallows_scrimmage_type
401856677,2026,2,regular,Mississippi State,Minnesota,away,canon,rush_yards,252,257.0,5.0,5.0,fumble_or_safety_swallows_scrimmage_type
401856677,2026,2,regular,Mississippi State,Minnesota,away,canon,turnovers,1,0,-1,1,no_play_penalty
401856677,2026,2,regular,Mississippi State,Minnesota,away,canon,fumbles_lost,1,0,-1,1,no_play_penalty
401856674,2026,2,regular,Kentucky,Alabama,home,canon,total_plays,64,62,-2,2,fumble_or_safety_swallows_scrimmage_type
401856674,2026,2,regular,Kentucky,Alabama,home,canon,total_yards,209,208.0,-1.0,1.0,fumble_or_safety_swallows_scrimmage_type
401856674,2026,2,regular,Kentucky,Alabama,home,canon,pass_attempts,32,30,-2,2,fumble_or_safety_swallows_scrimmage_type
401856674,2026,2,regular,Kentucky,Alabama,home,canon,completions,18,17,-1,1,spike_accounting
401856674,2026,2,regular,Kentucky,Alabama,home,canon,net_pass_yards,146,145.0,-1.0,1.0,fumble_or_safety_swallows_scrimmage_type
401856674,2026,2,regular,Kentucky,Alabama,home,canon,turnovers,3,2,-1,1,spike_accounting
401856674,2026,2,regular,Kentucky,Alabama,home,canon,fumbles_lost,2,1,-1,1,spike_accounting
401856674,2026,2,regular,Kentucky,Alabama,home,canon,third_down_attempts,14,12,-2,2,spike_accounting
401856674,2026,2,regular,Kentucky,Alabama,home,canon,fourth_down_attempts,4,5,1,1,spike_accounting
401856674,2026,2,regular,Alabama,Kentucky,away,canon,total_plays,63,62,-1,1,fumble_or_safety_swallows_scrimmage_type
401856674,2026,2,regular,Alabama,Kentucky,away,canon,pass_attempts,23,22,-1,1,fumble_or_safety_swallows_scrimmage_type
401856674,2026,2,regular,Alabama,Kentucky,away,canon,turnovers,3,2,-1,1,spike_accounting
401856674,2026,2,regular,Alabama,Kentucky,away,canon,fumbles_lost,1,0,-1,1,spike_accounting
401856674,2026,2,regular,Alabama,Kentucky,away,canon,third_down_attempts,11,10,-1,1,spike_accounting
401856790,2026,2,regular,Pittsburgh,UCF,home,canon,total_plays,72,71,-1,1,fumble_or_safety_swallows_scrimmage_type
401856790,2026,2,regular,Pittsburgh,UCF,home,canon,total_yards,315,314.0,-1.0,1.0,fumble_or_safety_swallows_scrimmage_type
401856790,2026,2,regular,Pittsburgh,UCF,home,canon,rush_attempts,43,42,-1,1,fumble_or_safety_swallows_scrimmage_type
401856790,2026,2,regular,Pittsburgh,UCF,home,canon,rush_yards,103,102.0,-1.0,1.0,fumble_or_safety_swallows_scrimmage_type
401856790,2026,2,regular,UCF,Pittsburgh,away,canon,points,7,13,6,6,kneel_accounting
401856790,2026,2,regular,UCF,Pittsburgh,away,canon,total_plays,53,52,-1,1,fumble_or_safety_swallows_scrimmage_type
401856790,2026,2,regular,UCF,Pittsburgh,away,canon,total_yards,206,215.0,9.0,9.0,fumble_or_safety_swallows_scrimmage_type
401856790,2026,2,regular,UCF,Pittsburgh,away,canon,rush_attempts,22,21,-1,1,fumble_or_safety_swallows_scrimmage_type
401856790,2026,2,regular,UCF,Pittsburgh,away,canon,rush_yards,20,29.0,9.0,9.0,fumble_or_safety_swallows_scrimmage_type
401858444,2026,2,regular,UConn,Maryland,home,canon,total_yards,223,224.0,1.0,1.0,fumble_or_safety_swallows_scrimmage_type
401858444,2026,2,regular,UConn,Maryland,home,canon,rush_yards,67,68.0,1.0,1.0,fumble_or_safety_swallows_scrimmage_type
401858444,2026,2,regular,UConn,Maryland,home,canon,turnovers,1,0,-1,1,no_play_penalty
401858444,2026,2,regular,UConn,Maryland,home,canon,fumbles_lost,1,0,-1,1,no_play_penalty
401858444,2026,2,regular,UConn,Maryland,home,canon,third_down_attempts,11,10,-1,1,no_play_penalty
401858216,2026,2,regular,Syracuse,California,home,canon,total_plays,86,85,-1,1,fumble_or_safety_swallows_scrimmage_type
401858216,2026,2,regular,Syracuse,California,home,canon,total_yards,436,437.0,1.0,1.0,fumble_or_safety_swallows_scrimmage_type
401858216,2026,2,regular,Syracuse,California,home,canon,pass_attempts,50,49,-1,1,fumble_or_safety_swallows_scrimmage_type
401858216,2026,2,regular,Syracuse,California,home,canon,completions,25,26,1,1,kneel_accounting
401858216,2026,2,regular,Syracuse,California,home,canon,rush_yards,118,119.0,1.0,1.0,fumble_or_safety_swallows_scrimmage_type
401858216,2026,2,regular,Syracuse,California,home,canon,turnovers,3,2,-1,1,kneel_accounting
401858216,2026,2,regular,Syracuse,California,home,canon,interceptions,3,2,-1,1,kneel_accounting
401858216,2026,2,regular,Syracuse,California,home,canon,third_down_attempts,17,15,-2,2,kneel_accounting
401858216,2026,2,regular,California,Syracuse,away,canon,third_down_attempts,12,13,1,1,kneel_accounting
401856785,2026,2,regular,Colorado,Weber State,home,canon,total_plays,73,72,-1,1,fumble_or_safety_swallows_scrimmage_type
401856785,2026,2,regular,Colorado,Weber State,home,canon,total_yards,578,585.0,7.0,7.0,fumble_or_safety_swallows_scrimmage_type
401856785,2026,2,regular,Colorado,Weber State,home,canon,pass_attempts,35,34,-1,1,fumble_or_safety_swallows_scrimmage_type
401856785,2026,2,regular,Colorado,Weber State,home,canon,completions,26,25,-1,1,kneel_accounting
401856785,2026,2,regular,Colorado,Weber State,home,canon,net_pass_yards,398,397.0,-1.0,1.0,fumble_or_safety_swallows_scrimmage_type
401856785,2026,2,regular,Colorado,Weber State,home,canon,rush_yards,180,188.0,8.0,8.0,fumble_or_safety_swallows_scrimmage_type
401856785,2026,2,regular,Colorado,Weber State,home,canon,turnovers,2,0,-2,2,kneel_accounting
401856785,2026,2,regular,Colorado,Weber State,home,canon,fumbles_lost,2,0,-2,2,kneel_accounting
401856785,2026,2,regular,Weber State,Colorado,away,canon,total_plays,81,80,-1,1,fumble_or_safety_swallows_scrimmage_type
401856785,2026,2,regular,Weber State,Colorado,away,canon,total_yards,372,365.0,-7.0,7.0,fumble_or_safety_swallows_scrimmage_type
401856785,2026,2,regular,Weber State,Colorado,away,canon,rush_attempts,29,28,-1,1,fumble_or_safety_swallows_scrimmage_type
401856785,2026,2,regular,Weber State,Colorado,away,canon,rush_yards,127,120.0,-7.0,7.0,fumble_or_safety_swallows_scrimmage_type
401856785,2026,2,regular,Weber State,Colorado,away,canon,turnovers,2,1,-1,1,kneel_accounting
401856785,2026,2,regular,Weber State,Colorado,away,canon,interceptions,1,0,-1,1,kneel_accounting
401856785,2026,2,regular,Weber State,Colorado,away,canon,third_down_attempts,17,16,-1,1,kneel_accounting
401856785,2026,2,regular,Weber State,Colorado,away,canon,third_down_conversions,8,7,-1,1,kneel_accounting
401856810,2026,2,regular,Arizona,BYU,away,canon,total_plays,62,61,-1,1,sack_accounting
401856810,2026,2,regular,Arizona,BYU,away,canon,pass_attempts,31,30,-1,1,sack_accounting
401856810,2026,2,regular,Arizona,BYU,away,canon,turnovers,1,0,-1,1,kneel_accounting
401856810,2026,2,regular,Arizona,BYU,away,canon,interceptions,1,0,-1,1,kneel_accounting
401856810,2026,2,regular,Arizona,BYU,away,canon,third_down_attempts,12,11,-1,1,kneel_accounting
401858440,2026,2,regular,Michigan State,Eastern Michigan,home,canon,total_yards,472,475.0,3.0,3.0,fumble_or_safety_swallows_scrimmage_type
401858440,2026,2,regular,Michigan State,Eastern Michigan,home,canon,rush_yards,258,261.0,3.0,3.0,fumble_or_safety_swallows_scrimmage_type
401858440,2026,2,regular,Michigan State,Eastern Michigan,home,canon,third_down_attempts,15,14,-1,1,no_play_penalty
401858440,2026,2,regular,Michigan State,Eastern Michigan,home,canon,third_down_conversions,10,9,-1,1,no_play_penalty
401858440,2026,2,regular,Michigan State,Eastern Michigan,home,canon,fourth_down_attempts,3,4,1,1,no_play_penalty
401858440,2026,2,regular,Eastern Michigan,Michigan State,away,canon,third_down_attempts,13,12,-1,1,no_play_penalty
401866412,2026,2,regular,Akron,Robert Morris,home,canon,total_plays,72,70,-2,2,fumble_or_safety_swallows_scrimmage_type
401866412,2026,2,regular,Akron,Robert Morris,home,canon,total_yards,523,518.0,-5.0,5.0,fumble_or_safety_swallows_scrimmage_type
401866412,2026,2,regular,Akron,Robert Morris,home,canon,rush_attempts,39,37,-2,2,fumble_or_safety_swallows_scrimmage_type
401866412,2026,2,regular,Akron,Robert Morris,home,canon,rush_yards,241,236.0,-5.0,5.0,fumble_or_safety_swallows_scrimmage_type
401866412,2026,2,regular,Akron,Robert Morris,home,canon,turnovers,1,0,-1,1,no_play_penalty
401866412,2026,2,regular,Akron,Robert Morris,home,canon,fumbles_lost,1,0,-1,1,no_play_penalty
401866412,2026,2,regular,Akron,Robert Morris,home,canon,third_down_attempts,11,10,-1,1,no_play_penalty
401866412,2026,2,regular,Robert Morris,Akron,away,canon,turnovers,2,1,-1,1,no_play_penalty
401866412,2026,2,regular,Robert Morris,Akron,away,canon,fumbles_lost,2,1,-1,1,no_play_penalty
401866412,2026,2,regular,Robert Morris,Akron,away,canon,third_down_attempts,12,11,-1,1,no_play_penalty
401862708,2026,2,regular,UAB,UL Monroe,home,canon,total_plays,68,67,-1,1,sack_accounting
401862708,2026,2,regular,UAB,UL Monroe,home,canon,pass_attempts,16,15,-1,1,sack_accounting
401862708,2026,2,regular,UAB,UL Monroe,home,canon,turnovers,2,0,-2,2,kneel_accounting
401862708,2026,2,regular,UAB,UL Monroe,home,canon,interceptions,1,0,-1,1,kneel_accounting
401862708,2026,2,regular,UAB,UL Monroe,home,canon,fumbles_lost,1,0,-1,1,kneel_accounting
401862708,2026,2,regular,UL Monroe,UAB,away,canon,total_plays,63,62,-1,1,sack_accounting
401862708,2026,2,regular,UL Monroe,UAB,away,canon,pass_attempts,20,19,-1,1,sack_accounting
401866420,2026,2,regular,Sacred Heart,Massachusetts,away,canon,total_plays,67,66,-1,1,fumble_or_safety_swallows_scrimmage_type
401866420,2026,2,regular,Sacred Heart,Massachusetts,away,canon,pass_attempts,25,24,-1,1,fumble_or_safety_swallows_scrimmage_type
401866420,2026,2,regular,Sacred Heart,Massachusetts,away,canon,third_down_attempts,13,11,-2,2,kneel_accounting
401866420,2026,2,regular,Sacred Heart,Massachusetts,away,canon,fourth_down_attempts,3,2,-1,1,kneel_accounting
401866420,2026,2,regular,Sacred Heart,Massachusetts,away,canon,fourth_down_conversions,2,1,-1,1,kneel_accounting
401858446,2026,2,regular,Washington,Utah State,home,canon,third_down_attempts,17,16,-1,1,spike_accounting
401858446,2026,2,regular,Utah State,Washington,away,canon,total_plays,58,56,-2,2,fumble_or_safety_swallows_scrimmage_type
401858446,2026,2,regular,Utah State,Washington,away,canon,pass_attempts,29,27,-2,2,fumble_or_safety_swallows_scrimmage_type
401858446,2026,2,regular,Utah State,Washington,away,canon,turnovers,3,1,-2,2,spike_accounting
401858446,2026,2,regular,Utah State,Washington,away,canon,interceptions,3,1,-2,2,spike_accounting
401866419,2026,2,regular,Toledo,Central Connecticut,home,canon,turnovers,2,1,-1,1,kneel_accounting
401866419,2026,2,regular,Toledo,Central Connecticut,home,canon,fumbles_lost,1,0,-1,1,kneel_accounting
401866419,2026,2,regular,Toledo,Central Connecticut,home,canon,third_down_attempts,13,15,2,2,kneel_accounting
401866419,2026,2,regular,Toledo,Central Connecticut,home,canon,third_down_conversions,8,9,1,1,kneel_accounting
401866419,2026,2,regular,Central Connecticut,Toledo,away,canon,turnovers,1,2,1,1,kneel_accounting
401866419,2026,2,regular,Central Connecticut,Toledo,away,canon,fumbles_lost,0,1,1,1,kneel_accounting
401859184,2026,2,regular,Rice,Notre Dame,away,canon,total_plays,46,45,-1,1,fumble_or_safety_swallows_scrimmage_type
401859184,2026,2,regular,Rice,Notre Dame,away,canon,total_yards,128,129.0,1.0,1.0,fumble_or_safety_swallows_scrimmage_type
401859184,2026,2,regular,Rice,Notre Dame,away,canon,rush_attempts,34,33,-1,1,fumble_or_safety_swallows_scrimmage_type
401859184,2026,2,regular,Rice,Notre Dame,away,canon,rush_yards,64,65.0,1.0,1.0,fumble_or_safety_swallows_scrimmage_type
401859184,2026,2,regular,Rice,Notre Dame,away,canon,third_down_attempts,12,10,-2,2,no_play_penalty
401860884,2026,2,regular,Texas State,UTSA,home,canon,total_plays,80,78,-2,2,fumble_or_safety_swallows_scrimmage_type
401860884,2026,2,regular,Texas State,UTSA,home,canon,total_yards,481,496.0,15.0,15.0,fumble_or_safety_swallows_scrimmage_type
401860884,2026,2,regular,Texas State,UTSA,home,canon,pass_attempts,30,29,-1,1,fumble_or_safety_swallows_scrimmage_type
401860884,2026,2,regular,Texas State,UTSA,home,canon,net_pass_yards,192,218.0,26.0,26.0,fumble_or_safety_swallows_scrimmage_type
401860884,2026,2,regular,Texas State,UTSA,home,canon,rush_attempts,50,49,-1,1,fumble_or_safety_swallows_scrimmage_type
401860884,2026,2,regular,Texas State,UTSA,home,canon,rush_yards,289,278.0,-11.0,11.0,fumble_or_safety_swallows_scrimmage_type
401860884,2026,2,regular,Texas State,UTSA,home,canon,turnovers,3,2,-1,1,no_play_penalty
401860884,2026,2,regular,Texas State,UTSA,home,canon,interceptions,2,1,-1,1,no_play_penalty
401860884,2026,2,regular,Texas State,UTSA,home,canon,third_down_attempts,17,15,-2,2,no_play_penalty
401858217,2026,2,regular,Illinois,Duke,home,canon,total_plays,68,67,-1,1,fumble_or_safety_swallows_scrimmage_type
401858217,2026,2,regular,Illinois,Duke,home,canon,pass_attempts,36,35,-1,1,fumble_or_safety_swallows_scrimmage_type
401858217,2026,2,regular,Illinois,Duke,home,canon,third_down_attempts,12,11,-1,1,kneel_accounting
401858217,2026,2,regular,Duke,Illinois,away,canon,total_plays,57,56,-1,1,fumble_or_safety_swallows_scrimmage_type
401858217,2026,2,regular,Duke,Illinois,away,canon,total_yards,376,373.0,-3.0,3.0,fumble_or_safety_swallows_scrimmage_type
401858217,2026,2,regular,Duke,Illinois,away,canon,pass_attempts,22,21,-1,1,fumble_or_safety_swallows_scrimmage_type
401858217,2026,2,regular,Duke,Illinois,away,canon,completions,15,14,-1,1,kneel_accounting
401858217,2026,2,regular,Duke,Illinois,away,canon,net_pass_yards,206,203.0,-3.0,3.0,fumble_or_safety_swallows_scrimmage_type
401862705,2026,2,regular,North Texas,UNLV,home,canon,total_yards,444,447.0,3.0,3.0,fumble_or_safety_swallows_scrimmage_type
401862705,2026,2,regular,North Texas,UNLV,home,canon,rush_yards,183,186.0,3.0,3.0,fumble_or_safety_swallows_scrimmage_type
401862705,2026,2,regular,UNLV,North Texas,away,canon,turnovers,4,2,-2,2,kneel_accounting
401862705,2026,2,regular,UNLV,North Texas,away,canon,interceptions,1,0,-1,1,kneel_accounting
401862705,2026,2,regular,UNLV,North Texas,away,canon,fumbles_lost,3,2,-1,1,kneel_accounting
401862705,2026,2,regular,UNLV,North Texas,away,canon,third_down_attempts,17,16,-1,1,kneel_accounting
401864506,2026,2,regular,Wyoming,Northern Colorado,home,canon,total_yards,304,313.0,9.0,9.0,fumble_or_safety_swallows_scrimmage_type
401864506,2026,2,regular,Wyoming,Northern Colorado,home,canon,rush_yards,155,164.0,9.0,9.0,fumble_or_safety_swallows_scrimmage_type
401864506,2026,2,regular,Wyoming,Northern Colorado,home,canon,turnovers,2,1,-1,1,kneel_accounting
401864506,2026,2,regular,Wyoming,Northern Colorado,home,canon,fumbles_lost,2,1,-1,1,kneel_accounting
401864506,2026,2,regular,Wyoming,Northern Colorado,home,canon,third_down_attempts,12,11,-1,1,kneel_accounting
401864506,2026,2,regular,Wyoming,Northern Colorado,home,canon,third_down_conversions,5,6,1,1,kneel_accounting
401864506,2026,2,regular,Wyoming,Northern Colorado,home,canon,fourth_down_attempts,1,0,-1,1,kneel_accounting
401864506,2026,2,regular,Wyoming,Northern Colorado,home,canon,fourth_down_conversions,1,0,-1,1,kneel_accounting
401864506,2026,2,regular,Northern Colorado,Wyoming,away,canon,total_yards,345,346.0,1.0,1.0,fumble_or_safety_swallows_scrimmage_type
401864506,2026,2,regular,Northern Colorado,Wyoming,away,canon,rush_yards,139,140.0,1.0,1.0,fumble_or_safety_swallows_scrimmage_type
401864506,2026,2,regular,Northern Colorado,Wyoming,away,canon,turnovers,2,1,-1,1,kneel_accounting
401864506,2026,2,regular,Northern Colorado,Wyoming,away,canon,interceptions,2,1,-1,1,kneel_accounting
401865252,2026,2,regular,New Mexico,Mercyhurst,home,canon,turnovers,0,1,1,1,no_play_penalty
401865252,2026,2,regular,New Mexico,Mercyhurst,home,canon,fumbles_lost,0,1,1,1,no_play_penalty
401865252,2026,2,regular,New Mexico,Mercyhurst,home,canon,third_down_attempts,13,12,-1,1,no_play_penalty
401865252,2026,2,regular,Mercyhurst,New Mexico,away,canon,total_plays,55,52,-3,3,fumble_or_safety_swallows_scrimmage_type
401865252,2026,2,regular,Mercyhurst,New Mexico,away,canon,pass_attempts,27,24,-3,3,fumble_or_safety_swallows_scrimmage_type
401865252,2026,2,regular,Mercyhurst,New Mexico,away,canon,turnovers,6,3,-3,3,no_play_penalty
401865252,2026,2,regular,Mercyhurst,New Mexico,away,canon,interceptions,4,3,-1,1,no_play_penalty
401865252,2026,2,regular,Mercyhurst,New Mexico,away,canon,fumbles_lost,2,0,-2,2,no_play_penalty
401865252,2026,2,regular,Mercyhurst,New Mexico,away,canon,third_down_attempts,13,11,-2,2,no_play_penalty
401868326,2026,2,regular,Alabama State,Troy,away,canon,total_plays,58,60,2,2,fumble_or_safety_swallows_scrimmage_type
401868326,2026,2,regular,Alabama State,Troy,away,canon,total_yards,221,217.0,-4.0,4.0,fumble_or_safety_swallows_scrimmage_type
401868326,2026,2,regular,Alabama State,Troy,away,canon,pass_attempts,24,25,1,1,fumble_or_safety_swallows_scrimmage_type
401868326,2026,2,regular,Alabama State,Troy,away,canon,rush_attempts,34,35,1,1,fumble_or_safety_swallows_scrimmage_type
401868326,2026,2,regular,Alabama State,Troy,away,canon,rush_yards,116,112.0,-4.0,4.0,fumble_or_safety_swallows_scrimmage_type
401868326,2026,2,regular,Alabama State,Troy,away,canon,turnovers,1,0,-1,1,kneel_accounting
401868326,2026,2,regular,Alabama State,Troy,away,canon,fumbles_lost,1,0,-1,1,kneel_accounting
401858223,2026,2,regular,SMU,UC Davis,home,canon,total_plays,56,55,-1,1,fumble_or_safety_swallows_scrimmage_type
401858223,2026,2,regular,SMU,UC Davis,home,canon,rush_attempts,24,23,-1,1,fumble_or_safety_swallows_scrimmage_type
401858223,2026,2,regular,UC Davis,SMU,away,canon,third_down_attempts,13,14,1,1,kneel_accounting
401858223,2026,2,regular,UC Davis,SMU,away,canon,fourth_down_conversions,2,1,-1,1,kneel_accounting
401856684,2026,2,regular,Vanderbilt,Delaware,home,canon,total_plays,69,68,-1,1,fumble_or_safety_swallows_scrimmage_type
401856684,2026,2,regular,Vanderbilt,Delaware,home,canon,total_yards,339,346.0,7.0,7.0,fumble_or_safety_swallows_scrimmage_type
401856684,2026,2,regular,Vanderbilt,Delaware,home,canon,rush_attempts,38,37,-1,1,fumble_or_safety_swallows_scrimmage_type
401856684,2026,2,regular,Vanderbilt,Delaware,home,canon,rush_yards,100,107.0,7.0,7.0,fumble_or_safety_swallows_scrimmage_type
401856684,2026,2,regular,Delaware,Vanderbilt,away,canon,total_plays,68,66,-2,2,fumble_or_safety_swallows_scrimmage_type
401856684,2026,2,regular,Delaware,Vanderbilt,away,canon,pass_attempts,32,30,-2,2,fumble_or_safety_swallows_scrimmage_type
401856684,2026,2,regular,Delaware,Vanderbilt,away,canon,turnovers,2,0,-2,2,kneel_accounting
401856684,2026,2,regular,Delaware,Vanderbilt,away,canon,interceptions,2,0,-2,2,kneel_accounting
401856672,2026,2,regular,Florida,Campbell,home,canon,turnovers,2,1,-1,1,no_play_penalty
401856672,2026,2,regular,Florida,Campbell,home,canon,fumbles_lost,1,0,-1,1,no_play_penalty
401856672,2026,2,regular,Campbell,Florida,away,canon,total_yards,210,195.0,-15.0,15.0,fumble_or_safety_swallows_scrimmage_type
401856672,2026,2,regular,Campbell,Florida,away,canon,net_pass_yards,148,133.0,-15.0,15.0,fumble_or_safety_swallows_scrimmage_type
401856672,2026,2,regular,Campbell,Florida,away,canon,third_down_attempts,18,17,-1,1,no_play_penalty
401860881,2026,2,regular,Memphis,Boise State,away,canon,total_plays,52,51,-1,1,sack_accounting
401860881,2026,2,regular,Memphis,Boise State,away,canon,pass_attempts,26,25,-1,1,sack_accounting
401860881,2026,2,regular,Memphis,Boise State,away,canon,turnovers,1,0,-1,1,kneel_accounting
401860881,2026,2,regular,Memphis,Boise State,away,canon,interceptions,1,0,-1,1,kneel_accounting
401866418,2026,2,regular,Jacksonville State,Ohio,away,canon,turnovers,1,0,-1,1,kneel_accounting
401866418,2026,2,regular,Jacksonville State,Ohio,away,canon,fumbles_lost,1,0,-1,1,kneel_accounting
401866414,2026,2,regular,Florida International,Buffalo,home,canon,total_plays,76,80,4,4,fumble_or_safety_swallows_scrimmage_type
401866414,2026,2,regular,Florida International,Buffalo,home,canon,total_yards,540,543.0,3.0,3.0,fumble_or_safety_swallows_scrimmage_type
401866414,2026,2,regular,Florida International,Buffalo,home,canon,pass_attempts,37,38,1,1,fumble_or_safety_swallows_scrimmage_type
401866414,2026,2,regular,Florida International,Buffalo,home,canon,rush_attempts,39,42,3,3,fumble_or_safety_swallows_scrimmage_type
401866414,2026,2,regular,Florida International,Buffalo,home,canon,rush_yards,154,157.0,3.0,3.0,fumble_or_safety_swallows_scrimmage_type
401866414,2026,2,regular,Buffalo,Florida International,away,canon,total_plays,66,67,1,1,fumble_or_safety_swallows_scrimmage_type
401866414,2026,2,regular,Buffalo,Florida International,away,canon,total_yards,308,309.0,1.0,1.0,fumble_or_safety_swallows_scrimmage_type
401866414,2026,2,regular,Buffalo,Florida International,away,canon,completions,22,23,1,1,no_play_penalty
401866414,2026,2,regular,Buffalo,Florida International,away,canon,net_pass_yards,249,248.0,-1.0,1.0,fumble_or_safety_swallows_scrimmage_type
401866414,2026,2,regular,Buffalo,Florida International,away,canon,rush_attempts,25,26,1,1,fumble_or_safety_swallows_scrimmage_type
401866414,2026,2,regular,Buffalo,Florida International,away,canon,rush_yards,59,61.0,2.0,2.0,fumble_or_safety_swallows_scrimmage_type
401866414,2026,2,regular,Buffalo,Florida International,away,canon,turnovers,3,1,-2,2,no_play_penalty
401866414,2026,2,regular,Buffalo,Florida International,away,canon,fumbles_lost,2,0,-2,2,no_play_penalty
401866414,2026,2,regular,Buffalo,Florida International,away,canon,third_down_attempts,17,16,-1,1,no_play_penalty
401866421,2026,2,regular,Monmouth,Western Michigan,away,canon,turnovers,2,1,-1,1,kneel_accounting
401866421,2026,2,regular,Monmouth,Western Michigan,away,canon,fumbles_lost,2,1,-1,1,kneel_accounting
401864503,2026,2,regular,Northern Illinois,Illinois State,home,canon,total_plays,66,65,-1,1,sack_accounting
401864503,2026,2,regular,Northern Illinois,Illinois State,home,canon,pass_attempts,30,29,-1,1,sack_accounting
401864503,2026,2,regular,Northern Illinois,Illinois State,home,canon,turnovers,2,0,-2,2,kneel_accounting
401864503,2026,2,regular,Northern Illinois,Illinois State,home,canon,interceptions,2,0,-2,2,kneel_accounting
401864503,2026,2,regular,Illinois State,Northern Illinois,away,canon,total_plays,63,62,-1,1,sack_accounting
401864503,2026,2,regular,Illinois State,Northern Illinois,away,canon,pass_attempts,27,26,-1,1,sack_accounting
401864503,2026,2,regular,Illinois State,Northern Illinois,away,canon,turnovers,2,1,-1,1,kneel_accounting
401864503,2026,2,regular,Illinois State,Northern Illinois,away,canon,interceptions,2,1,-1,1,kneel_accounting
401856787,2026,2,regular,Southern,Houston,away,canon,total_plays,42,41,-1,1,fumble_or_safety_swallows_scrimmage_type
401856787,2026,2,regular,Southern,Houston,away,canon,total_yards,121,129.0,8.0,8.0,fumble_or_safety_swallows_scrimmage_type
401856787,2026,2,regular,Southern,Houston,away,canon,rush_attempts,22,21,-1,1,fumble_or_safety_swallows_scrimmage_type
401856787,2026,2,regular,Southern,Houston,away,canon,rush_yards,-6,2.0,8.0,8.0,fumble_or_safety_swallows_scrimmage_type
401856787,2026,2,regular,Southern,Houston,away,canon,turnovers,3,2,-1,1,no_play_penalty
401856787,2026,2,regular,Southern,Houston,away,canon,fumbles_lost,2,1,-1,1,no_play_penalty
401856787,2026,2,regular,Southern,Houston,away,canon,third_down_attempts,13,10,-3,3,no_play_penalty
401871046,2026,2,regular,Missouri State,Lindenwood,home,canon,third_down_attempts,13,14,1,1,kneel_accounting
401871046,2026,2,regular,Lindenwood,Missouri State,away,canon,third_down_attempts,13,12,-1,1,kneel_accounting
401871045,2026,2,regular,Marshall,Middle Tennessee,home,canon,total_plays,61,60,-1,1,fumble_or_safety_swallows_scrimmage_type
401871045,2026,2,regular,Marshall,Middle Tennessee,home,canon,total_yards,310,328.0,18.0,18.0,fumble_or_safety_swallows_scrimmage_type
401871045,2026,2,regular,Marshall,Middle Tennessee,home,canon,rush_attempts,38,37,-1,1,fumble_or_safety_swallows_scrimmage_type
401871045,2026,2,regular,Marshall,Middle Tennessee,home,canon,rush_yards,129,147.0,18.0,18.0,fumble_or_safety_swallows_scrimmage_type
401871045,2026,2,regular,Marshall,Middle Tennessee,home,canon,turnovers,1,0,-1,1,kneel_accounting
401871045,2026,2,regular,Marshall,Middle Tennessee,home,canon,fumbles_lost,1,0,-1,1,kneel_accounting
401871045,2026,2,regular,Marshall,Middle Tennessee,home,canon,third_down_conversions,4,3,-1,1,kneel_accounting
401871045,2026,2,regular,Middle Tennessee,Marshall,away,canon,total_plays,69,68,-1,1,fumble_or_safety_swallows_scrimmage_type
401871045,2026,2,regular,Middle Tennessee,Marshall,away,canon,pass_attempts,47,46,-1,1,fumble_or_safety_swallows_scrimmage_type
401871045,2026,2,regular,Middle Tennessee,Marshall,away,canon,turnovers,1,2,1,1,kneel_accounting
401871045,2026,2,regular,Middle Tennessee,Marshall,away,canon,fumbles_lost,0,1,1,1,kneel_accounting
401856680,2026,2,regular,South Carolina,Towson,home,canon,total_yards,502,503.0,1.0,1.0,fumble_or_safety_swallows_scrimmage_type
401856680,2026,2,regular,South Carolina,Towson,home,canon,rush_yards,405,406.0,1.0,1.0,fumble_or_safety_swallows_scrimmage_type
401856680,2026,2,regular,South Carolina,Towson,home,canon,turnovers,2,0,-2,2,kneel_accounting
401856680,2026,2,regular,South Carolina,Towson,home,canon,interceptions,1,0,-1,1,kneel_accounting
401856680,2026,2,regular,South Carolina,Towson,home,canon,fumbles_lost,1,0,-1,1,kneel_accounting
401856680,2026,2,regular,South Carolina,Towson,home,canon,third_down_attempts,14,13,-1,1,kneel_accounting
401856680,2026,2,regular,South Carolina,Towson,home,canon,third_down_conversions,7,6,-1,1,kneel_accounting
401856680,2026,2,regular,Towson,South Carolina,away,canon,total_yards,203,200.0,-3.0,3.0,fumble_or_safety_swallows_scrimmage_type
401856680,2026,2,regular,Towson,South Carolina,away,canon,rush_yards,21,18.0,-3.0,3.0,fumble_or_safety_swallows_scrimmage_type
401858441,2026,2,regular,Nebraska,Bowling Green,home,canon,total_plays,66,65,-1,1,fumble_or_safety_swallows_scrimmage_type
401858441,2026,2,regular,Nebraska,Bowling Green,home,canon,total_yards,546,533.0,-13.0,13.0,fumble_or_safety_swallows_scrimmage_type
401858441,2026,2,regular,Nebraska,Bowling Green,home,canon,rush_attempts,34,33,-1,1,fumble_or_safety_swallows_scrimmage_type
401858441,2026,2,regular,Nebraska,Bowling Green,home,canon,rush_yards,264,251.0,-13.0,13.0,fumble_or_safety_swallows_scrimmage_type
401858441,2026,2,regular,Bowling Green,Nebraska,away,canon,total_plays,48,46,-2,2,fumble_or_safety_swallows_scrimmage_type
401858441,2026,2,regular,Bowling Green,Nebraska,away,canon,total_yards,169,206.0,37.0,37.0,fumble_or_safety_swallows_scrimmage_type
401858441,2026,2,regular,Bowling Green,Nebraska,away,canon,pass_attempts,16,15,-1,1,fumble_or_safety_swallows_scrimmage_type
401858441,2026,2,regular,Bowling Green,Nebraska,away,canon,rush_attempts,32,31,-1,1,fumble_or_safety_swallows_scrimmage_type
401858441,2026,2,regular,Bowling Green,Nebraska,away,canon,rush_yards,85,122.0,37.0,37.0,fumble_or_safety_swallows_scrimmage_type
401858441,2026,2,regular,Bowling Green,Nebraska,away,canon,turnovers,2,1,-1,1,no_play_penalty
401858441,2026,2,regular,Bowling Green,Nebraska,away,canon,fumbles_lost,1,0,-1,1,no_play_penalty
401858441,2026,2,regular,Bowling Green,Nebraska,away,canon,third_down_attempts,12,9,-3,3,no_play_penalty
401856681,2026,2,regular,Georgia Tech,Tennessee,home,canon,total_plays,71,69,-2,2,sack_accounting
401856681,2026,2,regular,Georgia Tech,Tennessee,home,canon,pass_attempts,40,38,-2,2,sack_accounting
401856681,2026,2,regular,Georgia Tech,Tennessee,home,canon,turnovers,2,1,-1,1,no_play_penalty
401856681,2026,2,regular,Georgia Tech,Tennessee,home,canon,interceptions,2,1,-1,1,no_play_penalty
401856786,2026,2,regular,Cincinnati,Western Carolina,home,canon,total_plays,80,78,-2,2,fumble_or_safety_swallows_scrimmage_type
401856786,2026,2,regular,Cincinnati,Western Carolina,home,canon,total_yards,690,683.0,-7.0,7.0,fumble_or_safety_swallows_scrimmage_type
401856786,2026,2,regular,Cincinnati,Western Carolina,home,canon,pass_attempts,31,30,-1,1,fumble_or_safety_swallows_scrimmage_type
401856786,2026,2,regular,Cincinnati,Western Carolina,home,canon,completions,28,27,-1,1,no_play_penalty
401856786,2026,2,regular,Cincinnati,Western Carolina,home,canon,net_pass_yards,272,268.0,-4.0,4.0,fumble_or_safety_swallows_scrimmage_type
401856786,2026,2,regular,Cincinnati,Western Carolina,home,canon,rush_attempts,49,48,-1,1,fumble_or_safety_swallows_scrimmage_type
401856786,2026,2,regular,Cincinnati,Western Carolina,home,canon,rush_yards,418,415.0,-3.0,3.0,fumble_or_safety_swallows_scrimmage_type
401862707,2026,2,regular,Sam Houston,Tulsa,home,canon,total_plays,66,64,-2,2,fumble_or_safety_swallows_scrimmage_type
401862707,2026,2,regular,Sam Houston,Tulsa,home,canon,total_yards,371,379.0,8.0,8.0,fumble_or_safety_swallows_scrimmage_type
401862707,2026,2,regular,Sam Houston,Tulsa,home,canon,rush_attempts,31,29,-2,2,fumble_or_safety_swallows_scrimmage_type
401862707,2026,2,regular,Sam Houston,Tulsa,home,canon,rush_yards,55,63.0,8.0,8.0,fumble_or_safety_swallows_scrimmage_type
401862707,2026,2,regular,Sam Houston,Tulsa,home,canon,turnovers,1,0,-1,1,kneel_accounting
401862707,2026,2,regular,Sam Houston,Tulsa,home,canon,fumbles_lost,1,0,-1,1,kneel_accounting
401862707,2026,2,regular,Sam Houston,Tulsa,home,canon,third_down_attempts,13,14,1,1,kneel_accounting
401862707,2026,2,regular,Sam Houston,Tulsa,home,canon,fourth_down_attempts,2,1,-1,1,kneel_accounting
401869955,2026,2,regular,Kennesaw State,Georgia State,home,canon,turnovers,1,2,1,1,kneel_accounting
401869955,2026,2,regular,Kennesaw State,Georgia State,home,canon,fumbles_lost,0,1,1,1,kneel_accounting
401869955,2026,2,regular,Georgia State,Kennesaw State,away,canon,total_plays,70,69,-1,1,fumble_or_safety_swallows_scrimmage_type
401869955,2026,2,regular,Georgia State,Kennesaw State,away,canon,total_yards,483,482.0,-1.0,1.0,fumble_or_safety_swallows_scrimmage_type
401869955,2026,2,regular,Georgia State,Kennesaw State,away,canon,rush_attempts,47,46,-1,1,fumble_or_safety_swallows_scrimmage_type
401869955,2026,2,regular,Georgia State,Kennesaw State,away,canon,rush_yards,230,229.0,-1.0,1.0,fumble_or_safety_swallows_scrimmage_type
401869955,2026,2,regular,Georgia State,Kennesaw State,away,canon,turnovers,2,1,-1,1,kneel_accounting
401869955,2026,2,regular,Georgia State,Kennesaw State,away,canon,fumbles_lost,1,0,-1,1,kneel_accounting
401860882,2026,2,regular,Colorado State,Southern Utah,home,canon,turnovers,1,2,1,1,kneel_accounting
401860882,2026,2,regular,Colorado State,Southern Utah,home,canon,fumbles_lost,0,1,1,1,kneel_accounting
401860882,2026,2,regular,Southern Utah,Colorado State,away,canon,total_plays,64,63,-1,1,fumble_or_safety_swallows_scrimmage_type
401860882,2026,2,regular,Southern Utah,Colorado State,away,canon,total_yards,442,450.0,8.0,8.0,fumble_or_safety_swallows_scrimmage_type
401860882,2026,2,regular,Southern Utah,Colorado State,away,canon,pass_attempts,25,24,-1,1,fumble_or_safety_swallows_scrimmage_type
401860882,2026,2,regular,Southern Utah,Colorado State,away,canon,rush_yards,206,214.0,8.0,8.0,fumble_or_safety_swallows_scrimmage_type
401860882,2026,2,regular,Southern Utah,Colorado State,away,canon,turnovers,4,3,-1,1,kneel_accounting
401860882,2026,2,regular,Southern Utah,Colorado State,away,canon,fumbles_lost,2,1,-1,1,kneel_accounting
401860882,2026,2,regular,Southern Utah,Colorado State,away,canon,third_down_attempts,14,13,-1,1,kneel_accounting
401868241,2026,2,regular,Arkansas State,West Georgia,home,canon,total_plays,57,56,-1,1,fumble_or_safety_swallows_scrimmage_type
401868241,2026,2,regular,Arkansas State,West Georgia,home,canon,total_yards,391,398.0,7.0,7.0,fumble_or_safety_swallows_scrimmage_type
401868241,2026,2,regular,Arkansas State,West Georgia,home,canon,rush_attempts,40,39,-1,1,fumble_or_safety_swallows_scrimmage_type
401868241,2026,2,regular,Arkansas State,West Georgia,home,canon,rush_yards,256,263.0,7.0,7.0,fumble_or_safety_swallows_scrimmage_type
401868241,2026,2,regular,Arkansas State,West Georgia,home,canon,turnovers,1,0,-1,1,spike_accounting
401868241,2026,2,regular,Arkansas State,West Georgia,home,canon,fumbles_lost,1,0,-1,1,spike_accounting
401868241,2026,2,regular,West Georgia,Arkansas State,away,canon,total_plays,58,55,-3,3,fumble_or_safety_swallows_scrimmage_type
401868241,2026,2,regular,West Georgia,Arkansas State,away,canon,total_yards,246,240.0,-6.0,6.0,fumble_or_safety_swallows_scrimmage_type
401868241,2026,2,regular,West Georgia,Arkansas State,away,canon,pass_attempts,34,31,-3,3,fumble_or_safety_swallows_scrimmage_type
401868241,2026,2,regular,West Georgia,Arkansas State,away,canon,completions,19,17,-2,2,spike_accounting
401868241,2026,2,regular,West Georgia,Arkansas State,away,canon,net_pass_yards,174,168.0,-6.0,6.0,fumble_or_safety_swallows_scrimmage_type
401868241,2026,2,regular,West Georgia,Arkansas State,away,canon,turnovers,4,0,-4,4,spike_accounting
401868241,2026,2,regular,West Georgia,Arkansas State,away,canon,interceptions,2,0,-2,2,spike_accounting
401868241,2026,2,regular,West Georgia,Arkansas State,away,canon,fumbles_lost,2,0,-2,2,spike_accounting
401868241,2026,2,regular,West Georgia,Arkansas State,away,canon,third_down_attempts,15,14,-1,1,spike_accounting
401864575,2026,2,regular,Tulane,South Alabama,home,canon,total_yards,424,432.0,8.0,8.0,fumble_or_safety_swallows_scrimmage_type
401864575,2026,2,regular,Tulane,South Alabama,home,canon,rush_yards,212,220.0,8.0,8.0,fumble_or_safety_swallows_scrimmage_type
401864575,2026,2,regular,South Alabama,Tulane,away,canon,third_down_conversions,10,9,-1,1,kneel_accounting
401864575,2026,2,regular,South Alabama,Tulane,away,canon,fourth_down_attempts,2,3,1,1,kneel_accounting
401864575,2026,2,regular,South Alabama,Tulane,away,canon,fourth_down_conversions,0,1,1,1,kneel_accounting
401858443,2026,2,regular,UCLA,San Diego State,home,canon,total_plays,66,65,-1,1,sack_accounting
401858443,2026,2,regular,UCLA,San Diego State,home,canon,pass_attempts,23,22,-1,1,sack_accounting
401858443,2026,2,regular,UCLA,San Diego State,home,canon,third_down_attempts,11,10,-1,1,kneel_accounting
401858443,2026,2,regular,San Diego State,UCLA,away,canon,total_plays,56,55,-1,1,sack_accounting
401858443,2026,2,regular,San Diego State,UCLA,away,canon,pass_attempts,18,17,-1,1,sack_accounting
401858443,2026,2,regular,San Diego State,UCLA,away,canon,third_down_attempts,12,11,-1,1,kneel_accounting
401856682,2026,2,regular,Texas,Ohio State,home,canon,total_plays,78,77,-1,1,fumble_or_safety_swallows_scrimmage_type
401856682,2026,2,regular,Texas,Ohio State,home,canon,pass_attempts,37,36,-1,1,fumble_or_safety_swallows_scrimmage_type
401856682,2026,2,regular,Texas,Ohio State,home,canon,turnovers,2,1,-1,1,kneel_accounting
401856682,2026,2,regular,Texas,Ohio State,home,canon,fumbles_lost,1,0,-1,1,kneel_accounting
401856682,2026,2,regular,Texas,Ohio State,home,canon,third_down_attempts,16,15,-1,1,kneel_accounting
401856682,2026,2,regular,Texas,Ohio State,home,canon,third_down_conversions,9,8,-1,1,kneel_accounting
401856682,2026,2,regular,Ohio State,Texas,away,canon,turnovers,1,0,-1,1,kneel_accounting
401856682,2026,2,regular,Ohio State,Texas,away,canon,interceptions,1,0,-1,1,kneel_accounting
401868008,2026,2,regular,Coastal Carolina,Fordham,home,canon,third_down_attempts,13,14,1,1,no_play_penalty
401868008,2026,2,regular,Fordham,Coastal Carolina,away,canon,total_yards,215,221.0,6.0,6.0,fumble_or_safety_swallows_scrimmage_type
401868008,2026,2,regular,Fordham,Coastal Carolina,away,canon,rush_yards,114,120.0,6.0,6.0,fumble_or_safety_swallows_scrimmage_type
401868008,2026,2,regular,Fordham,Coastal Carolina,away,canon,turnovers,4,1,-3,3,no_play_penalty
401868008,2026,2,regular,Fordham,Coastal Carolina,away,canon,interceptions,3,1,-2,2,no_play_penalty
401868008,2026,2,regular,Fordham,Coastal Carolina,away,canon,fumbles_lost,1,0,-1,1,no_play_penalty
401867796,2026,2,regular,LSU,Louisiana Tech,home,canon,total_plays,85,81,-4,4,fumble_or_safety_swallows_scrimmage_type
401867796,2026,2,regular,LSU,Louisiana Tech,home,canon,total_yards,528,524.0,-4.0,4.0,fumble_or_safety_swallows_scrimmage_type
401867796,2026,2,regular,LSU,Louisiana Tech,home,canon,pass_attempts,41,38,-3,3,fumble_or_safety_swallows_scrimmage_type
401867796,2026,2,regular,LSU,Louisiana Tech,home,canon,net_pass_yards,381,404.0,23.0,23.0,fumble_or_safety_swallows_scrimmage_type
401867796,2026,2,regular,LSU,Louisiana Tech,home,canon,rush_attempts,44,43,-1,1,fumble_or_safety_swallows_scrimmage_type
401867796,2026,2,regular,LSU,Louisiana Tech,home,canon,rush_yards,147,120.0,-27.0,27.0,fumble_or_safety_swallows_scrimmage_type
401867796,2026,2,regular,LSU,Louisiana Tech,home,canon,turnovers,4,2,-2,2,no_play_penalty
401867796,2026,2,regular,LSU,Louisiana Tech,home,canon,interceptions,3,1,-2,2,no_play_penalty
401867796,2026,2,regular,LSU,Louisiana Tech,home,canon,third_down_attempts,17,15,-2,2,no_play_penalty
401867796,2026,2,regular,Louisiana Tech,LSU,away,canon,total_plays,55,54,-1,1,fumble_or_safety_swallows_scrimmage_type
401867796,2026,2,regular,Louisiana Tech,LSU,away,canon,pass_attempts,24,23,-1,1,fumble_or_safety_swallows_scrimmage_type
401867796,2026,2,regular,Louisiana Tech,LSU,away,canon,turnovers,3,2,-1,1,no_play_penalty
401867796,2026,2,regular,Louisiana Tech,LSU,away,canon,interceptions,1,0,-1,1,no_play_penalty
401867796,2026,2,regular,Louisiana Tech,LSU,away,canon,third_down_attempts,14,12,-2,2,no_play_penalty
401862703,2026,2,regular,Florida Atlantic,Navy,home,canon,total_yards,428,483.0,55.0,55.0,fumble_or_safety_swallows_scrimmage_type
401862703,2026,2,regular,Florida Atlantic,Navy,home,canon,pass_attempts,33,34,1,1,fumble_or_safety_swallows_scrimmage_type
401862703,2026,2,regular,Florida Atlantic,Navy,home,canon,completions,27,28,1,1,kneel_accounting
401862703,2026,2,regular,Florida Atlantic,Navy,home,canon,net_pass_yards,386,391.0,5.0,5.0,fumble_or_safety_swallows_scrimmage_type
401862703,2026,2,regular,Florida Atlantic,Navy,home,canon,rush_attempts,44,43,-1,1,fumble_or_safety_swallows_scrimmage_type
401862703,2026,2,regular,Florida Atlantic,Navy,home,canon,rush_yards,42,92.0,50.0,50.0,fumble_or_safety_swallows_scrimmage_type
401862703,2026,2,regular,Florida Atlantic,Navy,home,canon,fourth_down_attempts,3,2,-1,1,kneel_accounting
401862703,2026,2,regular,Navy,Florida Atlantic,away,canon,total_plays,59,56,-3,3,fumble_or_safety_swallows_scrimmage_type
401862703,2026,2,regular,Navy,Florida Atlantic,away,canon,pass_attempts,23,20,-3,3,fumble_or_safety_swallows_scrimmage_type
401858219,2026,2,regular,Clemson,Georgia Southern,home,canon,third_down_attempts,14,13,-1,1,kneel_accounting
401858219,2026,2,regular,Georgia Southern,Clemson,away,canon,turnovers,1,0,-1,1,kneel_accounting
401858219,2026,2,regular,Georgia Southern,Clemson,away,canon,fumbles_lost,1,0,-1,1,kneel_accounting
401856783,2026,2,regular,Oregon State,Texas Tech,home,canon,total_plays,71,70,-1,1,fumble_or_safety_swallows_scrimmage_type
401856783,2026,2,regular,Oregon State,Texas Tech,home,canon,pass_attempts,52,51,-1,1,fumble_or_safety_swallows_scrimmage_type
401856783,2026,2,regular,Oregon State,Texas Tech,home,canon,third_down_attempts,15,14,-1,1,no_play_penalty
401856783,2026,2,regular,Texas Tech,Oregon State,away,canon,total_yards,352,348.0,-4.0,4.0,fumble_or_safety_swallows_scrimmage_type
401856783,2026,2,regular,Texas Tech,Oregon State,away,canon,rush_yards,155,151.0,-4.0,4.0,fumble_or_safety_swallows_scrimmage_type
401856783,2026,2,regular,Texas Tech,Oregon State,away,canon,turnovers,1,0,-1,1,no_play_penalty
401856783,2026,2,regular,Texas Tech,Oregon State,away,canon,fumbles_lost,1,0,-1,1,no_play_penalty
401856671,2026,2,regular,Auburn,Southern Miss,home,canon,total_plays,84,85,1,1,fumble_or_safety_swallows_scrimmage_type
401856671,2026,2,regular,Auburn,Southern Miss,home,canon,total_yards,610,613.0,3.0,3.0,fumble_or_safety_swallows_scrimmage_type
401856671,2026,2,regular,Auburn,Southern Miss,home,canon,pass_attempts,33,34,1,1,fumble_or_safety_swallows_scrimmage_type
401856671,2026,2,regular,Auburn,Southern Miss,home,canon,completions,20,21,1,1,no_play_penalty
401856671,2026,2,regular,Auburn,Southern Miss,home,canon,net_pass_yards,267,270.0,3.0,3.0,fumble_or_safety_swallows_scrimmage_type
401856671,2026,2,regular,Auburn,Southern Miss,home,canon,turnovers,1,0,-1,1,no_play_penalty
401856671,2026,2,regular,Auburn,Southern Miss,home,canon,fumbles_lost,1,0,-1,1,no_play_penalty
401856671,2026,2,regular,Southern Miss,Auburn,away,canon,total_plays,58,56,-2,2,fumble_or_safety_swallows_scrimmage_type
401856671,2026,2,regular,Southern Miss,Auburn,away,canon,total_yards,221,224.0,3.0,3.0,fumble_or_safety_swallows_scrimmage_type
401856671,2026,2,regular,Southern Miss,Auburn,away,canon,pass_attempts,33,32,-1,1,fumble_or_safety_swallows_scrimmage_type
401856671,2026,2,regular,Southern Miss,Auburn,away,canon,rush_attempts,25,24,-1,1,fumble_or_safety_swallows_scrimmage_type
401856671,2026,2,regular,Southern Miss,Auburn,away,canon,rush_yards,50,53.0,3.0,3.0,fumble_or_safety_swallows_scrimmage_type
401856671,2026,2,regular,Southern Miss,Auburn,away,canon,turnovers,2,1,-1,1,no_play_penalty
401856671,2026,2,regular,Southern Miss,Auburn,away,canon,interceptions,2,1,-1,1,no_play_penalty
401856676,2026,2,regular,Charlotte,Ole Miss,away,canon,total_plays,61,60,-1,1,sack_accounting
401856676,2026,2,regular,Charlotte,Ole Miss,away,canon,pass_attempts,28,27,-1,1,sack_accounting
401856676,2026,2,regular,Charlotte,Ole Miss,away,canon,turnovers,1,0,-1,1,no_play_penalty
401856676,2026,2,regular,Charlotte,Ole Miss,away,canon,interceptions,1,0,-1,1,no_play_penalty
401856676,2026,2,regular,Charlotte,Ole Miss,away,canon,third_down_attempts,14,13,-1,1,no_play_penalty
401856789,2026,2,regular,Grambling,TCU,away,canon,total_plays,53,52,-1,1,fumble_or_safety_swallows_scrimmage_type
401856789,2026,2,regular,Grambling,TCU,away,canon,pass_attempts,25,24,-1,1,fumble_or_safety_swallows_scrimmage_type
401856789,2026,2,regular,Grambling,TCU,away,canon,turnovers,2,1,-1,1,kneel_accounting
401856789,2026,2,regular,Grambling,TCU,away,canon,interceptions,2,1,-1,1,kneel_accounting
401856789,2026,2,regular,Grambling,TCU,away,canon,third_down_attempts,14,13,-1,1,kneel_accounting
401856784,2026,2,regular,Baylor,Prairie View A&M,home,canon,total_plays,84,81,-3,3,fumble_or_safety_swallows_scrimmage_type
401856784,2026,2,regular,Baylor,Prairie View A&M,home,canon,total_yards,552,556.0,4.0,4.0,fumble_or_safety_swallows_scrimmage_type
401856784,2026,2,regular,Baylor,Prairie View A&M,home,canon,pass_attempts,42,39,-3,3,fumble_or_safety_swallows_scrimmage_type
401856784,2026,2,regular,Baylor,Prairie View A&M,home,canon,rush_yards,232,236.0,4.0,4.0,fumble_or_safety_swallows_scrimmage_type
401856784,2026,2,regular,Baylor,Prairie View A&M,home,canon,turnovers,3,0,-3,3,spike_accounting
401856784,2026,2,regular,Baylor,Prairie View A&M,home,canon,interceptions,3,0,-3,3,spike_accounting
401856784,2026,2,regular,Prairie View A&M,Baylor,away,canon,total_plays,52,55,3,3,fumble_or_safety_swallows_scrimmage_type
401856784,2026,2,regular,Prairie View A&M,Baylor,away,canon,total_yards,110,175.0,65.0,65.0,fumble_or_safety_swallows_scrimmage_type
401856784,2026,2,regular,Prairie View A&M,Baylor,away,canon,pass_attempts,27,28,1,1,fumble_or_safety_swallows_scrimmage_type
401856784,2026,2,regular,Prairie View A&M,Baylor,away,canon,net_pass_yards,74,83.0,9.0,9.0,fumble_or_safety_swallows_scrimmage_type
401856784,2026,2,regular,Prairie View A&M,Baylor,away,canon,rush_attempts,25,27,2,2,fumble_or_safety_swallows_scrimmage_type
401856784,2026,2,regular,Prairie View A&M,Baylor,away,canon,rush_yards,36,92.0,56.0,56.0,fumble_or_safety_swallows_scrimmage_type
401856784,2026,2,regular,Prairie View A&M,Baylor,away,canon,third_down_attempts,16,17,1,1,spike_accounting
401856784,2026,2,regular,Prairie View A&M,Baylor,away,canon,third_down_conversions,4,5,1,1,spike_accounting
401864504,2026,2,regular,San José State,Cal Poly,home,canon,third_down_attempts,12,11,-1,1,kneel_accounting
401864504,2026,2,regular,Cal Poly,San José State,away,canon,total_plays,69,68,-1,1,fumble_or_safety_swallows_scrimmage_type
401864504,2026,2,regular,Cal Poly,San José State,away,canon,pass_attempts,40,39,-1,1,fumble_or_safety_swallows_scrimmage_type
401864504,2026,2,regular,Cal Poly,San José State,away,canon,turnovers,2,1,-1,1,kneel_accounting
401864504,2026,2,regular,Cal Poly,San José State,away,canon,interceptions,2,1,-1,1,kneel_accounting
401864505,2026,2,regular,UTEP,Texas Southern,home,canon,turnovers,1,2,1,1,kneel_accounting
401864505,2026,2,regular,UTEP,Texas Southern,home,canon,fumbles_lost,1,2,1,1,kneel_accounting
401864505,2026,2,regular,Texas Southern,UTEP,away,canon,turnovers,2,1,-1,1,kneel_accounting
401864505,2026,2,regular,Texas Southern,UTEP,away,canon,fumbles_lost,1,0,-1,1,kneel_accounting
401864505,2026,2,regular,Texas Southern,UTEP,away,canon,third_down_attempts,17,16,-1,1,kneel_accounting
401864502,2026,2,regular,Air Force,North Dakota State,home,canon,total_plays,66,65,-1,1,sack_accounting
401864502,2026,2,regular,Air Force,North Dakota State,home,canon,pass_attempts,15,14,-1,1,sack_accounting
401864502,2026,2,regular,Air Force,North Dakota State,home,canon,third_down_attempts,14,13,-1,1,kneel_accounting
401864502,2026,2,regular,North Dakota State,Air Force,away,canon,total_plays,60,59,-1,1,sack_accounting
401864502,2026,2,regular,North Dakota State,Air Force,away,canon,total_yards,374,379.0,5.0,5.0,sack_accounting
401864502,2026,2,regular,North Dakota State,Air Force,away,canon,pass_attempts,23,22,-1,1,sack_accounting
401864502,2026,2,regular,North Dakota State,Air Force,away,canon,rush_yards,146,151.0,5.0,5.0,sack_accounting
401864502,2026,2,regular,North Dakota State,Air Force,away,canon,third_down_attempts,12,11,-1,1,kneel_accounting
401856670,2026,2,regular,Utah,Arkansas,home,canon,total_plays,62,60,-2,2,fumble_or_safety_swallows_scrimmage_type
401856670,2026,2,regular,Utah,Arkansas,home,canon,total_yards,442,438.0,-4.0,4.0,fumble_or_safety_swallows_scrimmage_type
401856670,2026,2,regular,Utah,Arkansas,home,canon,pass_attempts,28,26,-2,2,fumble_or_safety_swallows_scrimmage_type
401856670,2026,2,regular,Utah,Arkansas,home,canon,completions,20,19,-1,1,kneel_accounting
401856670,2026,2,regular,Utah,Arkansas,home,canon,net_pass_yards,301,297.0,-4.0,4.0,fumble_or_safety_swallows_scrimmage_type
401856670,2026,2,regular,Arkansas,Utah,away,canon,total_plays,76,75,-1,1,fumble_or_safety_swallows_scrimmage_type
401856670,2026,2,regular,Arkansas,Utah,away,canon,pass_attempts,48,47,-1,1,fumble_or_safety_swallows_scrimmage_type
401856670,2026,2,regular,Arkansas,Utah,away,canon,turnovers,1,0,-1,1,kneel_accounting
401856670,2026,2,regular,Arkansas,Utah,away,canon,interceptions,1,0,-1,1,kneel_accounting
401860883,2026,2,regular,Fresno State,Sacramento State,home,canon,total_yards,542,544.0,2.0,2.0,fumble_or_safety_swallows_scrimmage_type
401860883,2026,2,regular,Fresno State,Sacramento State,home,canon,net_pass_yards,349,351.0,2.0,2.0,fumble_or_safety_swallows_scrimmage_type
401860883,2026,2,regular,Fresno State,Sacramento State,home,canon,third_down_attempts,8,9,1,1,spike_accounting
401860883,2026,2,regular,Sacramento State,Fresno State,away,canon,total_yards,262,265.0,3.0,3.0,fumble_or_safety_swallows_scrimmage_type
401860883,2026,2,regular,Sacramento State,Fresno State,away,canon,completions,15,16,1,1,spike_accounting
401860883,2026,2,regular,Sacramento State,Fresno State,away,canon,net_pass_yards,150,153.0,3.0,3.0,fumble_or_safety_swallows_scrimmage_type
401860883,2026,2,regular,Sacramento State,Fresno State,away,canon,fourth_down_attempts,4,5,1,1,spike_accounting
401860883,2026,2,regular,Sacramento State,Fresno State,away,canon,fourth_down_conversions,1,2,1,1,spike_accounting
401864500,2026,2,regular,Nevada,Montana State,home,canon,total_plays,71,70,-1,1,fumble_or_safety_swallows_scrimmage_type
401864500,2026,2,regular,Nevada,Montana State,home,canon,pass_attempts,36,35,-1,1,fumble_or_safety_swallows_scrimmage_type
401864500,2026,2,regular,Nevada,Montana State,home,canon,turnovers,4,1,-3,3,kneel_accounting
401864500,2026,2,regular,Nevada,Montana State,home,canon,interceptions,3,0,-3,3,kneel_accounting
401858445,2026,2,regular,USC,Louisiana,home,canon,total_yards,483,484.0,1.0,1.0,fumble_or_safety_swallows_scrimmage_type
401858445,2026,2,regular,USC,Louisiana,home,canon,pass_attempts,31,30,-1,1,fumble_or_safety_swallows_scrimmage_type
401858445,2026,2,regular,USC,Louisiana,home,canon,rush_attempts,40,41,1,1,fumble_or_safety_swallows_scrimmage_type
401858445,2026,2,regular,USC,Louisiana,home,canon,rush_yards,214,215.0,1.0,1.0,fumble_or_safety_swallows_scrimmage_type
401858445,2026,2,regular,USC,Louisiana,home,canon,third_down_attempts,15,13,-2,2,kneel_accounting
401858445,2026,2,regular,USC,Louisiana,home,canon,third_down_conversions,11,9,-2,2,kneel_accounting
401864578,2026,2,regular,Hawai'i,New Mexico State,home,canon,total_plays,72,74,2,2,fumble_or_safety_swallows_scrimmage_type
401864578,2026,2,regular,Hawai'i,New Mexico State,home,canon,total_yards,420,507.0,87.0,87.0,fumble_or_safety_swallows_scrimmage_type
401864578,2026,2,regular,Hawai'i,New Mexico State,home,canon,pass_attempts,46,47,1,1,fumble_or_safety_swallows_scrimmage_type
401864578,2026,2,regular,Hawai'i,New Mexico State,home,canon,rush_attempts,26,27,1,1,fumble_or_safety_swallows_scrimmage_type
401864578,2026,2,regular,Hawai'i,New Mexico State,home,canon,rush_yards,67,154.0,87.0,87.0,fumble_or_safety_swallows_scrimmage_type
401864578,2026,2,regular,Hawai'i,New Mexico State,home,canon,third_down_attempts,15,14,-1,1,kneel_accounting
401864578,2026,2,regular,New Mexico State,Hawai'i,away,canon,total_plays,66,65,-1,1,fumble_or_safety_swallows_scrimmage_type
401864578,2026,2,regular,New Mexico State,Hawai'i,away,canon,total_yards,380,413.0,33.0,33.0,fumble_or_safety_swallows_scrimmage_type
401864578,2026,2,regular,New Mexico State,Hawai'i,away,canon,pass_attempts,35,34,-1,1,fumble_or_safety_swallows_scrimmage_type
401864578,2026,2,regular,New Mexico State,Hawai'i,away,canon,net_pass_yards,256,253.0,-3.0,3.0,fumble_or_safety_swallows_scrimmage_type
401864578,2026,2,regular,New Mexico State,Hawai'i,away,canon,rush_yards,124,160.0,36.0,36.0,fumble_or_safety_swallows_scrimmage_type
401864578,2026,2,regular,New Mexico State,Hawai'i,away,canon,turnovers,3,1,-2,2,kneel_accounting
401864578,2026,2,regular,New Mexico State,Hawai'i,away,canon,interceptions,2,1,-1,1,kneel_accounting
401864578,2026,2,regular,New Mexico State,Hawai'i,away,canon,fumbles_lost,1,0,-1,1,kneel_accounting
401864578,2026,2,regular,New Mexico State,Hawai'i,away,canon,third_down_attempts,10,8,-2,2,kneel_accounting
401858225,2026,3,regular,Pittsburgh,Syracuse,home,canon,total_plays,60,59,-1,1,sack_accounting
401858225,2026,3,regular,Pittsburgh,Syracuse,home,canon,pass_attempts,23,22,-1,1,sack_accounting
401858225,2026,3,regular,Pittsburgh,Syracuse,home,canon,turnovers,1,0,-1,1,kneel_accounting
401858225,2026,3,regular,Pittsburgh,Syracuse,home,canon,interceptions,1,0,-1,1,kneel_accounting
401858225,2026,3,regular,Syracuse,Pittsburgh,away,canon,total_plays,70,68,-2,2,sack_accounting
401858225,2026,3,regular,Syracuse,Pittsburgh,away,canon,pass_attempts,32,30,-2,2,sack_accounting
401858225,2026,3,regular,Syracuse,Pittsburgh,away,canon,third_down_attempts,14,13,-1,1,kneel_accounting
